{
  "features_path": "/home/runner/work/FMFD-python/FMFD-python/Output/sim_spectrum/features_brb.csv",
  "total_rows": 400,
  "total_features": 58,
  "zero_variance_features": [
    "switch_step_mean_abs",
    "switch_step_std"
  ],
  "top_anomalies": [
    {
      "name": "switch_step_mean_abs",
      "nan_ratio": 0.0,
      "inf_ratio": 0.0,
      "var": 0.0,
      "min": 0.0,
      "max": 0.0
    },
    {
      "name": "switch_step_std",
      "nan_ratio": 0.0,
      "inf_ratio": 0.0,
      "var": 0.0,
      "min": 0.0,
      "max": 0.0
    }
  ],
  "feature_stats": {
    "X1": {
      "nan_ratio": 0.0,
      "inf_ratio": 0.0,
      "var": 0.0034161973500920783,
      "min": -10.218357215318612,
      "max": -9.661582272242532,
      "n_valid": 400
    },
    "X10": {
      "nan_ratio": 0.0,
      "inf_ratio": 0.0,
      "var": 0.0030343022918238975,
      "min": 0.008953540722832987,
      "max": 0.3214322520788788,
      "n_valid": 400
    },
    "X11": {
      "nan_ratio": 0.0,
      "inf_ratio": 0.0,
      "var": 0.05353002490610822,
      "min": 0.0,
      "max": 0.8804878048780488,
      "n_valid": 400
    },
    "X12": {
      "nan_ratio": 0.0,
      "inf_ratio": 0.0,
      "var": 0.00594597366177618,
      "min": 0.0,
      "max": 0.47107848235265415,
      "n_valid": 400
    },
    "X13": {
      "nan_ratio": 0.0,
      "inf_ratio": 0.0,
      "var": 0.7229535081806029,
      "min": 0.0,
      "max": 4.7290218461226745,
      "n_valid": 400
    },
    "X14": {
      "nan_ratio": 0.0,
      "inf_ratio": 0.0,
      "var": 0.005030902050261339,
      "min": 0.0,
      "max": 0.3859873154538702,
      "n_valid": 400
    },
    "X15": {
      "nan_ratio": 0.0,
      "inf_ratio": 0.0,
      "var": 0.00039159634487399847,
      "min": 0.0,
      "max": 0.10940898056050839,
      "n_valid": 400
    },
    "X16": {
      "nan_ratio": 0.0,
      "inf_ratio": 0.0,
      "var": 35512.051116728064,
      "min": -550.878417786799,
      "max": 360.91948082396226,
      "n_valid": 400
    },
    "X17": {
      "nan_ratio": 0.0,
      "inf_ratio": 0.0,
      "var": 2.5562343358391483e-08,
      "min": -0.0010000000000000009,
      "max": 0.0009999999999998899,
      "n_valid": 400
    },
    "X18": {
      "nan_ratio": 0.0,
      "inf_ratio": 0.0,
      "var": 4.31062030075188e-08,
      "min": -0.0005,
      "max": 0.0005,
      "n_valid": 400
    },
    "X19": {
      "nan_ratio": 0.0,
      "inf_ratio": 0.0,
      "var": 1.0069326588878878e-07,
      "min": -0.0012122578519517995,
      "max": 0.001163309318217699,
      "n_valid": 400
    },
    "X2": {
      "nan_ratio": 0.0,
      "inf_ratio": 0.0,
      "var": 2.5293179348021023e-05,
      "min": 0.0004901836300385047,
      "max": 0.03984600266042798,
      "n_valid": 400
    },
    "X20": {
      "nan_ratio": 0.0,
      "inf_ratio": 0.0,
      "var": 0.3598027325717284,
      "min": -1.1372221461861765,
      "max": 3.870789804358302,
      "n_valid": 400
    },
    "X21": {
      "nan_ratio": 0.0,
      "inf_ratio": 0.0,
      "var": 16.39332706766917,
      "min": 0.0,
      "max": 24.0,
      "n_valid": 400
    },
    "X22": {
      "nan_ratio": 0.0,
      "inf_ratio": 0.0,
      "var": 0.0009993084388558757,
      "min": 0.013770338109358366,
      "max": 0.25461712880322485,
      "n_valid": 400
    },
    "X23": {
      "nan_ratio": 0.0,
      "inf_ratio": 0.0,
      "var": 0.00017088250639829542,
      "min": 0.0,
      "max": 0.10214581926719922,
      "n_valid": 400
    },
    "X24": {
      "nan_ratio": 0.0,
      "inf_ratio": 0.0,
      "var": 0.04749006415896704,
      "min": 0.0,
      "max": 0.7457110394473176,
      "n_valid": 400
    },
    "X25": {
      "nan_ratio": 0.0,
      "inf_ratio": 0.0,
      "var": 0.00024269700008026435,
      "min": 0.0,
      "max": 0.12434773393950334,
      "n_valid": 400
    },
    "X26": {
      "nan_ratio": 0.0,
      "inf_ratio": 0.0,
      "var": 2.277344756862354e-06,
      "min": 0.0,
      "max": 0.005421794203893195,
      "n_valid": 400
    },
    "X27": {
      "nan_ratio": 0.0,
      "inf_ratio": 0.0,
      "var": 1.279016406072953e-07,
      "min": 1.0967382601048681e-17,
      "max": 0.002089150044281758,
      "n_valid": 400
    },
    "X28": {
      "nan_ratio": 0.0,
      "inf_ratio": 0.0,
      "var": 0.09033498961650423,
      "min": -0.9999999999808314,
      "max": 0.6865079563612746,
      "n_valid": 400
    },
    "X29": {
      "nan_ratio": 0.0,
      "inf_ratio": 0.0,
      "var": 2.325037228027787,
      "min": -5.338456251817463,
      "max": 5.202735963563344,
      "n_valid": 400
    },
    "X3": {
      "nan_ratio": 0.0,
      "inf_ratio": 0.0,
      "var": 1.0938797700778197e-07,
      "min": -0.0009579432869679,
      "max": 0.0014835927146840528,
      "n_valid": 400
    },
    "X30": {
      "nan_ratio": 0.0,
      "inf_ratio": 0.0,
      "var": 0.010167512859509292,
      "min": -0.0006653356760349318,
      "max": 0.5387335253844558,
      "n_valid": 400
    },
    "X31": {
      "nan_ratio": 0.0,
      "inf_ratio": 0.0,
      "var": 0.003568063596703992,
      "min": 0.0,
      "max": 0.3142403151754602,
      "n_valid": 400
    },
    "X32": {
      "nan_ratio": 0.0,
      "inf_ratio": 0.0,
      "var": 87.50565597110821,
      "min": -22.18242142813276,
      "max": 0.41974605761920386,
      "n_valid": 400
    },
    "X33": {
      "nan_ratio": 0.0,
      "inf_ratio": 0.0,
      "var": 0.042966380490232485,
      "min": 0.05329065963118895,
      "max": 1.2084336089193903,
      "n_valid": 400
    },
    "X34": {
      "nan_ratio": 0.0,
      "inf_ratio": 0.0,
      "var": 0.0013639488437666796,
      "min": 0.012208009367634725,
      "max": 0.22479566239056756,
      "n_valid": 400
    },
    "X35": {
      "nan_ratio": 0.0,
      "inf_ratio": 0.0,
      "var": 3.16808435861145e-07,
      "min": 0.0001180701086940704,
      "max": 0.005630089104457238,
      "n_valid": 400
    },
    "X36": {
      "nan_ratio": 0.0,
      "inf_ratio": 0.0,
      "var": 0.008714385305417372,
      "min": 0.23991894257430268,
      "max": 0.9845407733600301,
      "n_valid": 400
    },
    "X37": {
      "nan_ratio": 0.0,
      "inf_ratio": 0.0,
      "var": 0.00012984812243138435,
      "min": 0.02671889726788748,
      "max": 0.11251834876680179,
      "n_valid": 400
    },
    "X4": {
      "nan_ratio": 0.0,
      "inf_ratio": 0.0,
      "var": 0.00012984812243138435,
      "min": 0.02671889726788748,
      "max": 0.11251834876680179,
      "n_valid": 400
    },
    "X5": {
      "nan_ratio": 0.0,
      "inf_ratio": 0.0,
      "var": 0.007817421799711656,
      "min": 0.1855088234272602,
      "max": 0.6413433772344377,
      "n_valid": 400
    },
    "X6": {
      "nan_ratio": 0.0,
      "inf_ratio": 0.0,
      "var": 0.00016495322081041484,
      "min": 0.000825318979543521,
      "max": 0.11000078699577122,
      "n_valid": 400
    },
    "X7": {
      "nan_ratio": 0.0,
      "inf_ratio": 0.0,
      "var": 0.0008783904750327872,
      "min": 0.04269591934575523,
      "max": 0.23104028834827872,
      "n_valid": 400
    },
    "X8": {
      "nan_ratio": 0.0,
      "inf_ratio": 0.0,
      "var": 0.002071187226185067,
      "min": 0.02276709884259791,
      "max": 0.29743654014162596,
      "n_valid": 400
    },
    "X9": {
      "nan_ratio": 0.0,
      "inf_ratio": 0.0,
      "var": 1.4061034195284223e-06,
      "min": 0.0007138994712119252,
      "max": 0.012660378809207645,
      "n_valid": 400
    },
    "band_offset_db_1": {
      "nan_ratio": 0.0,
      "inf_ratio": 0.0,
      "var": 0.014359688157825002,
      "min": -0.5163091826356867,
      "max": 0.477663330314555,
      "n_valid": 400
    },
    "band_offset_db_2": {
      "nan_ratio": 0.0,
      "inf_ratio": 0.0,
      "var": 0.005832274867604688,
      "min": -0.33350963340642714,
      "max": 0.37031798676697925,
      "n_valid": 400
    },
    "band_offset_db_3": {
      "nan_ratio": 0.0,
      "inf_ratio": 0.0,
      "var": 0.00016773513927107573,