X14,anchor_score,margin,pmax,pred_label,sample_id,score_amp,score_freq,score_ref,true_label
0.0353563840133149,0.353563840133149,0.028421029987811597,0.4629807762262557,参考电平失准,sim_00010,0.1592922006243036,0.0009864053069127304,0.353563840133149,幅度失准
