{
  "alpha": 1.5,
  "gamma": 0.0,
  "T_low": 0.21452087597408642,
  "T_high": 0.2711294264201599,
  "k_normal_prior": 2.0,
  "beta_amp": 1.0,
  "beta_freq": 0.0,
  "beta_ref": 0.0,
  "jump_energy_p99": 0.12283361548160791,
  "env_violation_p99": 1.0945821320582838,
  "overall_threshold": 0.21452087597408642,
  "max_prob_threshold": 0.35,
  "T_normal": 0.21452087597408642,
  "T_prob": 0.35,
  "calibration_balanced_accuracy": 0.41875,
  "calibration_macro_f1": 0.29331176427579153,
  "single_band_mode": true,
  "version": "v8_X30_amp_ref_gate",
  "calibration_split": {
    "train_count": 240,
    "val_count": 80,
    "train_hash": "35cc508be8b35d3fa3287600f9f827fb78f816287b460d7b2db19452cb980f66",
    "val_hash": "4c989cc4e2c86623476f852e40077c6bf4b5566f1736d5b8a88e2921bfab6aec",
    "note": "calibration uses train/val only; test excluded"
  }
}