{
  "version": "v1",
  "freq_start_hz": 10000000.0,
  "freq_end_hz": 8200000000.0,
  "sigma_window": 9,
  "cap_normal_db": 0.4,
  "offset_stats": {
    "mean": -0.013632812500000133,
    "std": 0.04573014358948415,
    "p05": -0.07925000000000022,
    "p50": 8.881784197001252e-16,
    "p95": 0.02999999999999936
  },
  "tilt_stats": {
    "linear_slope": {
      "mean": 0.0037161280146198235,
      "std": 0.07455978764748024,
      "p05": -0.10320661100864782,
      "p50": -0.008834905298332224,
      "p95": 0.10279226253928186
    },
    "quadratic_coef": {
      "mean": -0.0014806955965391178,
      "std": 0.05055447376186998,
      "p05": -0.0734530536189213,
      "p50": 0.007653825274632167,
      "p95": 0.08247881384460751
    }
  },
  "feature_stats": {
    "gain": {
      "mean": 0.9958470094208084,
      "std": 0.1519970114154723,
      "p05": 0.8100476662722175,
      "p50": 0.990679078178266,
      "p95": 1.217067770318699
    },
    "bias": {
      "mean": -0.041288531031440326,
      "std": 1.5098434782746444,
      "p05": -1.8872891433913672,
      "p50": -0.09193731158877323,
      "p95": 2.157384954297934
    },
    "comp": {
      "mean": 0.24193548518032493,
      "std": 1.938616097553184,
      "p05": -1.9053713359269622,
      "p50": 0.08120375124296708,
      "p95": 1.6645966781475345
    },
    "df": {
      "mean": -86093750.0,
      "std": 683347955.8109013,
      "p05": 0.0,
      "p50": 0.0,
      "p95": 0.0
    },
    "viol_rate": {
      "mean": 0.0011432926829268292,
      "std": 0.007730552517245564,
      "p05": 0.0,
      "p50": 0.0,
      "p95": 0.003109756097560955
    },
    "step_score": {
      "mean": 0.0,
      "std": 0.0,
      "p05": 0.0,
      "p50": 0.0,
      "p95": 0.0
    },
    "res_slope": {
      "mean": 2.729465711942247e-13,
      "std": 4.366626782869963e-12,
      "p05": -3.966415628873594e-12,
      "p50": 2.0726478496601757e-13,
      "p95": 2.7425288534584464e-12
    },
    "ripple_var": {
      "mean": 0.00010617631052305449,
      "std": 0.00011097125498440972,
      "p05": 2.97262011814001e-05,
      "p50": 6.224937595274171e-05,
      "p95": 0.0004313757943216459
    },
    "X11": {
      "mean": 0.0011432926829268292,
      "std": 0.007730552517245564,
      "p05": 0.0,
      "p50": 0.0,
      "p95": 0.003109756097560955
    },
    "X12": {
      "mean": 0.0019314217119944799,
      "std": 0.007677802418961262,
      "p05": 0.0,
      "p50": 0.0,
      "p95": 0.01909947797888161
    },
    "X13": {
      "mean": 0.0126306781785816,
      "std": 0.07559588534709408,
      "p05": 0.0,
      "p50": 0.0,
      "p95": 0.04878236315361975
    },
    "X16": {
      "mean": 0.0,
      "std": 0.0,
      "p05": 0.0,
      "p50": 0.0,
      "p95": 0.0
    },
    "X17": {
      "mean": 0.0,
      "std": 0.0,
      "p05": 0.0,
      "p50": 0.0,
      "p95": 0.0
    },
    "X18": {
      "mean": 0.0,
      "std": 0.0,
      "p05": 0.0,
      "p50": 0.0,
      "p95": 0.0
    }
  },
  "arrays_path": "Output/normal_stats.npz"
}