{
  "version": "v1",
  "freq_start_hz": 10000000.0,
  "freq_end_hz": 8200000000.0,
  "sigma_window": 9,
  "cap_normal_db": 0.4,
  "offset_stats": {
    "mean": -0.013632812500000133,
    "std": 0.04573014358948415,
    "p05": -0.07925000000000022,
    "p50": 8.881784197001252e-16,
    "p95": 0.02999999999999936
  },
  "tilt_stats": {
    "linear_slope": {
      "mean": 0.0037161280146198166,
      "std": 0.07455978764748017,
      "p05": -0.10320661100864771,
      "p50": -0.008834905298332214,
      "p95": 0.10279226253928177
    },
    "quadratic_coef": {
      "mean": -0.001480695596539113,
      "std": 0.05055447376186994,
      "p05": -0.07345305361892127,
      "p50": 0.007653825274632164,
      "p95": 0.08247881384460745
    }
  },
  "feature_stats": {
    "gain": {
      "mean": 0.9958470094222096,
      "std": 0.15199701140750266,
      "p05": 0.8100476663420929,
      "p50": 0.9906790781779413,
      "p95": 1.2170677703240889
    },
    "bias": {
      "mean": -0.041288531017665255,
      "std": 1.509843478195637,
      "p05": -1.8872891426975118,
      "p50": -0.09193731159199933,
      "p95": 2.1573849543514627
    },
    "comp": {
      "mean": 0.2419354851803031,
      "std": 1.9386160975530995,
      "p05": -1.9053713359269253,
      "p50": 0.08120375124296542,
      "p95": 1.6645966781474217
    },
    "df": {
      "mean": -86093750.0,
      "std": 683347955.8109013,
      "p05": 0.0,
      "p50": 0.0,
      "p95": 0.0
    },
    "viol_rate": {
      "mean": 0.0011432926829268292,
      "std": 0.007730552517245564,
      "p05": 0.0,
      "p50": 0.0,
      "p95": 0.003109756097560955
    },
    "step_score": {
      "mean": 0.0,
      "std": 0.0,
      "p05": 0.0,
      "p50": 0.0,
      "p95": 0.0
    },
    "res_slope": {
      "mean": 2.729465711942247e-13,
      "std": 4.366626782869963e-12,
      "p05": -3.966415628873594e-12,
      "p50": 2.0726478496601757e-13,
      "p95": 2.7425288534584464e-12
    },
    "ripple_var": {
      "mean": 0.00010617631052305449,
      "std": 0.00011097125498440972,
      "p05": 2.97262011814001e-05,
      "p50": 6.224937595274171e-05,
      "p95": 0.0004313757943216459
    },
    "X11": {
      "mean": 0.0011432926829268292,
      "std": 0.007730552517245564,
      "p05": 0.0,
      "p50": 0.0,
      "p95": 0.003109756097560955
    },
    "X12": {
      "mean": 0.0019314217119944799,
      "std": 0.007677802418961262,
      "p05": 0.0,
      "p50": 0.0,
      "p95": 0.01909947797888161
    },
    "X13": {
      "mean": 0.0126306781785816,
      "std": 0.07559588534709408,
      "p05": 0.0,
      "p50": 0.0,
      "p95": 0.04878236315361975
    },
    "X16": {
      "mean": 0.0,
      "std": 0.0,
      "p05": 0.0,
      "p50": 0.0,
      "p95": 0.0
    },
    "X17": {
      "mean": 0.0,
      "std": 0.0,
      "p05": 0.0,
      "p50": 0.0,
      "p95": 0.0
    },
    "X18": {
      "mean": 0.0,
      "std": 0.0,
      "p05": 0.0,
      "p50": 0.0,
      "p95": 0.0
    }
  },
  "arrays_path": "Output/normal_stats.npz"
}