{
  "status": "success",
  "meta": {
    "sample_id": "sim_00209",
    "input_file": "/home/runner/work/FMFD-python/FMFD-python/Output/sim_spectrum/raw_curves/sim_00209.csv",
    "operating_condition": {
      "inject_power_dbm": -10.0,
      "freq_start_hz": 10000000.0,
      "freq_end_hz": 8200000000.0,
      "step_hz": 10000000.0,
      "frontend": {
        "low_band_only": true,
        "ac_coupling": true,
        "preamp": false
      }
    }
  },
  "data_points": 820,
  "frequency_range": {
    "min": 10000000.0,
    "max": 8200000000.0
  },
  "features": {
    "X1": -9.990093780487804,
    "X2": 0.0006094149066362593,
    "X3": 0.0002595278386135586,
    "X4": 0.028911300255609115,
    "X5": 0.26664029833459685,
    "X6": 0.0009534882418054734,
    "X7": 0.08520000000000039,
    "X8": 0.024381829268292673,
    "X9": 0.0008358632824699839,
    "X10": 0.014737443437347507,
    "X11": 0.0,
    "X12": 0.0,
    "X13": 0.08545386630004212,
    "X14": 0.002026007326007315,
    "X15": 0.00307839316453644,
    "X16": 0.00030132587247112136,
    "X17": 0.0,
    "X18": 0.0,
    "X19": -8.111852460615877e-05,
    "X20": -0.06217464994874877,
    "X21": 4.0,
    "X22": 0.03945132031281136,
    "X23": 7.757378048780158e-06,
    "X24": 0.016429547253561383,
    "X25": 7.757378048780158e-06,
    "X26": 0.00027202085525034113,
    "X27": 2.523086424096938e-05,
    "X28": -0.10599078339310962,
    "X29": 0.01722795928372468,
    "X30": 0.00026204268292687877,
    "X31": 0.0007341640059458276,
    "X32": -0.38585348741571945,
    "X33": 0.5801264315707589,
    "X34": 0.015457046659043657,
    "X35": 0.00032089329898428925,
    "X36": 0.807580314117366,
    "X37": 0.028911300255609118,
    "offset_db": -0.05690000000000062,
    "viol_rate_aligned": 0.0,
    "viol_energy_aligned": 0.08545386630004212,
    "global_offset_db": 0.0,
    "shape_rmse": 0.0027852070028599593,
    "ripple_hp": 0.003234169637065832,
    "tail_asym": -0.0013999999999968257,
    "compress_ratio": 0.19390243902439025,
    "compress_ratio_high": 0.19661016949152543,
    "freq_shift_score": 0.004066864294337225,
    "offset_slope": -8.326230081372022e-05,
    "high_low_energy_ratio": 0.2831191171508804,
    "band_offset_db_1": 0.0013500000000004064,
    "band_offset_db_2": -0.000600000000000378,
    "band_offset_db_3": 1.7763568394002505e-15,
    "band_offset_db_4": 0.000600000000000378
  },
  "system": {
    "probs": {
      "正常": 0.007416011784475867,
      "幅度失准": 0.004710735306476933,
      "频率失准": 0.0029061961301422514,
      "参考电平失准": 0.9849670566804082
    },
    "decision": "参考电平失准",
    "confidence": 0.9849670566804082,
    "is_normal": false
  },
  "module": {
    "topk": [
      {
        "module_id": "[校准链路][校准源]",
        "gamma": 0.43749999999999994
      },
      {
        "module_id": "[校准链路][校准路径开关/耦合]",
        "gamma": 0.3125
      },
      {
        "module_id": "[校准链路][校准表/存储]",
        "gamma": 0.25000000000000006
      }
    ],
    "gating": {
      "disabled_modules": [
        "高频段YTF滤波器",
        "高频段混频器",
        "前置放大器",
        "衰减器"
      ],
      "topk_k": 3
    }
  },
  "evidence": {
    "global_offset_db": -0.05690000000000062,
    "hf_std_db": 0.0023717197080423266,
    "p95_abs_dev_db": 0.0059999999999985395,
    "inside_env_frac": 1.0,
    "peak_freq_mae_hz": 3869.1637234007485,
    "peak_freq_outlier_frac": 0.0
  },
  "artifacts": {
    "output_json": "Output/batch_diagnosis/sim_00209_diagnosis.json"
  },
  "system_diagnosis": {
    "probabilities": {
      "正常": 0.007416011784475867,
      "幅度失准": 0.004710735306476933,
      "频率失准": 0.0029061961301422514,
      "参考电平失准": 0.9849670566804082
    },
    "predicted_class": "参考电平失准",
    "max_prob": 0.9849670566804082,
    "is_normal": false
  },
  "module_diagnosis": {
    "probabilities": {
      "[校准链路][校准源]": 0.43749999999999994,
      "[校准链路][校准路径开关/耦合]": 0.3125,
      "[校准链路][校准表/存储]": 0.25000000000000006,
      "[RF板][RF] 输入衰减器组": 0.0,
      "[RF板][RF] 低频通路固定滤波/抑制网络": 0.0,
      "[RF板][Mixer1]": 0.0
    },
    "topk": [
      {
        "module": "[校准链路][校准源]",
        "probability": 0.43749999999999994
      },
      {
        "module": "[校准链路][校准路径开关/耦合]",
        "probability": 0.3125
      },
      {
        "module": "[校准链路][校准表/存储]",
        "probability": 0.25000000000000006
      }
    ],
    "disabled_modules": [
      "高频段YTF滤波器",
      "高频段混频器",
      "前置放大器",
      "衰减器"
    ]
  },
  "evidence_detail": {
    "viol_rate": 0.0,
    "envelope_violation": false,
    "violation_max_db": 0.0,
    "violation_energy": 0.08545386630004212,
    "baseline_coverage": 1.0
  },
  "config": {
    "mode": "unified_entry",
    "gating_status": "gated_ok",
    "run_name": null,
    "topk": 3
  },
  "uncertainty": {
    "is_uncertain": false,
    "reason": "",
    "top_class": "参考电平失准",
    "runner_up": "正常",
    "max_prob": 0.9849670566804082,
    "second_prob": 0.007416011784475867,
    "prob_gap": 0.9775510448959324,
    "support_top_features": [],
    "support_runnerup_features": [],
    "conflict_features": [],
    "suggested_actions": []
  },
  "module_validation": {
    "sample_id": "sim_00209",
    "gt_module": "存储器",
    "gt_module_v2": "[校准链路][校准表/存储]",
    "top1": "[校准链路][校准源]",
    "top3": [
      "[校准链路][校准源]",
      "[校准链路][校准路径开关/耦合]",
      "[校准链路][校准表/存储]"
    ],
    "top5": [
      "[校准链路][校准源]",
      "[校准链路][校准路径开关/耦合]",
      "[校准链路][校准表/存储]",
      "[RF板][RF] 输入衰减器组",
      "[RF板][RF] 低频通路固定滤波/抑制网络"
    ],
    "gt_rank": 3,
    "gt_prob": 0.25000000000000006,
    "top1_hit": false,
    "top3_hit": true,
    "top5_hit": true
  },
  "ground_truth": {
    "type": "fault",
    "system_class_en": "ref_error",
    "system_class_cn": "参考电平失准",
    "module": "存储器",
    "module_v2": "[校准链路][校准表/存储]",
    "fault_params": {
      "severity": "light",
      "tier_target": "mild_oos",
      "type": "ref_miscal",
      "subtype": "ref_error_offset",
      "offset_db": 0.04526134958848801,
      "template_id": "T1",
      "mean_offset_db": -0.057021249569746905
    }
  }
}