{
  "status": "success",
  "meta": {
    "sample_id": "sim_00116",
    "input_file": "/home/runner/work/FMFD-python/FMFD-python/Output/sim_spectrum/raw_curves/sim_00116.csv",
    "operating_condition": {
      "inject_power_dbm": -10.0,
      "freq_start_hz": 10000000.0,
      "freq_end_hz": 8200000000.0,
      "step_hz": 10000000.0,
      "frontend": {
        "low_band_only": true,
        "ac_coupling": true,
        "preamp": false
      }
    }
  },
  "data_points": 820,
  "frequency_range": {
    "min": 10000000.0,
    "max": 8200000000.0
  },
  "features": {
    "X1": -9.93307304878049,
    "X2": 0.0005708597545690407,
    "X3": 0.000282448410485214,
    "X4": 0.03134515245131353,
    "X5": 0.2569213852442633,
    "X6": 0.001286882871192743,
    "X7": 0.08590000000000053,
    "X8": 0.027504268292682942,
    "X9": 0.0009825185821960866,
    "X10": 0.02027606922627985,
    "X11": 0.0,
    "X12": 0.0,
    "X13": 0.883934561341475,
    "X14": 0.0032465201465200957,
    "X15": 0.017116512351284106,
    "X16": 0.08001346651577708,
    "X17": 0.0,
    "X18": 0.0,
    "X19": -6.635762142886104e-05,
    "X20": 0.207421669742212,
    "X21": 7.0,
    "X22": 0.03471812700944568,
    "X23": 0.0002800361097560893,
    "X24": 0.17307532938883485,
    "X25": 0.0002800361097560893,
    "X26": 0.000139169872533476,
    "X27": 0.00013584911867868418,
    "X28": -0.7076340010637235,
    "X29": 1.2519248454433534,
    "X30": 0.007488414634146476,
    "X31": 0.007612398280750203,
    "X32": -1.9036008987478261,
    "X33": 0.5796296345420794,
    "X34": 0.01801256669194402,
    "X35": 0.0004323546987377031,
    "X36": 0.7788856183250293,
    "X37": 0.03134515245131353,
    "offset_db": 0.006599999999999717,
    "viol_rate_aligned": 0.0,
    "viol_energy_aligned": 0.883934561341475,
    "global_offset_db": 8.881784197001252e-16,
    "shape_rmse": 0.016734279481235546,
    "ripple_hp": 0.011701763254597377,
    "tail_asym": -0.03161500000000279,
    "compress_ratio": 0.19878048780487806,
    "compress_ratio_high": 0.2,
    "freq_shift_score": 0.09538287644855681,
    "offset_slope": -0.002871669837149114,
    "high_low_energy_ratio": 5.934378290096104,
    "band_offset_db_1": 0.003449999999999953,
    "band_offset_db_2": 0.001700000000001367,
    "band_offset_db_3": 0.0001499999999996504,
    "band_offset_db_4": -0.00709999999999944
  },
  "system": {
    "probs": {
      "正常": 0.06127681676636182,
      "幅度失准": 0.039028712595296465,
      "频率失准": 0.8793503504434711,
      "参考电平失准": 0.0203441201069354
    },
    "decision": "频率失准",
    "confidence": 0.8793503504434711,
    "is_normal": false
  },
  "module": {
    "topk": [
      {
        "module_id": "[LO/时钟板][LO1] 合成链",
        "gamma": 0.35
      },
      {
        "module_id": "[时钟板][参考域] 10MHz 基准 OCXO",
        "gamma": 0.35
      },
      {
        "module_id": "[时钟板][参考分配]",
        "gamma": 0.3
      }
    ],
    "gating": {
      "disabled_modules": [
        "高频段YTF滤波器",
        "高频段混频器",
        "前置放大器",
        "衰减器"
      ],
      "topk_k": 3
    }
  },
  "evidence": {
    "global_offset_db": 0.006599999999999717,
    "hf_std_db": 0.010469835084466533,
    "p95_abs_dev_db": 0.03981499999999974,
    "inside_env_frac": 1.0,
    "peak_freq_mae_hz": 15403016.871953093,
    "peak_freq_outlier_frac": 0.2634146341463415
  },
  "artifacts": {
    "output_json": "Output/batch_diagnosis/sim_00116_diagnosis.json"
  },
  "system_diagnosis": {
    "probabilities": {
      "正常": 0.06127681676636182,
      "幅度失准": 0.039028712595296465,
      "频率失准": 0.8793503504434711,
      "参考电平失准": 0.0203441201069354
    },
    "predicted_class": "频率失准",
    "max_prob": 0.8793503504434711,
    "is_normal": false
  },
  "module_diagnosis": {
    "probabilities": {
      "[LO/时钟板][LO1] 合成链": 0.35,
      "[时钟板][参考域] 10MHz 基准 OCXO": 0.35,
      "[时钟板][参考分配]": 0.3
    },
    "topk": [
      {
        "module": "[LO/时钟板][LO1] 合成链",
        "probability": 0.35
      },
      {
        "module": "[时钟板][参考域] 10MHz 基准 OCXO",
        "probability": 0.35
      },
      {
        "module": "[时钟板][参考分配]",
        "probability": 0.3
      }
    ],
    "disabled_modules": [
      "高频段YTF滤波器",
      "高频段混频器",
      "前置放大器",
      "衰减器"
    ]
  },
  "evidence_detail": {
    "viol_rate": 0.0,
    "envelope_violation": false,
    "violation_max_db": 0.0,
    "violation_energy": 0.883934561341475,
    "baseline_coverage": 1.0
  },
  "config": {
    "mode": "unified_entry",
    "gating_status": "gated_ok",
    "run_name": null,
    "topk": 3
  },
  "uncertainty": {
    "is_uncertain": false,
    "reason": "",
    "top_class": "频率失准",
    "runner_up": "正常",
    "max_prob": 0.8793503504434711,
    "second_prob": 0.06127681676636182,
    "prob_gap": 0.8180735336771092,
    "support_top_features": [],
    "support_runnerup_features": [],
    "conflict_features": [],
    "suggested_actions": []
  },
  "module_validation": {
    "sample_id": "sim_00116",
    "gt_module": "本振混频组件",
    "gt_module_v2": "[RF板][LO1] LO1 注入链",
    "top1": "[LO/时钟板][LO1] 合成链",
    "top3": [
      "[LO/时钟板][LO1] 合成链",
      "[时钟板][参考域] 10MHz 基准 OCXO",
      "[时钟板][参考分配]"
    ],
    "top5": [
      "[LO/时钟板][LO1] 合成链",
      "[时钟板][参考域] 10MHz 基准 OCXO",
      "[时钟板][参考分配]"
    ],
    "gt_rank": -1,
    "gt_prob": 0.0,
    "top1_hit": false,
    "top3_hit": false,
    "top5_hit": false
  },
  "ground_truth": {
    "type": "fault",
    "system_class_en": "freq_error",
    "system_class_cn": "频率失准",
    "module": "本振混频组件",
    "module_v2": "[RF板][LO1] LO1 注入链",
    "fault_params": {
      "severity": "severe",
      "tier_target": "edge",
      "type": "lo_path_error",
      "track_type": "hole",
      "template_id": "T8",
      "forced_peak_track_type": true,
      "peak_track_profile": {
        "bands": [
          {
            "start_hz": 5007348397.456384,
            "end_hz": 5681187968.568013,
            "center_hz": 5344268183.012198,
            "width_hz": 673839571.1116288,
            "amplitude_hz": -65327371.4680533,
            "ramp_hz": 57933601.11324276
          },
          {
            "start_hz": 6671014671.137388,
            "end_hz": 7475448515.605394,
            "center_hz": 7073231593.371391,
            "width_hz": 804433844.4680071,
            "amplitude_hz": -43759018.13868672,
            "ramp_hz": 57933601.11324276
          },
          {
            "start_hz": 3893893912.532153,
            "end_hz": 4540738551.135655,
            "center_hz": 4217316231.8339043,
            "width_hz": 646844638.6035022,
            "amplitude_hz": -69944222.81141695,
            "ramp_hz": 57933601.11324276
          },
          {
            "start_hz": 7542449254.401086,
            "end_hz": 8142161214.189347,
            "center_hz": 7842305234.295217,
            "width_hz": 599711959.7882619,
            "amplitude_hz": -19578791.086134307,
            "ramp_hz": 57933601.11324276
          }
        ],
        "track_type": "hole"
      },
      "freq_amp_coupling": {
        "bias_db_min": -0.1,
        "bias_db_max": -0.02
      }
    }
  }
}