{
  "status": "success",
  "meta": {
    "sample_id": "sim_00100",
    "input_file": "/home/runner/work/FMFD-python/FMFD-python/Output/sim_spectrum/raw_curves/sim_00100.csv",
    "operating_condition": {
      "inject_power_dbm": -10.0,
      "freq_start_hz": 10000000.0,
      "freq_end_hz": 8200000000.0,
      "step_hz": 10000000.0,
      "frontend": {
        "low_band_only": true,
        "ac_coupling": true,
        "preamp": false
      }
    }
  },
  "data_points": 820,
  "frequency_range": {
    "min": 10000000.0,
    "max": 8200000000.0
  },
  "features": {
    "X1": -9.93307243902439,
    "X2": 0.0005681920394606383,
    "X3": 0.0005308213513256038,
    "X4": 0.03397231646072489,
    "X5": 0.2268101838089123,
    "X6": 0.001525915216002382,
    "X7": 0.0669000000000004,
    "X8": 0.029528292682926838,
    "X9": 0.0011541182857076396,
    "X10": 0.025530608358922534,
    "X11": 0.0,
    "X12": 0.0,
    "X13": 1.8941300903392102,
    "X14": 0.003138461538461147,
    "X15": 0.031322758842555296,
    "X16": -0.11323954717455498,
    "X17": 0.0004999999999999449,
    "X18": 0.0,
    "X19": -9.438188630885665e-05,
    "X20": 0.25601612548452257,
    "X21": 3.0,
    "X22": 0.04083606514962362,
    "X23": 0.0006261989117206761,
    "X24": 0.1600586495424281,
    "X25": 0.000635110146341486,
    "X26": 0.000680950456359675,
    "X27": 8.0277748443027e-05,
    "X28": -0.8284947138642567,
    "X29": 2.4431323165500096,
    "X30": 0.011687347560975704,
    "X31": 0.009249578212805722,
    "X32": -2.854723302098509,
    "X33": 0.464815116701428,
    "X34": 0.021220766561190544,
    "X35": 0.00032967870165379276,
    "X36": 0.8555125707729957,
    "X37": 0.03397231646072489,
    "offset_db": 0.009300000000001418,
    "viol_rate_aligned": 0.0,
    "viol_energy_aligned": 1.8941300903392102,
    "global_offset_db": 0.0,
    "shape_rmse": 0.02520139175405767,
    "ripple_hp": 0.010145129755497962,
    "tail_asym": -0.05872000000000339,
    "compress_ratio": 0.19634146341463415,
    "compress_ratio_high": 0.2,
    "freq_shift_score": 0.1996306564669934,
    "offset_slope": -0.0036472899964774346,
    "high_low_energy_ratio": 98.93081420090839,
    "band_offset_db_1": 0.00024999999999941735,
    "band_offset_db_2": 0.0006999999999983686,
    "band_offset_db_3": -0.0007000000000028095,
    "band_offset_db_4": -0.0009000000000014552
  },
  "system": {
    "probs": {
      "正常": 0.04439269083381532,
      "幅度失准": 0.14970993218384016,
      "频率失准": 0.7935361366205052,
      "参考电平失准": 0.012361240282485664
    },
    "decision": "频率失准",
    "confidence": 0.7935361366205052,
    "is_normal": false
  },
  "module": {
    "topk": [
      {
        "module_id": "[LO/时钟板][LO1] 合成链",
        "gamma": 0.35
      },
      {
        "module_id": "[时钟板][参考域] 10MHz 基准 OCXO",
        "gamma": 0.35
      },
      {
        "module_id": "[时钟板][参考分配]",
        "gamma": 0.3
      }
    ],
    "gating": {
      "disabled_modules": [
        "高频段YTF滤波器",
        "高频段混频器",
        "前置放大器",
        "衰减器"
      ],
      "topk_k": 3
    }
  },
  "evidence": {
    "global_offset_db": 0.009300000000001418,
    "hf_std_db": 0.01306073022904517,
    "p95_abs_dev_db": 0.06542000000000206,
    "inside_env_frac": 1.0,
    "peak_freq_mae_hz": 7811192.419281121,
    "peak_freq_outlier_frac": 0.17682926829268292
  },
  "artifacts": {
    "output_json": "Output/batch_diagnosis/sim_00100_diagnosis.json"
  },
  "system_diagnosis": {
    "probabilities": {
      "正常": 0.04439269083381532,
      "幅度失准": 0.14970993218384016,
      "频率失准": 0.7935361366205052,
      "参考电平失准": 0.012361240282485664
    },
    "predicted_class": "频率失准",
    "max_prob": 0.7935361366205052,
    "is_normal": false
  },
  "module_diagnosis": {
    "probabilities": {
      "[LO/时钟板][LO1] 合成链": 0.35,
      "[时钟板][参考域] 10MHz 基准 OCXO": 0.35,
      "[时钟板][参考分配]": 0.3
    },
    "topk": [
      {
        "module": "[LO/时钟板][LO1] 合成链",
        "probability": 0.35
      },
      {
        "module": "[时钟板][参考域] 10MHz 基准 OCXO",
        "probability": 0.35
      },
      {
        "module": "[时钟板][参考分配]",
        "probability": 0.3
      }
    ],
    "disabled_modules": [
      "高频段YTF滤波器",
      "高频段混频器",
      "前置放大器",
      "衰减器"
    ]
  },
  "evidence_detail": {
    "viol_rate": 0.0,
    "envelope_violation": false,
    "violation_max_db": 0.0,
    "violation_energy": 1.8941300903392102,
    "baseline_coverage": 1.0
  },
  "config": {
    "mode": "unified_entry",
    "gating_status": "gated_ok",
    "run_name": null,
    "topk": 3
  },
  "uncertainty": {
    "is_uncertain": false,
    "reason": "",
    "top_class": "频率失准",
    "runner_up": "幅度失准",
    "max_prob": 0.7935361366205052,
    "second_prob": 0.14970993218384016,
    "prob_gap": 0.6438262044366649,
    "support_top_features": [],
    "support_runnerup_features": [],
    "conflict_features": [],
    "suggested_actions": []
  },
  "module_validation": {
    "sample_id": "sim_00100",
    "gt_module": "时钟振荡器",
    "gt_module_v2": "[LO/时钟板][LO1] 合成链",
    "top1": "[LO/时钟板][LO1] 合成链",
    "top3": [
      "[LO/时钟板][LO1] 合成链",
      "[时钟板][参考域] 10MHz 基准 OCXO",
      "[时钟板][参考分配]"
    ],
    "top5": [
      "[LO/时钟板][LO1] 合成链",
      "[时钟板][参考域] 10MHz 基准 OCXO",
      "[时钟板][参考分配]"
    ],
    "gt_rank": 1,
    "gt_prob": 0.35,
    "top1_hit": true,
    "top3_hit": true,
    "top5_hit": true
  },
  "ground_truth": {
    "type": "fault",
    "system_class_en": "freq_error",
    "system_class_cn": "频率失准",
    "module": "时钟振荡器",
    "module_v2": "[LO/时钟板][LO1] 合成链",
    "fault_params": {
      "severity": "mid",
      "tier_target": "in_spec_weak",
      "delta_f_hz": -377310.54418684443,
      "ppm": -46.06966351487722,
      "shift_bins": -0.03773105441868444,
      "bandwidth_hz": 8190000000.0,
      "warp_scale": 0.9997391987817495,
      "warp_bias": -4.601348099839566e-05,
      "type": "freq_miscal",
      "track_type": "hole",
      "template_id": "T8",
      "forced_peak_track_type": true,
      "peak_track_profile": {
        "bands": [
          {
            "start_hz": 6230802778.789364,
            "end_hz": 6742011520.161791,
            "center_hz": 6486407149.475577,
            "width_hz": 511208741.372427,
            "amplitude_hz": 62499412.31013025,
            "ramp_hz": 75047188.71364704
          },
          {
            "start_hz": 7016600052.784063,
            "end_hz": 7574288552.166603,
            "center_hz": 7295444302.475333,
            "width_hz": 557688499.3825405,
            "amplitude_hz": -38846111.95454653,
            "ramp_hz": 75047188.71364704
          },
          {
            "start_hz": 4265117643.2485313,
            "end_hz": 4830681316.498707,
            "center_hz": 4547899479.873619,
            "width_hz": 565563673.250176,
            "amplitude_hz": -34810628.63486682,
            "ramp_hz": 75047188.71364704
          }
        ],
        "track_type": "hole"
      },
      "freq_amp_coupling": {
        "bias_db_min": -0.1,
        "bias_db_max": -0.02
      }
    }
  }
}