{
  "status": "success",
  "meta": {
    "sample_id": "sim_00361",
    "input_file": "/home/runner/work/FMFD-python/FMFD-python/Output/sim_spectrum/raw_curves/sim_00361.csv",
    "operating_condition": {
      "inject_power_dbm": -10.0,
      "freq_start_hz": 10000000.0,
      "freq_end_hz": 8200000000.0,
      "step_hz": 10000000.0,
      "frontend": {
        "low_band_only": true,
        "ac_coupling": true,
        "preamp": false
      }
    }
  },
  "data_points": 820,
  "frequency_range": {
    "min": 10000000.0,
    "max": 8200000000.0
  },
  "features": {
    "X1": -9.95793731707317,
    "X2": 0.0006591202571220837,
    "X3": 0.000403269217689387,
    "X4": 0.030556709784816585,
    "X5": 0.2625504587758221,
    "X6": 0.001076431119631171,
    "X7": 0.10420000000000051,
    "X8": 0.026386097560975593,
    "X9": 0.0009337125128735057,
    "X10": 0.01625349279078375,
    "X11": 0.0,
    "X12": 0.0,
    "X13": 0.007243542160154451,
    "X14": 0.007313553113552785,
    "X15": 0.011705994946098558,
    "X16": 0.0023319776432615897,
    "X17": 0.0,
    "X18": 0.0,
    "X19": -1.9315652379774697e-05,
    "X20": -0.11688006771055681,
    "X21": 4.0,
    "X22": 0.03707498214394437,
    "X23": 0.00010141443902438877,
    "X24": 0.013954246617889132,
    "X25": 0.00010141443902438877,
    "X26": 0.0007636599475591819,
    "X27": 0.00012054361761033575,
    "X28": -0.026819923370625692,
    "X29": 0.41191973321160325,
    "X30": 0.0046922256097562745,
    "X31": 0.002583116756415522,
    "X32": -4.2441621294676315,
    "X33": 0.5489512706718361,
    "X34": 0.016250081033053882,
    "X35": 0.00032437982422949376,
    "X36": 0.8254319242249324,
    "X37": 0.030556709784816585,
    "offset_db": -0.024999999999999467,
    "viol_rate_aligned": 0.0,
    "viol_energy_aligned": 0.007243542160154451,
    "global_offset_db": -8.881784197001252e-16,
    "shape_rmse": 0.010070473624631019,
    "ripple_hp": 0.0029997409000050786,
    "tail_asym": -0.00039499999999748417,
    "compress_ratio": 0.2,
    "compress_ratio_high": 0.2,
    "freq_shift_score": 0.048177748462884806,
    "offset_slope": -0.0005483754038460835,
    "high_low_energy_ratio": 5.814704391322077,
    "band_offset_db_1": -0.0027999999999988034,
    "band_offset_db_2": 0.0045999999999999375,
    "band_offset_db_3": -0.002500000000000391,
    "band_offset_db_4": -0.005400000000001626
  },
  "system": {
    "probs": {
      "正常": 0.9771262380362064,
      "幅度失准": 0.01187017612605134,
      "频率失准": 0.004288046768883072,
      "参考电平失准": 0.006715538971146538
    },
    "decision": "正常",
    "confidence": 0.9771262380362064,
    "is_normal": true
  },
  "module": {
    "topk": [
      {
        "module_id": "[RF板][RF] 低频通路固定滤波/抑制网络",
        "gamma": 0.19285099242708584
      },
      {
        "module_id": "[数字中频板][ADC] 数字检波与平均",
        "gamma": 0.16790674055593582
      },
      {
        "module_id": "[数字中频板][IF] 中频放大/衰减链",
        "gamma": 0.16360143951604
      }
    ],
    "gating": {
      "disabled_modules": [
        "高频段YTF滤波器",
        "高频段混频器",
        "前置放大器",
        "衰减器"
      ],
      "topk_k": 3
    }
  },
  "evidence": {
    "global_offset_db": -0.024999999999999467,
    "hf_std_db": 0.0061121677966888615,
    "p95_abs_dev_db": 0.015799999999998794,
    "inside_env_frac": 1.0,
    "peak_freq_mae_hz": 4061.137857485254,
    "peak_freq_outlier_frac": 0.0
  },
  "artifacts": {
    "output_json": "Output/batch_diagnosis/sim_00361_diagnosis.json"
  },
  "system_diagnosis": {
    "probabilities": {
      "正常": 0.9771262380362064,
      "幅度失准": 0.01187017612605134,
      "频率失准": 0.004288046768883072,
      "参考电平失准": 0.006715538971146538
    },
    "predicted_class": "正常",
    "max_prob": 0.9771262380362064,
    "is_normal": true
  },
  "module_diagnosis": {
    "probabilities": {
      "[RF板][RF] 低频通路固定滤波/抑制网络": 0.19285099242708584,
      "[数字中频板][ADC] 数字检波与平均": 0.16790674055593582,
      "[数字中频板][IF] 中频放大/衰减链": 0.16360143951604,
      "[RF板][Mixer1]": 0.13965071865409664,
      "[数字中频板][DSP] 数字增益/偏置校准": 0.10332722495749894,
      "[RF板][RF] 输入连接/匹配/保护": 0.08866712295498201,
      "[数字中频板][IF] RBW数字滤波器": 0.07749541871812421,
      "[RF板][RF] 输入衰减器组": 0.03325017110811825,
      "[RF板][RF] 高频通路固定滤波/抑制网络": 0.03325017110811825
    },
    "topk": [
      {
        "module": "[RF板][RF] 低频通路固定滤波/抑制网络",
        "probability": 0.19285099242708584
      },
      {
        "module": "[数字中频板][ADC] 数字检波与平均",
        "probability": 0.16790674055593582
      },
      {
        "module": "[数字中频板][IF] 中频放大/衰减链",
        "probability": 0.16360143951604
      }
    ],
    "disabled_modules": [
      "高频段YTF滤波器",
      "高频段混频器",
      "前置放大器",
      "衰减器"
    ]
  },
  "evidence_detail": {
    "viol_rate": 0.0,
    "envelope_violation": false,
    "violation_max_db": 0.0,
    "violation_energy": 0.007243542160154451,
    "baseline_coverage": 1.0
  },
  "config": {
    "mode": "unified_entry",
    "gating_status": "gated_ok",
    "run_name": null,
    "topk": 3
  },
  "uncertainty": {
    "is_uncertain": false,
    "reason": "",
    "top_class": "正常",
    "runner_up": "幅度失准",
    "max_prob": 0.9771262380362064,
    "second_prob": 0.01187017612605134,
    "prob_gap": 0.965256061910155,
    "support_top_features": [],
    "support_runnerup_features": [],
    "conflict_features": [],
    "suggested_actions": []
  },
  "module_validation": {
    "sample_id": "sim_00361",
    "gt_module": null,
    "gt_module_v2": null,
    "top1": "[RF板][RF] 低频通路固定滤波/抑制网络",
    "top3": [
      "[RF板][RF] 低频通路固定滤波/抑制网络",
      "[数字中频板][ADC] 数字检波与平均",
      "[数字中频板][IF] 中频放大/衰减链"
    ],
    "top5": [
      "[RF板][RF] 低频通路固定滤波/抑制网络",
      "[数字中频板][ADC] 数字检波与平均",
      "[数字中频板][IF] 中频放大/衰减链",
      "[RF板][Mixer1]",
      "[数字中频板][DSP] 数字增益/偏置校准"
    ],
    "gt_rank": -1,
    "gt_prob": 0.0,
    "top1_hit": false,
    "top3_hit": false,
    "top5_hit": false
  },
  "ground_truth": {
    "type": "normal",
    "system_class_en": "normal",
    "system_class_cn": "正常",
    "module": null,
    "module_v2": null,
    "fault_params": {
      "severity": "light",
      "tier_target": "edge",
      "type": "normal",
      "normal_state": "normal_state_A"
    }
  }
}