{
  "status": "success",
  "meta": {
    "sample_id": "sim_00285",
    "input_file": "/home/runner/work/FMFD-python/FMFD-python/Output/sim_spectrum/raw_curves/sim_00285.csv",
    "operating_condition": {
      "inject_power_dbm": -10.0,
      "freq_start_hz": 10000000.0,
      "freq_end_hz": 8200000000.0,
      "step_hz": 10000000.0,
      "frontend": {
        "low_band_only": true,
        "ac_coupling": true,
        "preamp": false
      }
    }
  },
  "data_points": 820,
  "frequency_range": {
    "min": 10000000.0,
    "max": 8200000000.0
  },
  "features": {
    "X1": -10.007122926829268,
    "X2": 0.0005462546243555443,
    "X3": 0.00023615156502933155,
    "X4": 0.027944329941855323,
    "X5": 0.25610678668781595,
    "X6": 0.00090829284021416,
    "X7": 0.08040000000000092,
    "X8": 0.02403975609756099,
    "X9": 0.0007808855758992719,
    "X10": 0.014547074489553915,
    "X11": 0.0,
    "X12": 0.0,
    "X13": 0.1322507671091982,
    "X14": 0.0030827838827841027,
    "X15": 0.002471051777783277,
    "X16": 0.002201641747212861,
    "X17": 0.0,
    "X18": 0.0,
    "X19": -6.657366522267264e-05,
    "X20": -0.053228900136115254,
    "X21": 5.0,
    "X22": 0.03709044317566997,
    "X23": 1.660804878048675e-05,
    "X24": 0.025276504083966755,
    "X25": 1.660804878048675e-05,
    "X26": 0.0003944533856645182,
    "X27": 8.370796871670903e-06,
    "X28": -0.18450560650502712,
    "X29": 0.03766164021081665,
    "X30": -0.0021509322229931183,
    "X31": 0.0021978603718520715,
    "X32": -1.3134125011956752,
    "X33": 0.593343376806148,
    "X34": 0.01408993959342003,
    "X35": 0.00031977027370404726,
    "X36": 0.7939549893398711,
    "X37": 0.027944329941855323,
    "offset_db": -0.07370000000000054,
    "viol_rate_aligned": 0.0,
    "viol_energy_aligned": 0.1322507671091982,
    "global_offset_db": 0.0,
    "shape_rmse": 0.004075297385527436,
    "ripple_hp": 0.00400209577514094,
    "tail_asym": -0.002999999999998426,
    "compress_ratio": 0.19878048780487806,
    "compress_ratio_high": 0.2,
    "freq_shift_score": 0.008633409321575303,
    "offset_slope": -0.00026997689633968277,
    "high_low_energy_ratio": 0.05572441378667694,
    "band_offset_db_1": 0.005349999999999966,
    "band_offset_db_2": 0.0012999999999987466,
    "band_offset_db_3": -0.0027999999999988034,
    "band_offset_db_4": 0.0
  },
  "system": {
    "probs": {
      "正常": 0.0690123618260612,
      "幅度失准": 0.024689144295861228,
      "频率失准": 0.018279921770524177,
      "参考电平失准": 0.8880185720187515
    },
    "decision": "参考电平失准",
    "confidence": 0.8880185720187515,
    "is_normal": false
  },
  "module": {
    "topk": [
      {
        "module_id": "[校准链路][校准源]",
        "gamma": 0.43749999999999994
      },
      {
        "module_id": "[校准链路][校准路径开关/耦合]",
        "gamma": 0.3125
      },
      {
        "module_id": "[校准链路][校准表/存储]",
        "gamma": 0.25000000000000006
      }
    ],
    "gating": {
      "disabled_modules": [
        "高频段YTF滤波器",
        "高频段混频器",
        "前置放大器",
        "衰减器"
      ],
      "topk_k": 3
    }
  },
  "evidence": {
    "global_offset_db": -0.07370000000000054,
    "hf_std_db": 0.003209826046751803,
    "p95_abs_dev_db": 0.009005000000001923,
    "inside_env_frac": 1.0,
    "peak_freq_mae_hz": 3872.2257322439923,
    "peak_freq_outlier_frac": 0.0
  },
  "artifacts": {
    "output_json": "Output/batch_diagnosis/sim_00285_diagnosis.json"
  },
  "system_diagnosis": {
    "probabilities": {
      "正常": 0.0690123618260612,
      "幅度失准": 0.024689144295861228,
      "频率失准": 0.018279921770524177,
      "参考电平失准": 0.8880185720187515
    },
    "predicted_class": "参考电平失准",
    "max_prob": 0.8880185720187515,
    "is_normal": false
  },
  "module_diagnosis": {
    "probabilities": {
      "[校准链路][校准源]": 0.43749999999999994,
      "[校准链路][校准路径开关/耦合]": 0.3125,
      "[校准链路][校准表/存储]": 0.25000000000000006,
      "[RF板][RF] 输入衰减器组": 0.0,
      "[RF板][RF] 低频通路固定滤波/抑制网络": 0.0,
      "[RF板][Mixer1]": 0.0
    },
    "topk": [
      {
        "module": "[校准链路][校准源]",
        "probability": 0.43749999999999994
      },
      {
        "module": "[校准链路][校准路径开关/耦合]",
        "probability": 0.3125
      },
      {
        "module": "[校准链路][校准表/存储]",
        "probability": 0.25000000000000006
      }
    ],
    "disabled_modules": [
      "高频段YTF滤波器",
      "高频段混频器",
      "前置放大器",
      "衰减器"
    ]
  },
  "evidence_detail": {
    "viol_rate": 0.0,
    "envelope_violation": false,
    "violation_max_db": 0.0,
    "violation_energy": 0.1322507671091982,
    "baseline_coverage": 1.0
  },
  "config": {
    "mode": "unified_entry",
    "gating_status": "gated_ok",
    "run_name": null,
    "topk": 3
  },
  "uncertainty": {
    "is_uncertain": false,
    "reason": "",
    "top_class": "参考电平失准",
    "runner_up": "正常",
    "max_prob": 0.8880185720187515,
    "second_prob": 0.0690123618260612,
    "prob_gap": 0.8190062101926903,
    "support_top_features": [],
    "support_runnerup_features": [],
    "conflict_features": [],
    "suggested_actions": []
  },
  "module_validation": {
    "sample_id": "sim_00285",
    "gt_module": "校准信号开关",
    "gt_module_v2": "[校准链路][校准路径开关/耦合]",
    "top1": "[校准链路][校准源]",
    "top3": [
      "[校准链路][校准源]",
      "[校准链路][校准路径开关/耦合]",
      "[校准链路][校准表/存储]"
    ],
    "top5": [
      "[校准链路][校准源]",
      "[校准链路][校准路径开关/耦合]",
      "[校准链路][校准表/存储]",
      "[RF板][RF] 输入衰减器组",
      "[RF板][RF] 低频通路固定滤波/抑制网络"
    ],
    "gt_rank": 2,
    "gt_prob": 0.3125,
    "top1_hit": false,
    "top3_hit": true,
    "top5_hit": true
  },
  "ground_truth": {
    "type": "fault",
    "system_class_en": "ref_error",
    "system_class_cn": "参考电平失准",
    "module": "校准信号开关",
    "module_v2": "[校准链路][校准路径开关/耦合]",
    "fault_params": {
      "severity": "mid",
      "tier_target": "edge",
      "type": "ref_miscal",
      "subtype": "ref_error_offset",
      "offset_db": 0.15454544881960938,
      "template_id": "T1",
      "mean_offset_db": -0.0740493822873482
    }
  }
}