{
  "status": "success",
  "meta": {
    "sample_id": "sim_00227",
    "input_file": "/home/runner/work/FMFD-python/FMFD-python/Output/sim_spectrum/raw_curves/sim_00227.csv",
    "operating_condition": {
      "inject_power_dbm": -10.0,
      "freq_start_hz": 10000000.0,
      "freq_end_hz": 8200000000.0,
      "step_hz": 10000000.0,
      "frontend": {
        "low_band_only": true,
        "ac_coupling": true,
        "preamp": false
      }
    }
  },
  "data_points": 820,
  "frequency_range": {
    "min": 10000000.0,
    "max": 8200000000.0
  },
  "features": {
    "X1": -9.877242073170734,
    "X2": 0.0005839926926763161,
    "X3": 0.0002834457850991915,
    "X4": 0.028623924987675686,
    "X5": 0.2575660802237372,
    "X6": 0.0009340515591165952,
    "X7": 0.09030000000000094,
    "X8": 0.024085975609756075,
    "X9": 0.0008193290817000845,
    "X10": 0.0145072874356927,
    "X11": 0.0,
    "X12": 0.0,
    "X13": 0.0870822920345155,
    "X14": 0.0026095238095237986,
    "X15": 0.0032390935331855623,
    "X16": 0.009652855347055327,
    "X17": 0.0,
    "X18": 0.0,
    "X19": -6.792620244875021e-05,
    "X20": 0.08697303053378214,
    "X21": 5.0,
    "X22": 0.03789079965622099,
    "X23": 1.2455890243902066e-05,
    "X24": 0.024706452417950553,
    "X25": 1.2455890243902066e-05,
    "X26": 0.00012456649042381462,
    "X27": 2.0636268197190192e-05,
    "X28": -0.060240963847807895,
    "X29": -0.014216559920033166,
    "X30": -0.0006349085365852658,
    "X31": 0.0012605782031693464,
    "X32": -0.8488769138089787,
    "X33": 0.6041653714236314,
    "X34": 0.014714005528243363,
    "X35": 0.0003409435734039403,
    "X36": 0.7907245805446099,
    "X37": 0.028623924987675686,
    "offset_db": 0.055899999999999395,
    "viol_rate_aligned": 0.0,
    "viol_energy_aligned": 0.0870822920345155,
    "global_offset_db": 0.0,
    "shape_rmse": 0.00352929033148338,
    "ripple_hp": 0.004093415787781307,
    "tail_asym": -9.999999999790645e-05,
    "compress_ratio": 0.2,
    "compress_ratio_high": 0.19661016949152543,
    "freq_shift_score": 0.0065787404365439395,
    "offset_slope": -2.6380786756219484e-05,
    "high_low_energy_ratio": 0.22351587297033895,
    "band_offset_db_1": 0.003449999999999953,
    "band_offset_db_2": 0.0002999999999993008,
    "band_offset_db_3": -0.002049999999998775,
    "band_offset_db_4": 0.000600000000000378
  },
  "system": {
    "probs": {
      "正常": 0.6346330146357555,
      "幅度失准": 0.03901520894971244,
      "频率失准": 0.027394410413456877,
      "参考电平失准": 0.2989573659376119
    },
    "decision": "正常",
    "confidence": 0.6346330146357555,
    "is_normal": true
  },
  "module": {
    "topk": [
      {
        "module_id": "[校准链路][校准源]",
        "gamma": 0.43749999999999994
      },
      {
        "module_id": "[校准链路][校准路径开关/耦合]",
        "gamma": 0.3125
      },
      {
        "module_id": "[校准链路][校准表/存储]",
        "gamma": 0.25000000000000006
      }
    ],
    "gating": {
      "disabled_modules": [
        "高频段YTF滤波器",
        "高频段混频器",
        "前置放大器",
        "衰减器"
      ],
      "topk_k": 3
    }
  },
  "evidence": {
    "global_offset_db": 0.055899999999999395,
    "hf_std_db": 0.0029924734870677683,
    "p95_abs_dev_db": 0.006810000000001795,
    "inside_env_frac": 1.0,
    "peak_freq_mae_hz": 4009.8351508049363,
    "peak_freq_outlier_frac": 0.0
  },
  "artifacts": {
    "output_json": "Output/batch_diagnosis/sim_00227_diagnosis.json"
  },
  "system_diagnosis": {
    "probabilities": {
      "正常": 0.6346330146357555,
      "幅度失准": 0.03901520894971244,
      "频率失准": 0.027394410413456877,
      "参考电平失准": 0.2989573659376119
    },
    "predicted_class": "正常",
    "max_prob": 0.6346330146357555,
    "is_normal": true
  },
  "module_diagnosis": {
    "probabilities": {
      "[校准链路][校准源]": 0.43749999999999994,
      "[校准链路][校准路径开关/耦合]": 0.3125,
      "[校准链路][校准表/存储]": 0.25000000000000006,
      "[RF板][RF] 输入衰减器组": 0.0,
      "[RF板][RF] 低频通路固定滤波/抑制网络": 0.0,
      "[RF板][Mixer1]": 0.0
    },
    "topk": [
      {
        "module": "[校准链路][校准源]",
        "probability": 0.43749999999999994
      },
      {
        "module": "[校准链路][校准路径开关/耦合]",
        "probability": 0.3125
      },
      {
        "module": "[校准链路][校准表/存储]",
        "probability": 0.25000000000000006
      }
    ],
    "disabled_modules": [
      "高频段YTF滤波器",
      "高频段混频器",
      "前置放大器",
      "衰减器"
    ]
  },
  "evidence_detail": {
    "viol_rate": 0.0,
    "envelope_violation": false,
    "violation_max_db": 0.0,
    "violation_energy": 0.0870822920345155,
    "baseline_coverage": 1.0
  },
  "config": {
    "mode": "unified_entry",
    "gating_status": "gated_ok",
    "run_name": null,
    "topk": 3
  },
  "uncertainty": {
    "is_uncertain": false,
    "reason": "",
    "top_class": "正常",
    "runner_up": "参考电平失准",
    "max_prob": 0.6346330146357555,
    "second_prob": 0.2989573659376119,
    "prob_gap": 0.3356756486981436,
    "support_top_features": [],
    "support_runnerup_features": [],
    "conflict_features": [],
    "suggested_actions": []
  },
  "module_validation": {
    "sample_id": "sim_00227",
    "gt_module": "校准信号开关",
    "gt_module_v2": "[校准链路][校准路径开关/耦合]",
    "top1": "[校准链路][校准源]",
    "top3": [
      "[校准链路][校准源]",
      "[校准链路][校准路径开关/耦合]",
      "[校准链路][校准表/存储]"
    ],
    "top5": [
      "[校准链路][校准源]",
      "[校准链路][校准路径开关/耦合]",
      "[校准链路][校准表/存储]",
      "[RF板][RF] 输入衰减器组",
      "[RF板][RF] 低频通路固定滤波/抑制网络"
    ],
    "gt_rank": 2,
    "gt_prob": 0.3125,
    "top1_hit": false,
    "top3_hit": true,
    "top5_hit": true
  },
  "ground_truth": {
    "type": "fault",
    "system_class_en": "ref_error",
    "system_class_cn": "参考电平失准",
    "module": "校准信号开关",
    "module_v2": "[校准链路][校准路径开关/耦合]",
    "fault_params": {
      "severity": "light",
      "tier_target": "in_spec_weak",
      "type": "ref_miscal",
      "subtype": "ref_error_offset",
      "offset_db": 0.04024335349616847,
      "template_id": "T1",
      "mean_offset_db": 0.055831425633404506
    }
  }
}