{
  "status": "success",
  "meta": {
    "sample_id": "sim_00088",
    "input_file": "/home/runner/work/FMFD-python/FMFD-python/Output/sim_spectrum/raw_curves/sim_00088.csv",
    "operating_condition": {
      "inject_power_dbm": -10.0,
      "freq_start_hz": 10000000.0,
      "freq_end_hz": 8200000000.0,
      "step_hz": 10000000.0,
      "frontend": {
        "low_band_only": true,
        "ac_coupling": true,
        "preamp": false
      }
    }
  },
  "data_points": 820,
  "frequency_range": {
    "min": 10000000.0,
    "max": 8200000000.0
  },
  "features": {
    "X1": -9.93307280487805,
    "X2": 0.0028238072303192504,
    "X3": -3.0060805571818403e-05,
    "X4": 0.05254964251522853,
    "X5": 0.32610892384830825,
    "X6": 0.002854285150669242,
    "X7": 0.14690000000000047,
    "X8": 0.044176951219512185,
    "X9": 0.0027614649284783133,
    "X10": 0.01507167785398536,
    "X11": 0.00975609756097561,
    "X12": 0.03509463285782921,
    "X13": 0.1810409371183081,
    "X14": 0.0396073260073259,
    "X15": 0.04632303256418757,
    "X16": 0.04198495080525938,
    "X17": 0.0,
    "X18": 0.0,
    "X19": 0.00015834171414244767,
    "X20": -0.6881361717650365,
    "X21": 1.0,
    "X22": 0.06315718220205171,
    "X23": 0.002141946353658535,
    "X24": 0.4723352751292983,
    "X25": 0.002141946353658535,
    "X26": 0.0009843170182918303,
    "X27": 0.00017684342514511333,
    "X28": 0.016635859519276035,
    "X29": 0.013545983349510442,
    "X30": 0.0634141768292682,
    "X31": 0.006651448100841788,
    "X32": -2.7583619295226027,
    "X33": 0.5448760738106421,
    "X34": 0.0165178735454683,
    "X35": 0.0008474085352010619,
    "X36": 0.8459092725681779,
    "X37": 0.05254964251522853,
    "offset_db": 9.999999999976694e-05,
    "viol_rate_aligned": 0.00975609756097561,
    "viol_energy_aligned": 0.1810409371183081,
    "global_offset_db": 0.0,
    "shape_rmse": 0.046281166295357494,
    "ripple_hp": 0.024835072659006297,
    "tail_asym": 0.004275000000000681,
    "compress_ratio": 0.2,
    "compress_ratio_high": 0.2,
    "freq_shift_score": 0.4952707575538574,
    "offset_slope": 0.0004284023216616362,
    "high_low_energy_ratio": 2.0095574413937562,
    "band_offset_db_1": 0.013549999999999507,
    "band_offset_db_2": -0.0034999999999989484,
    "band_offset_db_3": -0.000849999999998019,
    "band_offset_db_4": 0.003300000000001191
  },
  "system": {
    "probs": {
      "正常": 0.0006624414854395335,
      "幅度失准": 0.9725556180513889,
      "频率失准": 0.026777958462187453,
      "参考电平失准": 3.981903728580671e-06
    },
    "decision": "幅度失准",
    "confidence": 0.9725556180513889,
    "is_normal": false
  },
  "module": {
    "topk": [
      {
        "module_id": "[RF板][RF] 低频通路固定滤波/抑制网络",
        "gamma": 0.19285099242708584
      },
      {
        "module_id": "[数字中频板][ADC] 数字检波与平均",
        "gamma": 0.16790674055593582
      },
      {
        "module_id": "[数字中频板][IF] 中频放大/衰减链",
        "gamma": 0.16360143951604
      }
    ],
    "gating": {
      "disabled_modules": [
        "高频段YTF滤波器",
        "高频段混频器",
        "前置放大器",
        "衰减器"
      ],
      "topk_k": 3
    }
  },
  "evidence": {
    "global_offset_db": 9.999999999976694e-05,
    "hf_std_db": 0.028672994994916684,
    "p95_abs_dev_db": 0.07559999999999967,
    "inside_env_frac": 0.9902439024390244,
    "peak_freq_mae_hz": 3985.668553737133,
    "peak_freq_outlier_frac": 0.0
  },
  "artifacts": {
    "output_json": "Output/batch_diagnosis/sim_00088_diagnosis.json"
  },
  "system_diagnosis": {
    "probabilities": {
      "正常": 0.0006624414854395335,
      "幅度失准": 0.9725556180513889,
      "频率失准": 0.026777958462187453,
      "参考电平失准": 3.981903728580671e-06
    },
    "predicted_class": "幅度失准",
    "max_prob": 0.9725556180513889,
    "is_normal": false
  },
  "module_diagnosis": {
    "probabilities": {
      "[RF板][RF] 低频通路固定滤波/抑制网络": 0.19285099242708584,
      "[数字中频板][ADC] 数字检波与平均": 0.16790674055593582,
      "[数字中频板][IF] 中频放大/衰减链": 0.16360143951604,
      "[RF板][Mixer1]": 0.13965071865409664,
      "[数字中频板][DSP] 数字增益/偏置校准": 0.10332722495749894,
      "[RF板][RF] 输入连接/匹配/保护": 0.08866712295498201,
      "[数字中频板][IF] RBW数字滤波器": 0.07749541871812422,
      "[RF板][RF] 输入衰减器组": 0.03325017110811825,
      "[RF板][RF] 高频通路固定滤波/抑制网络": 0.03325017110811825
    },
    "topk": [
      {
        "module": "[RF板][RF] 低频通路固定滤波/抑制网络",
        "probability": 0.19285099242708584
      },
      {
        "module": "[数字中频板][ADC] 数字检波与平均",
        "probability": 0.16790674055593582
      },
      {
        "module": "[数字中频板][IF] 中频放大/衰减链",
        "probability": 0.16360143951604
      }
    ],
    "disabled_modules": [
      "高频段YTF滤波器",
      "高频段混频器",
      "前置放大器",
      "衰减器"
    ]
  },
  "evidence_detail": {
    "viol_rate": 0.00975609756097561,
    "envelope_violation": false,
    "violation_max_db": 0.03509463285782921,
    "violation_energy": 0.1810409371183081,
    "baseline_coverage": 0.9902439024390244
  },
  "config": {
    "mode": "unified_entry",
    "gating_status": "gated_ok",
    "run_name": null,
    "topk": 3
  },
  "uncertainty": {
    "is_uncertain": false,
    "reason": "",
    "top_class": "幅度失准",
    "runner_up": "频率失准",
    "max_prob": 0.9725556180513889,
    "second_prob": 0.026777958462187453,
    "prob_gap": 0.9457776595892015,
    "support_top_features": [],
    "support_runnerup_features": [],
    "conflict_features": [],
    "suggested_actions": []
  },
  "module_validation": {
    "sample_id": "sim_00088",
    "gt_module": "电源模块",
    "gt_module_v2": "[RF板][RF] 输入连接/匹配/保护",
    "top1": "[RF板][RF] 低频通路固定滤波/抑制网络",
    "top3": [
      "[RF板][RF] 低频通路固定滤波/抑制网络",
      "[数字中频板][ADC] 数字检波与平均",
      "[数字中频板][IF] 中频放大/衰减链"
    ],
    "top5": [
      "[RF板][RF] 低频通路固定滤波/抑制网络",
      "[数字中频板][ADC] 数字检波与平均",
      "[数字中频板][IF] 中频放大/衰减链",
      "[RF板][Mixer1]",
      "[数字中频板][DSP] 数字增益/偏置校准"
    ],
    "gt_rank": 6,
    "gt_prob": 0.08866712295498201,
    "top1_hit": false,
    "top3_hit": false,
    "top5_hit": false
  },
  "ground_truth": {
    "type": "fault",
    "system_class_en": "amp_error",
    "system_class_cn": "幅度失准",
    "module": "电源模块",
    "module_v2": "[RF板][RF] 输入连接/匹配/保护",
    "fault_params": {
      "severity": "light",
      "tier_target": "edge",
      "type": "power_noise",
      "subtype": "amp_error_ripple",
      "spike_count": 7.0,
      "spike_amp_db": 0.11292844025379098,
      "template_id": "T5"
    }
  }
}