{
  "status": "success",
  "meta": {
    "sample_id": "sim_00253",
    "input_file": "/home/runner/work/FMFD-python/FMFD-python/Output/sim_spectrum/raw_curves/sim_00253.csv",
    "operating_condition": {
      "inject_power_dbm": -10.0,
      "freq_start_hz": 10000000.0,
      "freq_end_hz": 8200000000.0,
      "step_hz": 10000000.0,
      "frontend": {
        "low_band_only": true,
        "ac_coupling": true,
        "preamp": false
      }
    }
  },
  "data_points": 820,
  "frequency_range": {
    "min": 10000000.0,
    "max": 8200000000.0
  },
  "features": {
    "X1": -10.000445975609756,
    "X2": 0.0006242722531231417,
    "X3": 0.00023750493110060377,
    "X4": 0.02896631320932296,
    "X5": 0.2669137140930839,
    "X6": 0.0009512878008774535,
    "X7": 0.08009999999999984,
    "X8": 0.024362560975609744,
    "X9": 0.0008390473009405977,
    "X10": 0.014410686630352457,
    "X11": 0.0,
    "X12": 0.0,
    "X13": 0.0977447254553159,
    "X14": 0.0024406593406592157,
    "X15": 0.0020740061584047656,
    "X16": 0.00394976170109577,
    "X17": 0.0,
    "X18": 0.0,
    "X19": -9.16256912426014e-05,
    "X20": 0.03983077922547995,
    "X21": 6.0,
    "X22": 0.038755561319781806,
    "X23": 6.995841463414962e-06,
    "X24": 0.01706558826974447,
    "X25": 6.995841463414962e-06,
    "X26": 0.0004023732564956652,
    "X27": 2.0079799118863518e-05,
    "X28": 0.052631578938361616,
    "X29": -0.014556531716495172,
    "X30": 0.00047202868378458385,
    "X31": 0.0007770969213831502,
    "X32": -0.43559398614769185,
    "X33": 0.5846908900338537,
    "X34": 0.014920424971101498,
    "X35": 0.0003252105170992335,
    "X36": 0.8053299744920448,
    "X37": 0.02896631320932296,
    "offset_db": -0.06750000000000078,
    "viol_rate_aligned": 0.0,
    "viol_energy_aligned": 0.0977447254553159,
    "global_offset_db": 0.0,
    "shape_rmse": 0.002644965304765823,
    "ripple_hp": 0.0033179307223530764,
    "tail_asym": 0.0010000000000013106,
    "compress_ratio": 0.19146341463414634,
    "compress_ratio_high": 0.2,
    "freq_shift_score": 0.0036719036615894263,
    "offset_slope": 2.2833241543386475e-05,
    "high_low_energy_ratio": 0.09946620231271429,
    "band_offset_db_1": 0.002300000000000857,
    "band_offset_db_2": -0.00039999999999906777,
    "band_offset_db_3": 1.7763568394002505e-15,
    "band_offset_db_4": 0.0003000000000010772
  },
  "system": {
    "probs": {
      "正常": 0.019448944251910318,
      "幅度失准": 0.013032196218400231,
      "频率失准": 0.0010429841764009547,
      "参考电平失准": 0.9664758752566408
    },
    "decision": "参考电平失准",
    "confidence": 0.9664758752566408,
    "is_normal": false
  },
  "module": {
    "topk": [
      {
        "module_id": "[校准链路][校准源]",
        "gamma": 0.43749999999999994
      },
      {
        "module_id": "[校准链路][校准路径开关/耦合]",
        "gamma": 0.3125
      },
      {
        "module_id": "[校准链路][校准表/存储]",
        "gamma": 0.25000000000000006
      }
    ],
    "gating": {
      "disabled_modules": [
        "高频段YTF滤波器",
        "高频段混频器",
        "前置放大器",
        "衰减器"
      ],
      "topk_k": 3
    }
  },
  "evidence": {
    "global_offset_db": -0.06750000000000078,
    "hf_std_db": 0.002389602293553252,
    "p95_abs_dev_db": 0.005399999999999849,
    "inside_env_frac": 1.0,
    "peak_freq_mae_hz": 4068.096810751415,
    "peak_freq_outlier_frac": 0.0
  },
  "artifacts": {
    "output_json": "Output/batch_diagnosis/sim_00253_diagnosis.json"
  },
  "system_diagnosis": {
    "probabilities": {
      "正常": 0.019448944251910318,
      "幅度失准": 0.013032196218400231,
      "频率失准": 0.0010429841764009547,
      "参考电平失准": 0.9664758752566408
    },
    "predicted_class": "参考电平失准",
    "max_prob": 0.9664758752566408,
    "is_normal": false
  },
  "module_diagnosis": {
    "probabilities": {
      "[校准链路][校准源]": 0.43749999999999994,
      "[校准链路][校准路径开关/耦合]": 0.3125,
      "[校准链路][校准表/存储]": 0.25000000000000006,
      "[RF板][RF] 输入衰减器组": 0.0,
      "[RF板][RF] 低频通路固定滤波/抑制网络": 0.0,
      "[RF板][Mixer1]": 0.0
    },
    "topk": [
      {
        "module": "[校准链路][校准源]",
        "probability": 0.43749999999999994
      },
      {
        "module": "[校准链路][校准路径开关/耦合]",
        "probability": 0.3125
      },
      {
        "module": "[校准链路][校准表/存储]",
        "probability": 0.25000000000000006
      }
    ],
    "disabled_modules": [
      "高频段YTF滤波器",
      "高频段混频器",
      "前置放大器",
      "衰减器"
    ]
  },
  "evidence_detail": {
    "viol_rate": 0.0,
    "envelope_violation": false,
    "violation_max_db": 0.0,
    "violation_energy": 0.0977447254553159,
    "baseline_coverage": 1.0
  },
  "config": {
    "mode": "unified_entry",
    "gating_status": "gated_ok",
    "run_name": null,
    "topk": 3
  },
  "uncertainty": {
    "is_uncertain": false,
    "reason": "",
    "top_class": "参考电平失准",
    "runner_up": "正常",
    "max_prob": 0.9664758752566408,
    "second_prob": 0.019448944251910318,
    "prob_gap": 0.9470269310047305,
    "support_top_features": [],
    "support_runnerup_features": [],
    "conflict_features": [],
    "suggested_actions": []
  },
  "module_validation": {
    "sample_id": "sim_00253",
    "gt_module": "校准源",
    "gt_module_v2": "[校准链路][校准源]",
    "top1": "[校准链路][校准源]",
    "top3": [
      "[校准链路][校准源]",
      "[校准链路][校准路径开关/耦合]",
      "[校准链路][校准表/存储]"
    ],
    "top5": [
      "[校准链路][校准源]",
      "[校准链路][校准路径开关/耦合]",
      "[校准链路][校准表/存储]",
      "[RF板][RF] 输入衰减器组",
      "[RF板][RF] 低频通路固定滤波/抑制网络"
    ],
    "gt_rank": 1,
    "gt_prob": 0.43749999999999994,
    "top1_hit": true,
    "top3_hit": true,
    "top5_hit": true
  },
  "ground_truth": {
    "type": "fault",
    "system_class_en": "ref_error",
    "system_class_cn": "参考电平失准",
    "module": "校准源",
    "module_v2": "[校准链路][校准源]",
    "fault_params": {
      "severity": "mid",
      "tier_target": "mild_oos",
      "type": "ref_miscal",
      "subtype": "ref_error_offset",
      "offset_db": -0.19019774169060116,
      "template_id": "T1",
      "mean_offset_db": -0.06737329361201184
    }
  }
}