{
  "status": "success",
  "meta": {
    "sample_id": "sim_00357",
    "input_file": "/home/runner/work/FMFD-python/FMFD-python/Output/sim_spectrum/raw_curves/sim_00357.csv",
    "operating_condition": {
      "inject_power_dbm": -10.0,
      "freq_start_hz": 10000000.0,
      "freq_end_hz": 8200000000.0,
      "step_hz": 10000000.0,
      "frontend": {
        "low_band_only": true,
        "ac_coupling": true,
        "preamp": false
      }
    }
  },
  "data_points": 820,
  "frequency_range": {
    "min": 10000000.0,
    "max": 8200000000.0
  },
  "features": {
    "X1": -9.918865243902438,
    "X2": 0.0007452984048433478,
    "X3": 0.00019726810224041314,
    "X4": 0.02937354015518889,
    "X5": 0.2690170240505209,
    "X6": 0.0009262999017697811,
    "X7": 0.08370000000000033,
    "X8": 0.02402134146341466,
    "X9": 0.0008628048612484942,
    "X10": 0.010998375708181579,
    "X11": 0.0,
    "X12": 0.0,
    "X13": 0.03824151310512771,
    "X14": 0.006821978021978175,
    "X15": 0.004876564450589013,
    "X16": 0.0023565955987076325,
    "X17": 0.0,
    "X18": 0.0,
    "X19": -0.00010065286735104148,
    "X20": 0.4522162874535245,
    "X21": 12.0,
    "X22": 0.0385578374990313,
    "X23": 8.718147560975905e-05,
    "X24": 0.011511079657088641,
    "X25": 8.718147560975905e-05,
    "X26": 0.0001329926942614854,
    "X27": 7.388070902907692e-05,
    "X28": -0.13196951463560302,
    "X29": 0.7158696760667846,
    "X30": 0.0032233231707320016,
    "X31": 0.003457541030299664,
    "X32": -4.17768369084709,
    "X33": 0.5933010285862497,
    "X34": 0.014595556413485554,
    "X35": 0.0003260632256198566,
    "X36": 0.8098162080872011,
    "X37": 0.02937354015518889,
    "offset_db": 0.01499999999999968,
    "viol_rate_aligned": 0.0,
    "viol_energy_aligned": 0.03824151310512771,
    "global_offset_db": 0.0,
    "shape_rmse": 0.009337102099139703,
    "ripple_hp": 0.0027380704722126414,
    "tail_asym": 0.0006050000000004489,
    "compress_ratio": 0.2,
    "compress_ratio_high": 0.2,
    "freq_shift_score": 0.04607605152978289,
    "offset_slope": 0.0011321847992476312,
    "high_low_energy_ratio": 2.757996845152934,
    "band_offset_db_1": 0.003000000000001002,
    "band_offset_db_2": -0.0025999999999992696,
    "band_offset_db_3": -0.0070499999999986684,
    "band_offset_db_4": 0.003600000000002268
  },
  "system": {
    "probs": {
      "正常": 0.9883891510785108,
      "幅度失准": 0.0056355958553686615,
      "频率失准": 0.0014323807191448173,
      "参考电平失准": 0.004542872248136882
    },
    "decision": "正常",
    "confidence": 0.9883891510785108,
    "is_normal": true
  },
  "module": {
    "topk": [
      {
        "module_id": "[RF板][RF] 输入连接/匹配/保护",
        "gamma": 0.058823529411764705
      },
      {
        "module_id": "[RF板][RF] 输入衰减器组",
        "gamma": 0.058823529411764705
      },
      {
        "module_id": "[RF板][RF] 低频通路固定滤波/抑制网络",
        "gamma": 0.058823529411764705
      }
    ],
    "gating": {
      "disabled_modules": [
        "高频段YTF滤波器",
        "高频段混频器",
        "前置放大器",
        "衰减器"
      ],
      "topk_k": 3
    }
  },
  "evidence": {
    "global_offset_db": 0.01499999999999968,
    "hf_std_db": 0.005455686330415823,
    "p95_abs_dev_db": 0.017800000000001148,
    "inside_env_frac": 1.0,
    "peak_freq_mae_hz": 3953.3471469007363,
    "peak_freq_outlier_frac": 0.0
  },
  "artifacts": {
    "output_json": "Output/batch_diagnosis/sim_00357_diagnosis.json"
  },
  "system_diagnosis": {
    "probabilities": {
      "正常": 0.9883891510785108,
      "幅度失准": 0.0056355958553686615,
      "频率失准": 0.0014323807191448173,
      "参考电平失准": 0.004542872248136882
    },
    "predicted_class": "正常",
    "max_prob": 0.9883891510785108,
    "is_normal": true
  },
  "module_diagnosis": {
    "probabilities": {
      "[RF板][RF] 输入连接/匹配/保护": 0.058823529411764705,
      "[RF板][RF] 输入衰减器组": 0.058823529411764705,
      "[RF板][RF] 低频通路固定滤波/抑制网络": 0.058823529411764705,
      "[RF板][RF] 高频通路固定滤波/抑制网络": 0.058823529411764705,
      "[RF板][Mixer1]": 0.058823529411764705
    },
    "topk": [
      {
        "module": "[RF板][RF] 输入连接/匹配/保护",
        "probability": 0.058823529411764705
      },
      {
        "module": "[RF板][RF] 输入衰减器组",
        "probability": 0.058823529411764705
      },
      {
        "module": "[RF板][RF] 低频通路固定滤波/抑制网络",
        "probability": 0.058823529411764705
      }
    ],
    "disabled_modules": [
      "高频段YTF滤波器",
      "高频段混频器",
      "前置放大器",
      "衰减器"
    ]
  },
  "evidence_detail": {
    "viol_rate": 0.0,
    "envelope_violation": false,
    "violation_max_db": 0.0,
    "violation_energy": 0.03824151310512771,
    "baseline_coverage": 1.0
  },
  "config": {
    "mode": "unified_entry",
    "gating_status": "gated_ok",
    "run_name": null,
    "topk": 3
  },
  "uncertainty": {
    "is_uncertain": false,
    "reason": "",
    "top_class": "正常",
    "runner_up": "幅度失准",
    "max_prob": 0.9883891510785108,
    "second_prob": 0.0056355958553686615,
    "prob_gap": 0.9827535552231421,
    "support_top_features": [],
    "support_runnerup_features": [],
    "conflict_features": [],
    "suggested_actions": []
  },
  "module_validation": {
    "sample_id": "sim_00357",
    "gt_module": null,
    "gt_module_v2": null,
    "top1": "[RF板][RF] 输入连接/匹配/保护",
    "top3": [
      "[RF板][RF] 输入连接/匹配/保护",
      "[RF板][RF] 输入衰减器组",
      "[RF板][RF] 低频通路固定滤波/抑制网络"
    ],
    "top5": [
      "[RF板][RF] 输入连接/匹配/保护",
      "[RF板][RF] 输入衰减器组",
      "[RF板][RF] 低频通路固定滤波/抑制网络",
      "[RF板][RF] 高频通路固定滤波/抑制网络",
      "[RF板][Mixer1]"
    ],
    "gt_rank": -1,
    "gt_prob": 0.0,
    "top1_hit": false,
    "top3_hit": false,
    "top5_hit": false
  },
  "ground_truth": {
    "type": "normal",
    "system_class_en": "normal",
    "system_class_cn": "正常",
    "module": null,
    "module_v2": null,
    "fault_params": {
      "severity": "light",
      "tier_target": "edge",
      "type": "normal",
      "normal_state": "normal_state_A"
    }
  }
}