{
  "status": "success",
  "meta": {
    "sample_id": "sim_00223",
    "input_file": "/home/runner/work/FMFD-python/FMFD-python/Output/sim_spectrum/raw_curves/sim_00223.csv",
    "operating_condition": {
      "inject_power_dbm": -10.0,
      "freq_start_hz": 10000000.0,
      "freq_end_hz": 8200000000.0,
      "step_hz": 10000000.0,
      "frontend": {
        "low_band_only": true,
        "ac_coupling": true,
        "preamp": false
      }
    }
  },
  "data_points": 820,
  "frequency_range": {
    "min": 10000000.0,
    "max": 8200000000.0
  },
  "features": {
    "X1": -9.995895121951222,
    "X2": 0.0005924389728336322,
    "X3": 0.0002424528994871281,
    "X4": 0.029163727327393744,
    "X5": 0.257766131042455,
    "X6": 0.000976094585960739,
    "X7": 0.07840000000000025,
    "X8": 0.02479439024390246,
    "X9": 0.0008505229916265725,
    "X10": 0.014490326441482383,
    "X11": 0.0,
    "X12": 0.0,
    "X13": 0.07067473371940357,
    "X14": 0.0017347985347985063,
    "X15": 0.0029495909849549568,
    "X16": 0.0010086328599607163,
    "X17": 0.0,
    "X18": 0.0,
    "X19": -5.742488612775369e-05,
    "X20": -0.03130507174135477,
    "X21": 5.0,
    "X22": 0.0390787924636484,
    "X23": 6.425341463414114e-06,
    "X24": 0.009786288659030529,
    "X25": 6.425341463414114e-06,
    "X26": 0.00041218720207325884,
    "X27": 1.5338185644322046e-05,
    "X28": -0.04918032786038433,
    "X29": 0.0537971221223774,
    "X30": 0.0001234756097562434,
    "X31": 0.0008329684309146924,
    "X32": -1.1938900775698227,
    "X33": 0.5703780327526208,
    "X34": 0.014889529685828677,
    "X35": 0.00031755392561583115,
    "X36": 0.8123729801881178,
    "X37": 0.02916372732739374,
    "offset_db": -0.06270000000000042,
    "viol_rate_aligned": 0.0,
    "viol_energy_aligned": 0.07067473371940357,
    "global_offset_db": 0.0,
    "shape_rmse": 0.00253482572643843,
    "ripple_hp": 0.0024870379321261004,
    "tail_asym": -0.001400000000000201,
    "compress_ratio": 0.2,
    "compress_ratio_high": 0.2,
    "freq_shift_score": 0.003232917178071615,
    "offset_slope": -0.00023550085081229543,
    "high_low_energy_ratio": 1.1667936816630926,
    "band_offset_db_1": 0.001300000000000523,
    "band_offset_db_2": 0.000600000000000378,
    "band_offset_db_3": -0.0008499999999989072,
    "band_offset_db_4": -0.0002999999999993008
  },
  "system": {
    "probs": {
      "正常": 0.008849180123888505,
      "幅度失准": 0.013502542527464387,
      "频率失准": 0.005618712742505331,
      "参考电平失准": 0.9720295645089388
    },
    "decision": "参考电平失准",
    "confidence": 0.9720295645089388,
    "is_normal": false
  },
  "module": {
    "topk": [
      {
        "module_id": "[校准链路][校准源]",
        "gamma": 0.43749999999999994
      },
      {
        "module_id": "[校准链路][校准路径开关/耦合]",
        "gamma": 0.3125
      },
      {
        "module_id": "[校准链路][校准表/存储]",
        "gamma": 0.25000000000000006
      }
    ],
    "gating": {
      "disabled_modules": [
        "高频段YTF滤波器",
        "高频段混频器",
        "前置放大器",
        "衰减器"
      ],
      "topk_k": 3
    }
  },
  "evidence": {
    "global_offset_db": -0.06270000000000042,
    "hf_std_db": 0.001930434132740914,
    "p95_abs_dev_db": 0.005399999999998073,
    "inside_env_frac": 1.0,
    "peak_freq_mae_hz": 4007.273836618228,
    "peak_freq_outlier_frac": 0.0
  },
  "artifacts": {
    "output_json": "Output/batch_diagnosis/sim_00223_diagnosis.json"
  },
  "system_diagnosis": {
    "probabilities": {
      "正常": 0.008849180123888505,
      "幅度失准": 0.013502542527464387,
      "频率失准": 0.005618712742505331,
      "参考电平失准": 0.9720295645089388
    },
    "predicted_class": "参考电平失准",
    "max_prob": 0.9720295645089388,
    "is_normal": false
  },
  "module_diagnosis": {
    "probabilities": {
      "[校准链路][校准源]": 0.43749999999999994,
      "[校准链路][校准路径开关/耦合]": 0.3125,
      "[校准链路][校准表/存储]": 0.25000000000000006,
      "[RF板][RF] 输入衰减器组": 0.0,
      "[RF板][RF] 低频通路固定滤波/抑制网络": 0.0,
      "[RF板][Mixer1]": 0.0
    },
    "topk": [
      {
        "module": "[校准链路][校准源]",
        "probability": 0.43749999999999994
      },
      {
        "module": "[校准链路][校准路径开关/耦合]",
        "probability": 0.3125
      },
      {
        "module": "[校准链路][校准表/存储]",
        "probability": 0.25000000000000006
      }
    ],
    "disabled_modules": [
      "高频段YTF滤波器",
      "高频段混频器",
      "前置放大器",
      "衰减器"
    ]
  },
  "evidence_detail": {
    "viol_rate": 0.0,
    "envelope_violation": false,
    "violation_max_db": 0.0,
    "violation_energy": 0.07067473371940357,
    "baseline_coverage": 1.0
  },
  "config": {
    "mode": "unified_entry",
    "gating_status": "gated_ok",
    "run_name": null,
    "topk": 3
  },
  "uncertainty": {
    "is_uncertain": false,
    "reason": "",
    "top_class": "参考电平失准",
    "runner_up": "幅度失准",
    "max_prob": 0.9720295645089388,
    "second_prob": 0.013502542527464387,
    "prob_gap": 0.9585270219814744,
    "support_top_features": [],
    "support_runnerup_features": [],
    "conflict_features": [],
    "suggested_actions": []
  },
  "module_validation": {
    "sample_id": "sim_00223",
    "gt_module": "校准信号开关",
    "gt_module_v2": "[校准链路][校准路径开关/耦合]",
    "top1": "[校准链路][校准源]",
    "top3": [
      "[校准链路][校准源]",
      "[校准链路][校准路径开关/耦合]",
      "[校准链路][校准表/存储]"
    ],
    "top5": [
      "[校准链路][校准源]",
      "[校准链路][校准路径开关/耦合]",
      "[校准链路][校准表/存储]",
      "[RF板][RF] 输入衰减器组",
      "[RF板][RF] 低频通路固定滤波/抑制网络"
    ],
    "gt_rank": 2,
    "gt_prob": 0.3125,
    "top1_hit": false,
    "top3_hit": true,
    "top5_hit": true
  },
  "ground_truth": {
    "type": "fault",
    "system_class_en": "ref_error",
    "system_class_cn": "参考电平失准",
    "module": "校准信号开关",
    "module_v2": "[校准链路][校准路径开关/耦合]",
    "fault_params": {
      "severity": "mid",
      "tier_target": "in_spec_weak",
      "type": "ref_miscal",
      "subtype": "ref_error_offset",
      "offset_db": 0.1475321322826466,
      "template_id": "T1",
      "mean_offset_db": -0.0628237587230659
    }
  }
}