{
  "status": "success",
  "meta": {
    "sample_id": "sim_00318",
    "input_file": "/home/runner/work/FMFD-python/FMFD-python/Output/sim_spectrum/raw_curves/sim_00318.csv",
    "operating_condition": {
      "inject_power_dbm": -10.0,
      "freq_start_hz": 10000000.0,
      "freq_end_hz": 8200000000.0,
      "step_hz": 10000000.0,
      "frontend": {
        "low_band_only": true,
        "ac_coupling": true,
        "preamp": false
      }
    }
  },
  "data_points": 820,
  "frequency_range": {
    "min": 10000000.0,
    "max": 8200000000.0
  },
  "features": {
    "X1": -9.924156341463414,
    "X2": 0.0006945480879023734,
    "X3": 0.00033953083128156935,
    "X4": 0.03029926302560291,
    "X5": 0.28408785838942235,
    "X6": 0.0009880033134443793,
    "X7": 0.06620000000000026,
    "X8": 0.024959512195121967,
    "X9": 0.0009180453398946677,
    "X10": 0.01359174509550657,
    "X11": 0.0,
    "X12": 0.0,
    "X13": 0.07072610844943605,
    "X14": 0.008930402930402972,
    "X15": 0.007823095642405792,
    "X16": -0.008325598468444936,
    "X17": 0.0,
    "X18": 0.0,
    "X19": -0.00011726804195512576,
    "X20": 0.08873485072977783,
    "X21": 6.0,
    "X22": 0.038565370262371286,
    "X23": 9.288336585365856e-05,
    "X24": 0.012413623707218768,
    "X25": 9.288336585365856e-05,
    "X26": 0.0006565930335993924,
    "X27": 0.0002003843560904303,
    "X28": -0.15708812259933277,
    "X29": 0.28198542772265045,
    "X30": 0.002225152439024476,
    "X31": 0.004102214267646192,
    "X32": -4.078355465836322,
    "X33": 0.5596790939047831,
    "X34": 0.015867982135658192,
    "X35": 0.00030948283782151944,
    "X36": 0.8299363293987112,
    "X37": 0.030299263025602912,
    "offset_db": 0.009999999999999787,
    "viol_rate_aligned": 0.0,
    "viol_energy_aligned": 0.07072610844943605,
    "global_offset_db": 0.0,
    "shape_rmse": 0.009637601665023232,
    "ripple_hp": 0.002778747373346576,
    "tail_asym": -0.004305000000000624,
    "compress_ratio": 0.19878048780487806,
    "compress_ratio_high": 0.2,
    "freq_shift_score": 0.047149085487358744,
    "offset_slope": 0.0009650160896410797,
    "high_low_energy_ratio": 1.0868225815484658,
    "band_offset_db_1": 0.006250000000000533,
    "band_offset_db_2": -9.999999999799059e-05,
    "band_offset_db_3": -0.004249999999998977,
    "band_offset_db_4": 0.0022999999999999687
  },
  "system": {
    "probs": {
      "正常": 0.9975315847459068,
      "幅度失准": 0.0011273679513434315,
      "频率失准": 0.00043877060232622064,
      "参考电平失准": 0.0009022766006703756
    },
    "decision": "正常",
    "confidence": 0.9975315847459068,
    "is_normal": true
  },
  "module": {
    "topk": [
      {
        "module_id": "[RF板][RF] 输入连接/匹配/保护",
        "gamma": 0.058823529411764705
      },
      {
        "module_id": "[RF板][RF] 输入衰减器组",
        "gamma": 0.058823529411764705
      },
      {
        "module_id": "[RF板][RF] 低频通路固定滤波/抑制网络",
        "gamma": 0.058823529411764705
      }
    ],
    "gating": {
      "disabled_modules": [
        "高频段YTF滤波器",
        "高频段混频器",
        "前置放大器",
        "衰减器"
      ],
      "topk_k": 3
    }
  },
  "evidence": {
    "global_offset_db": 0.009999999999999787,
    "hf_std_db": 0.005562161516916362,
    "p95_abs_dev_db": 0.017300000000000537,
    "inside_env_frac": 1.0,
    "peak_freq_mae_hz": 3899.772280854609,
    "peak_freq_outlier_frac": 0.0
  },
  "artifacts": {
    "output_json": "Output/batch_diagnosis/sim_00318_diagnosis.json"
  },
  "system_diagnosis": {
    "probabilities": {
      "正常": 0.9975315847459068,
      "幅度失准": 0.0011273679513434315,
      "频率失准": 0.00043877060232622064,
      "参考电平失准": 0.0009022766006703756
    },
    "predicted_class": "正常",
    "max_prob": 0.9975315847459068,
    "is_normal": true
  },
  "module_diagnosis": {
    "probabilities": {
      "[RF板][RF] 输入连接/匹配/保护": 0.058823529411764705,
      "[RF板][RF] 输入衰减器组": 0.058823529411764705,
      "[RF板][RF] 低频通路固定滤波/抑制网络": 0.058823529411764705,
      "[RF板][RF] 高频通路固定滤波/抑制网络": 0.058823529411764705,
      "[RF板][Mixer1]": 0.058823529411764705
    },
    "topk": [
      {
        "module": "[RF板][RF] 输入连接/匹配/保护",
        "probability": 0.058823529411764705
      },
      {
        "module": "[RF板][RF] 输入衰减器组",
        "probability": 0.058823529411764705
      },
      {
        "module": "[RF板][RF] 低频通路固定滤波/抑制网络",
        "probability": 0.058823529411764705
      }
    ],
    "disabled_modules": [
      "高频段YTF滤波器",
      "高频段混频器",
      "前置放大器",
      "衰减器"
    ]
  },
  "evidence_detail": {
    "viol_rate": 0.0,
    "envelope_violation": false,
    "violation_max_db": 0.0,
    "violation_energy": 0.07072610844943605,
    "baseline_coverage": 1.0
  },
  "config": {
    "mode": "unified_entry",
    "gating_status": "gated_ok",
    "run_name": null,
    "topk": 3
  },
  "uncertainty": {
    "is_uncertain": false,
    "reason": "",
    "top_class": "正常",
    "runner_up": "幅度失准",
    "max_prob": 0.9975315847459068,
    "second_prob": 0.0011273679513434315,
    "prob_gap": 0.9964042167945634,
    "support_top_features": [],
    "support_runnerup_features": [],
    "conflict_features": [],
    "suggested_actions": []
  },
  "module_validation": {
    "sample_id": "sim_00318",
    "gt_module": null,
    "gt_module_v2": null,
    "top1": "[RF板][RF] 输入连接/匹配/保护",
    "top3": [
      "[RF板][RF] 输入连接/匹配/保护",
      "[RF板][RF] 输入衰减器组",
      "[RF板][RF] 低频通路固定滤波/抑制网络"
    ],
    "top5": [
      "[RF板][RF] 输入连接/匹配/保护",
      "[RF板][RF] 输入衰减器组",
      "[RF板][RF] 低频通路固定滤波/抑制网络",
      "[RF板][RF] 高频通路固定滤波/抑制网络",
      "[RF板][Mixer1]"
    ],
    "gt_rank": -1,
    "gt_prob": 0.0,
    "top1_hit": false,
    "top3_hit": false,
    "top5_hit": false
  },
  "ground_truth": {
    "type": "normal",
    "system_class_en": "normal",
    "system_class_cn": "正常",
    "module": null,
    "module_v2": null,
    "fault_params": {
      "severity": "mid",
      "tier_target": "in_spec_weak",
      "type": "normal",
      "normal_state": "normal_state_A"
    }
  }
}