{
  "status": "success",
  "meta": {
    "sample_id": "sim_00051",
    "input_file": "/home/runner/work/FMFD-python/FMFD-python/Output/sim_spectrum/raw_curves/sim_00051.csv",
    "operating_condition": {
      "inject_power_dbm": -10.0,
      "freq_start_hz": 10000000.0,
      "freq_end_hz": 8200000000.0,
      "step_hz": 10000000.0,
      "frontend": {
        "low_band_only": true,
        "ac_coupling": true,
        "preamp": false
      }
    }
  },
  "data_points": 820,
  "frequency_range": {
    "min": 10000000.0,
    "max": 8200000000.0
  },
  "features": {
    "X1": -9.93665792682927,
    "X2": 0.009873915656809763,
    "X3": -0.000575808496456419,
    "X4": 0.09535889977162516,
    "X5": 0.39167932046297477,
    "X6": 0.009190408534726352,
    "X7": 0.08150000000000013,
    "X8": 0.07711402439024388,
    "X9": 0.009093319765654853,
    "X10": 0.020397900054562622,
    "X11": 0.3353658536585366,
    "X12": 0.09647434158673107,
    "X13": 0.0,
    "X14": 0.061888644688644516,
    "X15": 0.09532734556577438,
    "X16": 17.902958656274453,
    "X17": 0.0,
    "X18": 0.0,
    "X19": 0.00027300469418172906,
    "X20": -0.5508963676294099,
    "X21": 0.0,
    "X22": 0.10193208956435129,
    "X23": 0.008598171890243901,
    "X24": 0.13968333952132828,
    "X25": 0.008303783254364093,
    "X26": 0.0009823238088704533,
    "X27": 0.0003191554791279813,
    "X28": -0.006423818132828638,
    "X29": 0.3739533244191235,
    "X30": 0.15961356707317076,
    "X31": 0.010689267879463449,
    "X32": -6.40039263067079,
    "X33": 0.20833934177471009,
    "X34": 0.03809255670545123,
    "X35": 0.00039891226800604094,
    "X36": 0.9774373207761946,
    "X37": 0.09535889977162516,
    "offset_db": -8.881784197001252e-16,
    "viol_rate_aligned": 0.3353658536585366,
    "viol_energy_aligned": 0.0,
    "global_offset_db": 0.0,
    "shape_rmse": 0.09272632792386368,
    "ripple_hp": 0.010192790782662858,
    "tail_asym": 0.00019499999999944562,
    "compress_ratio": 0.2,
    "compress_ratio_high": 0.2,
    "freq_shift_score": 0.683843073480824,
    "offset_slope": 0.0003358692840586361,
    "high_low_energy_ratio": 5.539158467179643,
    "band_offset_db_1": 0.017600000000000726,
    "band_offset_db_2": -0.0015000000000000568,
    "band_offset_db_3": -0.029699999999997395,
    "band_offset_db_4": 0.0070000000000014495
  },
  "system": {
    "probs": {
      "正常": 2.982433462322303e-07,
      "幅度失准": 0.9980724536502205,
      "频率失准": 0.0019268170623518406,
      "参考电平失准": 4.309442740533175e-07
    },
    "decision": "幅度失准",
    "confidence": 0.9980724536502205,
    "is_normal": false
  },
  "module": {
    "topk": [
      {
        "module_id": "[RF板][RF] 低频通路固定滤波/抑制网络",
        "gamma": 0.19285099242708584
      },
      {
        "module_id": "[数字中频板][ADC] 数字检波与平均",
        "gamma": 0.16790674055593582
      },
      {
        "module_id": "[数字中频板][IF] 中频放大/衰减链",
        "gamma": 0.16360143951604
      }
    ],
    "gating": {
      "disabled_modules": [
        "高频段YTF滤波器",
        "高频段混频器",
        "前置放大器",
        "衰减器"
      ],
      "topk_k": 3
    }
  },
  "evidence": {
    "global_offset_db": -8.881784197001252e-16,
    "hf_std_db": 0.05972371956282362,
    "p95_abs_dev_db": 0.16519999999999868,
    "inside_env_frac": 0.6646341463414634,
    "peak_freq_mae_hz": 3899.5382625401703,
    "peak_freq_outlier_frac": 0.0
  },
  "artifacts": {
    "output_json": "Output/batch_diagnosis/sim_00051_diagnosis.json"
  },
  "system_diagnosis": {
    "probabilities": {
      "正常": 2.982433462322303e-07,
      "幅度失准": 0.9980724536502205,
      "频率失准": 0.0019268170623518406,
      "参考电平失准": 4.309442740533175e-07
    },
    "predicted_class": "幅度失准",
    "max_prob": 0.9980724536502205,
    "is_normal": false
  },
  "module_diagnosis": {
    "probabilities": {
      "[RF板][RF] 低频通路固定滤波/抑制网络": 0.19285099242708584,
      "[数字中频板][ADC] 数字检波与平均": 0.16790674055593582,
      "[数字中频板][IF] 中频放大/衰减链": 0.16360143951604,
      "[RF板][Mixer1]": 0.13965071865409664,
      "[数字中频板][DSP] 数字增益/偏置校准": 0.10332722495749894,
      "[RF板][RF] 输入连接/匹配/保护": 0.08866712295498201,
      "[数字中频板][IF] RBW数字滤波器": 0.07749541871812421,
      "[RF板][RF] 输入衰减器组": 0.03325017110811825,
      "[RF板][RF] 高频通路固定滤波/抑制网络": 0.03325017110811825
    },
    "topk": [
      {
        "module": "[RF板][RF] 低频通路固定滤波/抑制网络",
        "probability": 0.19285099242708584
      },
      {
        "module": "[数字中频板][ADC] 数字检波与平均",
        "probability": 0.16790674055593582
      },
      {
        "module": "[数字中频板][IF] 中频放大/衰减链",
        "probability": 0.16360143951604
      }
    ],
    "disabled_modules": [
      "高频段YTF滤波器",
      "高频段混频器",
      "前置放大器",
      "衰减器"
    ]
  },
  "evidence_detail": {
    "viol_rate": 0.3353658536585366,
    "envelope_violation": true,
    "violation_max_db": 0.09647434158673107,
    "violation_energy": 0.0,
    "baseline_coverage": 0.6646341463414633
  },
  "config": {
    "mode": "unified_entry",
    "gating_status": "gated_ok",
    "run_name": null,
    "topk": 3
  },
  "uncertainty": {
    "is_uncertain": false,
    "reason": "",
    "top_class": "幅度失准",
    "runner_up": "频率失准",
    "max_prob": 0.9980724536502205,
    "second_prob": 0.0019268170623518406,
    "prob_gap": 0.9961456365878686,
    "support_top_features": [],
    "support_runnerup_features": [],
    "conflict_features": [],
    "suggested_actions": []
  },
  "module_validation": {
    "sample_id": "sim_00051",
    "gt_module": "电源模块",
    "gt_module_v2": "[RF板][RF] 输入连接/匹配/保护",
    "top1": "[RF板][RF] 低频通路固定滤波/抑制网络",
    "top3": [
      "[RF板][RF] 低频通路固定滤波/抑制网络",
      "[数字中频板][ADC] 数字检波与平均",
      "[数字中频板][IF] 中频放大/衰减链"
    ],
    "top5": [
      "[RF板][RF] 低频通路固定滤波/抑制网络",
      "[数字中频板][ADC] 数字检波与平均",
      "[数字中频板][IF] 中频放大/衰减链",
      "[RF板][Mixer1]",
      "[数字中频板][DSP] 数字增益/偏置校准"
    ],
    "gt_rank": 6,
    "gt_prob": 0.08866712295498201,
    "top1_hit": false,
    "top3_hit": false,
    "top5_hit": false
  },
  "ground_truth": {
    "type": "fault",
    "system_class_en": "amp_error",
    "system_class_cn": "幅度失准",
    "module": "电源模块",
    "module_v2": "[RF板][RF] 输入连接/匹配/保护",
    "fault_params": {
      "severity": "mid",
      "tier_target": "in_spec_weak",
      "subtype": "amp_error_ripple",
      "ripple_amp_db": 0.08655550253875127,
      "period_norm": 0.09395559028623311,
      "template_id": "T3",
      "mean_offset_db": -0.0035852128388946672
    }
  }
}