{
  "status": "success",
  "meta": {
    "sample_id": "sim_00164",
    "input_file": "/home/runner/work/FMFD-python/FMFD-python/Output/sim_spectrum/raw_curves/sim_00164.csv",
    "operating_condition": {
      "inject_power_dbm": -10.0,
      "freq_start_hz": 10000000.0,
      "freq_end_hz": 8200000000.0,
      "step_hz": 10000000.0,
      "frontend": {
        "low_band_only": true,
        "ac_coupling": true,
        "preamp": false
      }
    }
  },
  "data_points": 820,
  "frequency_range": {
    "min": 10000000.0,
    "max": 8200000000.0
  },
  "features": {
    "X1": -9.933072073170733,
    "X2": 0.000615674367894442,
    "X3": 0.00022369036769005591,
    "X4": 0.029224062317957215,
    "X5": 0.26594991126048656,
    "X6": 0.0009736491591165971,
    "X7": 0.0757999999999992,
    "X8": 0.024770853658536585,
    "X9": 0.0008540458183638468,
    "X10": 0.014433587376046945,
    "X11": 0.0,
    "X12": 0.0,
    "X13": 0.15809333746510357,
    "X14": 0.0026666666666665356,
    "X15": 0.003970272680891995,
    "X16": -0.024413789388748375,
    "X17": 0.0,
    "X18": 0.0,
    "X19": -5.206335055924568e-05,
    "X20": -0.029172734418727586,
    "X21": 4.0,
    "X22": 0.03748700112838153,
    "X23": 1.708813414634203e-05,
    "X24": 0.04013196019732468,
    "X25": 1.708813414634203e-05,
    "X26": 0.0002304938983433535,
    "X27": 2.6070328769535748e-05,
    "X28": -0.13116726833571457,
    "X29": -0.3943407797653901,
    "X30": 0.000567225609756246,
    "X31": 0.000800694541606699,
    "X32": -0.4019847579645567,
    "X33": 0.5959864736002366,
    "X34": 0.014462803002157671,
    "X35": 0.00034584006130350566,
    "X36": 0.7969097824734854,
    "X37": 0.029224062317957215,
    "offset_db": 0.0005000000000006111,
    "viol_rate_aligned": 0.0,
    "viol_energy_aligned": 0.15809333746510357,
    "global_offset_db": 0.0,
    "shape_rmse": 0.0041337796441443305,
    "ripple_hp": 0.005218757814599952,
    "tail_asym": -0.0021050000000021104,
    "compress_ratio": 0.2,
    "compress_ratio_high": 0.18983050847457628,
    "freq_shift_score": 0.008677550026606529,
    "offset_slope": -0.000121632375724568,
    "high_low_energy_ratio": 0.581196482656035,
    "band_offset_db_1": 0.00039999999999906777,
    "band_offset_db_2": 0.00039999999999906777,
    "band_offset_db_3": -0.0002999999999993008,
    "band_offset_db_4": -0.0004000000000008441
  },
  "system": {
    "probs": {
      "正常": 0.9887310371164155,
      "幅度失准": 0.003937566259354272,
      "频率失准": 0.002141843117826491,
      "参考电平失准": 0.005189553407530557
    },
    "decision": "正常",
    "confidence": 0.9887310371164155,
    "is_normal": true
  },
  "module": {
    "topk": [
      {
        "module_id": "[RF板][RF] 输入连接/匹配/保护",
        "gamma": 0.058823529411764705
      },
      {
        "module_id": "[RF板][RF] 输入衰减器组",
        "gamma": 0.058823529411764705
      },
      {
        "module_id": "[RF板][RF] 低频通路固定滤波/抑制网络",
        "gamma": 0.058823529411764705
      }
    ],
    "gating": {
      "disabled_modules": [
        "高频段YTF滤波器",
        "高频段混频器",
        "前置放大器",
        "衰减器"
      ],
      "topk_k": 3
    }
  },
  "evidence": {
    "global_offset_db": 0.0005000000000006111,
    "hf_std_db": 0.003802232359970336,
    "p95_abs_dev_db": 0.007105000000001201,
    "inside_env_frac": 1.0,
    "peak_freq_mae_hz": 184950.09749550777,
    "peak_freq_outlier_frac": 0.004878048780487805
  },
  "artifacts": {
    "output_json": "Output/batch_diagnosis/sim_00164_diagnosis.json"
  },
  "system_diagnosis": {
    "probabilities": {
      "正常": 0.9887310371164155,
      "幅度失准": 0.003937566259354272,
      "频率失准": 0.002141843117826491,
      "参考电平失准": 0.005189553407530557
    },
    "predicted_class": "正常",
    "max_prob": 0.9887310371164155,
    "is_normal": true
  },
  "module_diagnosis": {
    "probabilities": {
      "[RF板][RF] 输入连接/匹配/保护": 0.058823529411764705,
      "[RF板][RF] 输入衰减器组": 0.058823529411764705,
      "[RF板][RF] 低频通路固定滤波/抑制网络": 0.058823529411764705,
      "[RF板][RF] 高频通路固定滤波/抑制网络": 0.058823529411764705,
      "[RF板][Mixer1]": 0.058823529411764705
    },
    "topk": [
      {
        "module": "[RF板][RF] 输入连接/匹配/保护",
        "probability": 0.058823529411764705
      },
      {
        "module": "[RF板][RF] 输入衰减器组",
        "probability": 0.058823529411764705
      },
      {
        "module": "[RF板][RF] 低频通路固定滤波/抑制网络",
        "probability": 0.058823529411764705
      }
    ],
    "disabled_modules": [
      "高频段YTF滤波器",
      "高频段混频器",
      "前置放大器",
      "衰减器"
    ]
  },
  "evidence_detail": {
    "viol_rate": 0.0,
    "envelope_violation": false,
    "violation_max_db": 0.0,
    "violation_energy": 0.15809333746510357,
    "baseline_coverage": 1.0
  },
  "config": {
    "mode": "unified_entry",
    "gating_status": "gated_ok",
    "run_name": null,
    "topk": 3
  },
  "uncertainty": {
    "is_uncertain": false,
    "reason": "",
    "top_class": "正常",
    "runner_up": "参考电平失准",
    "max_prob": 0.9887310371164155,
    "second_prob": 0.005189553407530557,
    "prob_gap": 0.983541483708885,
    "support_top_features": [],
    "support_runnerup_features": [],
    "conflict_features": [],
    "suggested_actions": []
  },
  "module_validation": {
    "sample_id": "sim_00164",
    "gt_module": "本振混频组件",
    "gt_module_v2": "[RF板][LO1] LO1 注入链",
    "top1": "[RF板][RF] 输入连接/匹配/保护",
    "top3": [
      "[RF板][RF] 输入连接/匹配/保护",
      "[RF板][RF] 输入衰减器组",
      "[RF板][RF] 低频通路固定滤波/抑制网络"
    ],
    "top5": [
      "[RF板][RF] 输入连接/匹配/保护",
      "[RF板][RF] 输入衰减器组",
      "[RF板][RF] 低频通路固定滤波/抑制网络",
      "[RF板][RF] 高频通路固定滤波/抑制网络",
      "[RF板][Mixer1]"
    ],
    "gt_rank": -1,
    "gt_prob": 0.0,
    "top1_hit": false,
    "top3_hit": false,
    "top5_hit": false
  },
  "ground_truth": {
    "type": "fault",
    "system_class_en": "freq_error",
    "system_class_cn": "频率失准",
    "module": "本振混频组件",
    "module_v2": "[RF板][LO1] LO1 注入链",
    "fault_params": {
      "severity": "light",
      "tier_target": "in_spec_weak",
      "type": "lo_path_error",
      "track_type": "spike",
      "template_id": "T8",
      "forced_peak_track_type": true,
      "peak_track_profile": {
        "bands": [],
        "track_type": "spike"
      },
      "freq_amp_coupling": {
        "bias_db_min": -0.1,
        "bias_db_max": -0.02
      },
      "peak_track_warning": "peak_freq mismatch too weak"
    }
  }
}