{
  "status": "success",
  "meta": {
    "sample_id": "sim_00188",
    "input_file": "/home/runner/work/FMFD-python/FMFD-python/Output/sim_spectrum/raw_curves/sim_00188.csv",
    "operating_condition": {
      "inject_power_dbm": -10.0,
      "freq_start_hz": 10000000.0,
      "freq_end_hz": 8200000000.0,
      "step_hz": 10000000.0,
      "frontend": {
        "low_band_only": true,
        "ac_coupling": true,
        "preamp": false
      }
    }
  },
  "data_points": 820,
  "frequency_range": {
    "min": 10000000.0,
    "max": 8200000000.0
  },
  "features": {
    "X1": -9.933072439024391,
    "X2": 0.0006117198547078464,
    "X3": 0.00015015738712883446,
    "X4": 0.029778814390858176,
    "X5": 0.30609008389740694,
    "X6": 0.0010552488501487196,
    "X7": 0.08499999999999908,
    "X8": 0.025348536585365844,
    "X9": 0.000886777786525182,
    "X10": 0.017882240810561837,
    "X11": 0.0,
    "X12": 0.0,
    "X13": 0.26917738141551595,
    "X14": 0.004615750915750699,
    "X15": 0.008392354748630643,
    "X16": 0.10026034959094866,
    "X17": 0.0,
    "X18": 0.0,
    "X19": -6.990820576395531e-05,
    "X20": -0.03879875107948161,
    "X21": 4.0,
    "X22": 0.048317307583666806,
    "X23": 4.8821512195123444e-05,
    "X24": 0.048755573397515795,
    "X25": 4.8821512195123444e-05,
    "X26": 0.00011619429900660183,
    "X27": 8.372834100209038e-05,
    "X28": -0.226305609269756,
    "X29": 0.9011179711841197,
    "X30": 0.003343597560975768,
    "X31": 0.0039965240027677595,
    "X32": -1.405851921597958,
    "X33": 0.5436974301920545,
    "X34": 0.016084741261593535,
    "X35": 0.0003119388366944407,
    "X36": 0.8230162039106272,
    "X37": 0.029778814390858176,
    "offset_db": 0.001100000000000989,
    "viol_rate_aligned": 0.0,
    "viol_energy_aligned": 0.26917738141551595,
    "global_offset_db": 0.0,
    "shape_rmse": 0.006987239239866018,
    "ripple_hp": 0.0055158948127627,
    "tail_asym": -0.006700000000000376,
    "compress_ratio": 0.2,
    "compress_ratio_high": 0.19322033898305085,
    "freq_shift_score": 0.022385981085939033,
    "offset_slope": -0.0009848318501655485,
    "high_low_energy_ratio": 1.445108753192023,
    "band_offset_db_1": 0.0020999999999977703,
    "band_offset_db_2": 0.0006999999999983686,
    "band_offset_db_3": 0.0011999999999989797,
    "band_offset_db_4": -0.0022999999999999687
  },
  "system": {
    "probs": {
      "正常": 0.7508469475681537,
      "幅度失准": 0.017969921436377607,
      "频率失准": 0.20436968139279507,
      "参考电平失准": 0.02681344952758889
    },
    "decision": "正常",
    "confidence": 0.7508469475681537,
    "is_normal": true
  },
  "module": {
    "topk": [
      {
        "module_id": "[LO/时钟板][LO1] 合成链",
        "gamma": 0.35
      },
      {
        "module_id": "[时钟板][参考域] 10MHz 基准 OCXO",
        "gamma": 0.35
      },
      {
        "module_id": "[时钟板][参考分配]",
        "gamma": 0.3
      }
    ],
    "gating": {
      "disabled_modules": [
        "高频段YTF滤波器",
        "高频段混频器",
        "前置放大器",
        "衰减器"
      ],
      "topk_k": 3
    }
  },
  "evidence": {
    "global_offset_db": 0.001100000000000989,
    "hf_std_db": 0.004484978474487662,
    "p95_abs_dev_db": 0.014805000000001019,
    "inside_env_frac": 1.0,
    "peak_freq_mae_hz": 2198881.1586865946,
    "peak_freq_outlier_frac": 0.07439024390243902
  },
  "artifacts": {
    "output_json": "Output/batch_diagnosis/sim_00188_diagnosis.json"
  },
  "system_diagnosis": {
    "probabilities": {
      "正常": 0.7508469475681537,
      "幅度失准": 0.017969921436377607,
      "频率失准": 0.20436968139279507,
      "参考电平失准": 0.02681344952758889
    },
    "predicted_class": "正常",
    "max_prob": 0.7508469475681537,
    "is_normal": true
  },
  "module_diagnosis": {
    "probabilities": {
      "[LO/时钟板][LO1] 合成链": 0.35,
      "[时钟板][参考域] 10MHz 基准 OCXO": 0.35,
      "[时钟板][参考分配]": 0.3
    },
    "topk": [
      {
        "module": "[LO/时钟板][LO1] 合成链",
        "probability": 0.35
      },
      {
        "module": "[时钟板][参考域] 10MHz 基准 OCXO",
        "probability": 0.35
      },
      {
        "module": "[时钟板][参考分配]",
        "probability": 0.3
      }
    ],
    "disabled_modules": [
      "高频段YTF滤波器",
      "高频段混频器",
      "前置放大器",
      "衰减器"
    ]
  },
  "evidence_detail": {
    "viol_rate": 0.0,
    "envelope_violation": false,
    "violation_max_db": 0.0,
    "violation_energy": 0.26917738141551595,
    "baseline_coverage": 1.0
  },
  "config": {
    "mode": "unified_entry",
    "gating_status": "gated_ok",
    "run_name": null,
    "topk": 3
  },
  "uncertainty": {
    "is_uncertain": false,
    "reason": "",
    "top_class": "正常",
    "runner_up": "频率失准",
    "max_prob": 0.7508469475681537,
    "second_prob": 0.20436968139279507,
    "prob_gap": 0.5464772661753586,
    "support_top_features": [],
    "support_runnerup_features": [],
    "conflict_features": [],
    "suggested_actions": []
  },
  "module_validation": {
    "sample_id": "sim_00188",
    "gt_module": "时钟合成与同步网络",
    "gt_module_v2": "[LO/时钟板][LO1] 合成链",
    "top1": "[LO/时钟板][LO1] 合成链",
    "top3": [
      "[LO/时钟板][LO1] 合成链",
      "[时钟板][参考域] 10MHz 基准 OCXO",
      "[时钟板][参考分配]"
    ],
    "top5": [
      "[LO/时钟板][LO1] 合成链",
      "[时钟板][参考域] 10MHz 基准 OCXO",
      "[时钟板][参考分配]"
    ],
    "gt_rank": 1,
    "gt_prob": 0.35,
    "top1_hit": true,
    "top3_hit": true,
    "top5_hit": true
  },
  "ground_truth": {
    "type": "fault",
    "system_class_en": "freq_error",
    "system_class_cn": "频率失准",
    "module": "时钟合成与同步网络",
    "module_v2": "[LO/时钟板][LO1] 合成链",
    "fault_params": {
      "severity": "mid",
      "tier_target": "edge",
      "delta_f_hz": 1514497.058787824,
      "ppm": 184.9202757982691,
      "shift_bins": 0.1514497058787824,
      "bandwidth_hz": 8190000000.0,
      "type": "clock_drift",
      "track_type": "hole",
      "template_id": "T8",
      "forced_peak_track_type": true,
      "peak_track_profile": {
        "bands": [
          {
            "start_hz": 7510490637.5548525,
            "end_hz": 8156038560.424558,
            "center_hz": 7833264598.989705,
            "width_hz": 645547922.8697054,
            "amplitude_hz": 29447891.305385478,
            "ramp_hz": 32451154.486144945
          }
        ],
        "track_type": "hole"
      },
      "freq_amp_coupling": {
        "bias_db_min": -0.1,
        "bias_db_max": -0.02
      }
    }
  }
}