{
  "status": "success",
  "meta": {
    "sample_id": "sim_00381",
    "input_file": "/home/runner/work/FMFD-python/FMFD-python/Output/sim_spectrum/raw_curves/sim_00381.csv",
    "operating_condition": {
      "inject_power_dbm": -10.0,
      "freq_start_hz": 10000000.0,
      "freq_end_hz": 8200000000.0,
      "step_hz": 10000000.0,
      "frontend": {
        "low_band_only": true,
        "ac_coupling": true,
        "preamp": false
      }
    }
  },
  "data_points": 820,
  "frequency_range": {
    "min": 10000000.0,
    "max": 8200000000.0
  },
  "features": {
    "X1": -9.907851707317073,
    "X2": 0.0006937524137005092,
    "X3": 0.0003728253506182622,
    "X4": 0.031174880644952798,
    "X5": 0.25829661103125173,
    "X6": 0.0010532963995240935,
    "X7": 0.09370000000000012,
    "X8": 0.02563560975609757,
    "X9": 0.0009718731832270526,
    "X10": 0.014005789688366356,
    "X11": 0.0,
    "X12": 0.0,
    "X13": 0.1946300769485368,
    "X14": 0.004894139194139104,
    "X15": 0.009311560676685784,
    "X16": -0.009543693862129577,
    "X17": 0.0,
    "X18": 0.0,
    "X19": -9.628226379330354e-06,
    "X20": 0.21587992898128494,
    "X21": 6.0,
    "X22": 0.03851596162490182,
    "X23": 7.766826829268318e-05,
    "X24": 0.011549561865915714,
    "X25": 7.766826829268318e-05,
    "X26": 0.00044168236893853954,
    "X27": 0.0002082148920208518,
    "X28": 0.0970654627495748,
    "X29": 0.31073458507149715,
    "X30": 0.006824542682926961,
    "X31": 0.0038770912570005324,
    "X32": -3.864831841303025,
    "X33": 0.5535093728566937,
    "X34": 0.0170495858406508,
    "X35": 0.00032270118373012204,
    "X36": 0.8319718764446168,
    "X37": 0.031174880644952798,
    "offset_db": 0.025000000000000355,
    "viol_rate_aligned": 0.0,
    "viol_energy_aligned": 0.1946300769485368,
    "global_offset_db": 0.0,
    "shape_rmse": 0.008812960245722387,
    "ripple_hp": 0.002723822676305737,
    "tail_asym": 0.0035049999999989326,
    "compress_ratio": 0.19878048780487806,
    "compress_ratio_high": 0.2,
    "freq_shift_score": 0.037460520406199516,
    "offset_slope": 0.0006864543515267485,
    "high_low_energy_ratio": 1.3185045468053833,
    "band_offset_db_1": -0.00775000000000059,
    "band_offset_db_2": 0.0004999999999988347,
    "band_offset_db_3": -0.006350000000001188,
    "band_offset_db_4": 0.000700000000000145
  },
  "system": {
    "probs": {
      "正常": 0.9848623174471511,
      "幅度失准": 0.006357716381227817,
      "频率失准": 0.0033607474094010797,
      "参考电平失准": 0.005419218663733962
    },
    "decision": "正常",
    "confidence": 0.9848623174471511,
    "is_normal": true
  },
  "module": {
    "topk": [
      {
        "module_id": "[RF板][RF] 输入连接/匹配/保护",
        "gamma": 0.058823529411764705
      },
      {
        "module_id": "[RF板][RF] 输入衰减器组",
        "gamma": 0.058823529411764705
      },
      {
        "module_id": "[RF板][RF] 低频通路固定滤波/抑制网络",
        "gamma": 0.058823529411764705
      }
    ],
    "gating": {
      "disabled_modules": [
        "高频段YTF滤波器",
        "高频段混频器",
        "前置放大器",
        "衰减器"
      ],
      "topk_k": 3
    }
  },
  "evidence": {
    "global_offset_db": 0.025000000000000355,
    "hf_std_db": 0.005609327070735194,
    "p95_abs_dev_db": 0.015705000000000607,
    "inside_env_frac": 1.0,
    "peak_freq_mae_hz": 4058.0686978303443,
    "peak_freq_outlier_frac": 0.0
  },
  "artifacts": {
    "output_json": "Output/batch_diagnosis/sim_00381_diagnosis.json"
  },
  "system_diagnosis": {
    "probabilities": {
      "正常": 0.9848623174471511,
      "幅度失准": 0.006357716381227817,
      "频率失准": 0.0033607474094010797,
      "参考电平失准": 0.005419218663733962
    },
    "predicted_class": "正常",
    "max_prob": 0.9848623174471511,
    "is_normal": true
  },
  "module_diagnosis": {
    "probabilities": {
      "[RF板][RF] 输入连接/匹配/保护": 0.058823529411764705,
      "[RF板][RF] 输入衰减器组": 0.058823529411764705,
      "[RF板][RF] 低频通路固定滤波/抑制网络": 0.058823529411764705,
      "[RF板][RF] 高频通路固定滤波/抑制网络": 0.058823529411764705,
      "[RF板][Mixer1]": 0.058823529411764705
    },
    "topk": [
      {
        "module": "[RF板][RF] 输入连接/匹配/保护",
        "probability": 0.058823529411764705
      },
      {
        "module": "[RF板][RF] 输入衰减器组",
        "probability": 0.058823529411764705
      },
      {
        "module": "[RF板][RF] 低频通路固定滤波/抑制网络",
        "probability": 0.058823529411764705
      }
    ],
    "disabled_modules": [
      "高频段YTF滤波器",
      "高频段混频器",
      "前置放大器",
      "衰减器"
    ]
  },
  "evidence_detail": {
    "viol_rate": 0.0,
    "envelope_violation": false,
    "violation_max_db": 0.0,
    "violation_energy": 0.1946300769485368,
    "baseline_coverage": 1.0
  },
  "config": {
    "mode": "unified_entry",
    "gating_status": "gated_ok",
    "run_name": null,
    "topk": 3
  },
  "uncertainty": {
    "is_uncertain": false,
    "reason": "",
    "top_class": "正常",
    "runner_up": "幅度失准",
    "max_prob": 0.9848623174471511,
    "second_prob": 0.006357716381227817,
    "prob_gap": 0.9785046010659233,
    "support_top_features": [],
    "support_runnerup_features": [],
    "conflict_features": [],
    "suggested_actions": []
  },
  "module_validation": {
    "sample_id": "sim_00381",
    "gt_module": null,
    "gt_module_v2": null,
    "top1": "[RF板][RF] 输入连接/匹配/保护",
    "top3": [
      "[RF板][RF] 输入连接/匹配/保护",
      "[RF板][RF] 输入衰减器组",
      "[RF板][RF] 低频通路固定滤波/抑制网络"
    ],
    "top5": [
      "[RF板][RF] 输入连接/匹配/保护",
      "[RF板][RF] 输入衰减器组",
      "[RF板][RF] 低频通路固定滤波/抑制网络",
      "[RF板][RF] 高频通路固定滤波/抑制网络",
      "[RF板][Mixer1]"
    ],
    "gt_rank": -1,
    "gt_prob": 0.0,
    "top1_hit": false,
    "top3_hit": false,
    "top5_hit": false
  },
  "ground_truth": {
    "type": "normal",
    "system_class_en": "normal",
    "system_class_cn": "正常",
    "module": null,
    "module_v2": null,
    "fault_params": {
      "severity": "mid",
      "tier_target": "in_spec_weak",
      "type": "normal",
      "normal_state": "normal_state_A"
    }
  }
}