{
  "status": "success",
  "meta": {
    "sample_id": "sim_00333",
    "input_file": "/home/runner/work/FMFD-python/FMFD-python/Output/sim_spectrum/raw_curves/sim_00333.csv",
    "operating_condition": {
      "inject_power_dbm": -10.0,
      "freq_start_hz": 10000000.0,
      "freq_end_hz": 8200000000.0,
      "step_hz": 10000000.0,
      "frontend": {
        "low_band_only": true,
        "ac_coupling": true,
        "preamp": false
      }
    }
  },
  "data_points": 820,
  "frequency_range": {
    "min": 10000000.0,
    "max": 8200000000.0
  },
  "features": {
    "X1": -9.945205975609754,
    "X2": 0.0005246842815123293,
    "X3": 6.188728524206582e-05,
    "X4": 0.02633009067272099,
    "X5": 0.24500849796468066,
    "X6": 0.000800721195999406,
    "X7": 0.08750000000000036,
    "X8": 0.02206573170731707,
    "X9": 0.0006932736748337089,
    "X10": 0.013644703981509368,
    "X11": 0.0,
    "X12": 0.0,
    "X13": 0.5120196977080371,
    "X14": 0.0065043956043956,
    "X15": 0.013828751338361636,
    "X16": -0.0033383028277787527,
    "X17": 0.0,
    "X18": 0.0,
    "X19": -8.299299355069462e-05,
    "X20": 0.3818452610236256,
    "X21": 7.0,
    "X22": 0.03633430893185035,
    "X23": 0.00010379045121951189,
    "X24": 0.012942091439745451,
    "X25": 0.00010379045121951189,
    "X26": 0.0002916858861885948,
    "X27": 6.697040507798742e-05,
    "X28": -0.2309310888883584,
    "X29": 0.6226089749160382,
    "X30": -0.0025451219512193073,
    "X31": 0.002831112240786028,
    "X32": -4.072870521872807,
    "X33": 0.6298611590963287,
    "X34": 0.014497099611505693,
    "X35": 0.00031766618035336,
    "X36": 0.7702012437170658,
    "X37": 0.02633009067272099,
    "offset_db": -0.009999999999999787,
    "viol_rate_aligned": 0.0,
    "viol_energy_aligned": 0.5120196977080371,
    "global_offset_db": 0.0,
    "shape_rmse": 0.010187759872489727,
    "ripple_hp": 0.0028591514025806085,
    "tail_asym": -0.0034050000000009455,
    "compress_ratio": 0.2,
    "compress_ratio_high": 0.2,
    "freq_shift_score": 0.05329137177571108,
    "offset_slope": 0.00011943616230482207,
    "high_low_energy_ratio": 2.2079818498320973,
    "band_offset_db_1": 0.007249999999999979,
    "band_offset_db_2": -0.0011999999999989797,
    "band_offset_db_3": -0.0076499999999990465,
    "band_offset_db_4": 0.003400000000000958
  },
  "system": {
    "probs": {
      "正常": 0.9911491161512525,
      "幅度失准": 0.004686946269273763,
      "频率失准": 0.002375589041582814,
      "参考电平失准": 0.0017883484387758084
    },
    "decision": "正常",
    "confidence": 0.9911491161512525,
    "is_normal": true
  },
  "module": {
    "topk": [
      {
        "module_id": "[RF板][RF] 输入连接/匹配/保护",
        "gamma": 0.058823529411764705
      },
      {
        "module_id": "[RF板][RF] 输入衰减器组",
        "gamma": 0.058823529411764705
      },
      {
        "module_id": "[RF板][RF] 低频通路固定滤波/抑制网络",
        "gamma": 0.058823529411764705
      }
    ],
    "gating": {
      "disabled_modules": [
        "高频段YTF滤波器",
        "高频段混频器",
        "前置放大器",
        "衰减器"
      ],
      "topk_k": 3
    }
  },
  "evidence": {
    "global_offset_db": -0.009999999999999787,
    "hf_std_db": 0.007164408187734114,
    "p95_abs_dev_db": 0.013904999999999652,
    "inside_env_frac": 1.0,
    "peak_freq_mae_hz": 4179.794445853365,
    "peak_freq_outlier_frac": 0.0
  },
  "artifacts": {
    "output_json": "Output/batch_diagnosis/sim_00333_diagnosis.json"
  },
  "system_diagnosis": {
    "probabilities": {
      "正常": 0.9911491161512525,
      "幅度失准": 0.004686946269273763,
      "频率失准": 0.002375589041582814,
      "参考电平失准": 0.0017883484387758084
    },
    "predicted_class": "正常",
    "max_prob": 0.9911491161512525,
    "is_normal": true
  },
  "module_diagnosis": {
    "probabilities": {
      "[RF板][RF] 输入连接/匹配/保护": 0.058823529411764705,
      "[RF板][RF] 输入衰减器组": 0.058823529411764705,
      "[RF板][RF] 低频通路固定滤波/抑制网络": 0.058823529411764705,
      "[RF板][RF] 高频通路固定滤波/抑制网络": 0.058823529411764705,
      "[RF板][Mixer1]": 0.058823529411764705
    },
    "topk": [
      {
        "module": "[RF板][RF] 输入连接/匹配/保护",
        "probability": 0.058823529411764705
      },
      {
        "module": "[RF板][RF] 输入衰减器组",
        "probability": 0.058823529411764705
      },
      {
        "module": "[RF板][RF] 低频通路固定滤波/抑制网络",
        "probability": 0.058823529411764705
      }
    ],
    "disabled_modules": [
      "高频段YTF滤波器",
      "高频段混频器",
      "前置放大器",
      "衰减器"
    ]
  },
  "evidence_detail": {
    "viol_rate": 0.0,
    "envelope_violation": false,
    "violation_max_db": 0.0,
    "violation_energy": 0.5120196977080371,
    "baseline_coverage": 1.0
  },
  "config": {
    "mode": "unified_entry",
    "gating_status": "gated_ok",
    "run_name": null,
    "topk": 3
  },
  "uncertainty": {
    "is_uncertain": false,
    "reason": "",
    "top_class": "正常",
    "runner_up": "幅度失准",
    "max_prob": 0.9911491161512525,
    "second_prob": 0.004686946269273763,
    "prob_gap": 0.9864621698819787,
    "support_top_features": [],
    "support_runnerup_features": [],
    "conflict_features": [],
    "suggested_actions": []
  },
  "module_validation": {
    "sample_id": "sim_00333",
    "gt_module": null,
    "gt_module_v2": null,
    "top1": "[RF板][RF] 输入连接/匹配/保护",
    "top3": [
      "[RF板][RF] 输入连接/匹配/保护",
      "[RF板][RF] 输入衰减器组",
      "[RF板][RF] 低频通路固定滤波/抑制网络"
    ],
    "top5": [
      "[RF板][RF] 输入连接/匹配/保护",
      "[RF板][RF] 输入衰减器组",
      "[RF板][RF] 低频通路固定滤波/抑制网络",
      "[RF板][RF] 高频通路固定滤波/抑制网络",
      "[RF板][Mixer1]"
    ],
    "gt_rank": -1,
    "gt_prob": 0.0,
    "top1_hit": false,
    "top3_hit": false,
    "top5_hit": false
  },
  "ground_truth": {
    "type": "normal",
    "system_class_en": "normal",
    "system_class_cn": "正常",
    "module": null,
    "module_v2": null,
    "fault_params": {
      "severity": "mid",
      "tier_target": "in_spec_weak",
      "type": "normal",
      "normal_state": "normal_state_A"
    }
  }
}