{
  "status": "success",
  "meta": {
    "sample_id": "sim_00038",
    "input_file": "/home/runner/work/FMFD-python/FMFD-python/Output/sim_spectrum/raw_curves/sim_00038.csv",
    "operating_condition": {
      "inject_power_dbm": -10.0,
      "freq_start_hz": 10000000.0,
      "freq_end_hz": 8200000000.0,
      "step_hz": 10000000.0,
      "frontend": {
        "low_band_only": true,
        "ac_coupling": true,
        "preamp": false
      }
    }
  },
  "data_points": 820,
  "frequency_range": {
    "min": 10000000.0,
    "max": 8200000000.0
  },
  "features": {
    "X1": -9.981605,
    "X2": 0.008182523746240664,
    "X3": -0.0010960771564213132,
    "X4": 0.0788496450432673,
    "X5": 0.47398545698521116,
    "X6": 0.006538266670121951,
    "X7": 0.1600999999999999,
    "X8": 0.06734207317073172,
    "X9": 0.006217266523449248,
    "X10": 0.06842336762253387,
    "X11": 0.33170731707317075,
    "X12": 0.053563783888609606,
    "X13": 1.594122340884141,
    "X14": 0.11459487179487231,
    "X15": 0.06638895761187481,
    "X16": -0.007700401496170126,
    "X17": 0.0,
    "X18": 0.0,
    "X19": 6.780891755232776e-05,
    "X20": -0.9187198178431042,
    "X21": 0.0,
    "X22": 0.13146388998129468,
    "X23": 0.007740421963414734,
    "X24": 0.12986474390389446,
    "X25": 0.007740421963414734,
    "X26": 8.742267561218759e-05,
    "X27": 0.0013446759215451631,
    "X28": -0.8916322886467093,
    "X29": -1.1012674661030206,
    "X30": 0.06730298866527881,
    "X31": 0.05807564492173597,
    "X32": -4.292553683349254,
    "X33": 0.24968604932888067,
    "X34": 0.04875822237666535,
    "X35": 0.0004076159647325937,
    "X36": 0.9655493853492395,
    "X37": 0.07884964504326729,
    "offset_db": 8.881784197001252e-16,
    "viol_rate_aligned": 0.33170731707317075,
    "viol_energy_aligned": 1.594122340884141,
    "global_offset_db": 0.0,
    "shape_rmse": 0.08797966789784294,
    "ripple_hp": 0.0099501367759416,
    "tail_asym": -0.14764000000000257,
    "compress_ratio": 0.1951219512195122,
    "compress_ratio_high": 0.2,
    "freq_shift_score": 0.5780415690635518,
    "offset_slope": 0.012067286377110869,
    "high_low_energy_ratio": 0.21673983068546276,
    "band_offset_db_1": -0.15505000000000102,
    "band_offset_db_2": -0.1477000000000004,
    "band_offset_db_3": 0.00495000000000001,
    "band_offset_db_4": 0.00029999999999752447
  },
  "system": {
    "probs": {
      "正常": 1.3207602207290734e-05,
      "幅度失准": 0.9192599488675859,
      "频率失准": 0.047675278071917994,
      "参考电平失准": 0.03305156536636285
    },
    "decision": "幅度失准",
    "confidence": 0.9192599488675859,
    "is_normal": false
  },
  "module": {
    "topk": [
      {
        "module_id": "[RF板][RF] 低频通路固定滤波/抑制网络",
        "gamma": 0.19285099242708587
      },
      {
        "module_id": "[数字中频板][ADC] 数字检波与平均",
        "gamma": 0.16790674055593577
      },
      {
        "module_id": "[数字中频板][IF] 中频放大/衰减链",
        "gamma": 0.16360143951604003
      }
    ],
    "gating": {
      "disabled_modules": [
        "高频段YTF滤波器",
        "高频段混频器",
        "前置放大器",
        "衰减器"
      ],
      "topk_k": 3
    }
  },
  "evidence": {
    "global_offset_db": 8.881784197001252e-16,
    "hf_std_db": 0.02137794945222444,
    "p95_abs_dev_db": 0.15764500000000223,
    "inside_env_frac": 0.6682926829268293,
    "peak_freq_mae_hz": 4026.183981769591,
    "peak_freq_outlier_frac": 0.0
  },
  "artifacts": {
    "output_json": "Output/batch_diagnosis/sim_00038_diagnosis.json"
  },
  "system_diagnosis": {
    "probabilities": {
      "正常": 1.3207602207290734e-05,
      "幅度失准": 0.9192599488675859,
      "频率失准": 0.047675278071917994,
      "参考电平失准": 0.03305156536636285
    },
    "predicted_class": "幅度失准",
    "max_prob": 0.9192599488675859,
    "is_normal": false
  },
  "module_diagnosis": {
    "probabilities": {
      "[RF板][RF] 低频通路固定滤波/抑制网络": 0.19285099242708587,
      "[数字中频板][ADC] 数字检波与平均": 0.16790674055593577,
      "[数字中频板][IF] 中频放大/衰减链": 0.16360143951604003,
      "[RF板][Mixer1]": 0.13965071865409667,
      "[数字中频板][DSP] 数字增益/偏置校准": 0.10332722495749895,
      "[RF板][RF] 输入连接/匹配/保护": 0.08866712295498201,
      "[数字中频板][IF] RBW数字滤波器": 0.07749541871812422,
      "[RF板][RF] 输入衰减器组": 0.03325017110811825,
      "[RF板][RF] 高频通路固定滤波/抑制网络": 0.03325017110811825
    },
    "topk": [
      {
        "module": "[RF板][RF] 低频通路固定滤波/抑制网络",
        "probability": 0.19285099242708587
      },
      {
        "module": "[数字中频板][ADC] 数字检波与平均",
        "probability": 0.16790674055593577
      },
      {
        "module": "[数字中频板][IF] 中频放大/衰减链",
        "probability": 0.16360143951604003
      }
    ],
    "disabled_modules": [
      "高频段YTF滤波器",
      "高频段混频器",
      "前置放大器",
      "衰减器"
    ]
  },
  "evidence_detail": {
    "viol_rate": 0.33170731707317075,
    "envelope_violation": true,
    "violation_max_db": 0.053563783888609606,
    "violation_energy": 1.594122340884141,
    "baseline_coverage": 0.6682926829268292
  },
  "config": {
    "mode": "unified_entry",
    "gating_status": "gated_ok",
    "run_name": null,
    "topk": 3
  },
  "uncertainty": {
    "is_uncertain": false,
    "reason": "",
    "top_class": "幅度失准",
    "runner_up": "频率失准",
    "max_prob": 0.9192599488675859,
    "second_prob": 0.047675278071917994,
    "prob_gap": 0.8715846707956679,
    "support_top_features": [],
    "support_runnerup_features": [],
    "conflict_features": [],
    "suggested_actions": []
  },
  "module_validation": {
    "sample_id": "sim_00038",
    "gt_module": "电源模块",
    "gt_module_v2": "[RF板][RF] 输入连接/匹配/保护",
    "top1": "[RF板][RF] 低频通路固定滤波/抑制网络",
    "top3": [
      "[RF板][RF] 低频通路固定滤波/抑制网络",
      "[数字中频板][ADC] 数字检波与平均",
      "[数字中频板][IF] 中频放大/衰减链"
    ],
    "top5": [
      "[RF板][RF] 低频通路固定滤波/抑制网络",
      "[数字中频板][ADC] 数字检波与平均",
      "[数字中频板][IF] 中频放大/衰减链",
      "[RF板][Mixer1]",
      "[数字中频板][DSP] 数字增益/偏置校准"
    ],
    "gt_rank": 6,
    "gt_prob": 0.08866712295498201,
    "top1_hit": false,
    "top3_hit": false,
    "top5_hit": false
  },
  "ground_truth": {
    "type": "fault",
    "system_class_en": "amp_error",
    "system_class_cn": "幅度失准",
    "module": "电源模块",
    "module_v2": "[RF板][RF] 输入连接/匹配/保护",
    "fault_params": {
      "severity": "mid",
      "tier_target": "in_spec_weak",
      "subtype": "amp_error_band",
      "band_offset_db": 0.17787728130509511,
      "band_start_norm": 0.24534741195316317,
      "band_end_norm": 0.913295024966297,
      "template_id": "T9",
      "mean_offset_db": -0.0485315788936557
    }
  }
}