{
  "status": "success",
  "meta": {
    "sample_id": "sim_00148",
    "input_file": "/home/runner/work/FMFD-python/FMFD-python/Output/sim_spectrum/raw_curves/sim_00148.csv",
    "operating_condition": {
      "inject_power_dbm": -10.0,
      "freq_start_hz": 10000000.0,
      "freq_end_hz": 8200000000.0,
      "step_hz": 10000000.0,
      "frontend": {
        "low_band_only": true,
        "ac_coupling": true,
        "preamp": false
      }
    }
  },
  "data_points": 820,
  "frequency_range": {
    "min": 10000000.0,
    "max": 8200000000.0
  },
  "features": {
    "X1": -9.933074024390244,
    "X2": 0.0007157853171062204,
    "X3": 0.00024175003060687502,
    "X4": 0.028502499624933796,
    "X5": 0.27402654751880423,
    "X6": 0.0009057230447798922,
    "X7": 0.08199999999999896,
    "X8": 0.023695731707317088,
    "X9": 0.0008123924848693512,
    "X10": 0.010751631982564368,
    "X11": 0.0012195121951219512,
    "X12": 0.0007433943753323291,
    "X13": 1.2677829858415017,
    "X14": 0.0018280219780221682,
    "X15": 0.0018169657721563198,
    "X16": 0.042836223877767206,
    "X17": 0.0,
    "X18": 0.0,
    "X19": -6.659832012368677e-05,
    "X20": 0.19885393057693967,
    "X21": 5.0,
    "X22": 0.029017765952214874,
    "X23": 0.00018952635365854044,
    "X24": 0.04955387106655529,
    "X25": 0.00018952635365854044,
    "X26": 0.0002509052384300336,
    "X27": 0.00012398392118829373,
    "X28": -0.34643734639479623,
    "X29": 0.29617802573173085,
    "X30": 0.003670274390244084,
    "X31": 0.006201947574595006,
    "X32": -3.005207256614133,
    "X33": 0.6095585322347458,
    "X34": 0.013793826339349774,
    "X35": 0.0003365319075199649,
    "X36": 0.7917933642792268,
    "X37": 0.028502499624933796,
    "offset_db": 0.0035500000000006082,
    "viol_rate_aligned": 0.0012195121951219512,
    "viol_energy_aligned": 1.2677829858415017,
    "global_offset_db": 0.0,
    "shape_rmse": 0.013766857072641542,
    "ripple_hp": 0.005707857142827656,
    "tail_asym": -0.034025000000002414,
    "compress_ratio": 0.2,
    "compress_ratio_high": 0.2,
    "freq_shift_score": 0.09512324057559407,
    "offset_slope": 0.00041722886008563944,
    "high_low_energy_ratio": 0.18767998105802092,
    "band_offset_db_1": 0.0013999999999994017,
    "band_offset_db_2": -0.0002500000000011937,
    "band_offset_db_3": -0.0012999999999996348,
    "band_offset_db_4": 0.0007500000000000284
  },
  "system": {
    "probs": {
      "正常": 0.9181983452357576,
      "幅度失准": 0.03491913115449913,
      "频率失准": 0.02985702393521444,
      "参考电平失准": 0.01702549958270906
    },
    "decision": "正常",
    "confidence": 0.9181983452357576,
    "is_normal": true
  },
  "module": {
    "topk": [
      {
        "module_id": "[LO/时钟板][LO1] 合成链",
        "gamma": 0.16132415335322214
      },
      {
        "module_id": "[时钟板][参考域] 10MHz 基准 OCXO",
        "gamma": 0.16132415335322214
      },
      {
        "module_id": "[时钟板][参考分配]",
        "gamma": 0.13827784573133325
      }
    ],
    "gating": {
      "disabled_modules": [
        "高频段YTF滤波器",
        "高频段混频器",
        "前置放大器",
        "衰减器"
      ],
      "topk_k": 3
    }
  },
  "evidence": {
    "global_offset_db": 0.0035500000000006082,
    "hf_std_db": 0.0079497182587283,
    "p95_abs_dev_db": 0.03758000000000129,
    "inside_env_frac": 0.998780487804878,
    "peak_freq_mae_hz": 3082262.0324848816,
    "peak_freq_outlier_frac": 0.06707317073170732
  },
  "artifacts": {
    "output_json": "Output/batch_diagnosis/sim_00148_diagnosis.json"
  },
  "system_diagnosis": {
    "probabilities": {
      "正常": 0.9181983452357576,
      "幅度失准": 0.03491913115449913,
      "频率失准": 0.02985702393521444,
      "参考电平失准": 0.01702549958270906
    },
    "predicted_class": "正常",
    "max_prob": 0.9181983452357576,
    "is_normal": true
  },
  "module_diagnosis": {
    "probabilities": {
      "[LO/时钟板][LO1] 合成链": 0.16132415335322214,
      "[时钟板][参考域] 10MHz 基准 OCXO": 0.16132415335322214,
      "[时钟板][参考分配]": 0.13827784573133325,
      "[RF板][RF] 低频通路固定滤波/抑制网络": 0.10396092649386217,
      "[数字中频板][ADC] 数字检波与平均": 0.09051413266312017,
      "[数字中频板][IF] 中频放大/衰减链": 0.08819325746662987,
      "[RF板][Mixer1]": 0.07528205021969331,
      "[数字中频板][DSP] 数字增益/偏置校准": 0.055701004715766236,
      "[RF板][RF] 输入连接/匹配/保护": 0.047798127123614795,
      "[数字中频板][IF] RBW数字滤波器": 0.04177575353682468
    },
    "topk": [
      {
        "module": "[LO/时钟板][LO1] 合成链",
        "probability": 0.16132415335322214
      },
      {
        "module": "[时钟板][参考域] 10MHz 基准 OCXO",
        "probability": 0.16132415335322214
      },
      {
        "module": "[时钟板][参考分配]",
        "probability": 0.13827784573133325
      }
    ],
    "disabled_modules": [
      "高频段YTF滤波器",
      "高频段混频器",
      "前置放大器",
      "衰减器"
    ]
  },
  "evidence_detail": {
    "viol_rate": 0.0012195121951219512,
    "envelope_violation": false,
    "violation_max_db": 0.0007433943753323291,
    "violation_energy": 1.2677829858415017,
    "baseline_coverage": 0.998780487804878
  },
  "config": {
    "mode": "unified_entry",
    "gating_status": "gated_ok",
    "run_name": null,
    "topk": 3
  },
  "uncertainty": {
    "is_uncertain": false,
    "reason": "",
    "top_class": "正常",
    "runner_up": "幅度失准",
    "max_prob": 0.9181983452357576,
    "second_prob": 0.03491913115449913,
    "prob_gap": 0.8832792140812584,
    "support_top_features": [],
    "support_runnerup_features": [],
    "conflict_features": [],
    "suggested_actions": []
  },
  "module_validation": {
    "sample_id": "sim_00148",
    "gt_module": "本振混频组件",
    "gt_module_v2": "[RF板][LO1] LO1 注入链",
    "top1": "[LO/时钟板][LO1] 合成链",
    "top3": [
      "[LO/时钟板][LO1] 合成链",
      "[时钟板][参考域] 10MHz 基准 OCXO",
      "[时钟板][参考分配]"
    ],
    "top5": [
      "[LO/时钟板][LO1] 合成链",
      "[时钟板][参考域] 10MHz 基准 OCXO",
      "[时钟板][参考分配]",
      "[RF板][RF] 低频通路固定滤波/抑制网络",
      "[数字中频板][ADC] 数字检波与平均"
    ],
    "gt_rank": -1,
    "gt_prob": 0.0,
    "top1_hit": false,
    "top3_hit": false,
    "top5_hit": false
  },
  "ground_truth": {
    "type": "fault",
    "system_class_en": "freq_error",
    "system_class_cn": "频率失准",
    "module": "本振混频组件",
    "module_v2": "[RF板][LO1] LO1 注入链",
    "fault_params": {
      "severity": "light",
      "tier_target": "edge",
      "type": "lo_path_error",
      "track_type": "dense",
      "template_id": "T8",
      "forced_peak_track_type": true,
      "peak_track_profile": {
        "bands": [
          {
            "start_hz": 3049636292.1213403,
            "end_hz": 3440107602.6933227,
            "center_hz": 3244871947.4073315,
            "width_hz": 390471310.57198244,
            "amplitude_hz": 20003004.02977079,
            "ramp_hz": 102278223.33926989
          },
          {
            "start_hz": 3736865922.454785,
            "end_hz": 4240673635.4794774,
            "center_hz": 3988769778.967131,
            "width_hz": 503807713.02469265,
            "amplitude_hz": 46936264.70394478,
            "ramp_hz": 102278223.33926989
          }
        ],
        "track_type": "dense"
      },
      "freq_amp_coupling": {
        "bias_db_min": -0.1,
        "bias_db_max": -0.02
      }
    }
  }
}