{
  "status": "success",
  "meta": {
    "sample_id": "sim_00286",
    "input_file": "/home/runner/work/FMFD-python/FMFD-python/Output/sim_spectrum/raw_curves/sim_00286.csv",
    "operating_condition": {
      "inject_power_dbm": -10.0,
      "freq_start_hz": 10000000.0,
      "freq_end_hz": 8200000000.0,
      "step_hz": 10000000.0,
      "frontend": {
        "low_band_only": true,
        "ac_coupling": true,
        "preamp": false
      }
    }
  },
  "data_points": 820,
  "frequency_range": {
    "min": 10000000.0,
    "max": 8200000000.0
  },
  "features": {
    "X1": -9.883251829268293,
    "X2": 0.0006686279658272172,
    "X3": 0.000226643994939675,
    "X4": 0.02896139321122137,
    "X5": 0.2716425970146961,
    "X6": 0.0009247615210440216,
    "X7": 0.07840000000000025,
    "X8": 0.024001585365853662,
    "X9": 0.0008387622967349791,
    "X10": 0.013469667920242574,
    "X11": 0.0,
    "X12": 0.0,
    "X13": 0.110919881804669,
    "X14": 0.003574908424908292,
    "X15": 0.003206294424785193,
    "X16": -0.004468985838798649,
    "X17": 0.0,
    "X18": 0.0,
    "X19": -6.743352230777422e-05,
    "X20": 0.08324288365650645,
    "X21": 6.0,
    "X22": 0.03846759065414179,
    "X23": 1.737335365853635e-05,
    "X24": 0.03368477858773122,
    "X25": 1.737335365853635e-05,
    "X26": 0.0006574533932259795,
    "X27": 1.106726806900164e-05,
    "X28": -0.07142857142113157,
    "X29": 0.15214315388086888,
    "X30": 0.0009725609756098888,
    "X31": 0.0016573981476608272,
    "X32": -0.9985925223797719,
    "X33": 0.5973143140712214,
    "X34": 0.015421284908534444,
    "X35": 0.0003299404750127077,
    "X36": 0.8021536595207652,
    "X37": 0.02896139321122137,
    "offset_db": 0.050049999999999706,
    "viol_rate_aligned": 0.0,
    "viol_energy_aligned": 0.110919881804669,
    "global_offset_db": 0.0,
    "shape_rmse": 0.004168135513456388,
    "ripple_hp": 0.004676164798685369,
    "tail_asym": -0.0005049999999988224,
    "compress_ratio": 0.19878048780487806,
    "compress_ratio_high": 0.2,
    "freq_shift_score": 0.009157765792948469,
    "offset_slope": 0.0005808011641171996,
    "high_low_energy_ratio": 0.18283937721586493,
    "band_offset_db_1": -0.0019999999999997797,
    "band_offset_db_2": -0.0022500000000000853,
    "band_offset_db_3": 0.0005499999999996064,
    "band_offset_db_4": 0.0017500000000012506
  },
  "system": {
    "probs": {
      "正常": 0.6974754720997717,
      "幅度失准": 0.043102007801512375,
      "频率失准": 0.01336579503355692,
      "参考电平失准": 0.24605672499541145
    },
    "decision": "正常",
    "confidence": 0.6974754720997717,
    "is_normal": true
  },
  "module": {
    "topk": [
      {
        "module_id": "[校准链路][校准源]",
        "gamma": 0.43749999999999994
      },
      {
        "module_id": "[校准链路][校准路径开关/耦合]",
        "gamma": 0.3125
      },
      {
        "module_id": "[校准链路][校准表/存储]",
        "gamma": 0.25000000000000006
      }
    ],
    "gating": {
      "disabled_modules": [
        "高频段YTF滤波器",
        "高频段混频器",
        "前置放大器",
        "衰减器"
      ],
      "topk_k": 3
    }
  },
  "evidence": {
    "global_offset_db": 0.050049999999999706,
    "hf_std_db": 0.003492780350728966,
    "p95_abs_dev_db": 0.007950000000001012,
    "inside_env_frac": 1.0,
    "peak_freq_mae_hz": 4087.8376932164088,
    "peak_freq_outlier_frac": 0.0
  },
  "artifacts": {
    "output_json": "Output/batch_diagnosis/sim_00286_diagnosis.json"
  },
  "system_diagnosis": {
    "probabilities": {
      "正常": 0.6974754720997717,
      "幅度失准": 0.043102007801512375,
      "频率失准": 0.01336579503355692,
      "参考电平失准": 0.24605672499541145
    },
    "predicted_class": "正常",
    "max_prob": 0.6974754720997717,
    "is_normal": true
  },
  "module_diagnosis": {
    "probabilities": {
      "[校准链路][校准源]": 0.43749999999999994,
      "[校准链路][校准路径开关/耦合]": 0.3125,
      "[校准链路][校准表/存储]": 0.25000000000000006,
      "[RF板][RF] 输入衰减器组": 0.0,
      "[RF板][RF] 低频通路固定滤波/抑制网络": 0.0,
      "[RF板][Mixer1]": 0.0
    },
    "topk": [
      {
        "module": "[校准链路][校准源]",
        "probability": 0.43749999999999994
      },
      {
        "module": "[校准链路][校准路径开关/耦合]",
        "probability": 0.3125
      },
      {
        "module": "[校准链路][校准表/存储]",
        "probability": 0.25000000000000006
      }
    ],
    "disabled_modules": [
      "高频段YTF滤波器",
      "高频段混频器",
      "前置放大器",
      "衰减器"
    ]
  },
  "evidence_detail": {
    "viol_rate": 0.0,
    "envelope_violation": false,
    "violation_max_db": 0.0,
    "violation_energy": 0.110919881804669,
    "baseline_coverage": 1.0
  },
  "config": {
    "mode": "unified_entry",
    "gating_status": "gated_ok",
    "run_name": null,
    "topk": 3
  },
  "uncertainty": {
    "is_uncertain": false,
    "reason": "",
    "top_class": "正常",
    "runner_up": "参考电平失准",
    "max_prob": 0.6974754720997717,
    "second_prob": 0.24605672499541145,
    "prob_gap": 0.45141874710436025,
    "support_top_features": [],
    "support_runnerup_features": [],
    "conflict_features": [],
    "suggested_actions": []
  },
  "module_validation": {
    "sample_id": "sim_00286",
    "gt_module": "校准信号开关",
    "gt_module_v2": "[校准链路][校准路径开关/耦合]",
    "top1": "[校准链路][校准源]",
    "top3": [
      "[校准链路][校准源]",
      "[校准链路][校准路径开关/耦合]",
      "[校准链路][校准表/存储]"
    ],
    "top5": [
      "[校准链路][校准源]",
      "[校准链路][校准路径开关/耦合]",
      "[校准链路][校准表/存储]",
      "[RF板][RF] 输入衰减器组",
      "[RF板][RF] 低频通路固定滤波/抑制网络"
    ],
    "gt_rank": 2,
    "gt_prob": 0.3125,
    "top1_hit": false,
    "top3_hit": true,
    "top5_hit": true
  },
  "ground_truth": {
    "type": "fault",
    "system_class_en": "ref_error",
    "system_class_cn": "参考电平失准",
    "module": "校准信号开关",
    "module_v2": "[校准链路][校准路径开关/耦合]",
    "fault_params": {
      "severity": "mid",
      "tier_target": "edge",
      "type": "ref_miscal",
      "subtype": "ref_error_offset",
      "offset_db": 0.12159853683380702,
      "template_id": "T1",
      "mean_offset_db": 0.04982340343327815
    }
  }
}