{
  "status": "success",
  "meta": {
    "sample_id": "sim_00224",
    "input_file": "/home/runner/work/FMFD-python/FMFD-python/Output/sim_spectrum/raw_curves/sim_00224.csv",
    "operating_condition": {
      "inject_power_dbm": -10.0,
      "freq_start_hz": 10000000.0,
      "freq_end_hz": 8200000000.0,
      "step_hz": 10000000.0,
      "frontend": {
        "low_band_only": true,
        "ac_coupling": true,
        "preamp": false
      }
    }
  },
  "data_points": 820,
  "frequency_range": {
    "min": 10000000.0,
    "max": 8200000000.0
  },
  "features": {
    "X1": -9.876160243902438,
    "X2": 0.0006179709459894902,
    "X3": 0.00023122685783463808,
    "X4": 0.02912410522094053,
    "X5": 0.25995261401339476,
    "X6": 0.0009527537853063653,
    "X7": 0.0782999999999987,
    "X8": 0.02455439024390244,
    "X9": 0.0008482135049204155,
    "X10": 0.013823507039708097,
    "X11": 0.0,
    "X12": 0.0,
    "X13": 0.1183647882804045,
    "X14": 0.0029776556776555507,
    "X15": 0.002950701014172597,
    "X16": 0.002002937914342406,
    "X17": 0.0,
    "X18": 0.0,
    "X19": -4.1818612360853314e-05,
    "X20": -0.03898478376708203,
    "X21": 4.0,
    "X22": 0.03838976805590644,
    "X23": 1.2915292682926797e-05,
    "X24": 0.03067542147657798,
    "X25": 1.2915292682926797e-05,
    "X26": 6.783658313132116e-05,
    "X27": 3.3781750666829356e-06,
    "X28": -0.07429963458311516,
    "X29": 0.022944327781470986,
    "X30": 0.00037103658536596223,
    "X31": 0.0007780345782020927,
    "X32": -0.6089144541323538,
    "X33": 0.5897404711457943,
    "X34": 0.014011333925866362,
    "X35": 0.0003313618816836388,
    "X36": 0.803656545397362,
    "X37": 0.02912410522094053,
    "offset_db": 0.05710000000000104,
    "viol_rate_aligned": 0.0,
    "viol_energy_aligned": 0.1183647882804045,
    "global_offset_db": 0.0,
    "shape_rmse": 0.003593785286147017,
    "ripple_hp": 0.004474145284879542,
    "tail_asym": -0.0012000000000026208,
    "compress_ratio": 0.1975609756097561,
    "compress_ratio_high": 0.2,
    "freq_shift_score": 0.006770235514048983,
    "offset_slope": 0.00017908443516721136,
    "high_low_energy_ratio": 0.11891961269338702,
    "band_offset_db_1": -0.000700000000000145,
    "band_offset_db_2": -0.0001000000000015433,
    "band_offset_db_3": -0.0004999999999997229,
    "band_offset_db_4": 0.0004000000000008441
  },
  "system": {
    "probs": {
      "正常": 0.37854245983137663,
      "幅度失准": 0.05546855131218978,
      "频率失准": 0.022684987294207766,
      "参考电平失准": 0.5433040015078955
    },
    "decision": "参考电平失准",
    "confidence": 0.5433040015078955,
    "is_normal": false
  },
  "module": {
    "topk": [
      {
        "module_id": "[校准链路][校准源]",
        "gamma": 0.43749999999999994
      },
      {
        "module_id": "[校准链路][校准路径开关/耦合]",
        "gamma": 0.3125
      },
      {
        "module_id": "[校准链路][校准表/存储]",
        "gamma": 0.25000000000000006
      }
    ],
    "gating": {
      "disabled_modules": [
        "高频段YTF滤波器",
        "高频段混频器",
        "前置放大器",
        "衰减器"
      ],
      "topk_k": 3
    }
  },
  "evidence": {
    "global_offset_db": 0.05710000000000104,
    "hf_std_db": 0.0032554739713773514,
    "p95_abs_dev_db": 0.006905000000001577,
    "inside_env_frac": 1.0,
    "peak_freq_mae_hz": 4119.466538407761,
    "peak_freq_outlier_frac": 0.0
  },
  "artifacts": {
    "output_json": "Output/batch_diagnosis/sim_00224_diagnosis.json"
  },
  "system_diagnosis": {
    "probabilities": {
      "正常": 0.37854245983137663,
      "幅度失准": 0.05546855131218978,
      "频率失准": 0.022684987294207766,
      "参考电平失准": 0.5433040015078955
    },
    "predicted_class": "参考电平失准",
    "max_prob": 0.5433040015078955,
    "is_normal": false
  },
  "module_diagnosis": {
    "probabilities": {
      "[校准链路][校准源]": 0.43749999999999994,
      "[校准链路][校准路径开关/耦合]": 0.3125,
      "[校准链路][校准表/存储]": 0.25000000000000006,
      "[RF板][RF] 输入衰减器组": 0.0,
      "[RF板][RF] 低频通路固定滤波/抑制网络": 0.0,
      "[RF板][Mixer1]": 0.0
    },
    "topk": [
      {
        "module": "[校准链路][校准源]",
        "probability": 0.43749999999999994
      },
      {
        "module": "[校准链路][校准路径开关/耦合]",
        "probability": 0.3125
      },
      {
        "module": "[校准链路][校准表/存储]",
        "probability": 0.25000000000000006
      }
    ],
    "disabled_modules": [
      "高频段YTF滤波器",
      "高频段混频器",
      "前置放大器",
      "衰减器"
    ]
  },
  "evidence_detail": {
    "viol_rate": 0.0,
    "envelope_violation": false,
    "violation_max_db": 0.0,
    "violation_energy": 0.1183647882804045,
    "baseline_coverage": 1.0
  },
  "config": {
    "mode": "unified_entry",
    "gating_status": "gated_ok",
    "run_name": null,
    "topk": 3
  },
  "uncertainty": {
    "is_uncertain": true,
    "reason": "max_prob(54.33%) < 55%",
    "top_class": "参考电平失准",
    "runner_up": "正常",
    "max_prob": 0.5433040015078955,
    "second_prob": 0.37854245983137663,
    "prob_gap": 0.16476154167651885,
    "support_top_features": [
      {
        "feature": "X1",
        "contribution": 4.938080121951219
      },
      {
        "feature": "X21",
        "contribution": 1.2
      },
      {
        "feature": "X5",
        "contribution": 0.12997630700669738
      },
      {
        "feature": "X13",
        "contribution": 0.08285535179628314
      },
      {
        "feature": "X7",
        "contribution": 0.046979999999999224
      }
    ],
    "support_runnerup_features": [],
    "conflict_features": [
      {
        "feature": "X4",
        "top_contrib": 0.002912410522094053,
        "runnerup_contrib": 0.002912410522094053
      },
      {
        "feature": "X16",
        "top_contrib": 0.0002002937914342406,
        "runnerup_contrib": 0.0002002937914342406
      }
    ],
    "suggested_actions": [
      "复测参考电平校准点",
      "检查 ADC 量化状态",
      "当前诊断为正常，但置信度较低",
      "建议重复测试或更换测试点以提高置信度"
    ]
  },
  "module_validation": {
    "sample_id": "sim_00224",
    "gt_module": "校准信号开关",
    "gt_module_v2": "[校准链路][校准路径开关/耦合]",
    "top1": "[校准链路][校准源]",
    "top3": [
      "[校准链路][校准源]",
      "[校准链路][校准路径开关/耦合]",
      "[校准链路][校准表/存储]"
    ],
    "top5": [
      "[校准链路][校准源]",
      "[校准链路][校准路径开关/耦合]",
      "[校准链路][校准表/存储]",
      "[RF板][RF] 输入衰减器组",
      "[RF板][RF] 低频通路固定滤波/抑制网络"
    ],
    "gt_rank": 2,
    "gt_prob": 0.3125,
    "top1_hit": false,
    "top3_hit": true,
    "top5_hit": true
  },
  "ground_truth": {
    "type": "fault",
    "system_class_en": "ref_error",
    "system_class_cn": "参考电平失准",
    "module": "校准信号开关",
    "module_v2": "[校准链路][校准路径开关/耦合]",
    "fault_params": {
      "severity": "light",
      "tier_target": "mild_oos",
      "type": "ref_miscal",
      "subtype": "ref_error_offset",
      "offset_db": -0.05394767014141993,
      "template_id": "T1",
      "mean_offset_db": 0.05691386591651553
    }
  }
}