{
  "status": "success",
  "meta": {
    "sample_id": "sim_00096",
    "input_file": "/home/runner/work/FMFD-python/FMFD-python/Output/sim_spectrum/raw_curves/sim_00096.csv",
    "operating_condition": {
      "inject_power_dbm": -10.0,
      "freq_start_hz": 10000000.0,
      "freq_end_hz": 8200000000.0,
      "step_hz": 10000000.0,
      "frontend": {
        "low_band_only": true,
        "ac_coupling": true,
        "preamp": false
      }
    }
  },
  "data_points": 820,
  "frequency_range": {
    "min": 10000000.0,
    "max": 8200000000.0
  },
  "features": {
    "X1": -9.933075609756099,
    "X2": 0.0018794343697534537,
    "X3": -7.64615782242807e-05,
    "X4": 0.037023305361545564,
    "X5": 0.44361536172298166,
    "X6": 0.007500346088042828,
    "X7": 0.09899999999999842,
    "X8": 0.07401999999999997,
    "X9": 0.0013707251398942485,
    "X10": 0.07524427684217375,
    "X11": 0.07317073170731707,
    "X12": 0.021409406697848965,
    "X13": 0.0,
    "X14": 0.07679963369963293,
    "X15": 0.03193107745300691,
    "X16": 0.026461582568419715,
    "X17": 0.0,
    "X18": 0.0,
    "X19": -0.0003384876934434481,
    "X20": 0.1429128151731076,
    "X21": 5.0,
    "X22": 0.0418535867009927,
    "X23": 0.0049904018048780325,
    "X24": 0.14917457114271382,
    "X25": 0.0049904018048780325,
    "X26": 0.0032300639414507056,
    "X27": 8.026673047861146e-05,
    "X28": -0.04469708768082919,
    "X29": 0.060037559319430556,
    "X30": 0.11111204268292672,
    "X31": 0.06658416417659499,
    "X32": -2.818612104955734,
    "X33": 0.23517005393869592,
    "X34": 0.05162392245833602,
    "X35": 0.00041480629741442977,
    "X36": 0.8483009222698099,
    "X37": 0.037023305361545564,
    "offset_db": 0.00280000000000058,
    "viol_rate_aligned": 0.07317073170731707,
    "viol_energy_aligned": 0.0,
    "global_offset_db": 0.0,
    "shape_rmse": 0.07064277602754604,
    "ripple_hp": 0.010707024200247661,
    "tail_asym": -0.01222000000000173,
    "compress_ratio": 0.2,
    "compress_ratio_high": 0.2,
    "freq_shift_score": 0.35032717715248074,
    "offset_slope": -0.02857610719593423,
    "high_low_energy_ratio": 0.9195138217357847,
    "band_offset_db_1": 0.0871499999999994,
    "band_offset_db_2": 0.06639999999999979,
    "band_offset_db_3": -0.007500000000000284,
    "band_offset_db_4": -0.07650000000000112
  },
  "system": {
    "probs": {
      "正常": 0.004254091320621356,
      "幅度失准": 0.9784107701171207,
      "频率失准": 0.015892647289725448,
      "参考电平失准": 0.0014424911746913872
    },
    "decision": "幅度失准",
    "confidence": 0.9784107701171207,
    "is_normal": false
  },
  "module": {
    "topk": [
      {
        "module_id": "[RF板][RF] 低频通路固定滤波/抑制网络",
        "gamma": 0.19285099242708584
      },
      {
        "module_id": "[数字中频板][ADC] 数字检波与平均",
        "gamma": 0.16790674055593582
      },
      {
        "module_id": "[数字中频板][IF] 中频放大/衰减链",
        "gamma": 0.16360143951604
      }
    ],
    "gating": {
      "disabled_modules": [
        "高频段YTF滤波器",
        "高频段混频器",
        "前置放大器",
        "衰减器"
      ],
      "topk_k": 3
    }
  },
  "evidence": {
    "global_offset_db": 0.00280000000000058,
    "hf_std_db": 0.014357469552696319,
    "p95_abs_dev_db": 0.12530499999999936,
    "inside_env_frac": 0.926829268292683,
    "peak_freq_mae_hz": 3913.0145785332907,
    "peak_freq_outlier_frac": 0.0
  },
  "artifacts": {
    "output_json": "Output/batch_diagnosis/sim_00096_diagnosis.json"
  },
  "system_diagnosis": {
    "probabilities": {
      "正常": 0.004254091320621356,
      "幅度失准": 0.9784107701171207,
      "频率失准": 0.015892647289725448,
      "参考电平失准": 0.0014424911746913872
    },
    "predicted_class": "幅度失准",
    "max_prob": 0.9784107701171207,
    "is_normal": false
  },
  "module_diagnosis": {
    "probabilities": {
      "[RF板][RF] 低频通路固定滤波/抑制网络": 0.19285099242708584,
      "[数字中频板][ADC] 数字检波与平均": 0.16790674055593582,
      "[数字中频板][IF] 中频放大/衰减链": 0.16360143951604,
      "[RF板][Mixer1]": 0.13965071865409664,
      "[数字中频板][DSP] 数字增益/偏置校准": 0.10332722495749896,
      "[RF板][RF] 输入连接/匹配/保护": 0.08866712295498201,
      "[数字中频板][IF] RBW数字滤波器": 0.07749541871812421,
      "[RF板][RF] 输入衰减器组": 0.03325017110811825,
      "[RF板][RF] 高频通路固定滤波/抑制网络": 0.03325017110811825
    },
    "topk": [
      {
        "module": "[RF板][RF] 低频通路固定滤波/抑制网络",
        "probability": 0.19285099242708584
      },
      {
        "module": "[数字中频板][ADC] 数字检波与平均",
        "probability": 0.16790674055593582
      },
      {
        "module": "[数字中频板][IF] 中频放大/衰减链",
        "probability": 0.16360143951604
      }
    ],
    "disabled_modules": [
      "高频段YTF滤波器",
      "高频段混频器",
      "前置放大器",
      "衰减器"
    ]
  },
  "evidence_detail": {
    "viol_rate": 0.07317073170731707,
    "envelope_violation": false,
    "violation_max_db": 0.021409406697848965,
    "violation_energy": 0.0,
    "baseline_coverage": 0.926829268292683
  },
  "config": {
    "mode": "unified_entry",
    "gating_status": "gated_ok",
    "run_name": null,
    "topk": 3
  },
  "uncertainty": {
    "is_uncertain": false,
    "reason": "",
    "top_class": "幅度失准",
    "runner_up": "频率失准",
    "max_prob": 0.9784107701171207,
    "second_prob": 0.015892647289725448,
    "prob_gap": 0.9625181228273954,
    "support_top_features": [],
    "support_runnerup_features": [],
    "conflict_features": [],
    "suggested_actions": []
  },
  "module_validation": {
    "sample_id": "sim_00096",
    "gt_module": "低频段第一混频器",
    "gt_module_v2": "[RF板][Mixer1]",
    "top1": "[RF板][RF] 低频通路固定滤波/抑制网络",
    "top3": [
      "[RF板][RF] 低频通路固定滤波/抑制网络",
      "[数字中频板][ADC] 数字检波与平均",
      "[数字中频板][IF] 中频放大/衰减链"
    ],
    "top5": [
      "[RF板][RF] 低频通路固定滤波/抑制网络",
      "[数字中频板][ADC] 数字检波与平均",
      "[数字中频板][IF] 中频放大/衰减链",
      "[RF板][Mixer1]",
      "[数字中频板][DSP] 数字增益/偏置校准"
    ],
    "gt_rank": 4,
    "gt_prob": 0.13965071865409664,
    "top1_hit": false,
    "top3_hit": false,
    "top5_hit": true
  },
  "ground_truth": {
    "type": "fault",
    "system_class_en": "amp_error",
    "system_class_cn": "幅度失准",
    "module": "低频段第一混频器",
    "module_v2": "[RF板][Mixer1]",
    "fault_params": {
      "severity": "mid",
      "tier_target": "in_spec_weak",
      "type": "mixer_ripple",
      "subtype": "amp_error_ripple",
      "spike_count": 14.0,
      "spike_amp_db": 0.19607127390903548,
      "template_id": "T5"
    }
  }
}