{
  "status": "success",
  "meta": {
    "sample_id": "sim_00160",
    "input_file": "/home/runner/work/FMFD-python/FMFD-python/Output/sim_spectrum/raw_curves/sim_00160.csv",
    "operating_condition": {
      "inject_power_dbm": -10.0,
      "freq_start_hz": 10000000.0,
      "freq_end_hz": 8200000000.0,
      "step_hz": 10000000.0,
      "frontend": {
        "low_band_only": true,
        "ac_coupling": true,
        "preamp": false
      }
    }
  },
  "data_points": 820,
  "frequency_range": {
    "min": 10000000.0,
    "max": 8200000000.0
  },
  "features": {
    "X1": -9.93307280487805,
    "X2": 0.0005926572777447281,
    "X3": 0.0004453708867819307,
    "X4": 0.03911522164729328,
    "X5": 0.27873667748250774,
    "X6": 0.002087806540913146,
    "X7": 0.10309999999999953,
    "X8": 0.03495426829268292,
    "X9": 0.0015300005645168808,
    "X10": 0.030201360335856006,
    "X11": 0.0,
    "X12": 0.0,
    "X13": 1.8225233543193147,
    "X14": 0.002105860805860661,
    "X15": 0.0296159813518065,
    "X16": -0.021596406265973842,
    "X17": 0.0,
    "X18": 0.0,
    "X19": -5.7139892187030055e-05,
    "X20": -0.3306024775658316,
    "X21": 2.0,
    "X22": 0.05305668013827009,
    "X23": 0.0006501124999999979,
    "X24": 0.08926037302289236,
    "X25": 0.0006501124999999979,
    "X26": 0.00039458526171981187,
    "X27": 1.959873038079866e-05,
    "X28": -0.9047780989473565,
    "X29": 2.4075979714447038,
    "X30": 0.013576298866527985,
    "X31": 0.014152130110855936,
    "X32": -2.70198858045665,
    "X33": 0.4341049845431765,
    "X34": 0.02425291687552845,
    "X35": 0.0003934411665257832,
    "X36": 0.869972964611973,
    "X37": 0.03911522164729328,
    "offset_db": 0.010600000000000165,
    "viol_rate_aligned": 0.0,
    "viol_energy_aligned": 1.8225233543193147,
    "global_offset_db": 0.0,
    "shape_rmse": 0.025497303779027262,
    "ripple_hp": 0.00820131885088405,
    "tail_asym": -0.059714999999997784,
    "compress_ratio": 0.2,
    "compress_ratio_high": 0.2,
    "freq_shift_score": 0.11233300101336374,
    "offset_slope": -0.005478989989937317,
    "high_low_energy_ratio": 87.64381830138008,
    "band_offset_db_1": 0.004550000000000054,
    "band_offset_db_2": 0.0009999999999994458,
    "band_offset_db_3": -0.0002999999999993008,
    "band_offset_db_4": -0.037799999999998946
  },
  "system": {
    "probs": {
      "正常": 0.729431191083348,
      "幅度失准": 0.17199516579654,
      "频率失准": 0.08579489412677853,
      "参考电平失准": 0.012778748920390435
    },
    "decision": "正常",
    "confidence": 0.729431191083348,
    "is_normal": true
  },
  "module": {
    "topk": [
      {
        "module_id": "[RF板][RF] 低频通路固定滤波/抑制网络",
        "gamma": 0.12866841501332668
      },
      {
        "module_id": "[LO/时钟板][LO1] 合成链",
        "gamma": 0.116483207123287
      },
      {
        "module_id": "[时钟板][参考域] 10MHz 基准 OCXO",
        "gamma": 0.116483207123287
      }
    ],
    "gating": {
      "disabled_modules": [
        "高频段YTF滤波器",
        "高频段混频器",
        "前置放大器",
        "衰减器"
      ],
      "topk_k": 3
    }
  },
  "evidence": {
    "global_offset_db": 0.010600000000000165,
    "hf_std_db": 0.01070311523593503,
    "p95_abs_dev_db": 0.0635149999999978,
    "inside_env_frac": 1.0,
    "peak_freq_mae_hz": 11242741.388066553,
    "peak_freq_outlier_frac": 0.20121951219512196
  },
  "artifacts": {
    "output_json": "Output/batch_diagnosis/sim_00160_diagnosis.json"
  },
  "system_diagnosis": {
    "probabilities": {
      "正常": 0.729431191083348,
      "幅度失准": 0.17199516579654,
      "频率失准": 0.08579489412677853,
      "参考电平失准": 0.012778748920390435
    },
    "predicted_class": "正常",
    "max_prob": 0.729431191083348,
    "is_normal": true
  },
  "module_diagnosis": {
    "probabilities": {
      "[RF板][RF] 低频通路固定滤波/抑制网络": 0.12866841501332668,
      "[LO/时钟板][LO1] 合成链": 0.116483207123287,
      "[时钟板][参考域] 10MHz 基准 OCXO": 0.116483207123287,
      "[数字中频板][ADC] 数字检波与平均": 0.11202583873429842,
      "[数字中频板][IF] 中频放大/衰减链": 0.10915338133085484,
      "[时钟板][参考分配]": 0.09984274896281745,
      "[RF板][Mixer1]": 0.09317367983723658,
      "[数字中频板][DSP] 数字增益/偏置校准": 0.06893897768264516,
      "[RF板][RF] 输入连接/匹配/保护": 0.05915789196015021,
      "[数字中频板][IF] RBW数字滤波器": 0.05170423326198388
    },
    "topk": [
      {
        "module": "[RF板][RF] 低频通路固定滤波/抑制网络",
        "probability": 0.12866841501332668
      },
      {
        "module": "[LO/时钟板][LO1] 合成链",
        "probability": 0.116483207123287
      },
      {
        "module": "[时钟板][参考域] 10MHz 基准 OCXO",
        "probability": 0.116483207123287
      }
    ],
    "disabled_modules": [
      "高频段YTF滤波器",
      "高频段混频器",
      "前置放大器",
      "衰减器"
    ]
  },
  "evidence_detail": {
    "viol_rate": 0.0,
    "envelope_violation": false,
    "violation_max_db": 0.0,
    "violation_energy": 1.8225233543193147,
    "baseline_coverage": 1.0
  },
  "config": {
    "mode": "unified_entry",
    "gating_status": "gated_ok",
    "run_name": null,
    "topk": 3
  },
  "uncertainty": {
    "is_uncertain": false,
    "reason": "",
    "top_class": "正常",
    "runner_up": "幅度失准",
    "max_prob": 0.729431191083348,
    "second_prob": 0.17199516579654,
    "prob_gap": 0.557436025286808,
    "support_top_features": [],
    "support_runnerup_features": [],
    "conflict_features": [],
    "suggested_actions": []
  },
  "module_validation": {
    "sample_id": "sim_00160",
    "gt_module": "时钟合成与同步网络",
    "gt_module_v2": "[LO/时钟板][LO1] 合成链",
    "top1": "[RF板][RF] 低频通路固定滤波/抑制网络",
    "top3": [
      "[RF板][RF] 低频通路固定滤波/抑制网络",
      "[LO/时钟板][LO1] 合成链",
      "[时钟板][参考域] 10MHz 基准 OCXO"
    ],
    "top5": [
      "[RF板][RF] 低频通路固定滤波/抑制网络",
      "[LO/时钟板][LO1] 合成链",
      "[时钟板][参考域] 10MHz 基准 OCXO",
      "[数字中频板][ADC] 数字检波与平均",
      "[数字中频板][IF] 中频放大/衰减链"
    ],
    "gt_rank": 2,
    "gt_prob": 0.116483207123287,
    "top1_hit": false,
    "top3_hit": true,
    "top5_hit": true
  },
  "ground_truth": {
    "type": "fault",
    "system_class_en": "freq_error",
    "system_class_cn": "频率失准",
    "module": "时钟合成与同步网络",
    "module_v2": "[LO/时钟板][LO1] 合成链",
    "fault_params": {
      "severity": "mid",
      "tier_target": "in_spec_weak",
      "delta_f_hz": -235445.16342446598,
      "ppm": -28.747883202010495,
      "shift_bins": -0.023544516342446597,
      "bandwidth_hz": 8190000000.0,
      "type": "clock_drift",
      "track_type": "hole",
      "template_id": "T8",
      "forced_peak_track_type": true,
      "peak_track_profile": {
        "bands": [
          {
            "start_hz": 5876186887.080248,
            "end_hz": 6748777970.600092,
            "center_hz": 6312482428.84017,
            "width_hz": 872591083.5198445,
            "amplitude_hz": -49724942.882123254,
            "ramp_hz": 99735105.4226781
          },
          {
            "start_hz": 6893730049.36771,
            "end_hz": 7810488258.260061,
            "center_hz": 7352109153.813886,
            "width_hz": 916758208.8923517,
            "amplitude_hz": -64208540.32106427,
            "ramp_hz": 99735105.4226781
          }
        ],
        "track_type": "hole"
      },
      "freq_amp_coupling": {
        "bias_db_min": -0.1,
        "bias_db_max": -0.02
      }
    }
  }
}