{
  "status": "success",
  "meta": {
    "sample_id": "sim_00101",
    "input_file": "/home/runner/work/FMFD-python/FMFD-python/Output/sim_spectrum/raw_curves/sim_00101.csv",
    "operating_condition": {
      "inject_power_dbm": -10.0,
      "freq_start_hz": 10000000.0,
      "freq_end_hz": 8200000000.0,
      "step_hz": 10000000.0,
      "frontend": {
        "low_band_only": true,
        "ac_coupling": true,
        "preamp": false
      }
    }
  },
  "data_points": 820,
  "frequency_range": {
    "min": 10000000.0,
    "max": 8200000000.0
  },
  "features": {
    "X1": -9.933073170731706,
    "X2": 0.0005620602848833376,
    "X3": 0.00044996816889532,
    "X4": 0.03100021365753776,
    "X5": 0.30256851495031617,
    "X6": 0.001136650670434266,
    "X7": 0.06530000000000058,
    "X8": 0.02599634146341463,
    "X9": 0.0009610132468129907,
    "X10": 0.017576580979507313,
    "X11": 0.0,
    "X12": 0.0,
    "X13": 0.8364467911117638,
    "X14": 0.0020575091575089953,
    "X15": 0.01612437007613548,
    "X16": -0.11550170516190804,
    "X17": 0.0004999999999999449,
    "X18": 0.0,
    "X19": -5.215277681046617e-05,
    "X20": -0.17323272747522855,
    "X21": 4.0,
    "X22": 0.04579103788084533,
    "X23": 9.486826995236007e-05,
    "X24": 0.06023986485825372,
    "X25": 0.00010855090243902288,
    "X26": 0.0007031570510006583,
    "X27": 4.906957812479797e-05,
    "X28": -0.28109273901657633,
    "X29": 2.920052566317127,
    "X30": 0.0014772519083971394,
    "X31": 0.004319225090649884,
    "X32": -2.0315011524497524,
    "X33": 0.4570562265835996,
    "X34": 0.01629901526101136,
    "X35": 0.00023744677320237739,
    "X36": 0.875261364585852,
    "X37": 0.03100021365753776,
    "offset_db": 0.002200000000000202,
    "viol_rate_aligned": 0.0,
    "viol_energy_aligned": 0.8364467911117638,
    "global_offset_db": 0.0,
    "shape_rmse": 0.0104187764367522,
    "ripple_hp": 0.006155559077067846,
    "tail_asym": -0.020734999999999722,
    "compress_ratio": 0.1975609756097561,
    "compress_ratio_high": 0.2,
    "freq_shift_score": 0.04586240485948534,
    "offset_slope": -0.0011002400251679278,
    "high_low_energy_ratio": 12.059360635681337,
    "band_offset_db_1": -0.0005000000000006111,
    "band_offset_db_2": 0.000700000000000145,
    "band_offset_db_3": -0.0008000000000008001,
    "band_offset_db_4": -9.999999999976694e-05
  },
  "system": {
    "probs": {
      "正常": 0.806502970474343,
      "幅度失准": 0.010497770036237369,
      "频率失准": 0.17726759657745256,
      "参考电平失准": 0.005731662831316857
    },
    "decision": "正常",
    "confidence": 0.806502970474343,
    "is_normal": true
  },
  "module": {
    "topk": [
      {
        "module_id": "[LO/时钟板][LO1] 合成链",
        "gamma": 0.35
      },
      {
        "module_id": "[时钟板][参考域] 10MHz 基准 OCXO",
        "gamma": 0.35
      },
      {
        "module_id": "[时钟板][参考分配]",
        "gamma": 0.3
      }
    ],
    "gating": {
      "disabled_modules": [
        "高频段YTF滤波器",
        "高频段混频器",
        "前置放大器",
        "衰减器"
      ],
      "topk_k": 3
    }
  },
  "evidence": {
    "global_offset_db": 0.002200000000000202,
    "hf_std_db": 0.005913047836934903,
    "p95_abs_dev_db": 0.027834999999999135,
    "inside_env_frac": 1.0,
    "peak_freq_mae_hz": 2818410.3020281093,
    "peak_freq_outlier_frac": 0.06463414634146342
  },
  "artifacts": {
    "output_json": "Output/batch_diagnosis/sim_00101_diagnosis.json"
  },
  "system_diagnosis": {
    "probabilities": {
      "正常": 0.806502970474343,
      "幅度失准": 0.010497770036237369,
      "频率失准": 0.17726759657745256,
      "参考电平失准": 0.005731662831316857
    },
    "predicted_class": "正常",
    "max_prob": 0.806502970474343,
    "is_normal": true
  },
  "module_diagnosis": {
    "probabilities": {
      "[LO/时钟板][LO1] 合成链": 0.35,
      "[时钟板][参考域] 10MHz 基准 OCXO": 0.35,
      "[时钟板][参考分配]": 0.3
    },
    "topk": [
      {
        "module": "[LO/时钟板][LO1] 合成链",
        "probability": 0.35
      },
      {
        "module": "[时钟板][参考域] 10MHz 基准 OCXO",
        "probability": 0.35
      },
      {
        "module": "[时钟板][参考分配]",
        "probability": 0.3
      }
    ],
    "disabled_modules": [
      "高频段YTF滤波器",
      "高频段混频器",
      "前置放大器",
      "衰减器"
    ]
  },
  "evidence_detail": {
    "viol_rate": 0.0,
    "envelope_violation": false,
    "violation_max_db": 0.0,
    "violation_energy": 0.8364467911117638,
    "baseline_coverage": 1.0
  },
  "config": {
    "mode": "unified_entry",
    "gating_status": "gated_ok",
    "run_name": null,
    "topk": 3
  },
  "uncertainty": {
    "is_uncertain": false,
    "reason": "",
    "top_class": "正常",
    "runner_up": "频率失准",
    "max_prob": 0.806502970474343,
    "second_prob": 0.17726759657745256,
    "prob_gap": 0.6292353738968905,
    "support_top_features": [],
    "support_runnerup_features": [],
    "conflict_features": [],
    "suggested_actions": []
  },
  "module_validation": {
    "sample_id": "sim_00101",
    "gt_module": "本振源（谐波发生器）",
    "gt_module_v2": "[LO/时钟板][LO1] 合成链",
    "top1": "[LO/时钟板][LO1] 合成链",
    "top3": [
      "[LO/时钟板][LO1] 合成链",
      "[时钟板][参考域] 10MHz 基准 OCXO",
      "[时钟板][参考分配]"
    ],
    "top5": [
      "[LO/时钟板][LO1] 合成链",
      "[时钟板][参考域] 10MHz 基准 OCXO",
      "[时钟板][参考分配]"
    ],
    "gt_rank": 1,
    "gt_prob": 0.35,
    "top1_hit": true,
    "top3_hit": true,
    "top5_hit": true
  },
  "ground_truth": {
    "type": "fault",
    "system_class_en": "freq_error",
    "system_class_cn": "频率失准",
    "module": "本振源（谐波发生器）",
    "module_v2": "[LO/时钟板][LO1] 合成链",
    "fault_params": {
      "severity": "light",
      "tier_target": "in_spec_weak",
      "delta_f_hz": -108956.65216314446,
      "ppm": -13.30362053274047,
      "shift_bins": -0.010895665216314446,
      "bandwidth_hz": 8190000000.0,
      "warp_scale": 0.9995072609935972,
      "warp_bias": -1.328739660526152e-05,
      "type": "freq_miscal",
      "track_type": "dense",
      "template_id": "T8",
      "forced_peak_track_type": true,
      "peak_track_profile": {
        "bands": [
          {
            "start_hz": 6695513979.524897,
            "end_hz": 7334915753.35877,
            "center_hz": 7015214866.4418335,
            "width_hz": 639401773.833874,
            "amplitude_hz": 40104333.804337114,
            "ramp_hz": 115250486.60829346
          },
          {
            "start_hz": 2670413157.8818045,
            "end_hz": 2949266783.3520756,
            "center_hz": 2809839970.61694,
            "width_hz": 278853625.4702712,
            "amplitude_hz": 11452558.873865014,
            "ramp_hz": 115250486.60829346
          }
        ],
        "track_type": "dense"
      },
      "freq_amp_coupling": {
        "bias_db_min": -0.1,
        "bias_db_max": -0.02
      }
    }
  }
}