{
  "status": "success",
  "meta": {
    "sample_id": "sim_00242",
    "input_file": "/home/runner/work/FMFD-python/FMFD-python/Output/sim_spectrum/raw_curves/sim_00242.csv",
    "operating_condition": {
      "inject_power_dbm": -10.0,
      "freq_start_hz": 10000000.0,
      "freq_end_hz": 8200000000.0,
      "step_hz": 10000000.0,
      "frontend": {
        "low_band_only": true,
        "ac_coupling": true,
        "preamp": false
      }
    }
  },
  "data_points": 820,
  "frequency_range": {
    "min": 10000000.0,
    "max": 8200000000.0
  },
  "features": {
    "X1": -9.879708048780488,
    "X2": 0.000614800828334655,
    "X3": 0.00024715206834163703,
    "X4": 0.028950892194430335,
    "X5": 0.26297598910290937,
    "X6": 0.0009400897888756691,
    "X7": 0.07869999999999955,
    "X8": 0.02433780487804874,
    "X9": 0.0008381541588535273,
    "X10": 0.014076201831502573,
    "X11": 0.0,
    "X12": 0.0,
    "X13": 0.08979105947666287,
    "X14": 0.0026641025641027643,
    "X15": 0.0024623036817959833,
    "X16": 0.0009953004068218774,
    "X17": 0.0,
    "X18": 0.0,
    "X19": -4.624228663759328e-05,
    "X20": -0.052383471049875396,
    "X21": 5.0,
    "X22": 0.03916623560547851,
    "X23": 9.383804878048897e-06,
    "X24": 0.02345355560095963,
    "X25": 9.383804878048897e-06,
    "X26": 0.0008443050142930387,
    "X27": 2.162805828775145e-05,
    "X28": -0.09859154928238917,
    "X29": 0.05281068629313626,
    "X30": 0.0001358231707318594,
    "X31": 0.0005654916840550587,
    "X32": -0.4161336025279344,
    "X33": 0.5886444369082089,
    "X34": 0.014241841951832946,
    "X35": 0.00032574324878757016,
    "X36": 0.804761591106448,
    "X37": 0.028950892194430335,
    "offset_db": 0.053500000000001435,
    "viol_rate_aligned": 0.0,
    "viol_energy_aligned": 0.08979105947666287,
    "global_offset_db": 0.0,
    "shape_rmse": 0.003063299671603955,
    "ripple_hp": 0.0038861529028849113,
    "tail_asym": -0.0008000000000018695,
    "compress_ratio": 0.2,
    "compress_ratio_high": 0.2,
    "freq_shift_score": 0.00494524299262622,
    "offset_slope": 0.00023323281592501602,
    "high_low_energy_ratio": 0.19285417085738504,
    "band_offset_db_1": -0.0008000000000008001,
    "band_offset_db_2": -0.0002000000000030866,
    "band_offset_db_3": -0.0005000000000014992,
    "band_offset_db_4": 0.0005999999999986017
  },
  "system": {
    "probs": {
      "正常": 0.5052686950748247,
      "幅度失准": 0.06263567924172679,
      "频率失准": 0.023516298613760273,
      "参考电平失准": 0.40857932701916133
    },
    "decision": "正常",
    "confidence": 0.5052686950748247,
    "is_normal": true
  },
  "module": {
    "topk": [
      {
        "module_id": "[校准链路][校准源]",
        "gamma": 0.43749999999999994
      },
      {
        "module_id": "[校准链路][校准路径开关/耦合]",
        "gamma": 0.3125
      },
      {
        "module_id": "[校准链路][校准表/存储]",
        "gamma": 0.25000000000000006
      }
    ],
    "gating": {
      "disabled_modules": [
        "高频段YTF滤波器",
        "高频段混频器",
        "前置放大器",
        "衰减器"
      ],
      "topk_k": 3
    }
  },
  "evidence": {
    "global_offset_db": 0.053500000000001435,
    "hf_std_db": 0.0028580023075112206,
    "p95_abs_dev_db": 0.006200000000001538,
    "inside_env_frac": 1.0,
    "peak_freq_mae_hz": 3831.5040071716394,
    "peak_freq_outlier_frac": 0.0
  },
  "artifacts": {
    "output_json": "Output/batch_diagnosis/sim_00242_diagnosis.json"
  },
  "system_diagnosis": {
    "probabilities": {
      "正常": 0.5052686950748247,
      "幅度失准": 0.06263567924172679,
      "频率失准": 0.023516298613760273,
      "参考电平失准": 0.40857932701916133
    },
    "predicted_class": "正常",
    "max_prob": 0.5052686950748247,
    "is_normal": true
  },
  "module_diagnosis": {
    "probabilities": {
      "[校准链路][校准源]": 0.43749999999999994,
      "[校准链路][校准路径开关/耦合]": 0.3125,
      "[校准链路][校准表/存储]": 0.25000000000000006,
      "[RF板][RF] 输入衰减器组": 0.0,
      "[RF板][RF] 低频通路固定滤波/抑制网络": 0.0,
      "[RF板][Mixer1]": 0.0
    },
    "topk": [
      {
        "module": "[校准链路][校准源]",
        "probability": 0.43749999999999994
      },
      {
        "module": "[校准链路][校准路径开关/耦合]",
        "probability": 0.3125
      },
      {
        "module": "[校准链路][校准表/存储]",
        "probability": 0.25000000000000006
      }
    ],
    "disabled_modules": [
      "高频段YTF滤波器",
      "高频段混频器",
      "前置放大器",
      "衰减器"
    ]
  },
  "evidence_detail": {
    "viol_rate": 0.0,
    "envelope_violation": false,
    "violation_max_db": 0.0,
    "violation_energy": 0.08979105947666287,
    "baseline_coverage": 1.0
  },
  "config": {
    "mode": "unified_entry",
    "gating_status": "gated_ok",
    "run_name": null,
    "topk": 3
  },
  "uncertainty": {
    "is_uncertain": true,
    "reason": "max_prob(50.53%) < 55% && prob_gap(9.67%) < 10%",
    "top_class": "正常",
    "runner_up": "参考电平失准",
    "max_prob": 0.5052686950748247,
    "second_prob": 0.40857932701916133,
    "prob_gap": 0.09668936805566342,
    "support_top_features": [],
    "support_runnerup_features": [
      {
        "feature": "X1",
        "contribution": 4.939854024390244
      },
      {
        "feature": "X21",
        "contribution": 1.5
      },
      {
        "feature": "X5",
        "contribution": 0.13148799455145468
      },
      {
        "feature": "X13",
        "contribution": 0.062853741633664
      },
      {
        "feature": "X7",
        "contribution": 0.04721999999999973
      }
    ],
    "conflict_features": [
      {
        "feature": "X4",
        "top_contrib": 0.0028950892194430336,
        "runnerup_contrib": 0.0028950892194430336
      },
      {
        "feature": "X16",
        "top_contrib": 9.953004068218774e-05,
        "runnerup_contrib": 9.953004068218774e-05
      }
    ],
    "suggested_actions": [
      "当前诊断为正常，但置信度较低",
      "建议增加测试样本或更换测试信号",
      "复测参考电平校准点",
      "建议重复测试或更换测试点以提高置信度"
    ]
  },
  "module_validation": {
    "sample_id": "sim_00242",
    "gt_module": "存储器",
    "gt_module_v2": "[校准链路][校准表/存储]",
    "top1": "[校准链路][校准源]",
    "top3": [
      "[校准链路][校准源]",
      "[校准链路][校准路径开关/耦合]",
      "[校准链路][校准表/存储]"
    ],
    "top5": [
      "[校准链路][校准源]",
      "[校准链路][校准路径开关/耦合]",
      "[校准链路][校准表/存储]",
      "[RF板][RF] 输入衰减器组",
      "[RF板][RF] 低频通路固定滤波/抑制网络"
    ],
    "gt_rank": 3,
    "gt_prob": 0.25000000000000006,
    "top1_hit": false,
    "top3_hit": true,
    "top5_hit": true
  },
  "ground_truth": {
    "type": "fault",
    "system_class_en": "ref_error",
    "system_class_cn": "参考电平失准",
    "module": "存储器",
    "module_v2": "[校准链路][校准表/存储]",
    "fault_params": {
      "severity": "light",
      "tier_target": "mild_oos",
      "type": "ref_miscal",
      "subtype": "ref_error_offset",
      "offset_db": -0.05070234766556981,
      "template_id": "T1",
      "mean_offset_db": 0.05336493979322505
    }
  }
}