{
  "status": "success",
  "meta": {
    "sample_id": "sim_00380",
    "input_file": "/home/runner/work/FMFD-python/FMFD-python/Output/sim_spectrum/raw_curves/sim_00380.csv",
    "operating_condition": {
      "inject_power_dbm": -10.0,
      "freq_start_hz": 10000000.0,
      "freq_end_hz": 8200000000.0,
      "step_hz": 10000000.0,
      "frontend": {
        "low_band_only": true,
        "ac_coupling": true,
        "preamp": false
      }
    }
  },
  "data_points": 820,
  "frequency_range": {
    "min": 10000000.0,
    "max": 8200000000.0
  },
  "features": {
    "X1": -9.938165853658537,
    "X2": 0.0006167896800846067,
    "X3": 0.0004818452518601961,
    "X4": 0.030285510195444853,
    "X5": 0.27962262556892703,
    "X6": 0.0009937006632956588,
    "X7": 0.07580000000000098,
    "X8": 0.02517756097560977,
    "X9": 0.0009172121277983941,
    "X10": 0.013789984006281947,
    "X11": 0.0,
    "X12": 0.0,
    "X13": 0.2405019964970977,
    "X14": 0.007042490842491087,
    "X15": 0.010129854950550634,
    "X16": -0.004982658143744305,
    "X17": 0.0,
    "X18": 0.0,
    "X19": -2.249307016195636e-05,
    "X20": -0.2265040867967869,
    "X21": 4.0,
    "X22": 0.03864578736331485,
    "X23": 9.210792682926663e-05,
    "X24": 0.010654829908288366,
    "X25": 9.210792682926663e-05,
    "X26": 0.0007458942077147666,
    "X27": 0.00019686578728273082,
    "X28": -0.027522935778499093,
    "X29": 0.11715908017581263,
    "X30": 0.005560213414634229,
    "X31": 0.004007832085427818,
    "X32": -4.3519508635630455,
    "X33": 0.5664960694873638,
    "X34": 0.012869851731977112,
    "X35": 0.00031889622750875483,
    "X36": 0.8243394488884535,
    "X37": 0.030285510195444853,
    "offset_db": -0.00569999999999915,
    "viol_rate_aligned": 0.0,
    "viol_energy_aligned": 0.2405019964970977,
    "global_offset_db": 0.0,
    "shape_rmse": 0.009597287472471929,
    "ripple_hp": 0.0025998786080619596,
    "tail_asym": 0.0070149999999995355,
    "compress_ratio": 0.2,
    "compress_ratio_high": 0.2,
    "freq_shift_score": 0.046966480159135404,
    "offset_slope": 0.000803772977564672,
    "high_low_energy_ratio": 9.260764607421352,
    "band_offset_db_1": -0.0027500000000015845,
    "band_offset_db_2": -0.0004999999999988347,
    "band_offset_db_3": -0.0022500000000009734,
    "band_offset_db_4": 0.0022999999999999687
  },
  "system": {
    "probs": {
      "正常": 0.9957557700094724,
      "幅度失准": 0.002118595945156443,
      "频率失准": 0.001123504652103094,
      "参考电平失准": 0.001002129293692573
    },
    "decision": "正常",
    "confidence": 0.9957557700094724,
    "is_normal": true
  },
  "module": {
    "topk": [
      {
        "module_id": "[RF板][RF] 输入连接/匹配/保护",
        "gamma": 0.058823529411764705
      },
      {
        "module_id": "[RF板][RF] 输入衰减器组",
        "gamma": 0.058823529411764705
      },
      {
        "module_id": "[RF板][RF] 低频通路固定滤波/抑制网络",
        "gamma": 0.058823529411764705
      }
    ],
    "gating": {
      "disabled_modules": [
        "高频段YTF滤波器",
        "高频段混频器",
        "前置放大器",
        "衰减器"
      ],
      "topk_k": 3
    }
  },
  "evidence": {
    "global_offset_db": -0.00569999999999915,
    "hf_std_db": 0.005524303467937133,
    "p95_abs_dev_db": 0.020215000000000746,
    "inside_env_frac": 1.0,
    "peak_freq_mae_hz": 3776.392128207984,
    "peak_freq_outlier_frac": 0.0
  },
  "artifacts": {
    "output_json": "Output/batch_diagnosis/sim_00380_diagnosis.json"
  },
  "system_diagnosis": {
    "probabilities": {
      "正常": 0.9957557700094724,
      "幅度失准": 0.002118595945156443,
      "频率失准": 0.001123504652103094,
      "参考电平失准": 0.001002129293692573
    },
    "predicted_class": "正常",
    "max_prob": 0.9957557700094724,
    "is_normal": true
  },
  "module_diagnosis": {
    "probabilities": {
      "[RF板][RF] 输入连接/匹配/保护": 0.058823529411764705,
      "[RF板][RF] 输入衰减器组": 0.058823529411764705,
      "[RF板][RF] 低频通路固定滤波/抑制网络": 0.058823529411764705,
      "[RF板][RF] 高频通路固定滤波/抑制网络": 0.058823529411764705,
      "[RF板][Mixer1]": 0.058823529411764705
    },
    "topk": [
      {
        "module": "[RF板][RF] 输入连接/匹配/保护",
        "probability": 0.058823529411764705
      },
      {
        "module": "[RF板][RF] 输入衰减器组",
        "probability": 0.058823529411764705
      },
      {
        "module": "[RF板][RF] 低频通路固定滤波/抑制网络",
        "probability": 0.058823529411764705
      }
    ],
    "disabled_modules": [
      "高频段YTF滤波器",
      "高频段混频器",
      "前置放大器",
      "衰减器"
    ]
  },
  "evidence_detail": {
    "viol_rate": 0.0,
    "envelope_violation": false,
    "violation_max_db": 0.0,
    "violation_energy": 0.2405019964970977,
    "baseline_coverage": 1.0
  },
  "config": {
    "mode": "unified_entry",
    "gating_status": "gated_ok",
    "run_name": null,
    "topk": 3
  },
  "uncertainty": {
    "is_uncertain": false,
    "reason": "",
    "top_class": "正常",
    "runner_up": "幅度失准",
    "max_prob": 0.9957557700094724,
    "second_prob": 0.002118595945156443,
    "prob_gap": 0.993637174064316,
    "support_top_features": [],
    "support_runnerup_features": [],
    "conflict_features": [],
    "suggested_actions": []
  },
  "module_validation": {
    "sample_id": "sim_00380",
    "gt_module": null,
    "gt_module_v2": null,
    "top1": "[RF板][RF] 输入连接/匹配/保护",
    "top3": [
      "[RF板][RF] 输入连接/匹配/保护",
      "[RF板][RF] 输入衰减器组",
      "[RF板][RF] 低频通路固定滤波/抑制网络"
    ],
    "top5": [
      "[RF板][RF] 输入连接/匹配/保护",
      "[RF板][RF] 输入衰减器组",
      "[RF板][RF] 低频通路固定滤波/抑制网络",
      "[RF板][RF] 高频通路固定滤波/抑制网络",
      "[RF板][Mixer1]"
    ],
    "gt_rank": -1,
    "gt_prob": 0.0,
    "top1_hit": false,
    "top3_hit": false,
    "top5_hit": false
  },
  "ground_truth": {
    "type": "normal",
    "system_class_en": "normal",
    "system_class_cn": "正常",
    "module": null,
    "module_v2": null,
    "fault_params": {
      "severity": "light",
      "tier_target": "in_spec_weak",
      "type": "normal",
      "normal_state": "normal_state_B"
    }
  }
}