{
  "status": "success",
  "meta": {
    "sample_id": "sim_00153",
    "input_file": "/home/runner/work/FMFD-python/FMFD-python/Output/sim_spectrum/raw_curves/sim_00153.csv",
    "operating_condition": {
      "inject_power_dbm": -10.0,
      "freq_start_hz": 10000000.0,
      "freq_end_hz": 8200000000.0,
      "step_hz": 10000000.0,
      "frontend": {
        "low_band_only": true,
        "ac_coupling": true,
        "preamp": false
      }
    }
  },
  "data_points": 820,
  "frequency_range": {
    "min": 10000000.0,
    "max": 8200000000.0
  },
  "features": {
    "X1": -9.93307243902439,
    "X2": 0.0012456160335696349,
    "X3": 0.0005855109980547436,
    "X4": 0.040745648330385624,
    "X5": 0.3046470798814702,
    "X6": 0.001791310459904819,
    "X7": 0.06510000000000105,
    "X8": 0.03468512195121952,
    "X9": 0.001660207857863457,
    "X10": 0.02767315671043009,
    "X11": 0.0,
    "X12": 0.0,
    "X13": 0.6032754673108545,
    "X14": 0.022106227106227238,
    "X15": 0.021376564750037675,
    "X16": -0.16483863431648058,
    "X17": -0.0004999999999999449,
    "X18": 0.0005,
    "X19": -0.00030224164588873504,
    "X20": -0.6060398511368268,
    "X21": 1.0,
    "X22": 0.0645481151301621,
    "X23": 0.0005960528726715128,
    "X24": 0.08915887584378368,
    "X25": 0.0006032392682927,
    "X26": 0.00023698725566082413,
    "X27": 3.573650780308475e-05,
    "X28": -0.7277882797594195,
    "X29": -0.10717852676198353,
    "X30": 0.01953490853658551,
    "X31": 0.01122394672039001,
    "X32": -2.9732172760941804,
    "X33": 0.4259882395055522,
    "X34": 0.023447537917113837,
    "X35": 0.0003250619084591986,
    "X36": 0.9009338778536645,
    "X37": 0.040745648330385624,
    "offset_db": 0.011900000000000688,
    "viol_rate_aligned": 0.0,
    "viol_energy_aligned": 0.6032754673108545,
    "global_offset_db": 0.0,
    "shape_rmse": 0.024560929711488936,
    "ripple_hp": 0.007545085514481674,
    "tail_asym": -0.03959500000000196,
    "compress_ratio": 0.2,
    "compress_ratio_high": 0.2,
    "freq_shift_score": 0.12618278106377812,
    "offset_slope": -0.00033863451937774295,
    "high_low_energy_ratio": 20.886170030159462,
    "band_offset_db_1": 0.0024999999999995026,
    "band_offset_db_2": -0.0017999999999993577,
    "band_offset_db_3": 0.004399999999998627,
    "band_offset_db_4": -0.01959999999999873
  },
  "system": {
    "probs": {
      "正常": 0.24535761646335574,
      "幅度失准": 0.6619035410804632,
      "频率失准": 0.0922951003967787,
      "参考电平失准": 0.0004437419932119675
    },
    "decision": "幅度失准",
    "confidence": 0.6619035410804632,
    "is_normal": false
  },
  "module": {
    "topk": [
      {
        "module_id": "[RF板][RF] 低频通路固定滤波/抑制网络",
        "gamma": 0.19285099242708584
      },
      {
        "module_id": "[数字中频板][ADC] 数字检波与平均",
        "gamma": 0.1679067405559358
      },
      {
        "module_id": "[数字中频板][IF] 中频放大/衰减链",
        "gamma": 0.16360143951604
      }
    ],
    "gating": {
      "disabled_modules": [
        "高频段YTF滤波器",
        "高频段混频器",
        "前置放大器",
        "衰减器"
      ],
      "topk_k": 3
    }
  },
  "evidence": {
    "global_offset_db": 0.011900000000000688,
    "hf_std_db": 0.008310986775309686,
    "p95_abs_dev_db": 0.048800000000000045,
    "inside_env_frac": 1.0,
    "peak_freq_mae_hz": 10109477.221124675,
    "peak_freq_outlier_frac": 0.33170731707317075
  },
  "artifacts": {
    "output_json": "Output/batch_diagnosis/sim_00153_diagnosis.json"
  },
  "system_diagnosis": {
    "probabilities": {
      "正常": 0.24535761646335574,
      "幅度失准": 0.6619035410804632,
      "频率失准": 0.0922951003967787,
      "参考电平失准": 0.0004437419932119675
    },
    "predicted_class": "幅度失准",
    "max_prob": 0.6619035410804632,
    "is_normal": false
  },
  "module_diagnosis": {
    "probabilities": {
      "[RF板][RF] 低频通路固定滤波/抑制网络": 0.19285099242708584,
      "[数字中频板][ADC] 数字检波与平均": 0.1679067405559358,
      "[数字中频板][IF] 中频放大/衰减链": 0.16360143951604,
      "[RF板][Mixer1]": 0.13965071865409664,
      "[数字中频板][DSP] 数字增益/偏置校准": 0.10332722495749896,
      "[RF板][RF] 输入连接/匹配/保护": 0.08866712295498201,
      "[数字中频板][IF] RBW数字滤波器": 0.07749541871812421,
      "[RF板][RF] 输入衰减器组": 0.03325017110811825,
      "[RF板][RF] 高频通路固定滤波/抑制网络": 0.03325017110811825
    },
    "topk": [
      {
        "module": "[RF板][RF] 低频通路固定滤波/抑制网络",
        "probability": 0.19285099242708584
      },
      {
        "module": "[数字中频板][ADC] 数字检波与平均",
        "probability": 0.1679067405559358
      },
      {
        "module": "[数字中频板][IF] 中频放大/衰减链",
        "probability": 0.16360143951604
      }
    ],
    "disabled_modules": [
      "高频段YTF滤波器",
      "高频段混频器",
      "前置放大器",
      "衰减器"
    ]
  },
  "evidence_detail": {
    "viol_rate": 0.0,
    "envelope_violation": false,
    "violation_max_db": 0.0,
    "violation_energy": 0.6032754673108545,
    "baseline_coverage": 1.0
  },
  "config": {
    "mode": "unified_entry",
    "gating_status": "gated_ok",
    "run_name": null,
    "topk": 3
  },
  "uncertainty": {
    "is_uncertain": false,
    "reason": "",
    "top_class": "幅度失准",
    "runner_up": "正常",
    "max_prob": 0.6619035410804632,
    "second_prob": 0.24535761646335574,
    "prob_gap": 0.4165459246171075,
    "support_top_features": [],
    "support_runnerup_features": [],
    "conflict_features": [],
    "suggested_actions": []
  },
  "module_validation": {
    "sample_id": "sim_00153",
    "gt_module": "时钟合成与同步网络",
    "gt_module_v2": "[LO/时钟板][LO1] 合成链",
    "top1": "[RF板][RF] 低频通路固定滤波/抑制网络",
    "top3": [
      "[RF板][RF] 低频通路固定滤波/抑制网络",
      "[数字中频板][ADC] 数字检波与平均",
      "[数字中频板][IF] 中频放大/衰减链"
    ],
    "top5": [
      "[RF板][RF] 低频通路固定滤波/抑制网络",
      "[数字中频板][ADC] 数字检波与平均",
      "[数字中频板][IF] 中频放大/衰减链",
      "[RF板][Mixer1]",
      "[数字中频板][DSP] 数字增益/偏置校准"
    ],
    "gt_rank": -1,
    "gt_prob": 0.0,
    "top1_hit": false,
    "top3_hit": false,
    "top5_hit": false
  },
  "ground_truth": {
    "type": "fault",
    "system_class_en": "freq_error",
    "system_class_cn": "频率失准",
    "module": "时钟合成与同步网络",
    "module_v2": "[LO/时钟板][LO1] 合成链",
    "fault_params": {
      "severity": "severe",
      "tier_target": "in_spec_weak",
      "delta_f_hz": -2466911.643171343,
      "ppm": -301.2102128414338,
      "shift_bins": -0.2466911643171343,
      "bandwidth_hz": 8190000000.0,
      "type": "clock_drift",
      "track_type": "dense",
      "template_id": "T8",
      "forced_peak_track_type": true,
      "peak_track_profile": {
        "bands": [
          {
            "start_hz": 661707909.7619522,
            "end_hz": 2000607343.2843802,
            "center_hz": 1331157626.5231662,
            "width_hz": 1338899433.522428,
            "amplitude_hz": 31003357.39629888,
            "ramp_hz": 72502250.17211607
          },
          {
            "start_hz": 6113231011.479712,
            "end_hz": 7676048493.887375,
            "center_hz": 6894639752.683543,
            "width_hz": 1562817482.4076643,
            "amplitude_hz": 29256447.009428322,
            "ramp_hz": 72502250.17211607
          }
        ],
        "track_type": "dense"
      },
      "freq_amp_coupling": {
        "bias_db_min": -0.1,
        "bias_db_max": -0.02
      }
    }
  }
}