{
  "status": "success",
  "meta": {
    "sample_id": "sim_00009",
    "input_file": "/home/runner/work/FMFD-python/FMFD-python/Output/sim_spectrum/raw_curves/sim_00009.csv",
    "operating_condition": {
      "inject_power_dbm": -10.0,
      "freq_start_hz": 10000000.0,
      "freq_end_hz": 8200000000.0,
      "step_hz": 10000000.0,
      "frontend": {
        "low_band_only": true,
        "ac_coupling": true,
        "preamp": false
      }
    }
  },
  "data_points": 820,
  "frequency_range": {
    "min": 10000000.0,
    "max": 8200000000.0
  },
  "features": {
    "X1": -9.93307280487805,
    "X2": 0.0004816800787808174,
    "X3": -0.00015026063417355025,
    "X4": 0.034151437266559774,
    "X5": 0.34423287898389027,
    "X6": 0.003015602931157049,
    "X7": 0.0801999999999996,
    "X8": 0.04359768292682927,
    "X9": 0.0011663206673717674,
    "X10": 0.04566003229566861,
    "X11": 0.0,
    "X12": 0.0,
    "X13": 1.4871483630095677,
    "X14": 0.02071739926739924,
    "X15": 0.028842241909210347,
    "X16": 0.01236383942462315,
    "X17": 0.0,
    "X18": 0.0,
    "X19": -0.0001387887061052144,
    "X20": -0.25664862388885945,
    "X21": 4.0,
    "X22": 0.07104337806708479,
    "X23": 0.0013314758414634026,
    "X24": 3.054628059817599e-05,
    "X25": 0.0013314758414634026,
    "X26": 0.0007896486780403561,
    "X27": 0.0002860413322186924,
    "X28": -0.5020613373503946,
    "X29": 0.9766958727090788,
    "X30": 0.02546753048780499,
    "X31": 0.03367276124968752,
    "X32": -11.934188299594569,
    "X33": 0.3217140455805972,
    "X34": 0.03544248697484998,
    "X35": 0.0003121146836205438,
    "X36": 0.8663065060359372,
    "X37": 0.034151437266559774,
    "offset_db": 0.01034999999999986,
    "viol_rate_aligned": 0.0,
    "viol_energy_aligned": 1.4871483630095677,
    "global_offset_db": 0.0,
    "shape_rmse": 0.03648939354748723,
    "ripple_hp": 0.00013808546758066833,
    "tail_asym": -0.060709999999997336,
    "compress_ratio": 0.2,
    "compress_ratio_high": 0.2,
    "freq_shift_score": 0.19012441890611986,
    "offset_slope": -0.013668371229495324,
    "high_low_energy_ratio": 3.4520643236079165,
    "band_offset_db_1": 0.03065000000000051,
    "band_offset_db_2": 0.018349999999999866,
    "band_offset_db_3": -0.001100000000000101,
    "band_offset_db_4": -0.043549999999999756
  },
  "system": {
    "probs": {
      "正常": 0.048867313831702265,
      "幅度失准": 0.8921123673142684,
      "频率失准": 0.059006877066687585,
      "参考电平失准": 1.3441698130655088e-05
    },
    "decision": "幅度失准",
    "confidence": 0.8921123673142684,
    "is_normal": false
  },
  "module": {
    "topk": [
      {
        "module_id": "[RF板][RF] 低频通路固定滤波/抑制网络",
        "gamma": 0.19285099242708584
      },
      {
        "module_id": "[数字中频板][ADC] 数字检波与平均",
        "gamma": 0.16790674055593582
      },
      {
        "module_id": "[数字中频板][IF] 中频放大/衰减链",
        "gamma": 0.16360143951604
      }
    ],
    "gating": {
      "disabled_modules": [
        "高频段YTF滤波器",
        "高频段混频器",
        "前置放大器",
        "衰减器"
      ],
      "topk_k": 3
    }
  },
  "evidence": {
    "global_offset_db": 0.01034999999999986,
    "hf_std_db": 0.005801753202501036,
    "p95_abs_dev_db": 0.08856499999999973,
    "inside_env_frac": 1.0,
    "peak_freq_mae_hz": 3914.0151539868743,
    "peak_freq_outlier_frac": 0.0
  },
  "artifacts": {
    "output_json": "Output/batch_diagnosis/sim_00009_diagnosis.json"
  },
  "system_diagnosis": {
    "probabilities": {
      "正常": 0.048867313831702265,
      "幅度失准": 0.8921123673142684,
      "频率失准": 0.059006877066687585,
      "参考电平失准": 1.3441698130655088e-05
    },
    "predicted_class": "幅度失准",
    "max_prob": 0.8921123673142684,
    "is_normal": false
  },
  "module_diagnosis": {
    "probabilities": {
      "[RF板][RF] 低频通路固定滤波/抑制网络": 0.19285099242708584,
      "[数字中频板][ADC] 数字检波与平均": 0.16790674055593582,
      "[数字中频板][IF] 中频放大/衰减链": 0.16360143951604,
      "[RF板][Mixer1]": 0.13965071865409664,
      "[数字中频板][DSP] 数字增益/偏置校准": 0.10332722495749896,
      "[RF板][RF] 输入连接/匹配/保护": 0.08866712295498201,
      "[数字中频板][IF] RBW数字滤波器": 0.07749541871812421,
      "[RF板][RF] 输入衰减器组": 0.03325017110811825,
      "[RF板][RF] 高频通路固定滤波/抑制网络": 0.03325017110811825
    },
    "topk": [
      {
        "module": "[RF板][RF] 低频通路固定滤波/抑制网络",
        "probability": 0.19285099242708584
      },
      {
        "module": "[数字中频板][ADC] 数字检波与平均",
        "probability": 0.16790674055593582
      },
      {
        "module": "[数字中频板][IF] 中频放大/衰减链",
        "probability": 0.16360143951604
      }
    ],
    "disabled_modules": [
      "高频段YTF滤波器",
      "高频段混频器",
      "前置放大器",
      "衰减器"
    ]
  },
  "evidence_detail": {
    "viol_rate": 0.0,
    "envelope_violation": false,
    "violation_max_db": 0.0,
    "violation_energy": 1.4871483630095677,
    "baseline_coverage": 1.0
  },
  "config": {
    "mode": "unified_entry",
    "gating_status": "gated_ok",
    "run_name": null,
    "topk": 3
  },
  "uncertainty": {
    "is_uncertain": false,
    "reason": "",
    "top_class": "幅度失准",
    "runner_up": "频率失准",
    "max_prob": 0.8921123673142684,
    "second_prob": 0.059006877066687585,
    "prob_gap": 0.8331054902475807,
    "support_top_features": [],
    "support_runnerup_features": [],
    "conflict_features": [],
    "suggested_actions": []
  },
  "module_validation": {
    "sample_id": "sim_00009",
    "gt_module": "低频段前置低通滤波器",
    "gt_module_v2": "[RF板][RF] 低频通路固定滤波/抑制网络",
    "top1": "[RF板][RF] 低频通路固定滤波/抑制网络",
    "top3": [
      "[RF板][RF] 低频通路固定滤波/抑制网络",
      "[数字中频板][ADC] 数字检波与平均",
      "[数字中频板][IF] 中频放大/衰减链"
    ],
    "top5": [
      "[RF板][RF] 低频通路固定滤波/抑制网络",
      "[数字中频板][ADC] 数字检波与平均",
      "[数字中频板][IF] 中频放大/衰减链",
      "[RF板][Mixer1]",
      "[数字中频板][DSP] 数字增益/偏置校准"
    ],
    "gt_rank": 1,
    "gt_prob": 0.19285099242708584,
    "top1_hit": true,
    "top3_hit": true,
    "top5_hit": true
  },
  "ground_truth": {
    "type": "fault",
    "system_class_en": "amp_error",
    "system_class_cn": "幅度失准",
    "module": "低频段前置低通滤波器",
    "module_v2": "[RF板][RF] 低频通路固定滤波/抑制网络",
    "fault_params": {
      "severity": "mid",
      "tier_target": "in_spec_weak",
      "type": "lpf_shift",
      "subtype": "amp_error_band",
      "slope_db": -0.07270576265398421,
      "template_id": "T2"
    }
  }
}