{
  "status": "success",
  "meta": {
    "sample_id": "sim_00169",
    "input_file": "/home/runner/work/FMFD-python/FMFD-python/Output/sim_spectrum/raw_curves/sim_00169.csv",
    "operating_condition": {
      "inject_power_dbm": -10.0,
      "freq_start_hz": 10000000.0,
      "freq_end_hz": 8200000000.0,
      "step_hz": 10000000.0,
      "frontend": {
        "low_band_only": true,
        "ac_coupling": true,
        "preamp": false
      }
    }
  },
  "data_points": 820,
  "frequency_range": {
    "min": 10000000.0,
    "max": 8200000000.0
  },
  "features": {
    "X1": -9.933072439024391,
    "X2": 0.0008640043565338077,
    "X3": 0.00026701236515989354,
    "X4": 0.030715640034649525,
    "X5": 0.2935931703556734,
    "X6": 0.0010340433135633549,
    "X7": 0.07629999999999981,
    "X8": 0.025784878048780477,
    "X9": 0.0009434505427381645,
    "X10": 0.012430894983436507,
    "X11": 0.0,
    "X12": 0.0,
    "X13": 0.9910979958658753,
    "X14": 0.0028212454212454764,
    "X15": 0.003838649766720358,
    "X16": 0.03366769091676203,
    "X17": 0.0,
    "X18": 0.0,
    "X19": -5.908177905306476e-05,
    "X20": -0.05698208354886125,
    "X21": 3.0,
    "X22": 0.040131826069389566,
    "X23": 0.00012799607317072633,
    "X24": 0.05314422265701857,
    "X25": 0.00012799607317072633,
    "X26": 0.00023330227277378903,
    "X27": 0.00026451877405548837,
    "X28": -0.29087779687666276,
    "X29": -0.11019708108726617,
    "X30": 0.0047802254891125655,
    "X31": 0.004552217647979439,
    "X32": -2.5574952483813993,
    "X33": 0.558960965747328,
    "X34": 0.015971492735059697,
    "X35": 0.0003230737643065117,
    "X36": 0.8279022982831159,
    "X37": 0.030715640034649525,
    "offset_db": 0.0026999999999990365,
    "viol_rate_aligned": 0.0,
    "viol_energy_aligned": 0.9910979958658753,
    "global_offset_db": 0.0,
    "shape_rmse": 0.011313534954678238,
    "ripple_hp": 0.0058176764738423,
    "tail_asym": -0.02625999999999759,
    "compress_ratio": 0.2,
    "compress_ratio_high": 0.2,
    "freq_shift_score": 0.06000360283716788,
    "offset_slope": 0.0004775341905552501,
    "high_low_energy_ratio": 0.682256755141974,
    "band_offset_db_1": -0.0020999999999995467,
    "band_offset_db_2": -0.000600000000000378,
    "band_offset_db_3": 0.0004000000000026205,
    "band_offset_db_4": 0.0003000000000010772
  },
  "system": {
    "probs": {
      "正常": 0.5880206736688961,
      "幅度失准": 0.03960302921945981,
      "频率失准": 0.3383903624834967,
      "参考电平失准": 0.03398593456934529
    },
    "decision": "正常",
    "confidence": 0.5880206736688961,
    "is_normal": true
  },
  "module": {
    "topk": [
      {
        "module_id": "[LO/时钟板][LO1] 合成链",
        "gamma": 0.35
      },
      {
        "module_id": "[时钟板][参考域] 10MHz 基准 OCXO",
        "gamma": 0.35
      },
      {
        "module_id": "[时钟板][参考分配]",
        "gamma": 0.3
      }
    ],
    "gating": {
      "disabled_modules": [
        "高频段YTF滤波器",
        "高频段混频器",
        "前置放大器",
        "衰减器"
      ],
      "topk_k": 3
    }
  },
  "evidence": {
    "global_offset_db": 0.0026999999999990365,
    "hf_std_db": 0.0057546194431990095,
    "p95_abs_dev_db": 0.03165999999999748,
    "inside_env_frac": 1.0,
    "peak_freq_mae_hz": 3505813.0572031806,
    "peak_freq_outlier_frac": 0.07195121951219512
  },
  "artifacts": {
    "output_json": "Output/batch_diagnosis/sim_00169_diagnosis.json"
  },
  "system_diagnosis": {
    "probabilities": {
      "正常": 0.5880206736688961,
      "幅度失准": 0.03960302921945981,
      "频率失准": 0.3383903624834967,
      "参考电平失准": 0.03398593456934529
    },
    "predicted_class": "正常",
    "max_prob": 0.5880206736688961,
    "is_normal": true
  },
  "module_diagnosis": {
    "probabilities": {
      "[LO/时钟板][LO1] 合成链": 0.35,
      "[时钟板][参考域] 10MHz 基准 OCXO": 0.35,
      "[时钟板][参考分配]": 0.3
    },
    "topk": [
      {
        "module": "[LO/时钟板][LO1] 合成链",
        "probability": 0.35
      },
      {
        "module": "[时钟板][参考域] 10MHz 基准 OCXO",
        "probability": 0.35
      },
      {
        "module": "[时钟板][参考分配]",
        "probability": 0.3
      }
    ],
    "disabled_modules": [
      "高频段YTF滤波器",
      "高频段混频器",
      "前置放大器",
      "衰减器"
    ]
  },
  "evidence_detail": {
    "viol_rate": 0.0,
    "envelope_violation": false,
    "violation_max_db": 0.0,
    "violation_energy": 0.9910979958658753,
    "baseline_coverage": 1.0
  },
  "config": {
    "mode": "unified_entry",
    "gating_status": "gated_ok",
    "run_name": null,
    "topk": 3
  },
  "uncertainty": {
    "is_uncertain": false,
    "reason": "",
    "top_class": "正常",
    "runner_up": "频率失准",
    "max_prob": 0.5880206736688961,
    "second_prob": 0.3383903624834967,
    "prob_gap": 0.2496303111853994,
    "support_top_features": [],
    "support_runnerup_features": [],
    "conflict_features": [],
    "suggested_actions": []
  },
  "module_validation": {
    "sample_id": "sim_00169",
    "gt_module": "时钟合成与同步网络",
    "gt_module_v2": "[LO/时钟板][LO1] 合成链",
    "top1": "[LO/时钟板][LO1] 合成链",
    "top3": [
      "[LO/时钟板][LO1] 合成链",
      "[时钟板][参考域] 10MHz 基准 OCXO",
      "[时钟板][参考分配]"
    ],
    "top5": [
      "[LO/时钟板][LO1] 合成链",
      "[时钟板][参考域] 10MHz 基准 OCXO",
      "[时钟板][参考分配]"
    ],
    "gt_rank": 1,
    "gt_prob": 0.35,
    "top1_hit": true,
    "top3_hit": true,
    "top5_hit": true
  },
  "ground_truth": {
    "type": "fault",
    "system_class_en": "freq_error",
    "system_class_cn": "频率失准",
    "module": "时钟合成与同步网络",
    "module_v2": "[LO/时钟板][LO1] 合成链",
    "fault_params": {
      "severity": "light",
      "tier_target": "mild_oos",
      "delta_f_hz": 638474.92230656,
      "ppm": 77.95786597149694,
      "shift_bins": 0.063847492230656,
      "bandwidth_hz": 8190000000.0,
      "warp_scale": 0.9998324223509112,
      "warp_bias": 7.786279540323902e-05,
      "type": "freq_miscal",
      "track_type": "dense",
      "template_id": "T8",
      "forced_peak_track_type": true,
      "peak_track_profile": {
        "bands": [
          {
            "start_hz": 2787283745.9300766,
            "end_hz": 3444210068.2755194,
            "center_hz": 3115746907.102798,
            "width_hz": 656926322.3454429,
            "amplitude_hz": 49472235.39076594,
            "ramp_hz": 83817818.58530045
          }
        ],
        "track_type": "dense"
      },
      "freq_amp_coupling": {
        "bias_db_min": -0.1,
        "bias_db_max": -0.02
      }
    }
  }
}