{
  "status": "success",
  "meta": {
    "sample_id": "sim_00293",
    "input_file": "/home/runner/work/FMFD-python/FMFD-python/Output/sim_spectrum/raw_curves/sim_00293.csv",
    "operating_condition": {
      "inject_power_dbm": -10.0,
      "freq_start_hz": 10000000.0,
      "freq_end_hz": 8200000000.0,
      "step_hz": 10000000.0,
      "frontend": {
        "low_band_only": true,
        "ac_coupling": true,
        "preamp": false
      }
    }
  },
  "data_points": 820,
  "frequency_range": {
    "min": 10000000.0,
    "max": 8200000000.0
  },
  "features": {
    "X1": -10.027788536585366,
    "X2": 0.0006306163151893722,
    "X3": 0.00024211363976436127,
    "X4": 0.029502007602465533,
    "X5": 0.2629494433561374,
    "X6": 0.0009826085759071985,
    "X7": 0.08099999999999952,
    "X8": 0.02486560975609757,
    "X9": 0.0008703684525759342,
    "X10": 0.01456184325764009,
    "X11": 0.0,
    "X12": 0.0,
    "X13": 0.0979708714986749,
    "X14": 0.0020424908424908324,
    "X15": 0.0024563962626102925,
    "X16": -0.002914198928789462,
    "X17": 0.0,
    "X18": 0.0,
    "X19": -5.7342006658169676e-05,
    "X20": -0.011155536608698391,
    "X21": 4.0,
    "X22": 0.03985457387762007,
    "X23": 7.372024390243703e-06,
    "X24": 0.019834396554085365,
    "X25": 7.372024390243703e-06,
    "X26": 0.000409142605360951,
    "X27": 8.981485882152488e-06,
    "X28": -0.0016638935110966065,
    "X29": -0.0007043225005368993,
    "X30": 0.0013782012195123206,
    "X31": 0.0005512582816066402,
    "X32": -0.5300428960123513,
    "X33": 0.5820485168586854,
    "X34": 0.015318336779727089,
    "X35": 0.0003328886010665505,
    "X36": 0.8079972972763018,
    "X37": 0.029502007602465533,
    "offset_db": -0.09469999999999956,
    "viol_rate_aligned": 0.0,
    "viol_energy_aligned": 0.0979708714986749,
    "global_offset_db": 0.0,
    "shape_rmse": 0.002715147213364996,
    "ripple_hp": 0.0036223600751066403,
    "tail_asym": -0.00019999999999962235,
    "compress_ratio": 0.1951219512195122,
    "compress_ratio_high": 0.2,
    "freq_shift_score": 0.003667705297207946,
    "offset_slope": 2.284075015133628e-05,
    "high_low_energy_ratio": 0.2375404554998757,
    "band_offset_db_1": -0.00295000000000023,
    "band_offset_db_2": -9.999999999976694e-05,
    "band_offset_db_3": 0.0008500000000006835,
    "band_offset_db_4": -0.00039999999999906777
  },
  "system": {
    "probs": {
      "正常": 8.405925981090982e-06,
      "幅度失准": 0.005794570098966705,
      "频率失准": 0.003559543446242134,
      "参考电平失准": 0.9906374804297463
    },
    "decision": "参考电平失准",
    "confidence": 0.9906374804297463,
    "is_normal": false
  },
  "module": {
    "topk": [
      {
        "module_id": "[校准链路][校准源]",
        "gamma": 0.43749999999999994
      },
      {
        "module_id": "[校准链路][校准路径开关/耦合]",
        "gamma": 0.3125
      },
      {
        "module_id": "[校准链路][校准表/存储]",
        "gamma": 0.25000000000000006
      }
    ],
    "gating": {
      "disabled_modules": [
        "高频段YTF滤波器",
        "高频段混频器",
        "前置放大器",
        "衰减器"
      ],
      "topk_k": 3
    }
  },
  "evidence": {
    "global_offset_db": -0.09469999999999956,
    "hf_std_db": 0.00256521983120384,
    "p95_abs_dev_db": 0.005605000000001144,
    "inside_env_frac": 1.0,
    "peak_freq_mae_hz": 4106.261544485786,
    "peak_freq_outlier_frac": 0.0
  },
  "artifacts": {
    "output_json": "Output/batch_diagnosis/sim_00293_diagnosis.json"
  },
  "system_diagnosis": {
    "probabilities": {
      "正常": 8.405925981090982e-06,
      "幅度失准": 0.005794570098966705,
      "频率失准": 0.003559543446242134,
      "参考电平失准": 0.9906374804297463
    },
    "predicted_class": "参考电平失准",
    "max_prob": 0.9906374804297463,
    "is_normal": false
  },
  "module_diagnosis": {
    "probabilities": {
      "[校准链路][校准源]": 0.43749999999999994,
      "[校准链路][校准路径开关/耦合]": 0.3125,
      "[校准链路][校准表/存储]": 0.25000000000000006,
      "[RF板][RF] 输入衰减器组": 0.0,
      "[RF板][RF] 低频通路固定滤波/抑制网络": 0.0,
      "[RF板][Mixer1]": 0.0
    },
    "topk": [
      {
        "module": "[校准链路][校准源]",
        "probability": 0.43749999999999994
      },
      {
        "module": "[校准链路][校准路径开关/耦合]",
        "probability": 0.3125
      },
      {
        "module": "[校准链路][校准表/存储]",
        "probability": 0.25000000000000006
      }
    ],
    "disabled_modules": [
      "高频段YTF滤波器",
      "高频段混频器",
      "前置放大器",
      "衰减器"
    ]
  },
  "evidence_detail": {
    "viol_rate": 0.0,
    "envelope_violation": false,
    "violation_max_db": 0.0,
    "violation_energy": 0.0979708714986749,
    "baseline_coverage": 1.0
  },
  "config": {
    "mode": "unified_entry",
    "gating_status": "gated_ok",
    "run_name": null,
    "topk": 3
  },
  "uncertainty": {
    "is_uncertain": false,
    "reason": "",
    "top_class": "参考电平失准",
    "runner_up": "幅度失准",
    "max_prob": 0.9906374804297463,
    "second_prob": 0.005794570098966705,
    "prob_gap": 0.9848429103307796,
    "support_top_features": [],
    "support_runnerup_features": [],
    "conflict_features": [],
    "suggested_actions": []
  },
  "module_validation": {
    "sample_id": "sim_00293",
    "gt_module": "校准源",
    "gt_module_v2": "[校准链路][校准源]",
    "top1": "[校准链路][校准源]",
    "top3": [
      "[校准链路][校准源]",
      "[校准链路][校准路径开关/耦合]",
      "[校准链路][校准表/存储]"
    ],
    "top5": [
      "[校准链路][校准源]",
      "[校准链路][校准路径开关/耦合]",
      "[校准链路][校准表/存储]",
      "[RF板][RF] 输入衰减器组",
      "[RF板][RF] 低频通路固定滤波/抑制网络"
    ],
    "gt_rank": 1,
    "gt_prob": 0.43749999999999994,
    "top1_hit": true,
    "top3_hit": true,
    "top5_hit": true
  },
  "ground_truth": {
    "type": "fault",
    "system_class_en": "ref_error",
    "system_class_cn": "参考电平失准",
    "module": "校准源",
    "module_v2": "[校准链路][校准源]",
    "fault_params": {
      "severity": "severe",
      "tier_target": "edge",
      "type": "ref_miscal",
      "subtype": "ref_error_offset",
      "offset_db": 0.3268946679655076,
      "template_id": "T1",
      "mean_offset_db": -0.09471461093724519
    }
  }
}