{
  "status": "success",
  "meta": {
    "sample_id": "sim_00342",
    "input_file": "/home/runner/work/FMFD-python/FMFD-python/Output/sim_spectrum/raw_curves/sim_00342.csv",
    "operating_condition": {
      "inject_power_dbm": -10.0,
      "freq_start_hz": 10000000.0,
      "freq_end_hz": 8200000000.0,
      "step_hz": 10000000.0,
      "frontend": {
        "low_band_only": true,
        "ac_coupling": true,
        "preamp": false
      }
    }
  },
  "data_points": 820,
  "frequency_range": {
    "min": 10000000.0,
    "max": 8200000000.0
  },
  "features": {
    "X1": -9.92236743902439,
    "X2": 0.0006657721599246482,
    "X3": 0.00012901405193640542,
    "X4": 0.02839610047540268,
    "X5": 0.30980736901158296,
    "X6": 0.0008814743422218915,
    "X7": 0.05850000000000044,
    "X8": 0.023229390243902442,
    "X9": 0.0008063385222091643,
    "X10": 0.013209755396723503,
    "X11": 0.0,
    "X12": 0.0,
    "X13": 0.2733386697051683,
    "X14": 0.0056241758241759,
    "X15": 0.013733673745755307,
    "X16": -0.011905905864315596,
    "X17": 0.0,
    "X18": 0.0,
    "X19": -0.00010801743951194938,
    "X20": 0.10506642788214604,
    "X21": 5.0,
    "X22": 0.038322456867795215,
    "X23": 0.00010852789024390296,
    "X24": 0.01466535042571182,
    "X25": 0.00010852789024390296,
    "X26": 0.00014793008795574002,
    "X27": 5.581239499016422e-05,
    "X28": 0.16111328890002394,
    "X29": 1.5801476678217652,
    "X30": 0.0012100609756097967,
    "X31": 0.004309628133150737,
    "X32": -3.9455165486603203,
    "X33": 0.5969267338859465,
    "X34": 0.014954710423302743,
    "X35": 0.0003140882824433741,
    "X36": 0.8050070074663135,
    "X37": 0.02839610047540268,
    "offset_db": 0.009999999999999787,
    "viol_rate_aligned": 0.0,
    "viol_energy_aligned": 0.2733386697051683,
    "global_offset_db": 0.0,
    "shape_rmse": 0.010417672016525714,
    "ripple_hp": 0.0030308928385124044,
    "tail_asym": 0.006344999999999473,
    "compress_ratio": 0.19878048780487806,
    "compress_ratio_high": 0.2,
    "freq_shift_score": 0.05836184621294416,
    "offset_slope": 0.0008365891854499576,
    "high_low_energy_ratio": 2.869630073039159,
    "band_offset_db_1": -0.005300000000000082,
    "band_offset_db_2": -0.0002999999999993008,
    "band_offset_db_3": -0.0038499999999981327,
    "band_offset_db_4": 0.0030000000000001137
  },
  "system": {
    "probs": {
      "正常": 0.9992245715997984,
      "幅度失准": 0.0003658040562949297,
      "频率失准": 0.00018595949107982565,
      "参考电平失准": 0.00022366475290421577
    },
    "decision": "正常",
    "confidence": 0.9992245715997984,
    "is_normal": true
  },
  "module": {
    "topk": [
      {
        "module_id": "[RF板][RF] 输入连接/匹配/保护",
        "gamma": 0.058823529411764705
      },
      {
        "module_id": "[RF板][RF] 输入衰减器组",
        "gamma": 0.058823529411764705
      },
      {
        "module_id": "[RF板][RF] 低频通路固定滤波/抑制网络",
        "gamma": 0.058823529411764705
      }
    ],
    "gating": {
      "disabled_modules": [
        "高频段YTF滤波器",
        "高频段混频器",
        "前置放大器",
        "衰减器"
      ],
      "topk_k": 3
    }
  },
  "evidence": {
    "global_offset_db": 0.009999999999999787,
    "hf_std_db": 0.006204093086682175,
    "p95_abs_dev_db": 0.023305000000002435,
    "inside_env_frac": 1.0,
    "peak_freq_mae_hz": 4097.178336750244,
    "peak_freq_outlier_frac": 0.0
  },
  "artifacts": {
    "output_json": "Output/batch_diagnosis/sim_00342_diagnosis.json"
  },
  "system_diagnosis": {
    "probabilities": {
      "正常": 0.9992245715997984,
      "幅度失准": 0.0003658040562949297,
      "频率失准": 0.00018595949107982565,
      "参考电平失准": 0.00022366475290421577
    },
    "predicted_class": "正常",
    "max_prob": 0.9992245715997984,
    "is_normal": true
  },
  "module_diagnosis": {
    "probabilities": {
      "[RF板][RF] 输入连接/匹配/保护": 0.058823529411764705,
      "[RF板][RF] 输入衰减器组": 0.058823529411764705,
      "[RF板][RF] 低频通路固定滤波/抑制网络": 0.058823529411764705,
      "[RF板][RF] 高频通路固定滤波/抑制网络": 0.058823529411764705,
      "[RF板][Mixer1]": 0.058823529411764705
    },
    "topk": [
      {
        "module": "[RF板][RF] 输入连接/匹配/保护",
        "probability": 0.058823529411764705
      },
      {
        "module": "[RF板][RF] 输入衰减器组",
        "probability": 0.058823529411764705
      },
      {
        "module": "[RF板][RF] 低频通路固定滤波/抑制网络",
        "probability": 0.058823529411764705
      }
    ],
    "disabled_modules": [
      "高频段YTF滤波器",
      "高频段混频器",
      "前置放大器",
      "衰减器"
    ]
  },
  "evidence_detail": {
    "viol_rate": 0.0,
    "envelope_violation": false,
    "violation_max_db": 0.0,
    "violation_energy": 0.2733386697051683,
    "baseline_coverage": 1.0
  },
  "config": {
    "mode": "unified_entry",
    "gating_status": "gated_ok",
    "run_name": null,
    "topk": 3
  },
  "uncertainty": {
    "is_uncertain": false,
    "reason": "",
    "top_class": "正常",
    "runner_up": "幅度失准",
    "max_prob": 0.9992245715997984,
    "second_prob": 0.0003658040562949297,
    "prob_gap": 0.9988587675435034,
    "support_top_features": [],
    "support_runnerup_features": [],
    "conflict_features": [],
    "suggested_actions": []
  },
  "module_validation": {
    "sample_id": "sim_00342",
    "gt_module": null,
    "gt_module_v2": null,
    "top1": "[RF板][RF] 输入连接/匹配/保护",
    "top3": [
      "[RF板][RF] 输入连接/匹配/保护",
      "[RF板][RF] 输入衰减器组",
      "[RF板][RF] 低频通路固定滤波/抑制网络"
    ],
    "top5": [
      "[RF板][RF] 输入连接/匹配/保护",
      "[RF板][RF] 输入衰减器组",
      "[RF板][RF] 低频通路固定滤波/抑制网络",
      "[RF板][RF] 高频通路固定滤波/抑制网络",
      "[RF板][Mixer1]"
    ],
    "gt_rank": -1,
    "gt_prob": 0.0,
    "top1_hit": false,
    "top3_hit": false,
    "top5_hit": false
  },
  "ground_truth": {
    "type": "normal",
    "system_class_en": "normal",
    "system_class_cn": "正常",
    "module": null,
    "module_v2": null,
    "fault_params": {
      "severity": "light",
      "tier_target": "in_spec_weak",
      "type": "normal",
      "normal_state": "normal_state_A"
    }
  }
}