{
  "status": "success",
  "meta": {
    "sample_id": "sim_00267",
    "input_file": "/home/runner/work/FMFD-python/FMFD-python/Output/sim_spectrum/raw_curves/sim_00267.csv",
    "operating_condition": {
      "inject_power_dbm": -10.0,
      "freq_start_hz": 10000000.0,
      "freq_end_hz": 8200000000.0,
      "step_hz": 10000000.0,
      "frontend": {
        "low_band_only": true,
        "ac_coupling": true,
        "preamp": false
      }
    }
  },
  "data_points": 820,
  "frequency_range": {
    "min": 10000000.0,
    "max": 8200000000.0
  },
  "features": {
    "X1": -9.882147073170731,
    "X2": 0.0006000230406834557,
    "X3": 0.00023888373484963306,
    "X4": 0.028414193277901893,
    "X5": 0.266076845187203,
    "X6": 0.0008905030036287921,
    "X7": 0.08270000000000088,
    "X8": 0.02380146341463413,
    "X9": 0.0008073663796339651,
    "X10": 0.013452151481324165,
    "X11": 0.0,
    "X12": 0.0,
    "X13": 0.11271105170884388,
    "X14": 0.0025714285714284477,
    "X15": 0.002318332864473799,
    "X16": 0.0031008653209715024,
    "X17": 0.0,
    "X18": 0.0,
    "X19": -6.829909041521782e-05,
    "X20": -0.054492409064014424,
    "X21": 6.0,
    "X22": 0.03864617777086511,
    "X23": 1.3287146341463294e-05,
    "X24": 0.016722955540105944,
    "X25": 1.3287146341463294e-05,
    "X26": 0.00026619169279732844,
    "X27": 3.2069969103454034e-05,
    "X28": -0.15555555553829792,
    "X29": 0.14737455390687756,
    "X30": -0.0012955792682925876,
    "X31": 0.0018162300139065403,
    "X32": -1.4580679584710883,
    "X33": 0.6010026141489028,
    "X34": 0.013485311446778829,
    "X35": 0.00032165337358612116,
    "X36": 0.7998415504089278,
    "X37": 0.028414193277901893,
    "offset_db": 0.05129999999999946,
    "viol_rate_aligned": 0.0,
    "viol_energy_aligned": 0.11271105170884388,
    "global_offset_db": 0.0,
    "shape_rmse": 0.003645153815885318,
    "ripple_hp": 0.0032663471525265927,
    "tail_asym": -0.0020949999999986743,
    "compress_ratio": 0.2,
    "compress_ratio_high": 0.19661016949152543,
    "freq_shift_score": 0.006638917891914842,
    "offset_slope": 0.0006465549146397093,
    "high_low_energy_ratio": 0.20448697854438114,
    "band_offset_db_1": -0.0008999999999987907,
    "band_offset_db_2": -0.0008999999999996788,
    "band_offset_db_3": -0.0010999999999992127,
    "band_offset_db_4": 0.0015000000000018332
  },
  "system": {
    "probs": {
      "正常": 0.771731064269378,
      "幅度失准": 0.02445122174316473,
      "频率失准": 0.01535175302804186,
      "参考电平失准": 0.18846596088224252
    },
    "decision": "正常",
    "confidence": 0.771731064269378,
    "is_normal": true
  },
  "module": {
    "topk": [
      {
        "module_id": "[校准链路][校准源]",
        "gamma": 0.43749999999999994
      },
      {
        "module_id": "[校准链路][校准路径开关/耦合]",
        "gamma": 0.3125
      },
      {
        "module_id": "[校准链路][校准表/存储]",
        "gamma": 0.25000000000000006
      }
    ],
    "gating": {
      "disabled_modules": [
        "高频段YTF滤波器",
        "高频段混频器",
        "前置放大器",
        "衰减器"
      ],
      "topk_k": 3
    }
  },
  "evidence": {
    "global_offset_db": 0.05129999999999946,
    "hf_std_db": 0.0025419992947494324,
    "p95_abs_dev_db": 0.007904999999999336,
    "inside_env_frac": 1.0,
    "peak_freq_mae_hz": 4073.0114962565303,
    "peak_freq_outlier_frac": 0.0
  },
  "artifacts": {
    "output_json": "Output/batch_diagnosis/sim_00267_diagnosis.json"
  },
  "system_diagnosis": {
    "probabilities": {
      "正常": 0.771731064269378,
      "幅度失准": 0.02445122174316473,
      "频率失准": 0.01535175302804186,
      "参考电平失准": 0.18846596088224252
    },
    "predicted_class": "正常",
    "max_prob": 0.771731064269378,
    "is_normal": true
  },
  "module_diagnosis": {
    "probabilities": {
      "[校准链路][校准源]": 0.43749999999999994,
      "[校准链路][校准路径开关/耦合]": 0.3125,
      "[校准链路][校准表/存储]": 0.25000000000000006,
      "[RF板][RF] 输入衰减器组": 0.0,
      "[RF板][RF] 低频通路固定滤波/抑制网络": 0.0,
      "[RF板][Mixer1]": 0.0
    },
    "topk": [
      {
        "module": "[校准链路][校准源]",
        "probability": 0.43749999999999994
      },
      {
        "module": "[校准链路][校准路径开关/耦合]",
        "probability": 0.3125
      },
      {
        "module": "[校准链路][校准表/存储]",
        "probability": 0.25000000000000006
      }
    ],
    "disabled_modules": [
      "高频段YTF滤波器",
      "高频段混频器",
      "前置放大器",
      "衰减器"
    ]
  },
  "evidence_detail": {
    "viol_rate": 0.0,
    "envelope_violation": false,
    "violation_max_db": 0.0,
    "violation_energy": 0.11271105170884388,
    "baseline_coverage": 1.0
  },
  "config": {
    "mode": "unified_entry",
    "gating_status": "gated_ok",
    "run_name": null,
    "topk": 3
  },
  "uncertainty": {
    "is_uncertain": false,
    "reason": "",
    "top_class": "正常",
    "runner_up": "参考电平失准",
    "max_prob": 0.771731064269378,
    "second_prob": 0.18846596088224252,
    "prob_gap": 0.5832651033871354,
    "support_top_features": [],
    "support_runnerup_features": [],
    "conflict_features": [],
    "suggested_actions": []
  },
  "module_validation": {
    "sample_id": "sim_00267",
    "gt_module": "存储器",
    "gt_module_v2": "[校准链路][校准表/存储]",
    "top1": "[校准链路][校准源]",
    "top3": [
      "[校准链路][校准源]",
      "[校准链路][校准路径开关/耦合]",
      "[校准链路][校准表/存储]"
    ],
    "top5": [
      "[校准链路][校准源]",
      "[校准链路][校准路径开关/耦合]",
      "[校准链路][校准表/存储]",
      "[RF板][RF] 输入衰减器组",
      "[RF板][RF] 低频通路固定滤波/抑制网络"
    ],
    "gt_rank": 3,
    "gt_prob": 0.25000000000000006,
    "top1_hit": false,
    "top3_hit": true,
    "top5_hit": true
  },
  "ground_truth": {
    "type": "fault",
    "system_class_en": "ref_error",
    "system_class_cn": "参考电平失准",
    "module": "存储器",
    "module_v2": "[校准链路][校准表/存储]",
    "fault_params": {
      "severity": "light",
      "tier_target": "mild_oos",
      "type": "ref_miscal",
      "subtype": "ref_error_offset",
      "offset_db": 0.08166352614992817,
      "template_id": "T1",
      "mean_offset_db": 0.05092659912721243
    }
  }
}