{
  "status": "success",
  "meta": {
    "sample_id": "sim_00325",
    "input_file": "/home/runner/work/FMFD-python/FMFD-python/Output/sim_spectrum/raw_curves/sim_00325.csv",
    "operating_condition": {
      "inject_power_dbm": -10.0,
      "freq_start_hz": 10000000.0,
      "freq_end_hz": 8200000000.0,
      "step_hz": 10000000.0,
      "frontend": {
        "low_band_only": true,
        "ac_coupling": true,
        "preamp": false
      }
    }
  },
  "data_points": 820,
  "frequency_range": {
    "min": 10000000.0,
    "max": 8200000000.0
  },
  "features": {
    "X1": -9.953784390243902,
    "X2": 0.0007191163940115014,
    "X3": 0.0001418192700610441,
    "X4": 0.029374352779858486,
    "X5": 0.28226145485123655,
    "X6": 0.0009572997807257589,
    "X7": 0.07129999999999903,
    "X8": 0.024231951219512205,
    "X9": 0.0008628526012355798,
    "X10": 0.012919997186732242,
    "X11": 0.0,
    "X12": 0.0,
    "X13": 0.18029926333043644,
    "X14": 0.006362271062270972,
    "X15": 0.007267286570642727,
    "X16": -0.00498127412947334,
    "X17": 0.0,
    "X18": 0.0,
    "X19": 2.1146661837843838e-05,
    "X20": 0.1699915181351943,
    "X21": 5.0,
    "X22": 0.035531396995267216,
    "X23": 0.00011593419512195058,
    "X24": 0.011689958679097945,
    "X25": 0.00011593419512195058,
    "X26": 0.00038557583572381283,
    "X27": 0.00015923829712581632,
    "X28": -0.07866761162023084,
    "X29": -0.4077524147601349,
    "X30": 0.004100152439024608,
    "X31": 0.004055068831015251,
    "X32": -4.728543349899655,
    "X33": 0.5730228624807551,
    "X34": 0.016191717013854367,
    "X35": 0.0003143343618665948,
    "X36": 0.817527882345827,
    "X37": 0.029374352779858483,
    "offset_db": -0.020000000000000462,
    "viol_rate_aligned": 0.0,
    "viol_energy_aligned": 0.18029926333043644,
    "global_offset_db": 0.0,
    "shape_rmse": 0.010767274266124671,
    "ripple_hp": 0.0027068211635599263,
    "tail_asym": -0.003994999999996113,
    "compress_ratio": 0.2,
    "compress_ratio_high": 0.2,
    "freq_shift_score": 0.06053355115807735,
    "offset_slope": 0.00039288736772474727,
    "high_low_energy_ratio": 0.7817331592029941,
    "band_offset_db_1": -0.010799999999999699,
    "band_offset_db_2": -0.0012999999999987466,
    "band_offset_db_3": -0.0017499999999994742,
    "band_offset_db_4": 0.004300000000000637
  },
  "system": {
    "probs": {
      "正常": 0.9959553815993505,
      "幅度失准": 0.0020489600311287873,
      "频率失准": 0.0006374129160057399,
      "参考电平失准": 0.0013582453539194045
    },
    "decision": "正常",
    "confidence": 0.9959553815993505,
    "is_normal": true
  },
  "module": {
    "topk": [
      {
        "module_id": "[RF板][RF] 输入连接/匹配/保护",
        "gamma": 0.058823529411764705
      },
      {
        "module_id": "[RF板][RF] 输入衰减器组",
        "gamma": 0.058823529411764705
      },
      {
        "module_id": "[RF板][RF] 低频通路固定滤波/抑制网络",
        "gamma": 0.058823529411764705
      }
    ],
    "gating": {
      "disabled_modules": [
        "高频段YTF滤波器",
        "高频段混频器",
        "前置放大器",
        "衰减器"
      ],
      "topk_k": 3
    }
  },
  "evidence": {
    "global_offset_db": -0.020000000000000462,
    "hf_std_db": 0.005612206234779787,
    "p95_abs_dev_db": 0.021010000000000674,
    "inside_env_frac": 1.0,
    "peak_freq_mae_hz": 3891.4798348264767,
    "peak_freq_outlier_frac": 0.0
  },
  "artifacts": {
    "output_json": "Output/batch_diagnosis/sim_00325_diagnosis.json"
  },
  "system_diagnosis": {
    "probabilities": {
      "正常": 0.9959553815993505,
      "幅度失准": 0.0020489600311287873,
      "频率失准": 0.0006374129160057399,
      "参考电平失准": 0.0013582453539194045
    },
    "predicted_class": "正常",
    "max_prob": 0.9959553815993505,
    "is_normal": true
  },
  "module_diagnosis": {
    "probabilities": {
      "[RF板][RF] 输入连接/匹配/保护": 0.058823529411764705,
      "[RF板][RF] 输入衰减器组": 0.058823529411764705,
      "[RF板][RF] 低频通路固定滤波/抑制网络": 0.058823529411764705,
      "[RF板][RF] 高频通路固定滤波/抑制网络": 0.058823529411764705,
      "[RF板][Mixer1]": 0.058823529411764705
    },
    "topk": [
      {
        "module": "[RF板][RF] 输入连接/匹配/保护",
        "probability": 0.058823529411764705
      },
      {
        "module": "[RF板][RF] 输入衰减器组",
        "probability": 0.058823529411764705
      },
      {
        "module": "[RF板][RF] 低频通路固定滤波/抑制网络",
        "probability": 0.058823529411764705
      }
    ],
    "disabled_modules": [
      "高频段YTF滤波器",
      "高频段混频器",
      "前置放大器",
      "衰减器"
    ]
  },
  "evidence_detail": {
    "viol_rate": 0.0,
    "envelope_violation": false,
    "violation_max_db": 0.0,
    "violation_energy": 0.18029926333043644,
    "baseline_coverage": 1.0
  },
  "config": {
    "mode": "unified_entry",
    "gating_status": "gated_ok",
    "run_name": null,
    "topk": 3
  },
  "uncertainty": {
    "is_uncertain": false,
    "reason": "",
    "top_class": "正常",
    "runner_up": "幅度失准",
    "max_prob": 0.9959553815993505,
    "second_prob": 0.0020489600311287873,
    "prob_gap": 0.9939064215682217,
    "support_top_features": [],
    "support_runnerup_features": [],
    "conflict_features": [],
    "suggested_actions": []
  },
  "module_validation": {
    "sample_id": "sim_00325",
    "gt_module": null,
    "gt_module_v2": null,
    "top1": "[RF板][RF] 输入连接/匹配/保护",
    "top3": [
      "[RF板][RF] 输入连接/匹配/保护",
      "[RF板][RF] 输入衰减器组",
      "[RF板][RF] 低频通路固定滤波/抑制网络"
    ],
    "top5": [
      "[RF板][RF] 输入连接/匹配/保护",
      "[RF板][RF] 输入衰减器组",
      "[RF板][RF] 低频通路固定滤波/抑制网络",
      "[RF板][RF] 高频通路固定滤波/抑制网络",
      "[RF板][Mixer1]"
    ],
    "gt_rank": -1,
    "gt_prob": 0.0,
    "top1_hit": false,
    "top3_hit": false,
    "top5_hit": false
  },
  "ground_truth": {
    "type": "normal",
    "system_class_en": "normal",
    "system_class_cn": "正常",
    "module": null,
    "module_v2": null,
    "fault_params": {
      "severity": "light",
      "tier_target": "in_spec_weak",
      "type": "normal",
      "normal_state": "normal_state_A"
    }
  }
}