{
  "status": "success",
  "meta": {
    "sample_id": "sim_00297",
    "input_file": "/home/runner/work/FMFD-python/FMFD-python/Output/sim_spectrum/raw_curves/sim_00297.csv",
    "operating_condition": {
      "inject_power_dbm": -10.0,
      "freq_start_hz": 10000000.0,
      "freq_end_hz": 8200000000.0,
      "step_hz": 10000000.0,
      "frontend": {
        "low_band_only": true,
        "ac_coupling": true,
        "preamp": false
      }
    }
  },
  "data_points": 820,
  "frequency_range": {
    "min": 10000000.0,
    "max": 8200000000.0
  },
  "features": {
    "X1": -9.877488414634147,
    "X2": 0.0006411435578607319,
    "X3": 0.0002650021084706321,
    "X4": 0.029675565784717667,
    "X5": 0.2684040551105742,
    "X6": 0.000977949365779298,
    "X7": 0.07789999999999964,
    "X8": 0.024725731707317067,
    "X9": 0.0008806392046431059,
    "X10": 0.014446655528658542,
    "X11": 0.0,
    "X12": 0.0,
    "X13": 0.14902521993386791,
    "X14": 0.0032822344322344476,
    "X15": 0.0028608040846334836,
    "X16": 0.0024787722934524526,
    "X17": 0.0,
    "X18": 0.0,
    "X19": -3.142315889176394e-05,
    "X20": 0.028354607240054897,
    "X21": 7.0,
    "X22": 0.041294861609671475,
    "X23": 1.4177548780487795e-05,
    "X24": 0.02621983401001149,
    "X25": 1.4177548780487795e-05,
    "X26": 0.0005213335991126535,
    "X27": 3.263677927885743e-06,
    "X28": -0.16867469877488941,
    "X29": 0.0390118453777139,
    "X30": 0.0012408536585366697,
    "X31": 0.0008473907532171622,
    "X32": -1.091708880876979,
    "X33": 0.5739687944829122,
    "X34": 0.015101803702462474,
    "X35": 0.000322175812219256,
    "X36": 0.8163313561799846,
    "X37": 0.029675565784717667,
    "offset_db": 0.055950000000000166,
    "viol_rate_aligned": 0.0,
    "viol_energy_aligned": 0.14902521993386791,
    "global_offset_db": 0.0,
    "shape_rmse": 0.0037653085903399464,
    "ripple_hp": 0.004087600622267287,
    "tail_asym": -0.0018000000000029139,
    "compress_ratio": 0.19878048780487806,
    "compress_ratio_high": 0.19661016949152543,
    "freq_shift_score": 0.007177467259378512,
    "offset_slope": 0.0003311260202321665,
    "high_low_energy_ratio": 0.08238737423649087,
    "band_offset_db_1": -0.005799999999999805,
    "band_offset_db_2": -0.00024999999999941735,
    "band_offset_db_3": 0.0006499999999984851,
    "band_offset_db_4": -0.00015000000000142677
  },
  "system": {
    "probs": {
      "正常": 0.964611977399568,
      "幅度失准": 0.006473686041354949,
      "频率失准": 0.005482553484491591,
      "参考电平失准": 0.02343178297812425
    },
    "decision": "正常",
    "confidence": 0.964611977399568,
    "is_normal": true
  },
  "module": {
    "topk": [
      {
        "module_id": "[校准链路][校准源]",
        "gamma": 0.43749999999999994
      },
      {
        "module_id": "[校准链路][校准路径开关/耦合]",
        "gamma": 0.3125
      },
      {
        "module_id": "[校准链路][校准表/存储]",
        "gamma": 0.25000000000000006
      }
    ],
    "gating": {
      "disabled_modules": [
        "高频段YTF滤波器",
        "高频段混频器",
        "前置放大器",
        "衰减器"
      ],
      "topk_k": 3
    }
  },
  "evidence": {
    "global_offset_db": 0.055950000000000166,
    "hf_std_db": 0.0032109050237110926,
    "p95_abs_dev_db": 0.007749999999998014,
    "inside_env_frac": 1.0,
    "peak_freq_mae_hz": 4032.1186785867167,
    "peak_freq_outlier_frac": 0.0
  },
  "artifacts": {
    "output_json": "Output/batch_diagnosis/sim_00297_diagnosis.json"
  },
  "system_diagnosis": {
    "probabilities": {
      "正常": 0.964611977399568,
      "幅度失准": 0.006473686041354949,
      "频率失准": 0.005482553484491591,
      "参考电平失准": 0.02343178297812425
    },
    "predicted_class": "正常",
    "max_prob": 0.964611977399568,
    "is_normal": true
  },
  "module_diagnosis": {
    "probabilities": {
      "[校准链路][校准源]": 0.43749999999999994,
      "[校准链路][校准路径开关/耦合]": 0.3125,
      "[校准链路][校准表/存储]": 0.25000000000000006,
      "[RF板][RF] 输入衰减器组": 0.0,
      "[RF板][RF] 低频通路固定滤波/抑制网络": 0.0,
      "[RF板][Mixer1]": 0.0
    },
    "topk": [
      {
        "module": "[校准链路][校准源]",
        "probability": 0.43749999999999994
      },
      {
        "module": "[校准链路][校准路径开关/耦合]",
        "probability": 0.3125
      },
      {
        "module": "[校准链路][校准表/存储]",
        "probability": 0.25000000000000006
      }
    ],
    "disabled_modules": [
      "高频段YTF滤波器",
      "高频段混频器",
      "前置放大器",
      "衰减器"
    ]
  },
  "evidence_detail": {
    "viol_rate": 0.0,
    "envelope_violation": false,
    "violation_max_db": 0.0,
    "violation_energy": 0.14902521993386791,
    "baseline_coverage": 1.0
  },
  "config": {
    "mode": "unified_entry",
    "gating_status": "gated_ok",
    "run_name": null,
    "topk": 3
  },
  "uncertainty": {
    "is_uncertain": false,
    "reason": "",
    "top_class": "正常",
    "runner_up": "参考电平失准",
    "max_prob": 0.964611977399568,
    "second_prob": 0.02343178297812425,
    "prob_gap": 0.9411801944214438,
    "support_top_features": [],
    "support_runnerup_features": [],
    "conflict_features": [],
    "suggested_actions": []
  },
  "module_validation": {
    "sample_id": "sim_00297",
    "gt_module": "校准源",
    "gt_module_v2": "[校准链路][校准源]",
    "top1": "[校准链路][校准源]",
    "top3": [
      "[校准链路][校准源]",
      "[校准链路][校准路径开关/耦合]",
      "[校准链路][校准表/存储]"
    ],
    "top5": [
      "[校准链路][校准源]",
      "[校准链路][校准路径开关/耦合]",
      "[校准链路][校准表/存储]",
      "[RF板][RF] 输入衰减器组",
      "[RF板][RF] 低频通路固定滤波/抑制网络"
    ],
    "gt_rank": 1,
    "gt_prob": 0.43749999999999994,
    "top1_hit": true,
    "top3_hit": true,
    "top5_hit": true
  },
  "ground_truth": {
    "type": "fault",
    "system_class_en": "ref_error",
    "system_class_cn": "参考电平失准",
    "module": "校准源",
    "module_v2": "[校准链路][校准源]",
    "fault_params": {
      "severity": "light",
      "tier_target": "mild_oos",
      "type": "ref_miscal",
      "subtype": "ref_error_offset",
      "offset_db": -0.09256437561921202,
      "template_id": "T1",
      "mean_offset_db": 0.05558541480182082
    }
  }
}