{
  "status": "success",
  "meta": {
    "sample_id": "sim_00165",
    "input_file": "/home/runner/work/FMFD-python/FMFD-python/Output/sim_spectrum/raw_curves/sim_00165.csv",
    "operating_condition": {
      "inject_power_dbm": -10.0,
      "freq_start_hz": 10000000.0,
      "freq_end_hz": 8200000000.0,
      "step_hz": 10000000.0,
      "frontend": {
        "low_band_only": true,
        "ac_coupling": true,
        "preamp": false
      }
    }
  },
  "data_points": 820,
  "frequency_range": {
    "min": 10000000.0,
    "max": 8200000000.0
  },
  "features": {
    "X1": -9.93307256097561,
    "X2": 0.0006257126909825488,
    "X3": 0.00024130181056408788,
    "X4": 0.029182508259948784,
    "X5": 0.2782750276747725,
    "X6": 0.0009683786983194525,
    "X7": 0.07980000000000054,
    "X8": 0.02457329268292685,
    "X9": 0.000851618788341979,
    "X10": 0.01499052705587271,
    "X11": 0.0,
    "X12": 0.0,
    "X13": 0.09500577763897847,
    "X14": 0.0019340659340660073,
    "X15": 0.00269358168231264,
    "X16": 0.02061804606730444,
    "X17": 0.0,
    "X18": 0.0,
    "X19": -7.058698165508563e-05,
    "X20": 0.01633474061961282,
    "X21": 4.0,
    "X22": 0.04069009236494215,
    "X23": 8.260304878049022e-06,
    "X24": 0.026188360076904615,
    "X25": 8.260304878049022e-06,
    "X26": 0.0005038425764296372,
    "X27": 1.1878975468736707e-06,
    "X28": -0.018181818178148314,
    "X29": -0.2973883757925125,
    "X30": 0.0008246951219513012,
    "X31": 0.0003187588866848343,
    "X32": 0.049391531123462305,
    "X33": 0.579333557042067,
    "X34": 0.01538129627825579,
    "X35": 0.00032501439600692256,
    "X36": 0.8086551254352422,
    "X37": 0.029182508259948784,
    "offset_db": 9.999999999976694e-05,
    "viol_rate_aligned": 0.0,
    "viol_energy_aligned": 0.09500577763897847,
    "global_offset_db": 0.0,
    "shape_rmse": 0.0028740746124707728,
    "ripple_hp": 0.004100294771075291,
    "tail_asym": -0.00010500000000135401,
    "compress_ratio": 0.2,
    "compress_ratio_high": 0.2,
    "freq_shift_score": 0.004253053777553029,
    "offset_slope": -6.638360302832684e-05,
    "high_low_energy_ratio": 0.5666344283668182,
    "band_offset_db_1": 0.000300000000000189,
    "band_offset_db_2": 0.0,
    "band_offset_db_3": 0.0004000000000008441,
    "band_offset_db_4": -0.00019999999999953388
  },
  "system": {
    "probs": {
      "正常": 0.9602371265420082,
      "幅度失准": 0.01976289563513158,
      "频率失准": 0.005253951743840805,
      "参考电平失准": 0.014746025982995488
    },
    "decision": "正常",
    "confidence": 0.9602371265420082,
    "is_normal": true
  },
  "module": {
    "topk": [
      {
        "module_id": "[校准链路][校准源]",
        "gamma": 0.18694836190336644
      },
      {
        "module_id": "[校准链路][校准路径开关/耦合]",
        "gamma": 0.13353454421669034
      },
      {
        "module_id": "[RF板][RF] 低频通路固定滤波/抑制网络",
        "gamma": 0.11044373042552644
      }
    ],
    "gating": {
      "disabled_modules": [
        "高频段YTF滤波器",
        "高频段混频器",
        "前置放大器",
        "衰减器"
      ],
      "topk_k": 3
    }
  },
  "evidence": {
    "global_offset_db": 9.999999999976694e-05,
    "hf_std_db": 0.002850643863946822,
    "p95_abs_dev_db": 0.004999999999999005,
    "inside_env_frac": 1.0,
    "peak_freq_mae_hz": 141151.11122476467,
    "peak_freq_outlier_frac": 0.003658536585365854
  },
  "artifacts": {
    "output_json": "Output/batch_diagnosis/sim_00165_diagnosis.json"
  },
  "system_diagnosis": {
    "probabilities": {
      "正常": 0.9602371265420082,
      "幅度失准": 0.01976289563513158,
      "频率失准": 0.005253951743840805,
      "参考电平失准": 0.014746025982995488
    },
    "predicted_class": "正常",
    "max_prob": 0.9602371265420082,
    "is_normal": true
  },
  "module_diagnosis": {
    "probabilities": {
      "[校准链路][校准源]": 0.18694836190336644,
      "[校准链路][校准路径开关/耦合]": 0.13353454421669034,
      "[RF板][RF] 低频通路固定滤波/抑制网络": 0.11044373042552644,
      "[校准链路][校准表/存储]": 0.1068276353733523,
      "[数字中频板][ADC] 数字检波与平均": 0.09615842032858553,
      "[数字中频板][IF] 中频放大/衰减链": 0.09369281980733972,
      "[RF板][Mixer1]": 0.07997649444607088,
      "[数字中频板][DSP] 数字增益/偏置校准": 0.059174412509898765,
      "[RF板][RF] 输入连接/匹配/保护": 0.05077872663242596,
      "[数字中频板][IF] RBW数字滤波器": 0.04438080938242408
    },
    "topk": [
      {
        "module": "[校准链路][校准源]",
        "probability": 0.18694836190336644
      },
      {
        "module": "[校准链路][校准路径开关/耦合]",
        "probability": 0.13353454421669034
      },
      {
        "module": "[RF板][RF] 低频通路固定滤波/抑制网络",
        "probability": 0.11044373042552644
      }
    ],
    "disabled_modules": [
      "高频段YTF滤波器",
      "高频段混频器",
      "前置放大器",
      "衰减器"
    ]
  },
  "evidence_detail": {
    "viol_rate": 0.0,
    "envelope_violation": false,
    "violation_max_db": 0.0,
    "violation_energy": 0.09500577763897847,
    "baseline_coverage": 1.0
  },
  "config": {
    "mode": "unified_entry",
    "gating_status": "gated_ok",
    "run_name": null,
    "topk": 3
  },
  "uncertainty": {
    "is_uncertain": false,
    "reason": "",
    "top_class": "正常",
    "runner_up": "幅度失准",
    "max_prob": 0.9602371265420082,
    "second_prob": 0.01976289563513158,
    "prob_gap": 0.9404742309068767,
    "support_top_features": [],
    "support_runnerup_features": [],
    "conflict_features": [],
    "suggested_actions": []
  },
  "module_validation": {
    "sample_id": "sim_00165",
    "gt_module": "本振混频组件",
    "gt_module_v2": "[RF板][LO1] LO1 注入链",
    "top1": "[校准链路][校准源]",
    "top3": [
      "[校准链路][校准源]",
      "[校准链路][校准路径开关/耦合]",
      "[RF板][RF] 低频通路固定滤波/抑制网络"
    ],
    "top5": [
      "[校准链路][校准源]",
      "[校准链路][校准路径开关/耦合]",
      "[RF板][RF] 低频通路固定滤波/抑制网络",
      "[校准链路][校准表/存储]",
      "[数字中频板][ADC] 数字检波与平均"
    ],
    "gt_rank": -1,
    "gt_prob": 0.0,
    "top1_hit": false,
    "top3_hit": false,
    "top5_hit": false
  },
  "ground_truth": {
    "type": "fault",
    "system_class_en": "freq_error",
    "system_class_cn": "频率失准",
    "module": "本振混频组件",
    "module_v2": "[RF板][LO1] LO1 注入链",
    "fault_params": {
      "severity": "mid",
      "tier_target": "in_spec_weak",
      "type": "lo_path_error",
      "track_type": "spike",
      "template_id": "T8",
      "forced_peak_track_type": true,
      "peak_track_profile": {
        "bands": [],
        "track_type": "spike"
      },
      "freq_amp_coupling": {
        "bias_db_min": -0.1,
        "bias_db_max": -0.02
      },
      "peak_track_warning": "peak_freq mismatch too weak"
    }
  }
}