{
  "status": "success",
  "meta": {
    "sample_id": "sim_00368",
    "input_file": "/home/runner/work/FMFD-python/FMFD-python/Output/sim_spectrum/raw_curves/sim_00368.csv",
    "operating_condition": {
      "inject_power_dbm": -10.0,
      "freq_start_hz": 10000000.0,
      "freq_end_hz": 8200000000.0,
      "step_hz": 10000000.0,
      "frontend": {
        "low_band_only": true,
        "ac_coupling": true,
        "preamp": false
      }
    }
  },
  "data_points": 820,
  "frequency_range": {
    "min": 10000000.0,
    "max": 8200000000.0
  },
  "features": {
    "X1": -9.912417073170733,
    "X2": 0.0005280671108467199,
    "X3": 0.0001609558853535871,
    "X4": 0.028584184758053643,
    "X5": 0.268803488550298,
    "X6": 0.001016047781677575,
    "X7": 0.08330000000000126,
    "X8": 0.025322926829268302,
    "X9": 0.0008170556182825462,
    "X10": 0.015582255306222715,
    "X11": 0.0,
    "X12": 0.0,
    "X13": 0.009422237048739908,
    "X14": 0.012454945054945184,
    "X15": 0.010316388083952972,
    "X16": 0.000893328618080965,
    "X17": 0.0,
    "X18": 0.0,
    "X19": 1.3627752782425745e-05,
    "X20": -0.014054119825220202,
    "X21": 5.0,
    "X22": 0.031261841506262905,
    "X23": 0.00015220892682926706,
    "X24": 0.015885026505729094,
    "X25": 0.00015220892682926706,
    "X26": 0.0011205016436652998,
    "X27": 5.066586161800462e-05,
    "X28": 0.12099164645318666,
    "X29": -0.7765593791490162,
    "X30": 0.005080030487804928,
    "X31": 0.005833367869079852,
    "X32": -4.170203318639527,
    "X33": 0.5662258071340375,
    "X34": 0.014468174586449082,
    "X35": 0.0003257567706828528,
    "X36": 0.7988270536331414,
    "X37": 0.028584184758053643,
    "offset_db": 0.019999999999999574,
    "viol_rate_aligned": 0.0,
    "viol_energy_aligned": 0.009422237048739908,
    "global_offset_db": 0.0,
    "shape_rmse": 0.012337298198117247,
    "ripple_hp": 0.0032056663912362147,
    "tail_asym": 0.0035899999999988268,
    "compress_ratio": 0.2,
    "compress_ratio_high": 0.2,
    "freq_shift_score": 0.07669491589926059,
    "offset_slope": -0.001460858007544031,
    "high_low_energy_ratio": 4.965646525710881,
    "band_offset_db_1": 0.0027999999999996916,
    "band_offset_db_2": 0.00709999999999944,
    "band_offset_db_3": -0.005199999999999427,
    "band_offset_db_4": -0.0010000000000012221
  },
  "system": {
    "probs": {
      "正常": 0.9891354172237197,
      "幅度失准": 0.007048719244281903,
      "频率失准": 0.0016404211745578866,
      "参考电平失准": 0.0021754422585269343
    },
    "decision": "正常",
    "confidence": 0.9891354172237197,
    "is_normal": true
  },
  "module": {
    "topk": [
      {
        "module_id": "[RF板][RF] 输入连接/匹配/保护",
        "gamma": 0.058823529411764705
      },
      {
        "module_id": "[RF板][RF] 输入衰减器组",
        "gamma": 0.058823529411764705
      },
      {
        "module_id": "[RF板][RF] 低频通路固定滤波/抑制网络",
        "gamma": 0.058823529411764705
      }
    ],
    "gating": {
      "disabled_modules": [
        "高频段YTF滤波器",
        "高频段混频器",
        "前置放大器",
        "衰减器"
      ],
      "topk_k": 3
    }
  },
  "evidence": {
    "global_offset_db": 0.019999999999999574,
    "hf_std_db": 0.006380071444364723,
    "p95_abs_dev_db": 0.022700000000000387,
    "inside_env_frac": 1.0,
    "peak_freq_mae_hz": 3946.3436392272392,
    "peak_freq_outlier_frac": 0.0
  },
  "artifacts": {
    "output_json": "Output/batch_diagnosis/sim_00368_diagnosis.json"
  },
  "system_diagnosis": {
    "probabilities": {
      "正常": 0.9891354172237197,
      "幅度失准": 0.007048719244281903,
      "频率失准": 0.0016404211745578866,
      "参考电平失准": 0.0021754422585269343
    },
    "predicted_class": "正常",
    "max_prob": 0.9891354172237197,
    "is_normal": true
  },
  "module_diagnosis": {
    "probabilities": {
      "[RF板][RF] 输入连接/匹配/保护": 0.058823529411764705,
      "[RF板][RF] 输入衰减器组": 0.058823529411764705,
      "[RF板][RF] 低频通路固定滤波/抑制网络": 0.058823529411764705,
      "[RF板][RF] 高频通路固定滤波/抑制网络": 0.058823529411764705,
      "[RF板][Mixer1]": 0.058823529411764705
    },
    "topk": [
      {
        "module": "[RF板][RF] 输入连接/匹配/保护",
        "probability": 0.058823529411764705
      },
      {
        "module": "[RF板][RF] 输入衰减器组",
        "probability": 0.058823529411764705
      },
      {
        "module": "[RF板][RF] 低频通路固定滤波/抑制网络",
        "probability": 0.058823529411764705
      }
    ],
    "disabled_modules": [
      "高频段YTF滤波器",
      "高频段混频器",
      "前置放大器",
      "衰减器"
    ]
  },
  "evidence_detail": {
    "viol_rate": 0.0,
    "envelope_violation": false,
    "violation_max_db": 0.0,
    "violation_energy": 0.009422237048739908,
    "baseline_coverage": 1.0
  },
  "config": {
    "mode": "unified_entry",
    "gating_status": "gated_ok",
    "run_name": null,
    "topk": 3
  },
  "uncertainty": {
    "is_uncertain": false,
    "reason": "",
    "top_class": "正常",
    "runner_up": "幅度失准",
    "max_prob": 0.9891354172237197,
    "second_prob": 0.007048719244281903,
    "prob_gap": 0.9820866979794378,
    "support_top_features": [],
    "support_runnerup_features": [],
    "conflict_features": [],
    "suggested_actions": []
  },
  "module_validation": {
    "sample_id": "sim_00368",
    "gt_module": null,
    "gt_module_v2": null,
    "top1": "[RF板][RF] 输入连接/匹配/保护",
    "top3": [
      "[RF板][RF] 输入连接/匹配/保护",
      "[RF板][RF] 输入衰减器组",
      "[RF板][RF] 低频通路固定滤波/抑制网络"
    ],
    "top5": [
      "[RF板][RF] 输入连接/匹配/保护",
      "[RF板][RF] 输入衰减器组",
      "[RF板][RF] 低频通路固定滤波/抑制网络",
      "[RF板][RF] 高频通路固定滤波/抑制网络",
      "[RF板][Mixer1]"
    ],
    "gt_rank": -1,
    "gt_prob": 0.0,
    "top1_hit": false,
    "top3_hit": false,
    "top5_hit": false
  },
  "ground_truth": {
    "type": "normal",
    "system_class_en": "normal",
    "system_class_cn": "正常",
    "module": null,
    "module_v2": null,
    "fault_params": {
      "severity": "mid",
      "tier_target": "in_spec_weak",
      "type": "normal",
      "normal_state": "normal_state_A"
    }
  }
}