{
  "status": "success",
  "meta": {
    "sample_id": "sim_00003",
    "input_file": "/home/runner/work/FMFD-python/FMFD-python/Output/sim_spectrum/raw_curves/sim_00003.csv",
    "operating_condition": {
      "inject_power_dbm": -10.0,
      "freq_start_hz": 10000000.0,
      "freq_end_hz": 8200000000.0,
      "step_hz": 10000000.0,
      "frontend": {
        "low_band_only": true,
        "ac_coupling": true,
        "preamp": false
      }
    }
  },
  "data_points": 820,
  "frequency_range": {
    "min": 10000000.0,
    "max": 8200000000.0
  },
  "features": {
    "X1": -9.933072926829267,
    "X2": 0.00314112229538469,
    "X3": 0.00016138329275091931,
    "X4": 0.05644991307585581,
    "X5": 0.32966704320345525,
    "X6": 0.003272544413384888,
    "X7": 0.2272999999999996,
    "X8": 0.045977804878048756,
    "X9": 0.0031865926862716764,
    "X10": 0.015065313022120604,
    "X11": 0.032926829268292684,
    "X12": 0.05372930533458309,
    "X13": 0.6819328102262915,
    "X14": 0.04003241758241761,
    "X15": 0.04632045417593905,
    "X16": -0.012914788827073285,
    "X17": 0.0,
    "X18": 0.0,
    "X19": -8.860581409929463e-06,
    "X20": -0.11116720293310056,
    "X21": 3.0,
    "X22": 0.014896990083982532,
    "X23": 0.0022150513292682923,
    "X24": 0.628991169054705,
    "X25": 0.0022150513292682923,
    "X26": 0.00040528653654895114,
    "X27": 7.631667452341097e-05,
    "X28": -0.07594725421399344,
    "X29": -0.15652015477533787,
    "X30": 0.06832286585365849,
    "X31": 0.0016902530795514057,
    "X32": -0.03270928884813228,
    "X33": 1.251825595480849,
    "X34": 0.014192150993176299,
    "X35": 0.005128297408555352,
    "X36": 0.1957943987285086,
    "X37": 0.05644991307585581,
    "offset_db": 0.002349999999999852,
    "viol_rate_aligned": 0.032926829268292684,
    "viol_energy_aligned": 0.6819328102262915,
    "global_offset_db": 0.0,
    "shape_rmse": 0.047064331815806035,
    "ripple_hp": 0.0670943756892296,
    "tail_asym": -0.00471999999999978,
    "compress_ratio": 0.19878048780487806,
    "compress_ratio_high": 0.19661016949152543,
    "freq_shift_score": 0.4291507496004924,
    "offset_slope": 0.0005818831654071974,
    "high_low_energy_ratio": 0.7779479025171556,
    "band_offset_db_1": -0.007500000000000284,
    "band_offset_db_2": -0.0005499999999969418,
    "band_offset_db_3": -0.00039999999999995595,
    "band_offset_db_4": 0.0002500000000011937
  },
  "system": {
    "probs": {
      "正常": 2.1126638978599323e-07,
      "幅度失准": 0.9987361521118193,
      "频率失准": 0.001263353140103579,
      "参考电平失准": 2.8338181383911726e-07
    },
    "decision": "幅度失准",
    "confidence": 0.9987361521118193,
    "is_normal": false
  },
  "module": {
    "topk": [
      {
        "module_id": "[RF板][RF] 低频通路固定滤波/抑制网络",
        "gamma": 0.19285099242708584
      },
      {
        "module_id": "[数字中频板][ADC] 数字检波与平均",
        "gamma": 0.16790674055593582
      },
      {
        "module_id": "[数字中频板][IF] 中频放大/衰减链",
        "gamma": 0.16360143951604
      }
    ],
    "gating": {
      "disabled_modules": [
        "高频段YTF滤波器",
        "高频段混频器",
        "前置放大器",
        "衰减器"
      ],
      "topk_k": 3
    }
  },
  "evidence": {
    "global_offset_db": 0.002349999999999852,
    "hf_std_db": 0.04679786562190648,
    "p95_abs_dev_db": 0.09116999999999907,
    "inside_env_frac": 0.9670731707317073,
    "peak_freq_mae_hz": 3778.7415665128906,
    "peak_freq_outlier_frac": 0.0
  },
  "artifacts": {
    "output_json": "Output/batch_diagnosis/sim_00003_diagnosis.json"
  },
  "system_diagnosis": {
    "probabilities": {
      "正常": 2.1126638978599323e-07,
      "幅度失准": 0.9987361521118193,
      "频率失准": 0.001263353140103579,
      "参考电平失准": 2.8338181383911726e-07
    },
    "predicted_class": "幅度失准",
    "max_prob": 0.9987361521118193,
    "is_normal": false
  },
  "module_diagnosis": {
    "probabilities": {
      "[RF板][RF] 低频通路固定滤波/抑制网络": 0.19285099242708584,
      "[数字中频板][ADC] 数字检波与平均": 0.16790674055593582,
      "[数字中频板][IF] 中频放大/衰减链": 0.16360143951604,
      "[RF板][Mixer1]": 0.13965071865409664,
      "[数字中频板][DSP] 数字增益/偏置校准": 0.10332722495749894,
      "[RF板][RF] 输入连接/匹配/保护": 0.08866712295498201,
      "[数字中频板][IF] RBW数字滤波器": 0.07749541871812422,
      "[RF板][RF] 输入衰减器组": 0.03325017110811825,
      "[RF板][RF] 高频通路固定滤波/抑制网络": 0.03325017110811825
    },
    "topk": [
      {
        "module": "[RF板][RF] 低频通路固定滤波/抑制网络",
        "probability": 0.19285099242708584
      },
      {
        "module": "[数字中频板][ADC] 数字检波与平均",
        "probability": 0.16790674055593582
      },
      {
        "module": "[数字中频板][IF] 中频放大/衰减链",
        "probability": 0.16360143951604
      }
    ],
    "disabled_modules": [
      "高频段YTF滤波器",
      "高频段混频器",
      "前置放大器",
      "衰减器"
    ]
  },
  "evidence_detail": {
    "viol_rate": 0.032926829268292684,
    "envelope_violation": false,
    "violation_max_db": 0.05372930533458309,
    "violation_energy": 0.6819328102262915,
    "baseline_coverage": 0.9670731707317073
  },
  "config": {
    "mode": "unified_entry",
    "gating_status": "gated_ok",
    "run_name": null,
    "topk": 3
  },
  "uncertainty": {
    "is_uncertain": false,
    "reason": "",
    "top_class": "幅度失准",
    "runner_up": "频率失准",
    "max_prob": 0.9987361521118193,
    "second_prob": 0.001263353140103579,
    "prob_gap": 0.9974727989717157,
    "support_top_features": [],
    "support_runnerup_features": [],
    "conflict_features": [],
    "suggested_actions": []
  },
  "module_validation": {
    "sample_id": "sim_00003",
    "gt_module": "数字检波器",
    "gt_module_v2": "[数字中频板][检波/对数]",
    "top1": "[RF板][RF] 低频通路固定滤波/抑制网络",
    "top3": [
      "[RF板][RF] 低频通路固定滤波/抑制网络",
      "[数字中频板][ADC] 数字检波与平均",
      "[数字中频板][IF] 中频放大/衰减链"
    ],
    "top5": [
      "[RF板][RF] 低频通路固定滤波/抑制网络",
      "[数字中频板][ADC] 数字检波与平均",
      "[数字中频板][IF] 中频放大/衰减链",
      "[RF板][Mixer1]",
      "[数字中频板][DSP] 数字增益/偏置校准"
    ],
    "gt_rank": -1,
    "gt_prob": 0.0,
    "top1_hit": false,
    "top3_hit": false,
    "top5_hit": false
  },
  "ground_truth": {
    "type": "fault",
    "system_class_en": "amp_error",
    "system_class_cn": "幅度失准",
    "module": "数字检波器",
    "module_v2": "[数字中频板][检波/对数]",
    "fault_params": {
      "severity": "mid",
      "tier_target": "in_spec_weak",
      "type": "vbw_smoothing",
      "subtype": "amp_error_offset",
      "noise_std": 0.05712393240301379,
      "template_id": "T6"
    }
  }
}