{
  "status": "success",
  "meta": {
    "sample_id": "sim_00037",
    "input_file": "/home/runner/work/FMFD-python/FMFD-python/Output/sim_spectrum/raw_curves/sim_00037.csv",
    "operating_condition": {
      "inject_power_dbm": -10.0,
      "freq_start_hz": 10000000.0,
      "freq_end_hz": 8200000000.0,
      "step_hz": 10000000.0,
      "frontend": {
        "low_band_only": true,
        "ac_coupling": true,
        "preamp": false
      }
    }
  },
  "data_points": 820,
  "frequency_range": {
    "min": 10000000.0,
    "max": 8200000000.0
  },
  "features": {
    "X1": -9.888191829268294,
    "X2": 0.003568265728732896,
    "X3": 0.0001828909172527284,
    "X4": 0.062432375584178045,
    "X5": 0.45854368923932376,
    "X6": 0.005690316042995236,
    "X7": 0.14370000000000083,
    "X8": 0.06849280487804874,
    "X9": 0.0038978015210838707,
    "X10": 0.058524604467383626,
    "X11": 0.3829268292682927,
    "X12": 0.034597341125198966,
    "X13": 0.08937655588040247,
    "X14": 0.08416043956043902,
    "X15": 0.004858564315806377,
    "X16": -0.014096527785848077,
    "X17": 0.0,
    "X18": 0.0,
    "X19": 0.0008442108342271239,
    "X20": -0.19004308340370235,
    "X21": 1.0,
    "X22": 0.08552564620170236,
    "X23": 0.0054391038170730766,
    "X24": 0.07253489147939718,
    "X25": 0.0054391038170730766,
    "X26": 0.0004041243722509492,
    "X27": 0.0017001283493234937,
    "X28": 0.810506566597798,
    "X29": -5.1510143745368655,
    "X30": 0.08466280487804878,
    "X31": 0.04460365398129431,
    "X32": -4.655961809585619,
    "X33": 0.257619299267547,
    "X34": 0.050202845051438204,
    "X35": 0.00037765320714829823,
    "X36": 0.9500124709003687,
    "X37": 0.062432375584178045,
    "offset_db": 8.881784197001252e-16,
    "viol_rate_aligned": 0.3829268292682927,
    "viol_energy_aligned": 0.08937655588040247,
    "global_offset_db": 8.881784197001252e-16,
    "shape_rmse": 0.07375028011521717,
    "ripple_hp": 0.007275090651906995,
    "tail_asym": 0.1019049999999985,
    "compress_ratio": 0.2,
    "compress_ratio_high": 0.18983050847457628,
    "freq_shift_score": 0.30838999823155777,
    "offset_slope": -0.013387362991028872,
    "high_low_energy_ratio": 0.2126098559870796,
    "band_offset_db_1": -0.009400000000001185,
    "band_offset_db_2": 0.11350000000000016,
    "band_offset_db_3": 0.10329999999999817,
    "band_offset_db_4": -0.003500000000002501
  },
  "system": {
    "probs": {
      "正常": 0.02595114415876017,
      "幅度失准": 0.6798399206420749,
      "频率失准": 0.19518577410002932,
      "参考电平失准": 0.09902316103115166
    },
    "decision": "幅度失准",
    "confidence": 0.6798399206420749,
    "is_normal": false
  },
  "module": {
    "topk": [
      {
        "module_id": "[RF板][RF] 低频通路固定滤波/抑制网络",
        "gamma": 0.19285099242708584
      },
      {
        "module_id": "[数字中频板][ADC] 数字检波与平均",
        "gamma": 0.16790674055593582
      },
      {
        "module_id": "[数字中频板][IF] 中频放大/衰减链",
        "gamma": 0.16360143951604
      }
    ],
    "gating": {
      "disabled_modules": [
        "高频段YTF滤波器",
        "高频段混频器",
        "前置放大器",
        "衰减器"
      ],
      "topk_k": 3
    }
  },
  "evidence": {
    "global_offset_db": 8.881784197001252e-16,
    "hf_std_db": 0.013639422696429308,
    "p95_abs_dev_db": 0.11720500000000023,
    "inside_env_frac": 0.6170731707317073,
    "peak_freq_mae_hz": 3857.8460940460354,
    "peak_freq_outlier_frac": 0.0
  },
  "artifacts": {
    "output_json": "Output/batch_diagnosis/sim_00037_diagnosis.json"
  },
  "system_diagnosis": {
    "probabilities": {
      "正常": 0.02595114415876017,
      "幅度失准": 0.6798399206420749,
      "频率失准": 0.19518577410002932,
      "参考电平失准": 0.09902316103115166
    },
    "predicted_class": "幅度失准",
    "max_prob": 0.6798399206420749,
    "is_normal": false
  },
  "module_diagnosis": {
    "probabilities": {
      "[RF板][RF] 低频通路固定滤波/抑制网络": 0.19285099242708584,
      "[数字中频板][ADC] 数字检波与平均": 0.16790674055593582,
      "[数字中频板][IF] 中频放大/衰减链": 0.16360143951604,
      "[RF板][Mixer1]": 0.13965071865409664,
      "[数字中频板][DSP] 数字增益/偏置校准": 0.10332722495749894,
      "[RF板][RF] 输入连接/匹配/保护": 0.08866712295498201,
      "[数字中频板][IF] RBW数字滤波器": 0.07749541871812421,
      "[RF板][RF] 输入衰减器组": 0.03325017110811825,
      "[RF板][RF] 高频通路固定滤波/抑制网络": 0.03325017110811825
    },
    "topk": [
      {
        "module": "[RF板][RF] 低频通路固定滤波/抑制网络",
        "probability": 0.19285099242708584
      },
      {
        "module": "[数字中频板][ADC] 数字检波与平均",
        "probability": 0.16790674055593582
      },
      {
        "module": "[数字中频板][IF] 中频放大/衰减链",
        "probability": 0.16360143951604
      }
    ],
    "disabled_modules": [
      "高频段YTF滤波器",
      "高频段混频器",
      "前置放大器",
      "衰减器"
    ]
  },
  "evidence_detail": {
    "viol_rate": 0.3829268292682927,
    "envelope_violation": true,
    "violation_max_db": 0.034597341125198966,
    "violation_energy": 0.08937655588040247,
    "baseline_coverage": 0.6170731707317073
  },
  "config": {
    "mode": "unified_entry",
    "gating_status": "gated_ok",
    "run_name": null,
    "topk": 3
  },
  "uncertainty": {
    "is_uncertain": false,
    "reason": "",
    "top_class": "幅度失准",
    "runner_up": "频率失准",
    "max_prob": 0.6798399206420749,
    "second_prob": 0.19518577410002932,
    "prob_gap": 0.4846541465420455,
    "support_top_features": [],
    "support_runnerup_features": [],
    "conflict_features": [],
    "suggested_actions": []
  },
  "module_validation": {
    "sample_id": "sim_00037",
    "gt_module": "数字放大器",
    "gt_module_v2": "数字放大器",
    "top1": "[RF板][RF] 低频通路固定滤波/抑制网络",
    "top3": [
      "[RF板][RF] 低频通路固定滤波/抑制网络",
      "[数字中频板][ADC] 数字检波与平均",
      "[数字中频板][IF] 中频放大/衰减链"
    ],
    "top5": [
      "[RF板][RF] 低频通路固定滤波/抑制网络",
      "[数字中频板][ADC] 数字检波与平均",
      "[数字中频板][IF] 中频放大/衰减链",
      "[RF板][Mixer1]",
      "[数字中频板][DSP] 数字增益/偏置校准"
    ],
    "gt_rank": -1,
    "gt_prob": 0.0,
    "top1_hit": false,
    "top3_hit": false,
    "top5_hit": false
  },
  "ground_truth": {
    "type": "fault",
    "system_class_en": "amp_error",
    "system_class_cn": "幅度失准",
    "module": "数字放大器",
    "module_v2": "数字放大器",
    "fault_params": {
      "severity": "light",
      "tier_target": "in_spec_weak",
      "subtype": "amp_error_band",
      "band_offset_db": 0.11803780156820884,
      "band_start_norm": 0.10072967660561793,
      "band_end_norm": 0.529249407952631,
      "template_id": "T9",
      "mean_offset_db": 0.0448815960813093
    }
  }
}