{
  "status": "success",
  "meta": {
    "sample_id": "sim_00015",
    "input_file": "/home/runner/work/FMFD-python/FMFD-python/Output/sim_spectrum/raw_curves/sim_00015.csv",
    "operating_condition": {
      "inject_power_dbm": -10.0,
      "freq_start_hz": 10000000.0,
      "freq_end_hz": 8200000000.0,
      "step_hz": 10000000.0,
      "frontend": {
        "low_band_only": true,
        "ac_coupling": true,
        "preamp": false
      }
    }
  },
  "data_points": 820,
  "frequency_range": {
    "min": 10000000.0,
    "max": 8200000000.0
  },
  "features": {
    "X1": -9.937429146341463,
    "X2": 0.006929392645705271,
    "X3": 0.0005713211268755324,
    "X4": 0.0793161792368596,
    "X5": 0.4022752023102503,
    "X6": 0.006442570991954192,
    "X7": 0.09030000000000094,
    "X8": 0.07016353658536585,
    "X9": 0.006291056288733638,
    "X10": 0.01593923229518916,
    "X11": 0.21829268292682927,
    "X12": 0.059202708503381274,
    "X13": 0.0,
    "X14": 0.08232417582417577,
    "X15": 0.06226195586099966,
    "X16": -32.12439149448065,
    "X17": 0.0,
    "X18": 0.0,
    "X19": -0.0002769446030839332,
    "X20": -1.132886913677726,
    "X21": 0.0,
    "X22": 0.14888353798895948,
    "X23": 0.005918228451219503,
    "X24": 0.1039975388500225,
    "X25": 0.005964591649746204,
    "X26": 0.0017868102092146445,
    "X27": 0.0003855622301700548,
    "X28": -0.051084196131818076,
    "X29": -0.802023128353306,
    "X30": 0.12220868902439011,
    "X31": 0.012974982594186793,
    "X32": -6.438818398505062,
    "X33": 0.24966101344833713,
    "X34": 0.02263736526086066,
    "X35": 0.00040156945487289906,
    "X36": 0.9661852902564373,
    "X37": 0.0793161792368596,
    "offset_db": 8.881784197001252e-16,
    "viol_rate_aligned": 0.21829268292682927,
    "viol_energy_aligned": 0.0,
    "global_offset_db": 0.0,
    "shape_rmse": 0.07693002308084602,
    "ripple_hp": 0.008903078965630832,
    "tail_asym": -0.011605000000003002,
    "compress_ratio": 0.2,
    "compress_ratio_high": 0.2,
    "freq_shift_score": 0.6980141239791153,
    "offset_slope": -0.0007015739674602348,
    "high_low_energy_ratio": 0.28411775460104993,
    "band_offset_db_1": 0.10939999999999905,
    "band_offset_db_2": 0.005300000000000082,
    "band_offset_db_3": -0.0070000000000014495,
    "band_offset_db_4": -0.00879999999999903
  },
  "system": {
    "probs": {
      "正常": 3.0362803724429256e-07,
      "幅度失准": 0.9979864162878511,
      "频率失准": 0.002012850953925198,
      "参考电平失准": 4.290303876389898e-07
    },
    "decision": "幅度失准",
    "confidence": 0.9979864162878511,
    "is_normal": false
  },
  "module": {
    "topk": [
      {
        "module_id": "[RF板][RF] 低频通路固定滤波/抑制网络",
        "gamma": 0.19285099242708584
      },
      {
        "module_id": "[数字中频板][ADC] 数字检波与平均",
        "gamma": 0.16790674055593582
      },
      {
        "module_id": "[数字中频板][IF] 中频放大/衰减链",
        "gamma": 0.16360143951604
      }
    ],
    "gating": {
      "disabled_modules": [
        "高频段YTF滤波器",
        "高频段混频器",
        "前置放大器",
        "衰减器"
      ],
      "topk_k": 3
    }
  },
  "evidence": {
    "global_offset_db": 8.881784197001252e-16,
    "hf_std_db": 0.040056604260883276,
    "p95_abs_dev_db": 0.12330999999999868,
    "inside_env_frac": 0.7817073170731708,
    "peak_freq_mae_hz": 3827.7909280066515,
    "peak_freq_outlier_frac": 0.0
  },
  "artifacts": {
    "output_json": "Output/batch_diagnosis/sim_00015_diagnosis.json"
  },
  "system_diagnosis": {
    "probabilities": {
      "正常": 3.0362803724429256e-07,
      "幅度失准": 0.9979864162878511,
      "频率失准": 0.002012850953925198,
      "参考电平失准": 4.290303876389898e-07
    },
    "predicted_class": "幅度失准",
    "max_prob": 0.9979864162878511,
    "is_normal": false
  },
  "module_diagnosis": {
    "probabilities": {
      "[RF板][RF] 低频通路固定滤波/抑制网络": 0.19285099242708584,
      "[数字中频板][ADC] 数字检波与平均": 0.16790674055593582,
      "[数字中频板][IF] 中频放大/衰减链": 0.16360143951604,
      "[RF板][Mixer1]": 0.13965071865409664,
      "[数字中频板][DSP] 数字增益/偏置校准": 0.10332722495749894,
      "[RF板][RF] 输入连接/匹配/保护": 0.08866712295498201,
      "[数字中频板][IF] RBW数字滤波器": 0.07749541871812421,
      "[RF板][RF] 输入衰减器组": 0.03325017110811825,
      "[RF板][RF] 高频通路固定滤波/抑制网络": 0.03325017110811825
    },
    "topk": [
      {
        "module": "[RF板][RF] 低频通路固定滤波/抑制网络",
        "probability": 0.19285099242708584
      },
      {
        "module": "[数字中频板][ADC] 数字检波与平均",
        "probability": 0.16790674055593582
      },
      {
        "module": "[数字中频板][IF] 中频放大/衰减链",
        "probability": 0.16360143951604
      }
    ],
    "disabled_modules": [
      "高频段YTF滤波器",
      "高频段混频器",
      "前置放大器",
      "衰减器"
    ]
  },
  "evidence_detail": {
    "viol_rate": 0.21829268292682927,
    "envelope_violation": true,
    "violation_max_db": 0.059202708503381274,
    "violation_energy": 0.0,
    "baseline_coverage": 0.7817073170731708
  },
  "config": {
    "mode": "unified_entry",
    "gating_status": "gated_ok",
    "run_name": null,
    "topk": 3
  },
  "uncertainty": {
    "is_uncertain": false,
    "reason": "",
    "top_class": "幅度失准",
    "runner_up": "频率失准",
    "max_prob": 0.9979864162878511,
    "second_prob": 0.002012850953925198,
    "prob_gap": 0.9959735653339259,
    "support_top_features": [],
    "support_runnerup_features": [],
    "conflict_features": [],
    "suggested_actions": []
  },
  "module_validation": {
    "sample_id": "sim_00015",
    "gt_module": "本振混频组件",
    "gt_module_v2": "[RF板][Mixer1]",
    "top1": "[RF板][RF] 低频通路固定滤波/抑制网络",
    "top3": [
      "[RF板][RF] 低频通路固定滤波/抑制网络",
      "[数字中频板][ADC] 数字检波与平均",
      "[数字中频板][IF] 中频放大/衰减链"
    ],
    "top5": [
      "[RF板][RF] 低频通路固定滤波/抑制网络",
      "[数字中频板][ADC] 数字检波与平均",
      "[数字中频板][IF] 中频放大/衰减链",
      "[RF板][Mixer1]",
      "[数字中频板][DSP] 数字增益/偏置校准"
    ],
    "gt_rank": 4,
    "gt_prob": 0.13965071865409664,
    "top1_hit": false,
    "top3_hit": false,
    "top5_hit": true
  },
  "ground_truth": {
    "type": "fault",
    "system_class_en": "amp_error",
    "system_class_cn": "幅度失准",
    "module": "本振混频组件",
    "module_v2": "[RF板][Mixer1]",
    "fault_params": {
      "severity": "light",
      "tier_target": "in_spec_weak",
      "subtype": "amp_error_ripple",
      "ripple_amp_db": 0.04437438205481352,
      "period_norm": 0.1254496216219067,
      "template_id": "T3",
      "mean_offset_db": -0.0043541259360471
    }
  }
}