{
  "status": "success",
  "meta": {
    "sample_id": "sim_00126",
    "input_file": "/home/runner/work/FMFD-python/FMFD-python/Output/sim_spectrum/raw_curves/sim_00126.csv",
    "operating_condition": {
      "inject_power_dbm": -10.0,
      "freq_start_hz": 10000000.0,
      "freq_end_hz": 8200000000.0,
      "step_hz": 10000000.0,
      "frontend": {
        "low_band_only": true,
        "ac_coupling": true,
        "preamp": false
      }
    }
  },
  "data_points": 820,
  "frequency_range": {
    "min": 10000000.0,
    "max": 8200000000.0
  },
  "features": {
    "X1": -9.933073292682927,
    "X2": 0.0006052282693419951,
    "X3": 0.00024196128575900122,
    "X4": 0.028968382681490188,
    "X5": 0.2668973741329375,
    "X6": 0.0009474327379387299,
    "X7": 0.08200000000000074,
    "X8": 0.024212560975609802,
    "X9": 0.0008391671951812607,
    "X10": 0.013890526057113767,
    "X11": 0.0,
    "X12": 0.0,
    "X13": 0.23606002136845575,
    "X14": 0.002597069597069498,
    "X15": 0.002758672022016596,
    "X16": 0.03620050243512754,
    "X17": 0.0,
    "X18": 0.0,
    "X19": -6.141633352368643e-05,
    "X20": 0.14381128829671175,
    "X21": 5.0,
    "X22": 0.0380472811879924,
    "X23": 2.426945121951152e-05,
    "X24": 0.03401445372247125,
    "X25": 2.426945121951152e-05,
    "X26": 0.00022435970671199712,
    "X27": 7.999752072734099e-06,
    "X28": -0.1282051281883705,
    "X29": -0.43365126775326585,
    "X30": 0.0007310975609758014,
    "X31": 0.0009744588791113755,
    "X32": -1.254371261567017,
    "X33": 0.5950293941793466,
    "X34": 0.015124227611568382,
    "X35": 0.000335448016208457,
    "X36": 0.7990708301746408,
    "X37": 0.028968382681490188,
    "offset_db": 0.0004999999999997229,
    "viol_rate_aligned": 0.0,
    "viol_energy_aligned": 0.23606002136845575,
    "global_offset_db": 8.881784197001252e-16,
    "shape_rmse": 0.004926403477133436,
    "ripple_hp": 0.004736320756897826,
    "tail_asym": -0.00099499999999955,
    "compress_ratio": 0.19878048780487806,
    "compress_ratio_high": 0.2,
    "freq_shift_score": 0.0126631834226959,
    "offset_slope": 0.00010279861053757234,
    "high_low_energy_ratio": 0.38014965061991457,
    "band_offset_db_1": -0.0006499999999993733,
    "band_offset_db_2": 9.999999999976694e-05,
    "band_offset_db_3": -0.0001999999999986457,
    "band_offset_db_4": 9.999999999799059e-05
  },
  "system": {
    "probs": {
      "正常": 0.9784156153689444,
      "幅度失准": 0.007807026579244881,
      "频率失准": 0.006769375789305492,
      "参考电平失准": 0.007007982164663638
    },
    "decision": "正常",
    "confidence": 0.9784156153689444,
    "is_normal": true
  },
  "module": {
    "topk": [
      {
        "module_id": "[RF板][RF] 输入连接/匹配/保护",
        "gamma": 0.058823529411764705
      },
      {
        "module_id": "[RF板][RF] 输入衰减器组",
        "gamma": 0.058823529411764705
      },
      {
        "module_id": "[RF板][RF] 低频通路固定滤波/抑制网络",
        "gamma": 0.058823529411764705
      }
    ],
    "gating": {
      "disabled_modules": [
        "高频段YTF滤波器",
        "高频段混频器",
        "前置放大器",
        "衰减器"
      ],
      "topk_k": 3
    }
  },
  "evidence": {
    "global_offset_db": 0.0004999999999997229,
    "hf_std_db": 0.004158379616641023,
    "p95_abs_dev_db": 0.0074050000000005015,
    "inside_env_frac": 1.0,
    "peak_freq_mae_hz": 453868.2464794195,
    "peak_freq_outlier_frac": 0.01097560975609756
  },
  "artifacts": {
    "output_json": "Output/batch_diagnosis/sim_00126_diagnosis.json"
  },
  "system_diagnosis": {
    "probabilities": {
      "正常": 0.9784156153689444,
      "幅度失准": 0.007807026579244881,
      "频率失准": 0.006769375789305492,
      "参考电平失准": 0.007007982164663638
    },
    "predicted_class": "正常",
    "max_prob": 0.9784156153689444,
    "is_normal": true
  },
  "module_diagnosis": {
    "probabilities": {
      "[RF板][RF] 输入连接/匹配/保护": 0.058823529411764705,
      "[RF板][RF] 输入衰减器组": 0.058823529411764705,
      "[RF板][RF] 低频通路固定滤波/抑制网络": 0.058823529411764705,
      "[RF板][RF] 高频通路固定滤波/抑制网络": 0.058823529411764705,
      "[RF板][Mixer1]": 0.058823529411764705
    },
    "topk": [
      {
        "module": "[RF板][RF] 输入连接/匹配/保护",
        "probability": 0.058823529411764705
      },
      {
        "module": "[RF板][RF] 输入衰减器组",
        "probability": 0.058823529411764705
      },
      {
        "module": "[RF板][RF] 低频通路固定滤波/抑制网络",
        "probability": 0.058823529411764705
      }
    ],
    "disabled_modules": [
      "高频段YTF滤波器",
      "高频段混频器",
      "前置放大器",
      "衰减器"
    ]
  },
  "evidence_detail": {
    "viol_rate": 0.0,
    "envelope_violation": false,
    "violation_max_db": 0.0,
    "violation_energy": 0.23606002136845575,
    "baseline_coverage": 1.0
  },
  "config": {
    "mode": "unified_entry",
    "gating_status": "gated_ok",
    "run_name": null,
    "topk": 3
  },
  "uncertainty": {
    "is_uncertain": false,
    "reason": "",
    "top_class": "正常",
    "runner_up": "幅度失准",
    "max_prob": 0.9784156153689444,
    "second_prob": 0.007807026579244881,
    "prob_gap": 0.9706085887896995,
    "support_top_features": [],
    "support_runnerup_features": [],
    "conflict_features": [],
    "suggested_actions": []
  },
  "module_validation": {
    "sample_id": "sim_00126",
    "gt_module": "本振混频组件",
    "gt_module_v2": "[RF板][LO1] LO1 注入链",
    "top1": "[RF板][RF] 输入连接/匹配/保护",
    "top3": [
      "[RF板][RF] 输入连接/匹配/保护",
      "[RF板][RF] 输入衰减器组",
      "[RF板][RF] 低频通路固定滤波/抑制网络"
    ],
    "top5": [
      "[RF板][RF] 输入连接/匹配/保护",
      "[RF板][RF] 输入衰减器组",
      "[RF板][RF] 低频通路固定滤波/抑制网络",
      "[RF板][RF] 高频通路固定滤波/抑制网络",
      "[RF板][Mixer1]"
    ],
    "gt_rank": -1,
    "gt_prob": 0.0,
    "top1_hit": false,
    "top3_hit": false,
    "top5_hit": false
  },
  "ground_truth": {
    "type": "fault",
    "system_class_en": "freq_error",
    "system_class_cn": "频率失准",
    "module": "本振混频组件",
    "module_v2": "[RF板][LO1] LO1 注入链",
    "fault_params": {
      "severity": "light",
      "tier_target": "edge",
      "type": "lo_path_error",
      "track_type": "dense",
      "template_id": "T8",
      "forced_peak_track_type": true,
      "peak_track_profile": {
        "bands": [
          {
            "start_hz": 3746639055.560055,
            "end_hz": 4026928646.883155,
            "center_hz": 3886783851.221605,
            "width_hz": 280289591.3230998,
            "amplitude_hz": 20417364.721079208,
            "ramp_hz": 100933274.92670785
          }
        ],
        "track_type": "dense"
      },
      "freq_amp_coupling": {
        "bias_db_min": -0.1,
        "bias_db_max": -0.02
      }
    }
  }
}