{
  "status": "success",
  "meta": {
    "sample_id": "sim_00210",
    "input_file": "/home/runner/work/FMFD-python/FMFD-python/Output/sim_spectrum/raw_curves/sim_00210.csv",
    "operating_condition": {
      "inject_power_dbm": -10.0,
      "freq_start_hz": 10000000.0,
      "freq_end_hz": 8200000000.0,
      "step_hz": 10000000.0,
      "frontend": {
        "low_band_only": true,
        "ac_coupling": true,
        "preamp": false
      }
    }
  },
  "data_points": 820,
  "frequency_range": {
    "min": 10000000.0,
    "max": 8200000000.0
  },
  "features": {
    "X1": -9.983041097560976,
    "X2": 0.000586241232855774,
    "X3": 0.0002415897868404451,
    "X4": 0.028441327145654796,
    "X5": 0.2722203386741469,
    "X6": 0.0009388600061124335,
    "X7": 0.08150000000000013,
    "X8": 0.024271341463414656,
    "X9": 0.0008089090898061602,
    "X10": 0.014945739975379183,
    "X11": 0.0,
    "X12": 0.0,
    "X13": 0.09053158392690641,
    "X14": 0.002724908424908158,
    "X15": 0.002907239457776438,
    "X16": 0.0022336262949590744,
    "X17": 0.0,
    "X18": 0.0,
    "X19": -6.287863381203323e-05,
    "X20": -0.030658366592358544,
    "X21": 5.0,
    "X22": 0.03753275745644332,
    "X23": 1.4023865853658695e-05,
    "X24": 0.02553232184146026,
    "X25": 1.4023865853658695e-05,
    "X26": 0.00021295624656617735,
    "X27": 6.667955123454521e-05,
    "X28": -0.11964873763773462,
    "X29": 0.03769084021996168,
    "X30": -0.0003381097560974308,
    "X31": 0.0014199350116252925,
    "X32": -0.8457605528861358,
    "X33": 0.5941229541031042,
    "X34": 0.01436649597585653,
    "X35": 0.0003314007621194431,
    "X36": 0.7941731562750185,
    "X37": 0.028441327145654793,
    "offset_db": -0.0497999999999994,
    "viol_rate_aligned": 0.0,
    "viol_energy_aligned": 0.09053158392690641,
    "global_offset_db": 0.0,
    "shape_rmse": 0.0037448452376111214,
    "ripple_hp": 0.004088057525972157,
    "tail_asym": -0.001594999999999928,
    "compress_ratio": 0.2,
    "compress_ratio_high": 0.2,
    "freq_shift_score": 0.0073972879082307985,
    "offset_slope": -0.00031734173949194485,
    "high_low_energy_ratio": 0.18080740703490944,
    "band_offset_db_1": 0.003249999999999531,
    "band_offset_db_2": 0.0014999999999982805,
    "band_offset_db_3": -0.002500000000000391,
    "band_offset_db_4": -0.0002999999999993008
  },
  "system": {
    "probs": {
      "正常": 0.06409738401529232,
      "幅度失准": 0.021703413715351356,
      "频率失准": 0.018847953082019114,
      "参考电平失准": 0.8953512490978022
    },
    "decision": "参考电平失准",
    "confidence": 0.8953512490978022,
    "is_normal": false
  },
  "module": {
    "topk": [
      {
        "module_id": "[校准链路][校准源]",
        "gamma": 0.43749999999999994
      },
      {
        "module_id": "[校准链路][校准路径开关/耦合]",
        "gamma": 0.3125
      },
      {
        "module_id": "[校准链路][校准表/存储]",
        "gamma": 0.25000000000000006
      }
    ],
    "gating": {
      "disabled_modules": [
        "高频段YTF滤波器",
        "高频段混频器",
        "前置放大器",
        "衰减器"
      ],
      "topk_k": 3
    }
  },
  "evidence": {
    "global_offset_db": -0.0497999999999994,
    "hf_std_db": 0.003094398786466891,
    "p95_abs_dev_db": 0.0074050000000005015,
    "inside_env_frac": 1.0,
    "peak_freq_mae_hz": 3957.2581662790985,
    "peak_freq_outlier_frac": 0.0
  },
  "artifacts": {
    "output_json": "Output/batch_diagnosis/sim_00210_diagnosis.json"
  },
  "system_diagnosis": {
    "probabilities": {
      "正常": 0.06409738401529232,
      "幅度失准": 0.021703413715351356,
      "频率失准": 0.018847953082019114,
      "参考电平失准": 0.8953512490978022
    },
    "predicted_class": "参考电平失准",
    "max_prob": 0.8953512490978022,
    "is_normal": false
  },
  "module_diagnosis": {
    "probabilities": {
      "[校准链路][校准源]": 0.43749999999999994,
      "[校准链路][校准路径开关/耦合]": 0.3125,
      "[校准链路][校准表/存储]": 0.25000000000000006,
      "[RF板][RF] 输入衰减器组": 0.0,
      "[RF板][RF] 低频通路固定滤波/抑制网络": 0.0,
      "[RF板][Mixer1]": 0.0
    },
    "topk": [
      {
        "module": "[校准链路][校准源]",
        "probability": 0.43749999999999994
      },
      {
        "module": "[校准链路][校准路径开关/耦合]",
        "probability": 0.3125
      },
      {
        "module": "[校准链路][校准表/存储]",
        "probability": 0.25000000000000006
      }
    ],
    "disabled_modules": [
      "高频段YTF滤波器",
      "高频段混频器",
      "前置放大器",
      "衰减器"
    ]
  },
  "evidence_detail": {
    "viol_rate": 0.0,
    "envelope_violation": false,
    "violation_max_db": 0.0,
    "violation_energy": 0.09053158392690641,
    "baseline_coverage": 1.0
  },
  "config": {
    "mode": "unified_entry",
    "gating_status": "gated_ok",
    "run_name": null,
    "topk": 3
  },
  "uncertainty": {
    "is_uncertain": false,
    "reason": "",
    "top_class": "参考电平失准",
    "runner_up": "正常",
    "max_prob": 0.8953512490978022,
    "second_prob": 0.06409738401529232,
    "prob_gap": 0.8312538650825099,
    "support_top_features": [],
    "support_runnerup_features": [],
    "conflict_features": [],
    "suggested_actions": []
  },
  "module_validation": {
    "sample_id": "sim_00210",
    "gt_module": "校准信号开关",
    "gt_module_v2": "[校准链路][校准路径开关/耦合]",
    "top1": "[校准链路][校准源]",
    "top3": [
      "[校准链路][校准源]",
      "[校准链路][校准路径开关/耦合]",
      "[校准链路][校准表/存储]"
    ],
    "top5": [
      "[校准链路][校准源]",
      "[校准链路][校准路径开关/耦合]",
      "[校准链路][校准表/存储]",
      "[RF板][RF] 输入衰减器组",
      "[RF板][RF] 低频通路固定滤波/抑制网络"
    ],
    "gt_rank": 2,
    "gt_prob": 0.3125,
    "top1_hit": false,
    "top3_hit": true,
    "top5_hit": true
  },
  "ground_truth": {
    "type": "fault",
    "system_class_en": "ref_error",
    "system_class_cn": "参考电平失准",
    "module": "校准信号开关",
    "module_v2": "[校准链路][校准路径开关/耦合]",
    "fault_params": {
      "severity": "mid",
      "tier_target": "in_spec_weak",
      "type": "ref_miscal",
      "subtype": "ref_error_offset",
      "offset_db": -0.145031886555208,
      "template_id": "T1",
      "mean_offset_db": -0.04996837547992748
    }
  }
}