{
  "status": "success",
  "meta": {
    "sample_id": "sim_00013",
    "input_file": "/home/runner/work/FMFD-python/FMFD-python/Output/sim_spectrum/raw_curves/sim_00013.csv",
    "operating_condition": {
      "inject_power_dbm": -10.0,
      "freq_start_hz": 10000000.0,
      "freq_end_hz": 8200000000.0,
      "step_hz": 10000000.0,
      "frontend": {
        "low_band_only": true,
        "ac_coupling": true,
        "preamp": false
      }
    }
  },
  "data_points": 820,
  "frequency_range": {
    "min": 10000000.0,
    "max": 8200000000.0
  },
  "features": {
    "X1": -9.933072073170731,
    "X2": 0.0006186415421954522,
    "X3": 0.00023749989797721926,
    "X4": 0.029460567431917856,
    "X5": 0.2555823950552744,
    "X6": 0.0009919280127751327,
    "X7": 0.08179999999999943,
    "X8": 0.024970121951219497,
    "X9": 0.0008679250334105791,
    "X10": 0.015033258807055498,
    "X11": 0.0,
    "X12": 0.0,
    "X13": 0.08576332797752265,
    "X14": 0.001627106227106261,
    "X15": 0.002352650796021689,
    "X16": 0.0006739312761912768,
    "X17": 0.0,
    "X18": 0.0,
    "X19": -7.510941482914607e-05,
    "X20": -0.044800930677790785,
    "X21": 4.0,
    "X22": 0.040604698567778846,
    "X23": 4.97837804878011e-06,
    "X24": 0.008439123112455649,
    "X25": 4.97837804878011e-06,
    "X26": 0.0002796309101675097,
    "X27": 1.2663407438414493e-05,
    "X28": -0.08333333331578718,
    "X29": 0.27200789275185266,
    "X30": 0.0009757621951220383,
    "X31": 0.0007324481412327944,
    "X32": -1.2099735924179011,
    "X33": 0.5640471363849072,
    "X34": 0.015068678894347284,
    "X35": 0.00031558107603155144,
    "X36": 0.8175087459013728,
    "X37": 0.02946056743191786,
    "offset_db": 0.00019999999999953388,
    "viol_rate_aligned": 0.0,
    "viol_energy_aligned": 0.08576332797752265,
    "global_offset_db": 0.0,
    "shape_rmse": 0.002231227923987173,
    "ripple_hp": 0.002303612767137207,
    "tail_asym": -0.0014099999999985782,
    "compress_ratio": 0.2,
    "compress_ratio_high": 0.18983050847457628,
    "freq_shift_score": 0.002303557475107354,
    "offset_slope": -0.0002058402170400577,
    "high_low_energy_ratio": 0.9907505085785578,
    "band_offset_db_1": -0.00039999999999906777,
    "band_offset_db_2": 9.999999999976694e-05,
    "band_offset_db_3": 0.000600000000000378,
    "band_offset_db_4": -0.0006999999999983686
  },
  "system": {
    "probs": {
      "正常": 0.9539590998449671,
      "幅度失准": 0.011423498386724927,
      "频率失准": 0.007943970234632924,
      "参考电平失准": 0.026673431438279036
    },
    "decision": "正常",
    "confidence": 0.9539590998449671,
    "is_normal": true
  },
  "module": {
    "topk": [
      {
        "module_id": "[校准链路][校准源]",
        "gamma": 0.3063140864067217
      },
      {
        "module_id": "[校准链路][校准路径开关/耦合]",
        "gamma": 0.21879577600480127
      },
      {
        "module_id": "[校准链路][校准表/存储]",
        "gamma": 0.17503662080384103
      }
    ],
    "gating": {
      "disabled_modules": [
        "高频段YTF滤波器",
        "高频段混频器",
        "前置放大器",
        "衰减器"
      ],
      "topk_k": 3
    }
  },
  "evidence": {
    "global_offset_db": 0.00019999999999953388,
    "hf_std_db": 0.0017602315672028892,
    "p95_abs_dev_db": 0.0051000000000005485,
    "inside_env_frac": 1.0,
    "peak_freq_mae_hz": 4058.937999554131,
    "peak_freq_outlier_frac": 0.0
  },
  "artifacts": {
    "output_json": "Output/batch_diagnosis/sim_00013_diagnosis.json"
  },
  "system_diagnosis": {
    "probabilities": {
      "正常": 0.9539590998449671,
      "幅度失准": 0.011423498386724927,
      "频率失准": 0.007943970234632924,
      "参考电平失准": 0.026673431438279036
    },
    "predicted_class": "正常",
    "max_prob": 0.9539590998449671,
    "is_normal": true
  },
  "module_diagnosis": {
    "probabilities": {
      "[校准链路][校准源]": 0.3063140864067217,
      "[校准链路][校准路径开关/耦合]": 0.21879577600480127,
      "[校准链路][校准表/存储]": 0.17503662080384103,
      "[RF板][RF] 低频通路固定滤波/抑制网络": 0.0578270482946689,
      "[数字中频板][ADC] 数字检波与平均": 0.05034742664754283,
      "[数字中频板][IF] 中频放大/衰减链": 0.04905646698991351,
      "[RF板][Mixer1]": 0.04187475910993265,
      "[数字中频板][DSP] 数字增益/偏置校准": 0.03098303178310327,
      "[RF板][RF] 输入连接/匹配/保护": 0.026587148641227087,
      "[数字中频板][IF] RBW数字滤波器": 0.023237273837327457
    },
    "topk": [
      {
        "module": "[校准链路][校准源]",
        "probability": 0.3063140864067217
      },
      {
        "module": "[校准链路][校准路径开关/耦合]",
        "probability": 0.21879577600480127
      },
      {
        "module": "[校准链路][校准表/存储]",
        "probability": 0.17503662080384103
      }
    ],
    "disabled_modules": [
      "高频段YTF滤波器",
      "高频段混频器",
      "前置放大器",
      "衰减器"
    ]
  },
  "evidence_detail": {
    "viol_rate": 0.0,
    "envelope_violation": false,
    "violation_max_db": 0.0,
    "violation_energy": 0.08576332797752265,
    "baseline_coverage": 1.0
  },
  "config": {
    "mode": "unified_entry",
    "gating_status": "gated_ok",
    "run_name": null,
    "topk": 3
  },
  "uncertainty": {
    "is_uncertain": false,
    "reason": "",
    "top_class": "正常",
    "runner_up": "参考电平失准",
    "max_prob": 0.9539590998449671,
    "second_prob": 0.026673431438279036,
    "prob_gap": 0.927285668406688,
    "support_top_features": [],
    "support_runnerup_features": [],
    "conflict_features": [],
    "suggested_actions": []
  },
  "module_validation": {
    "sample_id": "sim_00013",
    "gt_module": "数字检波器",
    "gt_module_v2": "[数字中频板][检波/对数]",
    "top1": "[校准链路][校准源]",
    "top3": [
      "[校准链路][校准源]",
      "[校准链路][校准路径开关/耦合]",
      "[校准链路][校准表/存储]"
    ],
    "top5": [
      "[校准链路][校准源]",
      "[校准链路][校准路径开关/耦合]",
      "[校准链路][校准表/存储]",
      "[RF板][RF] 低频通路固定滤波/抑制网络",
      "[数字中频板][ADC] 数字检波与平均"
    ],
    "gt_rank": -1,
    "gt_prob": 0.0,
    "top1_hit": false,
    "top3_hit": false,
    "top5_hit": false
  },
  "ground_truth": {
    "type": "fault",
    "system_class_en": "amp_error",
    "system_class_cn": "幅度失准",
    "module": "数字检波器",
    "module_v2": "[数字中频板][检波/对数]",
    "fault_params": {
      "severity": "severe",
      "tier_target": "in_spec_weak",
      "type": "vbw_smoothing",
      "subtype": "amp_error_offset",
      "offset_db": -0.28510935683854427,
      "template_id": "T1"
    }
  }
}