{
  "status": "success",
  "meta": {
    "sample_id": "sim_00235",
    "input_file": "/home/runner/work/FMFD-python/FMFD-python/Output/sim_spectrum/raw_curves/sim_00235.csv",
    "operating_condition": {
      "inject_power_dbm": -10.0,
      "freq_start_hz": 10000000.0,
      "freq_end_hz": 8200000000.0,
      "step_hz": 10000000.0,
      "frontend": {
        "low_band_only": true,
        "ac_coupling": true,
        "preamp": false
      }
    }
  },
  "data_points": 820,
  "frequency_range": {
    "min": 10000000.0,
    "max": 8200000000.0
  },
  "features": {
    "X1": -9.881632926829267,
    "X2": 0.0006810806766392376,
    "X3": 0.00027159536408529806,
    "X4": 0.029538382074430027,
    "X5": 0.2559100822902103,
    "X6": 0.0009222215255800129,
    "X7": 0.08169999999999966,
    "X8": 0.02406878048780488,
    "X9": 0.0008725160155750092,
    "X10": 0.012452449964284762,
    "X11": 0.0,
    "X12": 0.0,
    "X13": 0.07716375457108782,
    "X14": 0.004336630036632091,
    "X15": 0.004043217714772556,
    "X16": -0.004487762425173077,
    "X17": 0.0,
    "X18": 0.0,
    "X19": -4.005084202754003e-05,
    "X20": -0.08199857301321867,
    "X21": 4.0,
    "X22": 0.039855810473798464,
    "X23": 2.2361390243902753e-05,
    "X24": 0.01951842868523468,
    "X25": 2.2361390243902753e-05,
    "X26": 0.0008692577309390147,
    "X27": 2.7400400586949186e-05,
    "X28": 0.11304347825063722,
    "X29": 0.3287369105002723,
    "X30": 0.001086128048780756,
    "X31": 0.0036310550569895934,
    "X32": -0.7000247626053657,
    "X33": 0.5920353725404383,
    "X34": 0.013988931309459668,
    "X35": 0.0003232440695568175,
    "X36": 0.8136646132986084,
    "X37": 0.029538382074430027,
    "offset_db": 0.05130000000000212,
    "viol_rate_aligned": 0.0,
    "viol_energy_aligned": 0.07716375457108782,
    "global_offset_db": 0.0,
    "shape_rmse": 0.004728783167359522,
    "ripple_hp": 0.003535072741214341,
    "tail_asym": 0.0008999999999926619,
    "compress_ratio": 0.2,
    "compress_ratio_high": 0.2,
    "freq_shift_score": 0.011834491901423716,
    "offset_slope": 0.0015200647960222063,
    "high_low_energy_ratio": 0.41122241970904694,
    "band_offset_db_1": -0.004400000000003068,
    "band_offset_db_2": -0.0032000000000032003,
    "band_offset_db_3": 0.0008999999999996788,
    "band_offset_db_4": 0.0039999999999995595
  },
  "system": {
    "probs": {
      "正常": 0.6991251873860082,
      "幅度失准": 0.029753517685923478,
      "频率失准": 0.027665172875803046,
      "参考电平失准": 0.24345612198235272
    },
    "decision": "正常",
    "confidence": 0.6991251873860082,
    "is_normal": true
  },
  "module": {
    "topk": [
      {
        "module_id": "[校准链路][校准源]",
        "gamma": 0.43749999999999994
      },
      {
        "module_id": "[校准链路][校准路径开关/耦合]",
        "gamma": 0.3125
      },
      {
        "module_id": "[校准链路][校准表/存储]",
        "gamma": 0.25000000000000006
      }
    ],
    "gating": {
      "disabled_modules": [
        "高频段YTF滤波器",
        "高频段混频器",
        "前置放大器",
        "衰减器"
      ],
      "topk_k": 3
    }
  },
  "evidence": {
    "global_offset_db": 0.05130000000000212,
    "hf_std_db": 0.002754069889036348,
    "p95_abs_dev_db": 0.00939999999999781,
    "inside_env_frac": 1.0,
    "peak_freq_mae_hz": 3878.564181649192,
    "peak_freq_outlier_frac": 0.0
  },
  "artifacts": {
    "output_json": "Output/batch_diagnosis/sim_00235_diagnosis.json"
  },
  "system_diagnosis": {
    "probabilities": {
      "正常": 0.6991251873860082,
      "幅度失准": 0.029753517685923478,
      "频率失准": 0.027665172875803046,
      "参考电平失准": 0.24345612198235272
    },
    "predicted_class": "正常",
    "max_prob": 0.6991251873860082,
    "is_normal": true
  },
  "module_diagnosis": {
    "probabilities": {
      "[校准链路][校准源]": 0.43749999999999994,
      "[校准链路][校准路径开关/耦合]": 0.3125,
      "[校准链路][校准表/存储]": 0.25000000000000006,
      "[RF板][RF] 输入衰减器组": 0.0,
      "[RF板][RF] 低频通路固定滤波/抑制网络": 0.0,
      "[RF板][Mixer1]": 0.0
    },
    "topk": [
      {
        "module": "[校准链路][校准源]",
        "probability": 0.43749999999999994
      },
      {
        "module": "[校准链路][校准路径开关/耦合]",
        "probability": 0.3125
      },
      {
        "module": "[校准链路][校准表/存储]",
        "probability": 0.25000000000000006
      }
    ],
    "disabled_modules": [
      "高频段YTF滤波器",
      "高频段混频器",
      "前置放大器",
      "衰减器"
    ]
  },
  "evidence_detail": {
    "viol_rate": 0.0,
    "envelope_violation": false,
    "violation_max_db": 0.0,
    "violation_energy": 0.07716375457108782,
    "baseline_coverage": 1.0
  },
  "config": {
    "mode": "unified_entry",
    "gating_status": "gated_ok",
    "run_name": null,
    "topk": 3
  },
  "uncertainty": {
    "is_uncertain": false,
    "reason": "",
    "top_class": "正常",
    "runner_up": "参考电平失准",
    "max_prob": 0.6991251873860082,
    "second_prob": 0.24345612198235272,
    "prob_gap": 0.4556690654036554,
    "support_top_features": [],
    "support_runnerup_features": [],
    "conflict_features": [],
    "suggested_actions": []
  },
  "module_validation": {
    "sample_id": "sim_00235",
    "gt_module": "校准信号开关",
    "gt_module_v2": "[校准链路][校准路径开关/耦合]",
    "top1": "[校准链路][校准源]",
    "top3": [
      "[校准链路][校准源]",
      "[校准链路][校准路径开关/耦合]",
      "[校准链路][校准表/存储]"
    ],
    "top5": [
      "[校准链路][校准源]",
      "[校准链路][校准路径开关/耦合]",
      "[校准链路][校准表/存储]",
      "[RF板][RF] 输入衰减器组",
      "[RF板][RF] 低频通路固定滤波/抑制网络"
    ],
    "gt_rank": 2,
    "gt_prob": 0.3125,
    "top1_hit": false,
    "top3_hit": true,
    "top5_hit": true
  },
  "ground_truth": {
    "type": "fault",
    "system_class_en": "ref_error",
    "system_class_cn": "参考电平失准",
    "module": "校准信号开关",
    "module_v2": "[校准链路][校准路径开关/耦合]",
    "fault_params": {
      "severity": "light",
      "tier_target": "edge",
      "type": "ref_miscal",
      "subtype": "ref_error_offset",
      "offset_db": -0.04200156839470669,
      "template_id": "T1",
      "mean_offset_db": 0.051440668862930125
    }
  }
}