{
  "status": "success",
  "meta": {
    "sample_id": "sim_00360",
    "input_file": "/home/runner/work/FMFD-python/FMFD-python/Output/sim_spectrum/raw_curves/sim_00360.csv",
    "operating_condition": {
      "inject_power_dbm": -10.0,
      "freq_start_hz": 10000000.0,
      "freq_end_hz": 8200000000.0,
      "step_hz": 10000000.0,
      "frontend": {
        "low_band_only": true,
        "ac_coupling": true,
        "preamp": false
      }
    }
  },
  "data_points": 820,
  "frequency_range": {
    "min": 10000000.0,
    "max": 8200000000.0
  },
  "features": {
    "X1": -9.913539512195122,
    "X2": 0.0006915937609888275,
    "X3": 0.00024384231360442682,
    "X4": 0.03305155515923958,
    "X5": 0.26742864497972363,
    "X6": 0.0011949436582986295,
    "X7": 0.07209999999999894,
    "X8": 0.027231707317073164,
    "X9": 0.0010924052984442568,
    "X10": 0.011780217504347292,
    "X11": 0.0,
    "X12": 0.0,
    "X13": 0.20059942072010542,
    "X14": 0.00921208791208796,
    "X15": 0.01907802793184436,
    "X16": -0.0003983149654982104,
    "X17": 0.0,
    "X18": 0.0,
    "X19": -0.00015155367664466938,
    "X20": -0.03947783101374647,
    "X21": 3.0,
    "X22": 0.0405506210883841,
    "X23": 0.00018904009756097597,
    "X24": 0.01992962663220188,
    "X25": 0.00018904009756097597,
    "X26": 0.00031079640614069053,
    "X27": 0.0002009128983940152,
    "X28": 0.03963905897391811,
    "X29": 0.45772094677570574,
    "X30": 0.007495109877399951,
    "X31": 0.005570423715910468,
    "X32": -4.453779189720648,
    "X33": 0.5189713033915195,
    "X34": 0.014733485267698042,
    "X35": 0.00032183562586375765,
    "X36": 0.8514585999939492,
    "X37": 0.03305155515923958,
    "offset_db": 0.020000000000000462,
    "viol_rate_aligned": 0.0,
    "viol_energy_aligned": 0.20059942072010542,
    "global_offset_db": 8.881784197001252e-16,
    "shape_rmse": 0.013749185341720316,
    "ripple_hp": 0.0035647360647971453,
    "tail_asym": -0.005475000000001479,
    "compress_ratio": 0.19634146341463415,
    "compress_ratio_high": 0.2,
    "freq_shift_score": 0.08201651190397741,
    "offset_slope": 0.00022064164210867202,
    "high_low_energy_ratio": 4.805833347879763,
    "band_offset_db_1": 0.0047499999999987,
    "band_offset_db_2": -0.006800000000000139,
    "band_offset_db_3": 0.00140000000000029,
    "band_offset_db_4": 0.0029000000000003467
  },
  "system": {
    "probs": {
      "正常": 0.9960788238221495,
      "幅度失准": 0.002528015450949542,
      "频率失准": 0.0008810056601368459,
      "参考电平失准": 0.0005121549671562684
    },
    "decision": "正常",
    "confidence": 0.9960788238221495,
    "is_normal": true
  },
  "module": {
    "topk": [
      {
        "module_id": "[RF板][RF] 输入连接/匹配/保护",
        "gamma": 0.058823529411764705
      },
      {
        "module_id": "[RF板][RF] 输入衰减器组",
        "gamma": 0.058823529411764705
      },
      {
        "module_id": "[RF板][RF] 低频通路固定滤波/抑制网络",
        "gamma": 0.058823529411764705
      }
    ],
    "gating": {
      "disabled_modules": [
        "高频段YTF滤波器",
        "高频段混频器",
        "前置放大器",
        "衰减器"
      ],
      "topk_k": 3
    }
  },
  "evidence": {
    "global_offset_db": 0.020000000000000462,
    "hf_std_db": 0.00755923962883611,
    "p95_abs_dev_db": 0.029799999999999917,
    "inside_env_frac": 1.0,
    "peak_freq_mae_hz": 4046.0198980712444,
    "peak_freq_outlier_frac": 0.0
  },
  "artifacts": {
    "output_json": "Output/batch_diagnosis/sim_00360_diagnosis.json"
  },
  "system_diagnosis": {
    "probabilities": {
      "正常": 0.9960788238221495,
      "幅度失准": 0.002528015450949542,
      "频率失准": 0.0008810056601368459,
      "参考电平失准": 0.0005121549671562684
    },
    "predicted_class": "正常",
    "max_prob": 0.9960788238221495,
    "is_normal": true
  },
  "module_diagnosis": {
    "probabilities": {
      "[RF板][RF] 输入连接/匹配/保护": 0.058823529411764705,
      "[RF板][RF] 输入衰减器组": 0.058823529411764705,
      "[RF板][RF] 低频通路固定滤波/抑制网络": 0.058823529411764705,
      "[RF板][RF] 高频通路固定滤波/抑制网络": 0.058823529411764705,
      "[RF板][Mixer1]": 0.058823529411764705
    },
    "topk": [
      {
        "module": "[RF板][RF] 输入连接/匹配/保护",
        "probability": 0.058823529411764705
      },
      {
        "module": "[RF板][RF] 输入衰减器组",
        "probability": 0.058823529411764705
      },
      {
        "module": "[RF板][RF] 低频通路固定滤波/抑制网络",
        "probability": 0.058823529411764705
      }
    ],
    "disabled_modules": [
      "高频段YTF滤波器",
      "高频段混频器",
      "前置放大器",
      "衰减器"
    ]
  },
  "evidence_detail": {
    "viol_rate": 0.0,
    "envelope_violation": false,
    "violation_max_db": 0.0,
    "violation_energy": 0.20059942072010542,
    "baseline_coverage": 1.0
  },
  "config": {
    "mode": "unified_entry",
    "gating_status": "gated_ok",
    "run_name": null,
    "topk": 3
  },
  "uncertainty": {
    "is_uncertain": false,
    "reason": "",
    "top_class": "正常",
    "runner_up": "幅度失准",
    "max_prob": 0.9960788238221495,
    "second_prob": 0.002528015450949542,
    "prob_gap": 0.9935508083712,
    "support_top_features": [],
    "support_runnerup_features": [],
    "conflict_features": [],
    "suggested_actions": []
  },
  "module_validation": {
    "sample_id": "sim_00360",
    "gt_module": null,
    "gt_module_v2": null,
    "top1": "[RF板][RF] 输入连接/匹配/保护",
    "top3": [
      "[RF板][RF] 输入连接/匹配/保护",
      "[RF板][RF] 输入衰减器组",
      "[RF板][RF] 低频通路固定滤波/抑制网络"
    ],
    "top5": [
      "[RF板][RF] 输入连接/匹配/保护",
      "[RF板][RF] 输入衰减器组",
      "[RF板][RF] 低频通路固定滤波/抑制网络",
      "[RF板][RF] 高频通路固定滤波/抑制网络",
      "[RF板][Mixer1]"
    ],
    "gt_rank": -1,
    "gt_prob": 0.0,
    "top1_hit": false,
    "top3_hit": false,
    "top5_hit": false
  },
  "ground_truth": {
    "type": "normal",
    "system_class_en": "normal",
    "system_class_cn": "正常",
    "module": null,
    "module_v2": null,
    "fault_params": {
      "severity": "light",
      "tier_target": "in_spec_weak",
      "type": "normal",
      "normal_state": "normal_state_A"
    }
  }
}