{
  "status": "success",
  "meta": {
    "sample_id": "sim_00303",
    "input_file": "/home/runner/work/FMFD-python/FMFD-python/Output/sim_spectrum/raw_curves/sim_00303.csv",
    "operating_condition": {
      "inject_power_dbm": -10.0,
      "freq_start_hz": 10000000.0,
      "freq_end_hz": 8200000000.0,
      "step_hz": 10000000.0,
      "frontend": {
        "low_band_only": true,
        "ac_coupling": true,
        "preamp": false
      }
    }
  },
  "data_points": 820,
  "frequency_range": {
    "min": 10000000.0,
    "max": 8200000000.0
  },
  "features": {
    "X1": -9.903409146341463,
    "X2": 0.0007351653509815565,
    "X3": 0.00015887122005632146,
    "X4": 0.03287447000319039,
    "X5": 0.2857939151650618,
    "X6": 0.0012577244407346799,
    "X7": 0.06709999999999994,
    "X8": 0.02842548780487803,
    "X9": 0.0010807307779906647,
    "X10": 0.019167802340500875,
    "X11": 0.0,
    "X12": 0.0,
    "X13": 0.03568470479934904,
    "X14": 0.01114798534798531,
    "X15": 0.007500111006690862,
    "X16": -0.010462535778562926,
    "X17": 0.0,
    "X18": 0.0,
    "X19": -9.293797272636965e-05,
    "X20": -0.26114050708446745,
    "X21": 2.0,
    "X22": 0.05054069041905213,
    "X23": 0.00010907110975609496,
    "X24": 0.013070821822347645,
    "X25": 0.00010907110975609496,
    "X26": 0.00013315809819796829,
    "X27": 6.420799831339207e-05,
    "X28": -0.17055655295615713,
    "X29": -0.6314229369620541,
    "X30": 0.008842225609756161,
    "X31": 0.005472739497054114,
    "X32": -4.385325395846288,
    "X33": 0.4992491317846664,
    "X34": 0.017546196072575213,
    "X35": 0.0003134874340040625,
    "X36": 0.8546396001151766,
    "X37": 0.03287447000319039,
    "offset_db": 0.02999999999999936,
    "viol_rate_aligned": 0.0,
    "viol_energy_aligned": 0.03568470479934904,
    "global_offset_db": 0.0,
    "shape_rmse": 0.010443711493338705,
    "ripple_hp": 0.0028597892787466392,
    "tail_asym": 0.00030500000000106137,
    "compress_ratio": 0.1975609756097561,
    "compress_ratio_high": 0.2,
    "freq_shift_score": 0.03994771390461915,
    "offset_slope": -0.0011218144322626652,
    "high_low_energy_ratio": 4.901117480698544,
    "band_offset_db_1": -0.004799999999998583,
    "band_offset_db_2": 0.003800000000001802,
    "band_offset_db_3": 0.005200000000001204,
    "band_offset_db_4": -0.004199999999999093
  },
  "system": {
    "probs": {
      "正常": 0.9970069927200507,
      "幅度失准": 0.0018430780090217486,
      "频率失准": 0.0004361888223078441,
      "参考电平失准": 0.0007137403489189045
    },
    "decision": "正常",
    "confidence": 0.9970069927200507,
    "is_normal": true
  },
  "module": {
    "topk": [
      {
        "module_id": "[RF板][RF] 输入连接/匹配/保护",
        "gamma": 0.058823529411764705
      },
      {
        "module_id": "[RF板][RF] 输入衰减器组",
        "gamma": 0.058823529411764705
      },
      {
        "module_id": "[RF板][RF] 低频通路固定滤波/抑制网络",
        "gamma": 0.058823529411764705
      }
    ],
    "gating": {
      "disabled_modules": [
        "高频段YTF滤波器",
        "高频段混频器",
        "前置放大器",
        "衰减器"
      ],
      "topk_k": 3
    }
  },
  "evidence": {
    "global_offset_db": 0.02999999999999936,
    "hf_std_db": 0.005613652668966811,
    "p95_abs_dev_db": 0.019999999999999574,
    "inside_env_frac": 1.0,
    "peak_freq_mae_hz": 4021.8508344596366,
    "peak_freq_outlier_frac": 0.0
  },
  "artifacts": {
    "output_json": "Output/batch_diagnosis/sim_00303_diagnosis.json"
  },
  "system_diagnosis": {
    "probabilities": {
      "正常": 0.9970069927200507,
      "幅度失准": 0.0018430780090217486,
      "频率失准": 0.0004361888223078441,
      "参考电平失准": 0.0007137403489189045
    },
    "predicted_class": "正常",
    "max_prob": 0.9970069927200507,
    "is_normal": true
  },
  "module_diagnosis": {
    "probabilities": {
      "[RF板][RF] 输入连接/匹配/保护": 0.058823529411764705,
      "[RF板][RF] 输入衰减器组": 0.058823529411764705,
      "[RF板][RF] 低频通路固定滤波/抑制网络": 0.058823529411764705,
      "[RF板][RF] 高频通路固定滤波/抑制网络": 0.058823529411764705,
      "[RF板][Mixer1]": 0.058823529411764705
    },
    "topk": [
      {
        "module": "[RF板][RF] 输入连接/匹配/保护",
        "probability": 0.058823529411764705
      },
      {
        "module": "[RF板][RF] 输入衰减器组",
        "probability": 0.058823529411764705
      },
      {
        "module": "[RF板][RF] 低频通路固定滤波/抑制网络",
        "probability": 0.058823529411764705
      }
    ],
    "disabled_modules": [
      "高频段YTF滤波器",
      "高频段混频器",
      "前置放大器",
      "衰减器"
    ]
  },
  "evidence_detail": {
    "viol_rate": 0.0,
    "envelope_violation": false,
    "violation_max_db": 0.0,
    "violation_energy": 0.03568470479934904,
    "baseline_coverage": 1.0
  },
  "config": {
    "mode": "unified_entry",
    "gating_status": "gated_ok",
    "run_name": null,
    "topk": 3
  },
  "uncertainty": {
    "is_uncertain": false,
    "reason": "",
    "top_class": "正常",
    "runner_up": "幅度失准",
    "max_prob": 0.9970069927200507,
    "second_prob": 0.0018430780090217486,
    "prob_gap": 0.9951639147110289,
    "support_top_features": [],
    "support_runnerup_features": [],
    "conflict_features": [],
    "suggested_actions": []
  },
  "module_validation": {
    "sample_id": "sim_00303",
    "gt_module": null,
    "gt_module_v2": null,
    "top1": "[RF板][RF] 输入连接/匹配/保护",
    "top3": [
      "[RF板][RF] 输入连接/匹配/保护",
      "[RF板][RF] 输入衰减器组",
      "[RF板][RF] 低频通路固定滤波/抑制网络"
    ],
    "top5": [
      "[RF板][RF] 输入连接/匹配/保护",
      "[RF板][RF] 输入衰减器组",
      "[RF板][RF] 低频通路固定滤波/抑制网络",
      "[RF板][RF] 高频通路固定滤波/抑制网络",
      "[RF板][Mixer1]"
    ],
    "gt_rank": -1,
    "gt_prob": 0.0,
    "top1_hit": false,
    "top3_hit": false,
    "top5_hit": false
  },
  "ground_truth": {
    "type": "normal",
    "system_class_en": "normal",
    "system_class_cn": "正常",
    "module": null,
    "module_v2": null,
    "fault_params": {
      "severity": "light",
      "tier_target": "edge",
      "type": "normal",
      "normal_state": "normal_state_A"
    }
  }
}