{
  "status": "success",
  "meta": {
    "sample_id": "sim_00276",
    "input_file": "/home/runner/work/FMFD-python/FMFD-python/Output/sim_spectrum/raw_curves/sim_00276.csv",
    "operating_condition": {
      "inject_power_dbm": -10.0,
      "freq_start_hz": 10000000.0,
      "freq_end_hz": 8200000000.0,
      "step_hz": 10000000.0,
      "frontend": {
        "low_band_only": true,
        "ac_coupling": true,
        "preamp": false
      }
    }
  },
  "data_points": 820,
  "frequency_range": {
    "min": 10000000.0,
    "max": 8200000000.0
  },
  "features": {
    "X1": -9.881340975609756,
    "X2": 0.0005863658560959088,
    "X3": 0.0002067710472977484,
    "X4": 0.029100346027814996,
    "X5": 0.26745381451374695,
    "X6": 0.0010396736624628203,
    "X7": 0.08259999999999934,
    "X8": 0.02536121951219513,
    "X9": 0.0008468301389385682,
    "X10": 0.01718137072356271,
    "X11": 0.0,
    "X12": 0.0,
    "X13": 0.07090152909360074,
    "X14": 0.005462271062271632,
    "X15": 0.0032907981184479955,
    "X16": 0.004961479269050213,
    "X17": 0.0,
    "X18": 0.0,
    "X19": -4.4840021729712354e-05,
    "X20": 0.05838980418334483,
    "X21": 6.0,
    "X22": 0.040900266645430394,
    "X23": 2.6142512195121444e-05,
    "X24": 0.023557694100611037,
    "X25": 2.6142512195121444e-05,
    "X26": 0.00034127464799625423,
    "X27": 3.3691348582767855e-05,
    "X28": 0.0335790335764967,
    "X29": -0.3395008927306987,
    "X30": 0.0023469512195123596,
    "X31": 0.0032132197006639013,
    "X32": -1.6588664368562542,
    "X33": 0.5594336112768848,
    "X34": 0.016362870662335383,
    "X35": 0.00032538247152115283,
    "X36": 0.8069243599297496,
    "X37": 0.029100346027814996,
    "offset_db": 0.05159999999999876,
    "viol_rate_aligned": 0.0,
    "viol_energy_aligned": 0.07090152909360074,
    "global_offset_db": 0.0,
    "shape_rmse": 0.005112974887002814,
    "ripple_hp": 0.0038926507012429536,
    "tail_asym": 0.00030000000000125066,
    "compress_ratio": 0.1951219512195122,
    "compress_ratio_high": 0.2,
    "freq_shift_score": 0.012114535291920081,
    "offset_slope": -0.0013680677185028865,
    "high_low_energy_ratio": 1.0328934970515322,
    "band_offset_db_1": 0.002600000000001046,
    "band_offset_db_2": 0.0045000000000001705,
    "band_offset_db_3": 0.001300000000000523,
    "band_offset_db_4": -0.003299999999997638
  },
  "system": {
    "probs": {
      "正常": 0.8358500221090115,
      "幅度失准": 0.031317270067024276,
      "频率失准": 0.018035810923210546,
      "参考电平失准": 0.11479689681716856
    },
    "decision": "正常",
    "confidence": 0.8358500221090115,
    "is_normal": true
  },
  "module": {
    "topk": [
      {
        "module_id": "[校准链路][校准源]",
        "gamma": 0.3437287665426549
      },
      {
        "module_id": "[校准链路][校准路径开关/耦合]",
        "gamma": 0.24552054753046781
      },
      {
        "module_id": "[校准链路][校准表/存储]",
        "gamma": 0.1964164380243743
      }
    ],
    "gating": {
      "disabled_modules": [
        "高频段YTF滤波器",
        "高频段混频器",
        "前置放大器",
        "衰减器"
      ],
      "topk_k": 3
    }
  },
  "evidence": {
    "global_offset_db": 0.05159999999999876,
    "hf_std_db": 0.0031772514478456758,
    "p95_abs_dev_db": 0.009505000000000848,
    "inside_env_frac": 1.0,
    "peak_freq_mae_hz": 3962.1773889465303,
    "peak_freq_outlier_frac": 0.0
  },
  "artifacts": {
    "output_json": "Output/batch_diagnosis/sim_00276_diagnosis.json"
  },
  "system_diagnosis": {
    "probabilities": {
      "正常": 0.8358500221090115,
      "幅度失准": 0.031317270067024276,
      "频率失准": 0.018035810923210546,
      "参考电平失准": 0.11479689681716856
    },
    "predicted_class": "正常",
    "max_prob": 0.8358500221090115,
    "is_normal": true
  },
  "module_diagnosis": {
    "probabilities": {
      "[校准链路][校准源]": 0.3437287665426549,
      "[校准链路][校准路径开关/耦合]": 0.24552054753046781,
      "[校准链路][校准表/存储]": 0.1964164380243743,
      "[RF板][RF] 低频通路固定滤波/抑制网络": 0.04133457241911073,
      "[数字中频板][ADC] 数字检波与平均": 0.035988164954817194,
      "[数字中频板][IF] 中频放大/衰减链": 0.03506539149443726,
      "[RF板][Mixer1]": 0.029931931751769843,
      "[数字中频板][DSP] 数字增益/偏置校准": 0.022146563049118266,
      "[RF板][RF] 输入连接/匹配/保护": 0.019004401112234823,
      "[数字中频板][IF] RBW数字滤波器": 0.016609922286838705
    },
    "topk": [
      {
        "module": "[校准链路][校准源]",
        "probability": 0.3437287665426549
      },
      {
        "module": "[校准链路][校准路径开关/耦合]",
        "probability": 0.24552054753046781
      },
      {
        "module": "[校准链路][校准表/存储]",
        "probability": 0.1964164380243743
      }
    ],
    "disabled_modules": [
      "高频段YTF滤波器",
      "高频段混频器",
      "前置放大器",
      "衰减器"
    ]
  },
  "evidence_detail": {
    "viol_rate": 0.0,
    "envelope_violation": false,
    "violation_max_db": 0.0,
    "violation_energy": 0.07090152909360074,
    "baseline_coverage": 1.0
  },
  "config": {
    "mode": "unified_entry",
    "gating_status": "gated_ok",
    "run_name": null,
    "topk": 3
  },
  "uncertainty": {
    "is_uncertain": false,
    "reason": "",
    "top_class": "正常",
    "runner_up": "参考电平失准",
    "max_prob": 0.8358500221090115,
    "second_prob": 0.11479689681716856,
    "prob_gap": 0.721053125291843,
    "support_top_features": [],
    "support_runnerup_features": [],
    "conflict_features": [],
    "suggested_actions": []
  },
  "module_validation": {
    "sample_id": "sim_00276",
    "gt_module": "校准源",
    "gt_module_v2": "[校准链路][校准源]",
    "top1": "[校准链路][校准源]",
    "top3": [
      "[校准链路][校准源]",
      "[校准链路][校准路径开关/耦合]",
      "[校准链路][校准表/存储]"
    ],
    "top5": [
      "[校准链路][校准源]",
      "[校准链路][校准路径开关/耦合]",
      "[校准链路][校准表/存储]",
      "[RF板][RF] 低频通路固定滤波/抑制网络",
      "[数字中频板][ADC] 数字检波与平均"
    ],
    "gt_rank": 1,
    "gt_prob": 0.3437287665426549,
    "top1_hit": true,
    "top3_hit": true,
    "top5_hit": true
  },
  "ground_truth": {
    "type": "fault",
    "system_class_en": "ref_error",
    "system_class_cn": "参考电平失准",
    "module": "校准源",
    "module_v2": "[校准链路][校准源]",
    "fault_params": {
      "severity": "light",
      "tier_target": "mild_oos",
      "type": "ref_miscal",
      "subtype": "ref_error_offset",
      "offset_db": -0.09743627300902516,
      "template_id": "T1",
      "mean_offset_db": 0.051731757904757945
    }
  }
}