{
  "status": "success",
  "meta": {
    "sample_id": "sim_00222",
    "input_file": "/home/runner/work/FMFD-python/FMFD-python/Output/sim_spectrum/raw_curves/sim_00222.csv",
    "operating_condition": {
      "inject_power_dbm": -10.0,
      "freq_start_hz": 10000000.0,
      "freq_end_hz": 8200000000.0,
      "step_hz": 10000000.0,
      "frontend": {
        "low_band_only": true,
        "ac_coupling": true,
        "preamp": false
      }
    }
  },
  "data_points": 820,
  "frequency_range": {
    "min": 10000000.0,
    "max": 8200000000.0
  },
  "features": {
    "X1": -10.00602829268293,
    "X2": 0.0005665553083482044,
    "X3": 0.0002448494824044378,
    "X4": 0.02854883300945255,
    "X5": 0.2600362481940842,
    "X6": 0.0009651569068411643,
    "X7": 0.08309999999999995,
    "X8": 0.024491707317073143,
    "X9": 0.0008150358662016075,
    "X10": 0.015345081022927665,
    "X11": 0.0,
    "X12": 0.0,
    "X13": 0.06896612515225548,
    "X14": 0.0027296703296695833,
    "X15": 0.0026487804266143214,
    "X16": -4.2923604530256297e-07,
    "X17": 0.0,
    "X18": 0.0,
    "X19": -7.01419397974665e-05,
    "X20": 0.08861303000909171,
    "X21": 6.0,
    "X22": 0.03776458082758563,
    "X23": 1.2360487804877433e-05,
    "X24": 0.014436945272544577,
    "X25": 1.2360487804877433e-05,
    "X26": 0.00018778021066782967,
    "X27": 4.1825744028449935e-05,
    "X28": -0.06696935300022225,
    "X29": 0.11545613383770963,
    "X30": -0.00027027439024382427,
    "X31": 0.0020571805006209484,
    "X32": -1.2622307277039304,
    "X33": 0.5854355492243324,
    "X34": 0.0148829832884809,
    "X35": 0.00033079284236859247,
    "X36": 0.7961352777364922,
    "X37": 0.028548833009452552,
    "offset_db": -0.07279999999999909,
    "viol_rate_aligned": 0.0,
    "viol_energy_aligned": 0.06896612515225548,
    "global_offset_db": 0.0,
    "shape_rmse": 0.00351574854118969,
    "ripple_hp": 0.003090208454425931,
    "tail_asym": -0.0009050000000031307,
    "compress_ratio": 0.2,
    "compress_ratio_high": 0.19322033898305085,
    "freq_shift_score": 0.006409797317317167,
    "offset_slope": -0.0006776033350406601,
    "high_low_energy_ratio": 0.4312169017758782,
    "band_offset_db_1": 0.0024999999999995026,
    "band_offset_db_2": 0.0020999999999986585,
    "band_offset_db_3": -0.0012500000000015277,
    "band_offset_db_4": -0.001300000000000523
  },
  "system": {
    "probs": {
      "正常": 0.03258639996139578,
      "幅度失准": 0.010594502710566677,
      "频率失准": 0.011721718709219703,
      "参考电平失准": 0.9450973785243081
    },
    "decision": "参考电平失准",
    "confidence": 0.9450973785243081,
    "is_normal": false
  },
  "module": {
    "topk": [
      {
        "module_id": "[校准链路][校准源]",
        "gamma": 0.43749999999999994
      },
      {
        "module_id": "[校准链路][校准路径开关/耦合]",
        "gamma": 0.3125
      },
      {
        "module_id": "[校准链路][校准表/存储]",
        "gamma": 0.25000000000000006
      }
    ],
    "gating": {
      "disabled_modules": [
        "高频段YTF滤波器",
        "高频段混频器",
        "前置放大器",
        "衰减器"
      ],
      "topk_k": 3
    }
  },
  "evidence": {
    "global_offset_db": -0.07279999999999909,
    "hf_std_db": 0.0024599594517293027,
    "p95_abs_dev_db": 0.007299999999998974,
    "inside_env_frac": 1.0,
    "peak_freq_mae_hz": 3920.201909919617,
    "peak_freq_outlier_frac": 0.0
  },
  "artifacts": {
    "output_json": "Output/batch_diagnosis/sim_00222_diagnosis.json"
  },
  "system_diagnosis": {
    "probabilities": {
      "正常": 0.03258639996139578,
      "幅度失准": 0.010594502710566677,
      "频率失准": 0.011721718709219703,
      "参考电平失准": 0.9450973785243081
    },
    "predicted_class": "参考电平失准",
    "max_prob": 0.9450973785243081,
    "is_normal": false
  },
  "module_diagnosis": {
    "probabilities": {
      "[校准链路][校准源]": 0.43749999999999994,
      "[校准链路][校准路径开关/耦合]": 0.3125,
      "[校准链路][校准表/存储]": 0.25000000000000006,
      "[RF板][RF] 输入衰减器组": 0.0,
      "[RF板][RF] 低频通路固定滤波/抑制网络": 0.0,
      "[RF板][Mixer1]": 0.0
    },
    "topk": [
      {
        "module": "[校准链路][校准源]",
        "probability": 0.43749999999999994
      },
      {
        "module": "[校准链路][校准路径开关/耦合]",
        "probability": 0.3125
      },
      {
        "module": "[校准链路][校准表/存储]",
        "probability": 0.25000000000000006
      }
    ],
    "disabled_modules": [
      "高频段YTF滤波器",
      "高频段混频器",
      "前置放大器",
      "衰减器"
    ]
  },
  "evidence_detail": {
    "viol_rate": 0.0,
    "envelope_violation": false,
    "violation_max_db": 0.0,
    "violation_energy": 0.06896612515225548,
    "baseline_coverage": 1.0
  },
  "config": {
    "mode": "unified_entry",
    "gating_status": "gated_ok",
    "run_name": null,
    "topk": 3
  },
  "uncertainty": {
    "is_uncertain": false,
    "reason": "",
    "top_class": "参考电平失准",
    "runner_up": "正常",
    "max_prob": 0.9450973785243081,
    "second_prob": 0.03258639996139578,
    "prob_gap": 0.9125109785629123,
    "support_top_features": [],
    "support_runnerup_features": [],
    "conflict_features": [],
    "suggested_actions": []
  },
  "module_validation": {
    "sample_id": "sim_00222",
    "gt_module": "存储器",
    "gt_module_v2": "[校准链路][校准表/存储]",
    "top1": "[校准链路][校准源]",
    "top3": [
      "[校准链路][校准源]",
      "[校准链路][校准路径开关/耦合]",
      "[校准链路][校准表/存储]"
    ],
    "top5": [
      "[校准链路][校准源]",
      "[校准链路][校准路径开关/耦合]",
      "[校准链路][校准表/存储]",
      "[RF板][RF] 输入衰减器组",
      "[RF板][RF] 低频通路固定滤波/抑制网络"
    ],
    "gt_rank": 3,
    "gt_prob": 0.25000000000000006,
    "top1_hit": false,
    "top3_hit": true,
    "top5_hit": true
  },
  "ground_truth": {
    "type": "fault",
    "system_class_en": "ref_error",
    "system_class_cn": "参考电平失准",
    "module": "存储器",
    "module_v2": "[校准链路][校准表/存储]",
    "fault_params": {
      "severity": "severe",
      "tier_target": "edge",
      "type": "ref_miscal",
      "subtype": "ref_error_offset",
      "offset_db": -0.27244183382465637,
      "template_id": "T1",
      "mean_offset_db": -0.07295360734729509
    }
  }
}