{
  "status": "success",
  "meta": {
    "sample_id": "sim_00025",
    "input_file": "/home/runner/work/FMFD-python/FMFD-python/Output/sim_spectrum/raw_curves/sim_00025.csv",
    "operating_condition": {
      "inject_power_dbm": -10.0,
      "freq_start_hz": 10000000.0,
      "freq_end_hz": 8200000000.0,
      "step_hz": 10000000.0,
      "frontend": {
        "low_band_only": true,
        "ac_coupling": true,
        "preamp": false
      }
    }
  },
  "data_points": 820,
  "frequency_range": {
    "min": 10000000.0,
    "max": 8200000000.0
  },
  "features": {
    "X1": -9.93307451219512,
    "X2": 0.0005778105051143495,
    "X3": -0.00039534953001511494,
    "X4": 0.037009333944858724,
    "X5": 0.38354382448334257,
    "X6": 0.005606644533298634,
    "X7": 0.08029999999999937,
    "X8": 0.05920548780487807,
    "X9": 0.001369690799042072,
    "X10": 0.06639981049367652,
    "X11": 0.1073170731707317,
    "X12": 0.03574370779239544,
    "X13": 1.8794455888929158,
    "X14": 0.04049871794871789,
    "X15": 0.04416293091579597,
    "X16": 0.01928382358449921,
    "X17": 0.0,
    "X18": 0.0,
    "X19": -0.00021110933125321148,
    "X20": -0.3891541467846653,
    "X21": 3.0,
    "X22": 0.08214362636702015,
    "X23": 0.003504228865853643,
    "X24": 6.26019854741422e-05,
    "X25": 0.003504228865853643,
    "X26": 0.0013255319632467341,
    "X27": 0.0004049584177093756,
    "X28": -0.40705853568774986,
    "X29": 0.7957859907216174,
    "X30": 0.05920935924126765,
    "X31": 0.055432937128115464,
    "X32": -12.105628975414195,
    "X33": 0.23595138196575005,
    "X34": 0.04974778096538851,
    "X35": 0.00031213902752247097,
    "X36": 0.8860389130237099,
    "X37": 0.037009333944858724,
    "offset_db": 0.013749999999999929,
    "viol_rate_aligned": 0.1073170731707317,
    "viol_energy_aligned": 1.8794455888929158,
    "global_offset_db": 0.0,
    "shape_rmse": 0.059196527481378866,
    "ripple_hp": 0.00019768624407000182,
    "tail_asym": -0.08481499999999953,
    "compress_ratio": 0.2,
    "compress_ratio_high": 0.2,
    "freq_shift_score": 0.29762039459201506,
    "offset_slope": -0.0229997405721537,
    "high_low_energy_ratio": 2.2245199354842775,
    "band_offset_db_1": 0.059949999999999726,
    "band_offset_db_2": 0.03595000000000148,
    "band_offset_db_3": -0.0022500000000009734,
    "band_offset_db_4": -0.06734999999999935
  },
  "system": {
    "probs": {
      "正常": 0.001479878044090843,
      "幅度失准": 0.9386607512379793,
      "频率失准": 0.059846722992154995,
      "参考电平失准": 1.2647631908773025e-05
    },
    "decision": "幅度失准",
    "confidence": 0.9386607512379793,
    "is_normal": false
  },
  "module": {
    "topk": [
      {
        "module_id": "[RF板][RF] 低频通路固定滤波/抑制网络",
        "gamma": 0.19285099242708584
      },
      {
        "module_id": "[数字中频板][ADC] 数字检波与平均",
        "gamma": 0.16790674055593582
      },
      {
        "module_id": "[数字中频板][IF] 中频放大/衰减链",
        "gamma": 0.16360143951604
      }
    ],
    "gating": {
      "disabled_modules": [
        "高频段YTF滤波器",
        "高频段混频器",
        "前置放大器",
        "衰减器"
      ],
      "topk_k": 3
    }
  },
  "evidence": {
    "global_offset_db": 0.013749999999999929,
    "hf_std_db": 0.009526535128191014,
    "p95_abs_dev_db": 0.13937000000000024,
    "inside_env_frac": 0.8926829268292683,
    "peak_freq_mae_hz": 4131.834094149147,
    "peak_freq_outlier_frac": 0.0
  },
  "artifacts": {
    "output_json": "Output/batch_diagnosis/sim_00025_diagnosis.json"
  },
  "system_diagnosis": {
    "probabilities": {
      "正常": 0.001479878044090843,
      "幅度失准": 0.9386607512379793,
      "频率失准": 0.059846722992154995,
      "参考电平失准": 1.2647631908773025e-05
    },
    "predicted_class": "幅度失准",
    "max_prob": 0.9386607512379793,
    "is_normal": false
  },
  "module_diagnosis": {
    "probabilities": {
      "[RF板][RF] 低频通路固定滤波/抑制网络": 0.19285099242708584,
      "[数字中频板][ADC] 数字检波与平均": 0.16790674055593582,
      "[数字中频板][IF] 中频放大/衰减链": 0.16360143951604,
      "[RF板][Mixer1]": 0.13965071865409664,
      "[数字中频板][DSP] 数字增益/偏置校准": 0.10332722495749894,
      "[RF板][RF] 输入连接/匹配/保护": 0.08866712295498201,
      "[数字中频板][IF] RBW数字滤波器": 0.07749541871812422,
      "[RF板][RF] 输入衰减器组": 0.03325017110811825,
      "[RF板][RF] 高频通路固定滤波/抑制网络": 0.03325017110811825
    },
    "topk": [
      {
        "module": "[RF板][RF] 低频通路固定滤波/抑制网络",
        "probability": 0.19285099242708584
      },
      {
        "module": "[数字中频板][ADC] 数字检波与平均",
        "probability": 0.16790674055593582
      },
      {
        "module": "[数字中频板][IF] 中频放大/衰减链",
        "probability": 0.16360143951604
      }
    ],
    "disabled_modules": [
      "高频段YTF滤波器",
      "高频段混频器",
      "前置放大器",
      "衰减器"
    ]
  },
  "evidence_detail": {
    "viol_rate": 0.1073170731707317,
    "envelope_violation": true,
    "violation_max_db": 0.03574370779239544,
    "violation_energy": 1.8794455888929158,
    "baseline_coverage": 0.8926829268292683
  },
  "config": {
    "mode": "unified_entry",
    "gating_status": "gated_ok",
    "run_name": null,
    "topk": 3
  },
  "uncertainty": {
    "is_uncertain": false,
    "reason": "",
    "top_class": "幅度失准",
    "runner_up": "频率失准",
    "max_prob": 0.9386607512379793,
    "second_prob": 0.059846722992154995,
    "prob_gap": 0.8788140282458243,
    "support_top_features": [],
    "support_runnerup_features": [],
    "conflict_features": [],
    "suggested_actions": []
  },
  "module_validation": {
    "sample_id": "sim_00025",
    "gt_module": "低频段前置低通滤波器",
    "gt_module_v2": "[RF板][RF] 低频通路固定滤波/抑制网络",
    "top1": "[RF板][RF] 低频通路固定滤波/抑制网络",
    "top3": [
      "[RF板][RF] 低频通路固定滤波/抑制网络",
      "[数字中频板][ADC] 数字检波与平均",
      "[数字中频板][IF] 中频放大/衰减链"
    ],
    "top5": [
      "[RF板][RF] 低频通路固定滤波/抑制网络",
      "[数字中频板][ADC] 数字检波与平均",
      "[数字中频板][IF] 中频放大/衰减链",
      "[RF板][Mixer1]",
      "[数字中频板][DSP] 数字增益/偏置校准"
    ],
    "gt_rank": 1,
    "gt_prob": 0.19285099242708584,
    "top1_hit": true,
    "top3_hit": true,
    "top5_hit": true
  },
  "ground_truth": {
    "type": "fault",
    "system_class_en": "amp_error",
    "system_class_cn": "幅度失准",
    "module": "低频段前置低通滤波器",
    "module_v2": "[RF板][RF] 低频通路固定滤波/抑制网络",
    "fault_params": {
      "severity": "severe",
      "tier_target": "in_spec_weak",
      "type": "lpf_shift",
      "subtype": "amp_error_band",
      "slope_db": -0.19543955711308264,
      "template_id": "T2"
    }
  }
}