{
  "status": "success",
  "meta": {
    "sample_id": "sim_00095",
    "input_file": "/home/runner/work/FMFD-python/FMFD-python/Output/sim_spectrum/raw_curves/sim_00095.csv",
    "operating_condition": {
      "inject_power_dbm": -10.0,
      "freq_start_hz": 10000000.0,
      "freq_end_hz": 8200000000.0,
      "step_hz": 10000000.0,
      "frontend": {
        "low_band_only": true,
        "ac_coupling": true,
        "preamp": false
      }
    }
  },
  "data_points": 820,
  "frequency_range": {
    "min": 10000000.0,
    "max": 8200000000.0
  },
  "features": {
    "X1": -9.933073536585365,
    "X2": 0.002159039348725957,
    "X3": -9.326853753759259e-05,
    "X4": 0.049425502311763646,
    "X5": 0.3346014061614712,
    "X6": 0.0030158708972486616,
    "X7": 0.079600000000001,
    "X8": 0.04581573170731707,
    "X9": 0.0024428802787701534,
    "X10": 0.02588808998628556,
    "X11": 0.0,
    "X12": 0.0,
    "X13": 0.12521059095596837,
    "X14": 0.033149084249084394,
    "X15": 0.041035552544994656,
    "X16": 0.007970841483545278,
    "X17": 0.0,
    "X18": 0.0,
    "X19": -0.0003078785641654024,
    "X20": -0.2702110253032255,
    "X21": 3.0,
    "X22": 0.0990674345989512,
    "X23": 0.0015833147682926803,
    "X24": 0.007442538004690857,
    "X25": 0.0015833147682926803,
    "X26": 0.0005443488991506583,
    "X27": 0.0004069344468327053,
    "X28": 0.06720565942326102,
    "X29": 0.31154370320457536,
    "X30": 0.05638384146341477,
    "X31": 0.01671081824450704,
    "X32": -14.916086906831165,
    "X33": 0.3243017240884922,
    "X34": 0.025828422656785394,
    "X35": 0.00031718399253981793,
    "X36": 0.9350091074536636,
    "X37": 0.049425502311763646,
    "offset_db": 0.0008999999999996788,
    "viol_rate_aligned": 0.0,
    "viol_energy_aligned": 0.12521059095596837,
    "global_offset_db": 0.0,
    "shape_rmse": 0.03979088800583219,
    "ripple_hp": 0.002168837945968456,
    "tail_asym": -0.011440000000001671,
    "compress_ratio": 0.2,
    "compress_ratio_high": 0.2,
    "freq_shift_score": 0.29591413277094547,
    "offset_slope": -0.005613881370305668,
    "high_low_energy_ratio": 2.6998052781547197,
    "band_offset_db_1": 0.02645000000000053,
    "band_offset_db_2": 0.006299999999999528,
    "band_offset_db_3": 0.00295000000000023,
    "band_offset_db_4": -0.013299999999999201
  },
  "system": {
    "probs": {
      "正常": 0.003859940829196449,
      "幅度失准": 0.9701348058284582,
      "频率失准": 0.026000883714909082,
      "参考电平失准": 4.369530422824488e-06
    },
    "decision": "幅度失准",
    "confidence": 0.9701348058284582,
    "is_normal": false
  },
  "module": {
    "topk": [
      {
        "module_id": "[RF板][RF] 低频通路固定滤波/抑制网络",
        "gamma": 0.19285099242708584
      },
      {
        "module_id": "[数字中频板][ADC] 数字检波与平均",
        "gamma": 0.16790674055593582
      },
      {
        "module_id": "[数字中频板][IF] 中频放大/衰减链",
        "gamma": 0.16360143951603998
      }
    ],
    "gating": {
      "disabled_modules": [
        "高频段YTF滤波器",
        "高频段混频器",
        "前置放大器",
        "衰减器"
      ],
      "topk_k": 3
    }
  },
  "evidence": {
    "global_offset_db": 0.0008999999999996788,
    "hf_std_db": 0.017882587200256227,
    "p95_abs_dev_db": 0.06733999999999943,
    "inside_env_frac": 1.0,
    "peak_freq_mae_hz": 3887.0557928800536,
    "peak_freq_outlier_frac": 0.0
  },
  "artifacts": {
    "output_json": "Output/batch_diagnosis/sim_00095_diagnosis.json"
  },
  "system_diagnosis": {
    "probabilities": {
      "正常": 0.003859940829196449,
      "幅度失准": 0.9701348058284582,
      "频率失准": 0.026000883714909082,
      "参考电平失准": 4.369530422824488e-06
    },
    "predicted_class": "幅度失准",
    "max_prob": 0.9701348058284582,
    "is_normal": false
  },
  "module_diagnosis": {
    "probabilities": {
      "[RF板][RF] 低频通路固定滤波/抑制网络": 0.19285099242708584,
      "[数字中频板][ADC] 数字检波与平均": 0.16790674055593582,
      "[数字中频板][IF] 中频放大/衰减链": 0.16360143951603998,
      "[RF板][Mixer1]": 0.13965071865409664,
      "[数字中频板][DSP] 数字增益/偏置校准": 0.10332722495749896,
      "[RF板][RF] 输入连接/匹配/保护": 0.08866712295498201,
      "[数字中频板][IF] RBW数字滤波器": 0.07749541871812422,
      "[RF板][RF] 输入衰减器组": 0.03325017110811825,
      "[RF板][RF] 高频通路固定滤波/抑制网络": 0.03325017110811825
    },
    "topk": [
      {
        "module": "[RF板][RF] 低频通路固定滤波/抑制网络",
        "probability": 0.19285099242708584
      },
      {
        "module": "[数字中频板][ADC] 数字检波与平均",
        "probability": 0.16790674055593582
      },
      {
        "module": "[数字中频板][IF] 中频放大/衰减链",
        "probability": 0.16360143951603998
      }
    ],
    "disabled_modules": [
      "高频段YTF滤波器",
      "高频段混频器",
      "前置放大器",
      "衰减器"
    ]
  },
  "evidence_detail": {
    "viol_rate": 0.0,
    "envelope_violation": false,
    "violation_max_db": 0.0,
    "violation_energy": 0.12521059095596837,
    "baseline_coverage": 1.0
  },
  "config": {
    "mode": "unified_entry",
    "gating_status": "gated_ok",
    "run_name": null,
    "topk": 3
  },
  "uncertainty": {
    "is_uncertain": false,
    "reason": "",
    "top_class": "幅度失准",
    "runner_up": "频率失准",
    "max_prob": 0.9701348058284582,
    "second_prob": 0.026000883714909082,
    "prob_gap": 0.9441339221135492,
    "support_top_features": [],
    "support_runnerup_features": [],
    "conflict_features": [],
    "suggested_actions": []
  },
  "module_validation": {
    "sample_id": "sim_00095",
    "gt_module": "低频段前置低通滤波器",
    "gt_module_v2": "[RF板][RF] 低频通路固定滤波/抑制网络",
    "top1": "[RF板][RF] 低频通路固定滤波/抑制网络",
    "top3": [
      "[RF板][RF] 低频通路固定滤波/抑制网络",
      "[数字中频板][ADC] 数字检波与平均",
      "[数字中频板][IF] 中频放大/衰减链"
    ],
    "top5": [
      "[RF板][RF] 低频通路固定滤波/抑制网络",
      "[数字中频板][ADC] 数字检波与平均",
      "[数字中频板][IF] 中频放大/衰减链",
      "[RF板][Mixer1]",
      "[数字中频板][DSP] 数字增益/偏置校准"
    ],
    "gt_rank": 1,
    "gt_prob": 0.19285099242708584,
    "top1_hit": true,
    "top3_hit": true,
    "top5_hit": true
  },
  "ground_truth": {
    "type": "fault",
    "system_class_en": "amp_error",
    "system_class_cn": "幅度失准",
    "module": "低频段前置低通滤波器",
    "module_v2": "[RF板][RF] 低频通路固定滤波/抑制网络",
    "fault_params": {
      "severity": "light",
      "tier_target": "edge",
      "type": "lpf_shift",
      "subtype": "amp_error_band",
      "ripple_amp_db": 0.06013632277700571,
      "period_norm": 0.127130255616757,
      "template_id": "T3"
    }
  }
}