{
  "status": "success",
  "meta": {
    "sample_id": "sim_00137",
    "input_file": "/home/runner/work/FMFD-python/FMFD-python/Output/sim_spectrum/raw_curves/sim_00137.csv",
    "operating_condition": {
      "inject_power_dbm": -10.0,
      "freq_start_hz": 10000000.0,
      "freq_end_hz": 8200000000.0,
      "step_hz": 10000000.0,
      "frontend": {
        "low_band_only": true,
        "ac_coupling": true,
        "preamp": false
      }
    }
  },
  "data_points": 820,
  "frequency_range": {
    "min": 10000000.0,
    "max": 8200000000.0
  },
  "features": {
    "X1": -9.933072195121952,
    "X2": 0.0013240709075285873,
    "X3": 0.00023771088106864353,
    "X4": 0.03438720689164894,
    "X5": 0.34278137014630433,
    "X6": 0.0012170059585960736,
    "X7": 0.06339999999999968,
    "X8": 0.02801682926829268,
    "X9": 0.0011824799978090684,
    "X10": 0.015918961594622458,
    "X11": 0.0,
    "X12": 0.0,
    "X13": 1.975663354047045,
    "X14": 0.01818974358974364,
    "X15": 0.005973806387255163,
    "X16": -0.23844885756490955,
    "X17": 0.0,
    "X18": 0.0005,
    "X19": -0.0002379876307615192,
    "X20": -0.14264565761620895,
    "X21": 2.0,
    "X22": 0.04245180486555002,
    "X23": 0.000662660592029347,
    "X24": 0.13946196127791521,
    "X25": 0.0006827202195121974,
    "X26": 0.0001692797990148307,
    "X27": 0.00037982546457403596,
    "X28": -0.7605321507648192,
    "X29": -1.8394339284191736,
    "X30": 0.01320076219512211,
    "X31": 0.00948966363383886,
    "X32": -3.431669275215236,
    "X33": 0.49372764846031914,
    "X34": 0.017768632409036634,
    "X35": 0.0002966658803955508,
    "X36": 0.8731368253370351,
    "X37": 0.03438720689164894,
    "offset_db": 0.008799999999999919,
    "viol_rate_aligned": 0.0,
    "viol_energy_aligned": 1.975663354047045,
    "global_offset_db": 0.0,
    "shape_rmse": 0.026128915391041348,
    "ripple_hp": 0.009223183033690876,
    "tail_asym": -0.060015000000000554,
    "compress_ratio": 0.2,
    "compress_ratio_high": 0.2,
    "freq_shift_score": 0.2738494072209293,
    "offset_slope": 0.0020161641830042077,
    "high_low_energy_ratio": 0.369302416246196,
    "band_offset_db_1": 0.005250000000000199,
    "band_offset_db_2": -0.0016999999999995907,
    "band_offset_db_3": -0.0023999999999988475,
    "band_offset_db_4": 0.002599999999997493
  },
  "system": {
    "probs": {
      "正常": 0.08874780723824298,
      "幅度失准": 0.22794069595160796,
      "频率失准": 0.6455327128271735,
      "参考电平失准": 0.03777878391842229
    },
    "decision": "频率失准",
    "confidence": 0.6455327128271735,
    "is_normal": false
  },
  "module": {
    "topk": [
      {
        "module_id": "[LO/时钟板][LO1] 合成链",
        "gamma": 0.35
      },
      {
        "module_id": "[时钟板][参考域] 10MHz 基准 OCXO",
        "gamma": 0.35
      },
      {
        "module_id": "[时钟板][参考分配]",
        "gamma": 0.3
      }
    ],
    "gating": {
      "disabled_modules": [
        "高频段YTF滤波器",
        "高频段混频器",
        "前置放大器",
        "衰减器"
      ],
      "topk_k": 3
    }
  },
  "evidence": {
    "global_offset_db": 0.008799999999999919,
    "hf_std_db": 0.011959847091595538,
    "p95_abs_dev_db": 0.07012000000000176,
    "inside_env_frac": 1.0,
    "peak_freq_mae_hz": 5658196.587595735,
    "peak_freq_outlier_frac": 0.1548780487804878
  },
  "artifacts": {
    "output_json": "Output/batch_diagnosis/sim_00137_diagnosis.json"
  },
  "system_diagnosis": {
    "probabilities": {
      "正常": 0.08874780723824298,
      "幅度失准": 0.22794069595160796,
      "频率失准": 0.6455327128271735,
      "参考电平失准": 0.03777878391842229
    },
    "predicted_class": "频率失准",
    "max_prob": 0.6455327128271735,
    "is_normal": false
  },
  "module_diagnosis": {
    "probabilities": {
      "[LO/时钟板][LO1] 合成链": 0.35,
      "[时钟板][参考域] 10MHz 基准 OCXO": 0.35,
      "[时钟板][参考分配]": 0.3
    },
    "topk": [
      {
        "module": "[LO/时钟板][LO1] 合成链",
        "probability": 0.35
      },
      {
        "module": "[时钟板][参考域] 10MHz 基准 OCXO",
        "probability": 0.35
      },
      {
        "module": "[时钟板][参考分配]",
        "probability": 0.3
      }
    ],
    "disabled_modules": [
      "高频段YTF滤波器",
      "高频段混频器",
      "前置放大器",
      "衰减器"
    ]
  },
  "evidence_detail": {
    "viol_rate": 0.0,
    "envelope_violation": false,
    "violation_max_db": 0.0,
    "violation_energy": 1.975663354047045,
    "baseline_coverage": 1.0
  },
  "config": {
    "mode": "unified_entry",
    "gating_status": "gated_ok",
    "run_name": null,
    "topk": 3
  },
  "uncertainty": {
    "is_uncertain": false,
    "reason": "",
    "top_class": "频率失准",
    "runner_up": "幅度失准",
    "max_prob": 0.6455327128271735,
    "second_prob": 0.22794069595160796,
    "prob_gap": 0.4175920168755656,
    "support_top_features": [],
    "support_runnerup_features": [],
    "conflict_features": [],
    "suggested_actions": []
  },
  "module_validation": {
    "sample_id": "sim_00137",
    "gt_module": "时钟合成与同步网络",
    "gt_module_v2": "[LO/时钟板][LO1] 合成链",
    "top1": "[LO/时钟板][LO1] 合成链",
    "top3": [
      "[LO/时钟板][LO1] 合成链",
      "[时钟板][参考域] 10MHz 基准 OCXO",
      "[时钟板][参考分配]"
    ],
    "top5": [
      "[LO/时钟板][LO1] 合成链",
      "[时钟板][参考域] 10MHz 基准 OCXO",
      "[时钟板][参考分配]"
    ],
    "gt_rank": 1,
    "gt_prob": 0.35,
    "top1_hit": true,
    "top3_hit": true,
    "top5_hit": true
  },
  "ground_truth": {
    "type": "fault",
    "system_class_en": "freq_error",
    "system_class_cn": "频率失准",
    "module": "时钟合成与同步网络",
    "module_v2": "[LO/时钟板][LO1] 合成链",
    "fault_params": {
      "severity": "severe",
      "tier_target": "mild_oos",
      "delta_f_hz": -3400049.595031211,
      "ppm": -415.14647069978156,
      "shift_bins": -0.3400049595031211,
      "bandwidth_hz": 8190000000.0,
      "type": "clock_drift",
      "track_type": "dense",
      "template_id": "T8",
      "forced_peak_track_type": true,
      "peak_track_profile": {
        "bands": [
          {
            "start_hz": 4499402407.618144,
            "end_hz": 5237797200.211898,
            "center_hz": 4868599803.915021,
            "width_hz": 738394792.5937545,
            "amplitude_hz": 33985872.05158843,
            "ramp_hz": 62652763.10021488
          },
          {
            "start_hz": 980460758.2506073,
            "end_hz": 1637470191.3018496,
            "center_hz": 1308965474.7762284,
            "width_hz": 657009433.0512425,
            "amplitude_hz": 38851044.2138475,
            "ramp_hz": 62652763.10021488
          }
        ],
        "track_type": "dense"
      },
      "freq_amp_coupling": {
        "bias_db_min": -0.1,
        "bias_db_max": -0.02
      }
    }
  }
}