{
  "status": "success",
  "meta": {
    "sample_id": "sim_00366",
    "input_file": "/home/runner/work/FMFD-python/FMFD-python/Output/sim_spectrum/raw_curves/sim_00366.csv",
    "operating_condition": {
      "inject_power_dbm": -10.0,
      "freq_start_hz": 10000000.0,
      "freq_end_hz": 8200000000.0,
      "step_hz": 10000000.0,
      "frontend": {
        "low_band_only": true,
        "ac_coupling": true,
        "preamp": false
      }
    }
  },
  "data_points": 820,
  "frequency_range": {
    "min": 10000000.0,
    "max": 8200000000.0
  },
  "features": {
    "X1": -9.913734146341463,
    "X2": 0.0005703997681191767,
    "X3": 0.00011878103192631688,
    "X4": 0.028007004853973082,
    "X5": 0.2792717878216972,
    "X6": 0.0009074487364663891,
    "X7": 0.07179999999999964,
    "X8": 0.0239651219512195,
    "X9": 0.0007843923208904715,
    "X10": 0.013628870788762865,
    "X11": 0.0,
    "X12": 0.0,
    "X13": 0.07884467698802364,
    "X14": 0.009445787545787258,
    "X15": 0.00713476573683076,
    "X16": 0.0010108727861796872,
    "X17": 0.0,
    "X18": 0.0,
    "X19": 5.8023011240967775e-05,
    "X20": -0.03896692783671618,
    "X21": 7.0,
    "X22": 0.03706187485363475,
    "X23": 8.828892682926891e-05,
    "X24": 0.012388329446971769,
    "X25": 8.828892682926891e-05,
    "X26": 5.939815421925076e-05,
    "X27": 9.818504359530094e-05,
    "X28": -0.1419583169429955,
    "X29": -0.20830546006882775,
    "X30": 0.0008346036585367492,
    "X31": 0.0029313250024650185,
    "X32": -4.085888908887072,
    "X33": 0.5960012145838212,
    "X34": 0.014600775452740106,
    "X35": 0.00032234162418506883,
    "X36": 0.7937615393376765,
    "X37": 0.028007004853973082,
    "offset_db": 0.020000000000000462,
    "viol_rate_aligned": 0.0,
    "viol_energy_aligned": 0.07884467698802364,
    "global_offset_db": 0.0,
    "shape_rmse": 0.009396218751671808,
    "ripple_hp": 0.0028180381978926664,
    "tail_asym": -0.0026999999999974423,
    "compress_ratio": 0.2,
    "compress_ratio_high": 0.19661016949152543,
    "freq_shift_score": 0.04707330085403161,
    "offset_slope": -0.00018785100701850435,
    "high_low_energy_ratio": 6.2963175495914925,
    "band_offset_db_1": -0.0026500000000009294,
    "band_offset_db_2": 0.0031999999999996476,
    "band_offset_db_3": -0.00420000000000087,
    "band_offset_db_4": -0.0009000000000014552
  },
  "system": {
    "probs": {
      "正常": 0.9980855200669706,
      "幅度失准": 0.000612384732999818,
      "频率失准": 0.00036454326709530995,
      "参考电平失准": 0.0009375518331256403
    },
    "decision": "正常",
    "confidence": 0.9980855200669706,
    "is_normal": true
  },
  "module": {
    "topk": [
      {
        "module_id": "[RF板][RF] 输入连接/匹配/保护",
        "gamma": 0.058823529411764705
      },
      {
        "module_id": "[RF板][RF] 输入衰减器组",
        "gamma": 0.058823529411764705
      },
      {
        "module_id": "[RF板][RF] 低频通路固定滤波/抑制网络",
        "gamma": 0.058823529411764705
      }
    ],
    "gating": {
      "disabled_modules": [
        "高频段YTF滤波器",
        "高频段混频器",
        "前置放大器",
        "衰减器"
      ],
      "topk_k": 3
    }
  },
  "evidence": {
    "global_offset_db": 0.020000000000000462,
    "hf_std_db": 0.005251620098477712,
    "p95_abs_dev_db": 0.017699999999999605,
    "inside_env_frac": 1.0,
    "peak_freq_mae_hz": 3825.860227934873,
    "peak_freq_outlier_frac": 0.0
  },
  "artifacts": {
    "output_json": "Output/batch_diagnosis/sim_00366_diagnosis.json"
  },
  "system_diagnosis": {
    "probabilities": {
      "正常": 0.9980855200669706,
      "幅度失准": 0.000612384732999818,
      "频率失准": 0.00036454326709530995,
      "参考电平失准": 0.0009375518331256403
    },
    "predicted_class": "正常",
    "max_prob": 0.9980855200669706,
    "is_normal": true
  },
  "module_diagnosis": {
    "probabilities": {
      "[RF板][RF] 输入连接/匹配/保护": 0.058823529411764705,
      "[RF板][RF] 输入衰减器组": 0.058823529411764705,
      "[RF板][RF] 低频通路固定滤波/抑制网络": 0.058823529411764705,
      "[RF板][RF] 高频通路固定滤波/抑制网络": 0.058823529411764705,
      "[RF板][Mixer1]": 0.058823529411764705
    },
    "topk": [
      {
        "module": "[RF板][RF] 输入连接/匹配/保护",
        "probability": 0.058823529411764705
      },
      {
        "module": "[RF板][RF] 输入衰减器组",
        "probability": 0.058823529411764705
      },
      {
        "module": "[RF板][RF] 低频通路固定滤波/抑制网络",
        "probability": 0.058823529411764705
      }
    ],
    "disabled_modules": [
      "高频段YTF滤波器",
      "高频段混频器",
      "前置放大器",
      "衰减器"
    ]
  },
  "evidence_detail": {
    "viol_rate": 0.0,
    "envelope_violation": false,
    "violation_max_db": 0.0,
    "violation_energy": 0.07884467698802364,
    "baseline_coverage": 1.0
  },
  "config": {
    "mode": "unified_entry",
    "gating_status": "gated_ok",
    "run_name": null,
    "topk": 3
  },
  "uncertainty": {
    "is_uncertain": false,
    "reason": "",
    "top_class": "正常",
    "runner_up": "参考电平失准",
    "max_prob": 0.9980855200669706,
    "second_prob": 0.0009375518331256403,
    "prob_gap": 0.997147968233845,
    "support_top_features": [],
    "support_runnerup_features": [],
    "conflict_features": [],
    "suggested_actions": []
  },
  "module_validation": {
    "sample_id": "sim_00366",
    "gt_module": null,
    "gt_module_v2": null,
    "top1": "[RF板][RF] 输入连接/匹配/保护",
    "top3": [
      "[RF板][RF] 输入连接/匹配/保护",
      "[RF板][RF] 输入衰减器组",
      "[RF板][RF] 低频通路固定滤波/抑制网络"
    ],
    "top5": [
      "[RF板][RF] 输入连接/匹配/保护",
      "[RF板][RF] 输入衰减器组",
      "[RF板][RF] 低频通路固定滤波/抑制网络",
      "[RF板][RF] 高频通路固定滤波/抑制网络",
      "[RF板][Mixer1]"
    ],
    "gt_rank": -1,
    "gt_prob": 0.0,
    "top1_hit": false,
    "top3_hit": false,
    "top5_hit": false
  },
  "ground_truth": {
    "type": "normal",
    "system_class_en": "normal",
    "system_class_cn": "正常",
    "module": null,
    "module_v2": null,
    "fault_params": {
      "severity": "light",
      "tier_target": "in_spec_weak",
      "type": "normal",
      "normal_state": "normal_state_A"
    }
  }
}