{
  "status": "success",
  "meta": {
    "sample_id": "sim_00238",
    "input_file": "/home/runner/work/FMFD-python/FMFD-python/Output/sim_spectrum/raw_curves/sim_00238.csv",
    "operating_condition": {
      "inject_power_dbm": -10.0,
      "freq_start_hz": 10000000.0,
      "freq_end_hz": 8200000000.0,
      "step_hz": 10000000.0,
      "frontend": {
        "low_band_only": true,
        "ac_coupling": true,
        "preamp": false
      }
    }
  },
  "data_points": 820,
  "frequency_range": {
    "min": 10000000.0,
    "max": 8200000000.0
  },
  "features": {
    "X1": -10.000765609756098,
    "X2": 0.000570047287452904,
    "X3": 0.00020511732618720785,
    "X4": 0.02961075945669823,
    "X5": 0.2750519896674803,
    "X6": 0.0010468831099940512,
    "X7": 0.07929999999999993,
    "X8": 0.02549634146341462,
    "X9": 0.0008767970756024437,
    "X10": 0.016793002839824957,
    "X11": 0.0,
    "X12": 0.0,
    "X13": 0.09850166126337723,
    "X14": 0.0038998168498165843,
    "X15": 0.006327773726732524,
    "X16": 0.003027646800245239,
    "X17": 0.0,
    "X18": 0.0,
    "X19": -8.631290830328375e-05,
    "X20": -0.12883101031434396,
    "X21": 5.0,
    "X22": 0.041705334702194445,
    "X23": 3.1115792682928035e-05,
    "X24": 0.03162376177131676,
    "X25": 3.1115792682928035e-05,
    "X26": 0.0004774208117094777,
    "X27": 1.591775506587482e-05,
    "X28": -0.19469644101925385,
    "X29": 0.16523190059422024,
    "X30": 0.0012352134146343258,
    "X31": 0.0025983587060866204,
    "X32": -1.408899200913767,
    "X33": 0.5691024957308167,
    "X34": 0.015166918262990207,
    "X35": 0.000339062042187903,
    "X36": 0.8057437625649648,
    "X37": 0.02961075945669823,
    "offset_db": -0.0672499999999987,
    "viol_rate_aligned": 0.0,
    "viol_energy_aligned": 0.09850166126337723,
    "global_offset_db": 0.0,
    "shape_rmse": 0.005578153160583531,
    "ripple_hp": 0.004597066999401028,
    "tail_asym": -0.003400000000000958,
    "compress_ratio": 0.19634146341463415,
    "compress_ratio_high": 0.2,
    "freq_shift_score": 0.014311005328721649,
    "offset_slope": -0.0010110506033383822,
    "high_low_energy_ratio": 0.569090402089123,
    "band_offset_db_1": 0.005250000000000199,
    "band_offset_db_2": 0.001949999999999008,
    "band_offset_db_3": 0.0003499999999991843,
    "band_offset_db_4": -0.0030500000000017735
  },
  "system": {
    "probs": {
      "正常": 0.12982743416417053,
      "幅度失准": 0.018810103641569664,
      "频率失准": 0.031026968878051012,
      "参考电平失准": 0.8203354932341753
    },
    "decision": "参考电平失准",
    "confidence": 0.8203354932341753,
    "is_normal": false
  },
  "module": {
    "topk": [
      {
        "module_id": "[校准链路][校准源]",
        "gamma": 0.43749999999999994
      },
      {
        "module_id": "[校准链路][校准路径开关/耦合]",
        "gamma": 0.3125
      },
      {
        "module_id": "[校准链路][校准表/存储]",
        "gamma": 0.25000000000000006
      }
    ],
    "gating": {
      "disabled_modules": [
        "高频段YTF滤波器",
        "高频段混频器",
        "前置放大器",
        "衰减器"
      ],
      "topk_k": 3
    }
  },
  "evidence": {
    "global_offset_db": -0.0672499999999987,
    "hf_std_db": 0.0037158959579712417,
    "p95_abs_dev_db": 0.011850000000000804,
    "inside_env_frac": 1.0,
    "peak_freq_mae_hz": 3990.1286130276826,
    "peak_freq_outlier_frac": 0.0
  },
  "artifacts": {
    "output_json": "Output/batch_diagnosis/sim_00238_diagnosis.json"
  },
  "system_diagnosis": {
    "probabilities": {
      "正常": 0.12982743416417053,
      "幅度失准": 0.018810103641569664,
      "频率失准": 0.031026968878051012,
      "参考电平失准": 0.8203354932341753
    },
    "predicted_class": "参考电平失准",
    "max_prob": 0.8203354932341753,
    "is_normal": false
  },
  "module_diagnosis": {
    "probabilities": {
      "[校准链路][校准源]": 0.43749999999999994,
      "[校准链路][校准路径开关/耦合]": 0.3125,
      "[校准链路][校准表/存储]": 0.25000000000000006,
      "[RF板][RF] 输入衰减器组": 0.0,
      "[RF板][RF] 低频通路固定滤波/抑制网络": 0.0,
      "[RF板][Mixer1]": 0.0
    },
    "topk": [
      {
        "module": "[校准链路][校准源]",
        "probability": 0.43749999999999994
      },
      {
        "module": "[校准链路][校准路径开关/耦合]",
        "probability": 0.3125
      },
      {
        "module": "[校准链路][校准表/存储]",
        "probability": 0.25000000000000006
      }
    ],
    "disabled_modules": [
      "高频段YTF滤波器",
      "高频段混频器",
      "前置放大器",
      "衰减器"
    ]
  },
  "evidence_detail": {
    "viol_rate": 0.0,
    "envelope_violation": false,
    "violation_max_db": 0.0,
    "violation_energy": 0.09850166126337723,
    "baseline_coverage": 1.0
  },
  "config": {
    "mode": "unified_entry",
    "gating_status": "gated_ok",
    "run_name": null,
    "topk": 3
  },
  "uncertainty": {
    "is_uncertain": false,
    "reason": "",
    "top_class": "参考电平失准",
    "runner_up": "正常",
    "max_prob": 0.8203354932341753,
    "second_prob": 0.12982743416417053,
    "prob_gap": 0.6905080590700048,
    "support_top_features": [],
    "support_runnerup_features": [],
    "conflict_features": [],
    "suggested_actions": []
  },
  "module_validation": {
    "sample_id": "sim_00238",
    "gt_module": "校准信号开关",
    "gt_module_v2": "[校准链路][校准路径开关/耦合]",
    "top1": "[校准链路][校准源]",
    "top3": [
      "[校准链路][校准源]",
      "[校准链路][校准路径开关/耦合]",
      "[校准链路][校准表/存储]"
    ],
    "top5": [
      "[校准链路][校准源]",
      "[校准链路][校准路径开关/耦合]",
      "[校准链路][校准表/存储]",
      "[RF板][RF] 输入衰减器组",
      "[RF板][RF] 低频通路固定滤波/抑制网络"
    ],
    "gt_rank": 2,
    "gt_prob": 0.3125,
    "top1_hit": false,
    "top3_hit": true,
    "top5_hit": true
  },
  "ground_truth": {
    "type": "fault",
    "system_class_en": "ref_error",
    "system_class_cn": "参考电平失准",
    "module": "校准信号开关",
    "module_v2": "[校准链路][校准路径开关/耦合]",
    "fault_params": {
      "severity": "light",
      "tier_target": "edge",
      "type": "ref_miscal",
      "subtype": "ref_error_offset",
      "offset_db": -0.04159148870913795,
      "template_id": "T1",
      "mean_offset_db": -0.06769214878630722
    }
  }
}