{
  "status": "success",
  "meta": {
    "sample_id": "sim_00291",
    "input_file": "/home/runner/work/FMFD-python/FMFD-python/Output/sim_spectrum/raw_curves/sim_00291.csv",
    "operating_condition": {
      "inject_power_dbm": -10.0,
      "freq_start_hz": 10000000.0,
      "freq_end_hz": 8200000000.0,
      "step_hz": 10000000.0,
      "frontend": {
        "low_band_only": true,
        "ac_coupling": true,
        "preamp": false
      }
    }
  },
  "data_points": 820,
  "frequency_range": {
    "min": 10000000.0,
    "max": 8200000000.0
  },
  "features": {
    "X1": -9.868506829268293,
    "X2": 0.0006127849340257133,
    "X3": 0.0002565977446166231,
    "X4": 0.02961632296246735,
    "X5": 0.25992461432246416,
    "X6": 0.0010071115143367047,
    "X7": 0.08150000000000013,
    "X8": 0.025053902439024403,
    "X9": 0.0008771265858171708,
    "X10": 0.015177820263777314,
    "X11": 0.0,
    "X12": 0.0,
    "X13": 0.10645460917610014,
    "X14": 0.003296703296703259,
    "X15": 0.0036220619738787144,
    "X16": 0.003817927796384866,
    "X17": 0.0,
    "X18": 0.0,
    "X19": -5.601899959603841e-05,
    "X20": 0.0863661458231606,
    "X21": 5.0,
    "X22": 0.03994672220034728,
    "X23": 1.4949536585365691e-05,
    "X24": 0.03140989346676559,
    "X25": 1.4949536585365691e-05,
    "X26": 0.00016232702911173384,
    "X27": 2.0154521519731064e-05,
    "X28": -0.07744107743224052,
    "X29": -0.08029711303770526,
    "X30": 0.0012379573170733793,
    "X31": 0.0009051801974015006,
    "X32": -0.5592615597234465,
    "X33": 0.5790182960895885,
    "X34": 0.016261078592868215,
    "X35": 0.00033764640907864345,
    "X36": 0.8068260872210942,
    "X37": 0.029616322962467353,
    "offset_db": 0.0647000000000002,
    "viol_rate_aligned": 0.0,
    "viol_energy_aligned": 0.10645460917610014,
    "global_offset_db": 0.0,
    "shape_rmse": 0.003866463058838878,
    "ripple_hp": 0.004571119641811031,
    "tail_asym": -0.0013949999999986187,
    "compress_ratio": 0.2,
    "compress_ratio_high": 0.19661016949152543,
    "freq_shift_score": 0.007198579501361713,
    "offset_slope": -0.0003179719184590692,
    "high_low_energy_ratio": 0.2457651997269286,
    "band_offset_db_1": 0.002849999999999575,
    "band_offset_db_2": 0.0006999999999983686,
    "band_offset_db_3": 0.0004499999999998394,
    "band_offset_db_4": -0.001200000000000756
  },
  "system": {
    "probs": {
      "正常": 0.4289030274993819,
      "幅度失准": 0.04574266258396957,
      "频率失准": 0.04792709292901098,
      "参考电平失准": 0.47742721693989465
    },
    "decision": "参考电平失准",
    "confidence": 0.47742721693989465,
    "is_normal": false
  },
  "module": {
    "topk": [
      {
        "module_id": "[校准链路][校准源]",
        "gamma": 0.43749999999999994
      },
      {
        "module_id": "[校准链路][校准路径开关/耦合]",
        "gamma": 0.3125
      },
      {
        "module_id": "[校准链路][校准表/存储]",
        "gamma": 0.25000000000000006
      }
    ],
    "gating": {
      "disabled_modules": [
        "高频段YTF滤波器",
        "高频段混频器",
        "前置放大器",
        "衰减器"
      ],
      "topk_k": 3
    }
  },
  "evidence": {
    "global_offset_db": 0.0647000000000002,
    "hf_std_db": 0.003415035639678298,
    "p95_abs_dev_db": 0.007800000000001361,
    "inside_env_frac": 1.0,
    "peak_freq_mae_hz": 3984.317546957811,
    "peak_freq_outlier_frac": 0.0
  },
  "artifacts": {
    "output_json": "Output/batch_diagnosis/sim_00291_diagnosis.json"
  },
  "system_diagnosis": {
    "probabilities": {
      "正常": 0.4289030274993819,
      "幅度失准": 0.04574266258396957,
      "频率失准": 0.04792709292901098,
      "参考电平失准": 0.47742721693989465
    },
    "predicted_class": "参考电平失准",
    "max_prob": 0.47742721693989465,
    "is_normal": false
  },
  "module_diagnosis": {
    "probabilities": {
      "[校准链路][校准源]": 0.43749999999999994,
      "[校准链路][校准路径开关/耦合]": 0.3125,
      "[校准链路][校准表/存储]": 0.25000000000000006,
      "[RF板][RF] 输入衰减器组": 0.0,
      "[RF板][RF] 低频通路固定滤波/抑制网络": 0.0,
      "[RF板][Mixer1]": 0.0
    },
    "topk": [
      {
        "module": "[校准链路][校准源]",
        "probability": 0.43749999999999994
      },
      {
        "module": "[校准链路][校准路径开关/耦合]",
        "probability": 0.3125
      },
      {
        "module": "[校准链路][校准表/存储]",
        "probability": 0.25000000000000006
      }
    ],
    "disabled_modules": [
      "高频段YTF滤波器",
      "高频段混频器",
      "前置放大器",
      "衰减器"
    ]
  },
  "evidence_detail": {
    "viol_rate": 0.0,
    "envelope_violation": false,
    "violation_max_db": 0.0,
    "violation_energy": 0.10645460917610014,
    "baseline_coverage": 1.0
  },
  "config": {
    "mode": "unified_entry",
    "gating_status": "gated_ok",
    "run_name": null,
    "topk": 3
  },
  "uncertainty": {
    "is_uncertain": true,
    "reason": "max_prob(47.74%) < 55% && prob_gap(4.85%) < 10%",
    "top_class": "参考电平失准",
    "runner_up": "正常",
    "max_prob": 0.47742721693989465,
    "second_prob": 0.4289030274993819,
    "prob_gap": 0.04852418944051273,
    "support_top_features": [
      {
        "feature": "X1",
        "contribution": 4.934253414634147
      },
      {
        "feature": "X21",
        "contribution": 1.5
      },
      {
        "feature": "X5",
        "contribution": 0.12996230716123208
      },
      {
        "feature": "X13",
        "contribution": 0.07451822642327009
      },
      {
        "feature": "X7",
        "contribution": 0.048900000000000075
      }
    ],
    "support_runnerup_features": [],
    "conflict_features": [
      {
        "feature": "X4",
        "top_contrib": 0.002961632296246735,
        "runnerup_contrib": 0.002961632296246735
      },
      {
        "feature": "X16",
        "top_contrib": 0.00038179277963848663,
        "runnerup_contrib": 0.00038179277963848663
      }
    ],
    "suggested_actions": [
      "复测参考电平校准点",
      "检查 ADC 量化状态",
      "当前诊断为正常，但置信度较低",
      "建议重复测试或更换测试点以提高置信度"
    ]
  },
  "module_validation": {
    "sample_id": "sim_00291",
    "gt_module": "存储器",
    "gt_module_v2": "[校准链路][校准表/存储]",
    "top1": "[校准链路][校准源]",
    "top3": [
      "[校准链路][校准源]",
      "[校准链路][校准路径开关/耦合]",
      "[校准链路][校准表/存储]"
    ],
    "top5": [
      "[校准链路][校准源]",
      "[校准链路][校准路径开关/耦合]",
      "[校准链路][校准表/存储]",
      "[RF板][RF] 输入衰减器组",
      "[RF板][RF] 低频通路固定滤波/抑制网络"
    ],
    "gt_rank": 3,
    "gt_prob": 0.25000000000000006,
    "top1_hit": false,
    "top3_hit": true,
    "top5_hit": true
  },
  "ground_truth": {
    "type": "fault",
    "system_class_en": "ref_error",
    "system_class_cn": "参考电平失准",
    "module": "存储器",
    "module_v2": "[校准链路][校准表/存储]",
    "fault_params": {
      "severity": "severe",
      "tier_target": "in_spec_weak",
      "type": "ref_miscal",
      "subtype": "ref_error_offset",
      "offset_db": -0.2427662553561429,
      "template_id": "T1",
      "mean_offset_db": 0.06456645950393655
    }
  }
}