{
  "status": "success",
  "meta": {
    "sample_id": "sim_00170",
    "input_file": "/home/runner/work/FMFD-python/FMFD-python/Output/sim_spectrum/raw_curves/sim_00170.csv",
    "operating_condition": {
      "inject_power_dbm": -10.0,
      "freq_start_hz": 10000000.0,
      "freq_end_hz": 8200000000.0,
      "step_hz": 10000000.0,
      "frontend": {
        "low_band_only": true,
        "ac_coupling": true,
        "preamp": false
      }
    }
  },
  "data_points": 820,
  "frequency_range": {
    "min": 10000000.0,
    "max": 8200000000.0
  },
  "features": {
    "X1": -9.933072682926829,
    "X2": 0.000604880216141187,
    "X3": 0.0002705014079142391,
    "X4": 0.028873555836873763,
    "X5": 0.3053866429030707,
    "X6": 0.0009499867171921491,
    "X7": 0.06640000000000157,
    "X8": 0.024185121951219527,
    "X9": 0.000833682226665067,
    "X10": 0.014952199876345306,
    "X11": 0.0,
    "X12": 0.0,
    "X13": 0.18416873625446953,
    "X14": 0.004403663003663035,
    "X15": 0.006915360835726741,
    "X16": 0.11951023611209026,
    "X17": -0.0004999999999999449,
    "X18": 0.0,
    "X19": -6.47877867699386e-05,
    "X20": -0.1104471113664558,
    "X21": 3.0,
    "X22": 0.04460853573090693,
    "X23": 2.6899690659297827e-05,
    "X24": 0.08728023832920451,
    "X25": 3.878060975609695e-05,
    "X26": 0.00024396131943237346,
    "X27": 2.377310860019695e-05,
    "X28": -0.05961251862434181,
    "X29": 0.34689229757023976,
    "X30": 0.0018278963414635981,
    "X31": 0.0010865287959871532,
    "X32": -0.6877838059599644,
    "X33": 0.5105651246273077,
    "X34": 0.015652657956956795,
    "X35": 0.00024763944665834764,
    "X36": 0.8508906450367297,
    "X37": 0.028873555836873763,
    "offset_db": 0.0002999999999993008,
    "viol_rate_aligned": 0.0,
    "viol_energy_aligned": 0.18416873625446953,
    "global_offset_db": 0.0,
    "shape_rmse": 0.006227407948424204,
    "ripple_hp": 0.007228561976437528,
    "tail_asym": -0.0009050000000013578,
    "compress_ratio": 0.2,
    "compress_ratio_high": 0.2,
    "freq_shift_score": 0.020371381305908653,
    "offset_slope": -5.74724088582359e-05,
    "high_low_energy_ratio": 0.6963821981407767,
    "band_offset_db_1": 0.0037500000000010303,
    "band_offset_db_2": 0.0001000000000015433,
    "band_offset_db_3": 0.0010500000000011056,
    "band_offset_db_4": -0.0012999999999987466
  },
  "system": {
    "probs": {
      "正常": 0.8449639898879768,
      "幅度失准": 0.057265901069830406,
      "频率失准": 0.060335965551943496,
      "参考电平失准": 0.03743414340575304
    },
    "decision": "正常",
    "confidence": 0.8449639898879768,
    "is_normal": true
  },
  "module": {
    "topk": [
      {
        "module_id": "[LO/时钟板][LO1] 合成链",
        "gamma": 0.1795684758227325
      },
      {
        "module_id": "[时钟板][参考域] 10MHz 基准 OCXO",
        "gamma": 0.1795684758227325
      },
      {
        "module_id": "[时钟板][参考分配]",
        "gamma": 0.15391583641948503
      }
    ],
    "gating": {
      "disabled_modules": [
        "高频段YTF滤波器",
        "高频段混频器",
        "前置放大器",
        "衰减器"
      ],
      "topk_k": 3
    }
  },
  "evidence": {
    "global_offset_db": 0.0002999999999993008,
    "hf_std_db": 0.005524397034843067,
    "p95_abs_dev_db": 0.011305000000001892,
    "inside_env_frac": 1.0,
    "peak_freq_mae_hz": 134227.39312741617,
    "peak_freq_outlier_frac": 0.0012195121951219512
  },
  "artifacts": {
    "output_json": "Output/batch_diagnosis/sim_00170_diagnosis.json"
  },
  "system_diagnosis": {
    "probabilities": {
      "正常": 0.8449639898879768,
      "幅度失准": 0.057265901069830406,
      "频率失准": 0.060335965551943496,
      "参考电平失准": 0.03743414340575304
    },
    "predicted_class": "正常",
    "max_prob": 0.8449639898879768,
    "is_normal": true
  },
  "module_diagnosis": {
    "probabilities": {
      "[LO/时钟板][LO1] 合成链": 0.1795684758227325,
      "[时钟板][参考域] 10MHz 基准 OCXO": 0.1795684758227325,
      "[时钟板][参考分配]": 0.15391583641948503,
      "[RF板][RF] 低频通路固定滤波/抑制网络": 0.09390825308127687,
      "[数字中频板][ADC] 数字检波与平均": 0.08176171917881471,
      "[数字中频板][IF] 中频放大/衰减链": 0.07966526484089637,
      "[RF板][Mixer1]": 0.06800252809333843,
      "[数字中频板][DSP] 数字增益/偏置校准": 0.05031490411003982,
      "[RF板][RF] 输入连接/匹配/保护": 0.04317620831323075,
      "[数字中频板][IF] RBW数字滤波器": 0.03773617808252986
    },
    "topk": [
      {
        "module": "[LO/时钟板][LO1] 合成链",
        "probability": 0.1795684758227325
      },
      {
        "module": "[时钟板][参考域] 10MHz 基准 OCXO",
        "probability": 0.1795684758227325
      },
      {
        "module": "[时钟板][参考分配]",
        "probability": 0.15391583641948503
      }
    ],
    "disabled_modules": [
      "高频段YTF滤波器",
      "高频段混频器",
      "前置放大器",
      "衰减器"
    ]
  },
  "evidence_detail": {
    "viol_rate": 0.0,
    "envelope_violation": false,
    "violation_max_db": 0.0,
    "violation_energy": 0.18416873625446953,
    "baseline_coverage": 1.0
  },
  "config": {
    "mode": "unified_entry",
    "gating_status": "gated_ok",
    "run_name": null,
    "topk": 3
  },
  "uncertainty": {
    "is_uncertain": false,
    "reason": "",
    "top_class": "正常",
    "runner_up": "频率失准",
    "max_prob": 0.8449639898879768,
    "second_prob": 0.060335965551943496,
    "prob_gap": 0.7846280243360333,
    "support_top_features": [],
    "support_runnerup_features": [],
    "conflict_features": [],
    "suggested_actions": []
  },
  "module_validation": {
    "sample_id": "sim_00170",
    "gt_module": "时钟合成与同步网络",
    "gt_module_v2": "[LO/时钟板][LO1] 合成链",
    "top1": "[LO/时钟板][LO1] 合成链",
    "top3": [
      "[LO/时钟板][LO1] 合成链",
      "[时钟板][参考域] 10MHz 基准 OCXO",
      "[时钟板][参考分配]"
    ],
    "top5": [
      "[LO/时钟板][LO1] 合成链",
      "[时钟板][参考域] 10MHz 基准 OCXO",
      "[时钟板][参考分配]",
      "[RF板][RF] 低频通路固定滤波/抑制网络",
      "[数字中频板][ADC] 数字检波与平均"
    ],
    "gt_rank": 1,
    "gt_prob": 0.1795684758227325,
    "top1_hit": true,
    "top3_hit": true,
    "top5_hit": true
  },
  "ground_truth": {
    "type": "fault",
    "system_class_en": "freq_error",
    "system_class_cn": "频率失准",
    "module": "时钟合成与同步网络",
    "module_v2": "[LO/时钟板][LO1] 合成链",
    "fault_params": {
      "severity": "light",
      "tier_target": "in_spec_weak",
      "delta_f_hz": 333328.4970716754,
      "ppm": 40.699450191901754,
      "shift_bins": 0.03333284970716754,
      "bandwidth_hz": 8190000000.0,
      "warp_scale": 1.0003786255178289,
      "warp_bias": 4.064981671605797e-05,
      "type": "freq_miscal",
      "track_type": "spike",
      "template_id": "T8",
      "forced_peak_track_type": true,
      "peak_track_profile": {
        "bands": [],
        "track_type": "spike"
      },
      "freq_amp_coupling": {
        "bias_db_min": -0.1,
        "bias_db_max": -0.02
      },
      "peak_track_warning": "peak_freq mismatch too weak"
    }
  }
}