{
  "status": "success",
  "meta": {
    "sample_id": "sim_00241",
    "input_file": "/home/runner/work/FMFD-python/FMFD-python/Output/sim_spectrum/raw_curves/sim_00241.csv",
    "operating_condition": {
      "inject_power_dbm": -10.0,
      "freq_start_hz": 10000000.0,
      "freq_end_hz": 8200000000.0,
      "step_hz": 10000000.0,
      "frontend": {
        "low_band_only": true,
        "ac_coupling": true,
        "preamp": false
      }
    }
  },
  "data_points": 820,
  "frequency_range": {
    "min": 10000000.0,
    "max": 8200000000.0
  },
  "features": {
    "X1": -9.997691097560976,
    "X2": 0.0006247851302134963,
    "X3": 0.0002321152721287035,
    "X4": 0.029035632557259047,
    "X5": 0.26185204768585574,
    "X6": 0.0009597249817221876,
    "X7": 0.08089999999999975,
    "X8": 0.024534024390243884,
    "X9": 0.0008430679580001614,
    "X10": 0.0147026636588246,
    "X11": 0.0,
    "X12": 0.0,
    "X13": 0.08711580440230915,
    "X14": 0.002071794871794559,
    "X15": 0.0019169221549778107,
    "X16": 0.004471884851599401,
    "X17": 0.0,
    "X18": 0.0,
    "X19": -5.740120627933044e-05,
    "X20": 0.0021832149873346474,
    "X21": 5.0,
    "X22": 0.039643627185340244,
    "X23": 5.790841463414652e-06,
    "X24": 0.014407431752934907,
    "X25": 5.790841463414652e-06,
    "X26": 0.00025232119228677506,
    "X27": 8.626792057231453e-06,
    "X28": 0.0019193857957976708,
    "X29": 0.00847009520465355,
    "X30": 0.0005558315984271062,
    "X31": 0.0002541238110887219,
    "X32": -0.44332186402249574,
    "X33": 0.5840663237792146,
    "X34": 0.015141600793731712,
    "X35": 0.00032739431383160285,
    "X36": 0.8051244635557588,
    "X37": 0.029035632557259043,
    "offset_db": -0.06459999999999866,
    "viol_rate_aligned": 0.0,
    "viol_energy_aligned": 0.08711580440230915,
    "global_offset_db": 0.0,
    "shape_rmse": 0.002406416726881413,
    "ripple_hp": 0.003064932287398379,
    "tail_asym": 0.00019999999999766862,
    "compress_ratio": 0.2,
    "compress_ratio_high": 0.2,
    "freq_shift_score": 0.003018420762355478,
    "offset_slope": -6.437194901584395e-05,
    "high_low_energy_ratio": 0.3442173022469855,
    "band_offset_db_1": 0.00014999999999876223,
    "band_offset_db_2": 0.00029999999999752447,
    "band_offset_db_3": -5.000000000077165e-05,
    "band_offset_db_4": -0.0001000000000015433
  },
  "system": {
    "probs": {
      "正常": 1.6340541352458418e-05,
      "幅度失准": 0.009994581825741007,
      "频率失准": 0.0062952231317570245,
      "参考电平失准": 0.9836938544027802
    },
    "decision": "参考电平失准",
    "confidence": 0.9836938544027802,
    "is_normal": false
  },
  "module": {
    "topk": [
      {
        "module_id": "[校准链路][校准源]",
        "gamma": 0.43749999999999994
      },
      {
        "module_id": "[校准链路][校准路径开关/耦合]",
        "gamma": 0.3125
      },
      {
        "module_id": "[校准链路][校准表/存储]",
        "gamma": 0.25000000000000006
      }
    ],
    "gating": {
      "disabled_modules": [
        "高频段YTF滤波器",
        "高频段混频器",
        "前置放大器",
        "衰减器"
      ],
      "topk_k": 3
    }
  },
  "evidence": {
    "global_offset_db": -0.06459999999999866,
    "hf_std_db": 0.002211326656847162,
    "p95_abs_dev_db": 0.005105000000000533,
    "inside_env_frac": 1.0,
    "peak_freq_mae_hz": 4112.272256658896,
    "peak_freq_outlier_frac": 0.0
  },
  "artifacts": {
    "output_json": "Output/batch_diagnosis/sim_00241_diagnosis.json"
  },
  "system_diagnosis": {
    "probabilities": {
      "正常": 1.6340541352458418e-05,
      "幅度失准": 0.009994581825741007,
      "频率失准": 0.0062952231317570245,
      "参考电平失准": 0.9836938544027802
    },
    "predicted_class": "参考电平失准",
    "max_prob": 0.9836938544027802,
    "is_normal": false
  },
  "module_diagnosis": {
    "probabilities": {
      "[校准链路][校准源]": 0.43749999999999994,
      "[校准链路][校准路径开关/耦合]": 0.3125,
      "[校准链路][校准表/存储]": 0.25000000000000006,
      "[RF板][RF] 输入衰减器组": 0.0,
      "[RF板][RF] 低频通路固定滤波/抑制网络": 0.0,
      "[RF板][Mixer1]": 0.0
    },
    "topk": [
      {
        "module": "[校准链路][校准源]",
        "probability": 0.43749999999999994
      },
      {
        "module": "[校准链路][校准路径开关/耦合]",
        "probability": 0.3125
      },
      {
        "module": "[校准链路][校准表/存储]",
        "probability": 0.25000000000000006
      }
    ],
    "disabled_modules": [
      "高频段YTF滤波器",
      "高频段混频器",
      "前置放大器",
      "衰减器"
    ]
  },
  "evidence_detail": {
    "viol_rate": 0.0,
    "envelope_violation": false,
    "violation_max_db": 0.0,
    "violation_energy": 0.08711580440230915,
    "baseline_coverage": 1.0
  },
  "config": {
    "mode": "unified_entry",
    "gating_status": "gated_ok",
    "run_name": null,
    "topk": 3
  },
  "uncertainty": {
    "is_uncertain": false,
    "reason": "",
    "top_class": "参考电平失准",
    "runner_up": "幅度失准",
    "max_prob": 0.9836938544027802,
    "second_prob": 0.009994581825741007,
    "prob_gap": 0.9736992725770393,
    "support_top_features": [],
    "support_runnerup_features": [],
    "conflict_features": [],
    "suggested_actions": []
  },
  "module_validation": {
    "sample_id": "sim_00241",
    "gt_module": "校准源",
    "gt_module_v2": "[校准链路][校准源]",
    "top1": "[校准链路][校准源]",
    "top3": [
      "[校准链路][校准源]",
      "[校准链路][校准路径开关/耦合]",
      "[校准链路][校准表/存储]"
    ],
    "top5": [
      "[校准链路][校准源]",
      "[校准链路][校准路径开关/耦合]",
      "[校准链路][校准表/存储]",
      "[RF板][RF] 输入衰减器组",
      "[RF板][RF] 低频通路固定滤波/抑制网络"
    ],
    "gt_rank": 1,
    "gt_prob": 0.43749999999999994,
    "top1_hit": true,
    "top3_hit": true,
    "top5_hit": true
  },
  "ground_truth": {
    "type": "fault",
    "system_class_en": "ref_error",
    "system_class_cn": "参考电平失准",
    "module": "校准源",
    "module_v2": "[校准链路][校准源]",
    "fault_params": {
      "severity": "mid",
      "tier_target": "edge",
      "type": "ref_miscal",
      "subtype": "ref_error_offset",
      "offset_db": -0.10731519368198517,
      "template_id": "T1",
      "mean_offset_db": -0.06461807438264071
    }
  }
}