{
  "status": "success",
  "meta": {
    "sample_id": "sim_00220",
    "input_file": "/home/runner/work/FMFD-python/FMFD-python/Output/sim_spectrum/raw_curves/sim_00220.csv",
    "operating_condition": {
      "inject_power_dbm": -10.0,
      "freq_start_hz": 10000000.0,
      "freq_end_hz": 8200000000.0,
      "step_hz": 10000000.0,
      "frontend": {
        "low_band_only": true,
        "ac_coupling": true,
        "preamp": false
      }
    }
  },
  "data_points": 820,
  "frequency_range": {
    "min": 10000000.0,
    "max": 8200000000.0
  },
  "features": {
    "X1": -9.979813902439023,
    "X2": 0.000583484057935092,
    "X3": 0.00021197774543280364,
    "X4": 0.029618813925082876,
    "X5": 0.266118012834342,
    "X6": 0.0010834037091612136,
    "X7": 0.08040000000000092,
    "X8": 0.0260748780487805,
    "X9": 0.0008772741383286833,
    "X10": 0.01688814491668441,
    "X11": 0.0,
    "X12": 0.0,
    "X13": 0.06778173699540158,
    "X14": 0.0042937728937727905,
    "X15": 0.003222421668854415,
    "X16": 0.000728422016707266,
    "X17": 0.0,
    "X18": 0.0,
    "X19": -9.246841526092461e-05,
    "X20": -0.03549316581837614,
    "X21": 3.0,
    "X22": 0.03920533121031356,
    "X23": 2.4893585365852463e-05,
    "X24": 0.015755864416411303,
    "X25": 2.4893585365852463e-05,
    "X26": 7.845542087587414e-06,
    "X27": 4.777685067187631e-05,
    "X28": -0.15789473683025995,
    "X29": 0.36539927037246794,
    "X30": 0.0026339939024391315,
    "X31": 0.003810271220756837,
    "X32": -1.3744223096657746,
    "X33": 0.5481501056959693,
    "X34": 0.017252588032532965,
    "X35": 0.00032552872898096414,
    "X36": 0.8139424967406892,
    "X37": 0.029618813925082876,
    "offset_db": -0.046499999999999986,
    "viol_rate_aligned": 0.0,
    "viol_energy_aligned": 0.06778173699540158,
    "global_offset_db": 0.0,
    "shape_rmse": 0.004989347188345632,
    "ripple_hp": 0.003191491492605906,
    "tail_asym": -0.001894999999999229,
    "compress_ratio": 0.2,
    "compress_ratio_high": 0.19661016949152543,
    "freq_shift_score": 0.010061141866738454,
    "offset_slope": -0.0015667898840115288,
    "high_low_energy_ratio": 0.6782555571527075,
    "band_offset_db_1": 0.0051000000000005485,
    "band_offset_db_2": 0.0034999999999989484,
    "band_offset_db_3": 0.0010999999999992127,
    "band_offset_db_4": -0.004100000000001103
  },
  "system": {
    "probs": {
      "正常": 0.03170344134757367,
      "幅度失准": 0.011254679730400933,
      "频率失准": 0.005073910421392215,
      "参考电平失准": 0.9519679684054364
    },
    "decision": "参考电平失准",
    "confidence": 0.9519679684054364,
    "is_normal": false
  },
  "module": {
    "topk": [
      {
        "module_id": "[校准链路][校准源]",
        "gamma": 0.43749999999999994
      },
      {
        "module_id": "[校准链路][校准路径开关/耦合]",
        "gamma": 0.3125
      },
      {
        "module_id": "[校准链路][校准表/存储]",
        "gamma": 0.25000000000000006
      }
    ],
    "gating": {
      "disabled_modules": [
        "高频段YTF滤波器",
        "高频段混频器",
        "前置放大器",
        "衰减器"
      ],
      "topk_k": 3
    }
  },
  "evidence": {
    "global_offset_db": -0.046499999999999986,
    "hf_std_db": 0.0025465461682535506,
    "p95_abs_dev_db": 0.010199999999997633,
    "inside_env_frac": 1.0,
    "peak_freq_mae_hz": 3814.0668084335466,
    "peak_freq_outlier_frac": 0.0
  },
  "artifacts": {
    "output_json": "Output/batch_diagnosis/sim_00220_diagnosis.json"
  },
  "system_diagnosis": {
    "probabilities": {
      "正常": 0.03170344134757367,
      "幅度失准": 0.011254679730400933,
      "频率失准": 0.005073910421392215,
      "参考电平失准": 0.9519679684054364
    },
    "predicted_class": "参考电平失准",
    "max_prob": 0.9519679684054364,
    "is_normal": false
  },
  "module_diagnosis": {
    "probabilities": {
      "[校准链路][校准源]": 0.43749999999999994,
      "[校准链路][校准路径开关/耦合]": 0.3125,
      "[校准链路][校准表/存储]": 0.25000000000000006,
      "[RF板][RF] 输入衰减器组": 0.0,
      "[RF板][RF] 低频通路固定滤波/抑制网络": 0.0,
      "[RF板][Mixer1]": 0.0
    },
    "topk": [
      {
        "module": "[校准链路][校准源]",
        "probability": 0.43749999999999994
      },
      {
        "module": "[校准链路][校准路径开关/耦合]",
        "probability": 0.3125
      },
      {
        "module": "[校准链路][校准表/存储]",
        "probability": 0.25000000000000006
      }
    ],
    "disabled_modules": [
      "高频段YTF滤波器",
      "高频段混频器",
      "前置放大器",
      "衰减器"
    ]
  },
  "evidence_detail": {
    "viol_rate": 0.0,
    "envelope_violation": false,
    "violation_max_db": 0.0,
    "violation_energy": 0.06778173699540158,
    "baseline_coverage": 1.0
  },
  "config": {
    "mode": "unified_entry",
    "gating_status": "gated_ok",
    "run_name": null,
    "topk": 3
  },
  "uncertainty": {
    "is_uncertain": false,
    "reason": "",
    "top_class": "参考电平失准",
    "runner_up": "正常",
    "max_prob": 0.9519679684054364,
    "second_prob": 0.03170344134757367,
    "prob_gap": 0.9202645270578628,
    "support_top_features": [],
    "support_runnerup_features": [],
    "conflict_features": [],
    "suggested_actions": []
  },
  "module_validation": {
    "sample_id": "sim_00220",
    "gt_module": "校准信号开关",
    "gt_module_v2": "[校准链路][校准路径开关/耦合]",
    "top1": "[校准链路][校准源]",
    "top3": [
      "[校准链路][校准源]",
      "[校准链路][校准路径开关/耦合]",
      "[校准链路][校准表/存储]"
    ],
    "top5": [
      "[校准链路][校准源]",
      "[校准链路][校准路径开关/耦合]",
      "[校准链路][校准表/存储]",
      "[RF板][RF] 输入衰减器组",
      "[RF板][RF] 低频通路固定滤波/抑制网络"
    ],
    "gt_rank": 2,
    "gt_prob": 0.3125,
    "top1_hit": false,
    "top3_hit": true,
    "top5_hit": true
  },
  "ground_truth": {
    "type": "fault",
    "system_class_en": "ref_error",
    "system_class_cn": "参考电平失准",
    "module": "校准信号开关",
    "module_v2": "[校准链路][校准路径开关/耦合]",
    "fault_params": {
      "severity": "light",
      "tier_target": "mild_oos",
      "type": "ref_miscal",
      "subtype": "ref_error_offset",
      "offset_db": -0.04627209930463397,
      "template_id": "T1",
      "mean_offset_db": -0.04674307684341108
    }
  }
}