{
  "status": "success",
  "meta": {
    "sample_id": "sim_00240",
    "input_file": "/home/runner/work/FMFD-python/FMFD-python/Output/sim_spectrum/raw_curves/sim_00240.csv",
    "operating_condition": {
      "inject_power_dbm": -10.0,
      "freq_start_hz": 10000000.0,
      "freq_end_hz": 8200000000.0,
      "step_hz": 10000000.0,
      "frontend": {
        "low_band_only": true,
        "ac_coupling": true,
        "preamp": false
      }
    }
  },
  "data_points": 820,
  "frequency_range": {
    "min": 10000000.0,
    "max": 8200000000.0
  },
  "features": {
    "X1": -9.87558256097561,
    "X2": 0.0006237803977047397,
    "X3": 0.00023146001387510073,
    "X4": 0.029081576896985272,
    "X5": 0.2721396073032748,
    "X6": 0.000989988610514575,
    "X7": 0.07779999999999987,
    "X8": 0.0251689024390244,
    "X9": 0.0008457381148152677,
    "X10": 0.015832890109068697,
    "X11": 0.0,
    "X12": 0.0,
    "X13": 0.08813476249137678,
    "X14": 0.004078754578754377,
    "X15": 0.0026298377654725,
    "X16": -0.0022706621251458096,
    "X17": 0.0,
    "X18": 0.0,
    "X19": -0.0001232462286359048,
    "X20": -0.14282596841436312,
    "X21": 5.0,
    "X22": 0.03962575259499793,
    "X23": 1.5161378048780702e-05,
    "X24": 0.020793895339943913,
    "X25": 1.5161378048780702e-05,
    "X26": 0.00020046618605797193,
    "X27": 1.560987295236009e-05,
    "X28": -0.10869565216225009,
    "X29": -0.09609282294085375,
    "X30": 0.0009797256097562462,
    "X31": 0.0014797266496765198,
    "X32": -1.376107034619386,
    "X33": 0.5701640567793222,
    "X34": 0.015247342561748022,
    "X35": 0.0003218324785728441,
    "X36": 0.8088892361974288,
    "X37": 0.029081576896985272,
    "offset_db": 0.05770000000000053,
    "viol_rate_aligned": 0.0,
    "viol_energy_aligned": 0.08813476249137678,
    "global_offset_db": 0.0,
    "shape_rmse": 0.003893761426792954,
    "ripple_hp": 0.003640748767857562,
    "tail_asym": -0.001395000000000395,
    "compress_ratio": 0.2,
    "compress_ratio_high": 0.2,
    "freq_shift_score": 0.007576936835269277,
    "offset_slope": -0.0005753884371571847,
    "high_low_energy_ratio": 0.15409460416646312,
    "band_offset_db_1": 0.00569999999999915,
    "band_offset_db_2": 0.00140000000000029,
    "band_offset_db_3": -0.00020000000000131024,
    "band_offset_db_4": -0.00140000000000029
  },
  "system": {
    "probs": {
      "正常": 0.76962788066318,
      "幅度失准": 0.03474522878710026,
      "频率失准": 0.02147644565591524,
      "参考电平失准": 0.17415044481684164
    },
    "decision": "正常",
    "confidence": 0.76962788066318,
    "is_normal": true
  },
  "module": {
    "topk": [
      {
        "module_id": "[校准链路][校准源]",
        "gamma": 0.43749999999999994
      },
      {
        "module_id": "[校准链路][校准路径开关/耦合]",
        "gamma": 0.3125
      },
      {
        "module_id": "[校准链路][校准表/存储]",
        "gamma": 0.25000000000000006
      }
    ],
    "gating": {
      "disabled_modules": [
        "高频段YTF滤波器",
        "高频段混频器",
        "前置放大器",
        "衰减器"
      ],
      "topk_k": 3
    }
  },
  "evidence": {
    "global_offset_db": 0.05770000000000053,
    "hf_std_db": 0.002814118291768552,
    "p95_abs_dev_db": 0.008300000000000196,
    "inside_env_frac": 1.0,
    "peak_freq_mae_hz": 4177.943093338729,
    "peak_freq_outlier_frac": 0.0
  },
  "artifacts": {
    "output_json": "Output/batch_diagnosis/sim_00240_diagnosis.json"
  },
  "system_diagnosis": {
    "probabilities": {
      "正常": 0.76962788066318,
      "幅度失准": 0.03474522878710026,
      "频率失准": 0.02147644565591524,
      "参考电平失准": 0.17415044481684164
    },
    "predicted_class": "正常",
    "max_prob": 0.76962788066318,
    "is_normal": true
  },
  "module_diagnosis": {
    "probabilities": {
      "[校准链路][校准源]": 0.43749999999999994,
      "[校准链路][校准路径开关/耦合]": 0.3125,
      "[校准链路][校准表/存储]": 0.25000000000000006,
      "[RF板][RF] 输入衰减器组": 0.0,
      "[RF板][RF] 低频通路固定滤波/抑制网络": 0.0,
      "[RF板][Mixer1]": 0.0
    },
    "topk": [
      {
        "module": "[校准链路][校准源]",
        "probability": 0.43749999999999994
      },
      {
        "module": "[校准链路][校准路径开关/耦合]",
        "probability": 0.3125
      },
      {
        "module": "[校准链路][校准表/存储]",
        "probability": 0.25000000000000006
      }
    ],
    "disabled_modules": [
      "高频段YTF滤波器",
      "高频段混频器",
      "前置放大器",
      "衰减器"
    ]
  },
  "evidence_detail": {
    "viol_rate": 0.0,
    "envelope_violation": false,
    "violation_max_db": 0.0,
    "violation_energy": 0.08813476249137678,
    "baseline_coverage": 1.0
  },
  "config": {
    "mode": "unified_entry",
    "gating_status": "gated_ok",
    "run_name": null,
    "topk": 3
  },
  "uncertainty": {
    "is_uncertain": false,
    "reason": "",
    "top_class": "正常",
    "runner_up": "参考电平失准",
    "max_prob": 0.76962788066318,
    "second_prob": 0.17415044481684164,
    "prob_gap": 0.5954774358463384,
    "support_top_features": [],
    "support_runnerup_features": [],
    "conflict_features": [],
    "suggested_actions": []
  },
  "module_validation": {
    "sample_id": "sim_00240",
    "gt_module": "校准源",
    "gt_module_v2": "[校准链路][校准源]",
    "top1": "[校准链路][校准源]",
    "top3": [
      "[校准链路][校准源]",
      "[校准链路][校准路径开关/耦合]",
      "[校准链路][校准表/存储]"
    ],
    "top5": [
      "[校准链路][校准源]",
      "[校准链路][校准路径开关/耦合]",
      "[校准链路][校准表/存储]",
      "[RF板][RF] 输入衰减器组",
      "[RF板][RF] 低频通路固定滤波/抑制网络"
    ],
    "gt_rank": 1,
    "gt_prob": 0.43749999999999994,
    "top1_hit": true,
    "top3_hit": true,
    "top5_hit": true
  },
  "ground_truth": {
    "type": "fault",
    "system_class_en": "ref_error",
    "system_class_cn": "参考电平失准",
    "module": "校准源",
    "module_v2": "[校准链路][校准源]",
    "fault_params": {
      "severity": "light",
      "tier_target": "edge",
      "type": "ref_miscal",
      "subtype": "ref_error_offset",
      "offset_db": -0.07410591886048118,
      "template_id": "T1",
      "mean_offset_db": 0.05749013244654343
    }
  }
}