{
  "status": "success",
  "meta": {
    "sample_id": "sim_00204",
    "input_file": "/home/runner/work/FMFD-python/FMFD-python/Output/sim_spectrum/raw_curves/sim_00204.csv",
    "operating_condition": {
      "inject_power_dbm": -10.0,
      "freq_start_hz": 10000000.0,
      "freq_end_hz": 8200000000.0,
      "step_hz": 10000000.0,
      "frontend": {
        "low_band_only": true,
        "ac_coupling": true,
        "preamp": false
      }
    }
  },
  "data_points": 820,
  "frequency_range": {
    "min": 10000000.0,
    "max": 8200000000.0
  },
  "features": {
    "X1": -10.011108292682927,
    "X2": 0.0006293541625355287,
    "X3": 0.0002652696801926112,
    "X4": 0.028999560210120165,
    "X5": 0.2596334873571534,
    "X6": 0.0009257957361094598,
    "X7": 0.08259999999999934,
    "X8": 0.02414121951219514,
    "X9": 0.0008409744923803847,
    "X10": 0.013676222908820366,
    "X11": 0.0,
    "X12": 0.0,
    "X13": 0.08159639525575141,
    "X14": 0.001963003663003337,
    "X15": 0.002213697646465385,
    "X16": 0.0005229688256952422,
    "X17": 0.0,
    "X18": 0.0,
    "X19": -5.152317142814167e-05,
    "X20": -0.014717088071848128,
    "X21": 3.0,
    "X22": 0.03983223873302884,
    "X23": 6.167512195122319e-06,
    "X24": 0.010853803211896551,
    "X25": 6.167512195122319e-06,
    "X26": 0.00053987815290346,
    "X27": 8.034551107924657e-06,
    "X28": 0.07142857141660934,
    "X29": -0.08561557773231718,
    "X30": -0.000107012195121714,
    "X31": 0.0013869498094539667,
    "X32": -0.5674503480184389,
    "X33": 0.5882282100962946,
    "X34": 0.013958413609382414,
    "X35": 0.0003203368297202723,
    "X36": 0.8084525331977958,
    "X37": 0.02899956021012017,
    "offset_db": -0.07810000000000095,
    "viol_rate_aligned": 0.0,
    "viol_energy_aligned": 0.08159639525575141,
    "global_offset_db": 0.0,
    "shape_rmse": 0.0024834476429194795,
    "ripple_hp": 0.0026300980591717573,
    "tail_asym": 0.0005000000000006106,
    "compress_ratio": 0.18902439024390244,
    "compress_ratio_high": 0.2,
    "freq_shift_score": 0.003208758714828952,
    "offset_slope": 0.0006077247470551875,
    "high_low_energy_ratio": 0.2540334743726305,
    "band_offset_db_1": -0.002449999999998731,
    "band_offset_db_2": -0.0009999999999994458,
    "band_offset_db_3": -9.999999999887876e-05,
    "band_offset_db_4": 0.0017999999999993577
  },
  "system": {
    "probs": {
      "正常": 0.0066605622467002116,
      "幅度失准": 0.009142689926270799,
      "频率失准": 0.006154519387760477,
      "参考电平失准": 0.9780422283414643
    },
    "decision": "参考电平失准",
    "confidence": 0.9780422283414643,
    "is_normal": false
  },
  "module": {
    "topk": [
      {
        "module_id": "[校准链路][校准源]",
        "gamma": 0.43749999999999994
      },
      {
        "module_id": "[校准链路][校准路径开关/耦合]",
        "gamma": 0.3125
      },
      {
        "module_id": "[校准链路][校准表/存储]",
        "gamma": 0.25000000000000006
      }
    ],
    "gating": {
      "disabled_modules": [
        "高频段YTF滤波器",
        "高频段混频器",
        "前置放大器",
        "衰减器"
      ],
      "topk_k": 3
    }
  },
  "evidence": {
    "global_offset_db": -0.07810000000000095,
    "hf_std_db": 0.001953181439101313,
    "p95_abs_dev_db": 0.005005000000000766,
    "inside_env_frac": 1.0,
    "peak_freq_mae_hz": 4094.815828105253,
    "peak_freq_outlier_frac": 0.0
  },
  "artifacts": {
    "output_json": "Output/batch_diagnosis/sim_00204_diagnosis.json"
  },
  "system_diagnosis": {
    "probabilities": {
      "正常": 0.0066605622467002116,
      "幅度失准": 0.009142689926270799,
      "频率失准": 0.006154519387760477,
      "参考电平失准": 0.9780422283414643
    },
    "predicted_class": "参考电平失准",
    "max_prob": 0.9780422283414643,
    "is_normal": false
  },
  "module_diagnosis": {
    "probabilities": {
      "[校准链路][校准源]": 0.43749999999999994,
      "[校准链路][校准路径开关/耦合]": 0.3125,
      "[校准链路][校准表/存储]": 0.25000000000000006,
      "[RF板][RF] 输入衰减器组": 0.0,
      "[RF板][RF] 低频通路固定滤波/抑制网络": 0.0,
      "[RF板][Mixer1]": 0.0
    },
    "topk": [
      {
        "module": "[校准链路][校准源]",
        "probability": 0.43749999999999994
      },
      {
        "module": "[校准链路][校准路径开关/耦合]",
        "probability": 0.3125
      },
      {
        "module": "[校准链路][校准表/存储]",
        "probability": 0.25000000000000006
      }
    ],
    "disabled_modules": [
      "高频段YTF滤波器",
      "高频段混频器",
      "前置放大器",
      "衰减器"
    ]
  },
  "evidence_detail": {
    "viol_rate": 0.0,
    "envelope_violation": false,
    "violation_max_db": 0.0,
    "violation_energy": 0.08159639525575141,
    "baseline_coverage": 1.0
  },
  "config": {
    "mode": "unified_entry",
    "gating_status": "gated_ok",
    "run_name": null,
    "topk": 3
  },
  "uncertainty": {
    "is_uncertain": false,
    "reason": "",
    "top_class": "参考电平失准",
    "runner_up": "幅度失准",
    "max_prob": 0.9780422283414643,
    "second_prob": 0.009142689926270799,
    "prob_gap": 0.9688995384151935,
    "support_top_features": [],
    "support_runnerup_features": [],
    "conflict_features": [],
    "suggested_actions": []
  },
  "module_validation": {
    "sample_id": "sim_00204",
    "gt_module": "校准源",
    "gt_module_v2": "[校准链路][校准源]",
    "top1": "[校准链路][校准源]",
    "top3": [
      "[校准链路][校准源]",
      "[校准链路][校准路径开关/耦合]",
      "[校准链路][校准表/存储]"
    ],
    "top5": [
      "[校准链路][校准源]",
      "[校准链路][校准路径开关/耦合]",
      "[校准链路][校准表/存储]",
      "[RF板][RF] 输入衰减器组",
      "[RF板][RF] 低频通路固定滤波/抑制网络"
    ],
    "gt_rank": 1,
    "gt_prob": 0.43749999999999994,
    "top1_hit": true,
    "top3_hit": true,
    "top5_hit": true
  },
  "ground_truth": {
    "type": "fault",
    "system_class_en": "ref_error",
    "system_class_cn": "参考电平失准",
    "module": "校准源",
    "module_v2": "[校准链路][校准源]",
    "fault_params": {
      "severity": "mid",
      "tier_target": "in_spec_weak",
      "type": "ref_miscal",
      "subtype": "ref_error_offset",
      "offset_db": -0.13175244137566078,
      "template_id": "T1",
      "mean_offset_db": -0.07803631568309417
    }
  }
}