{
  "status": "success",
  "meta": {
    "sample_id": "sim_00345",
    "input_file": "/home/runner/work/FMFD-python/FMFD-python/Output/sim_spectrum/raw_curves/sim_00345.csv",
    "operating_condition": {
      "inject_power_dbm": -10.0,
      "freq_start_hz": 10000000.0,
      "freq_end_hz": 8200000000.0,
      "step_hz": 10000000.0,
      "frontend": {
        "low_band_only": true,
        "ac_coupling": true,
        "preamp": false
      }
    }
  },
  "data_points": 820,
  "frequency_range": {
    "min": 10000000.0,
    "max": 8200000000.0
  },
  "features": {
    "X1": -9.960818170731708,
    "X2": 0.0006241921377404346,
    "X3": 0.00020048562839225772,
    "X4": 0.030137771300899834,
    "X5": 0.278008699449577,
    "X6": 0.0010094182186049987,
    "X7": 0.08020000000000138,
    "X8": 0.025288902439024416,
    "X9": 0.0009082852589853418,
    "X10": 0.01522582230186524,
    "X11": 0.0,
    "X12": 0.0,
    "X13": 0.15956021944073462,
    "X14": 0.00705054945054965,
    "X15": 0.01015604836263004,
    "X16": -0.0016409137142972526,
    "X17": 0.0,
    "X18": 0.0,
    "X19": -6.118064938500122e-05,
    "X20": -0.04639852759187679,
    "X21": 4.0,
    "X22": 0.04069193611183989,
    "X23": 9.986398780488329e-05,
    "X24": 0.013345104313642442,
    "X25": 9.986398780488329e-05,
    "X26": 0.0001473683960721996,
    "X27": 0.00020069292064738844,
    "X28": -0.3804485822946543,
    "X29": -0.1915648267321253,
    "X30": 0.005694207317073412,
    "X31": 0.004243956219872225,
    "X32": -4.247296756746124,
    "X33": 0.56521523659011,
    "X34": 0.01533938643375853,
    "X35": 0.0003224770856385513,
    "X36": 0.8205036119420986,
    "X37": 0.030137771300899834,
    "offset_db": -0.025599999999998957,
    "viol_rate_aligned": 0.0,
    "viol_energy_aligned": 0.15956021944073462,
    "global_offset_db": 0.0,
    "shape_rmse": 0.009993197076255591,
    "ripple_hp": 0.00292442051636866,
    "tail_asym": -0.004805000000004613,
    "compress_ratio": 0.19878048780487806,
    "compress_ratio_high": 0.19661016949152543,
    "freq_shift_score": 0.0481870828113774,
    "offset_slope": 0.00025005873581382724,
    "high_low_energy_ratio": 3.6699952988203717,
    "band_offset_db_1": -0.004900000000001015,
    "band_offset_db_2": -0.0003000000000010772,
    "band_offset_db_3": -0.000600000000000378,
    "band_offset_db_4": 0.0009999999999976694
  },
  "system": {
    "probs": {
      "正常": 0.995358923221954,
      "幅度失准": 0.0012728271146238489,
      "频率失准": 0.0013944452317218325,
      "参考电平失准": 0.001973804332164524
    },
    "decision": "正常",
    "confidence": 0.995358923221954,
    "is_normal": true
  },
  "module": {
    "topk": [
      {
        "module_id": "[RF板][RF] 输入连接/匹配/保护",
        "gamma": 0.058823529411764705
      },
      {
        "module_id": "[RF板][RF] 输入衰减器组",
        "gamma": 0.058823529411764705
      },
      {
        "module_id": "[RF板][RF] 低频通路固定滤波/抑制网络",
        "gamma": 0.058823529411764705
      }
    ],
    "gating": {
      "disabled_modules": [
        "高频段YTF滤波器",
        "高频段混频器",
        "前置放大器",
        "衰减器"
      ],
      "topk_k": 3
    }
  },
  "evidence": {
    "global_offset_db": -0.025599999999998957,
    "hf_std_db": 0.005920345943347076,
    "p95_abs_dev_db": 0.019204999999997956,
    "inside_env_frac": 1.0,
    "peak_freq_mae_hz": 4113.471921999769,
    "peak_freq_outlier_frac": 0.0
  },
  "artifacts": {
    "output_json": "Output/batch_diagnosis/sim_00345_diagnosis.json"
  },
  "system_diagnosis": {
    "probabilities": {
      "正常": 0.995358923221954,
      "幅度失准": 0.0012728271146238489,
      "频率失准": 0.0013944452317218325,
      "参考电平失准": 0.001973804332164524
    },
    "predicted_class": "正常",
    "max_prob": 0.995358923221954,
    "is_normal": true
  },
  "module_diagnosis": {
    "probabilities": {
      "[RF板][RF] 输入连接/匹配/保护": 0.058823529411764705,
      "[RF板][RF] 输入衰减器组": 0.058823529411764705,
      "[RF板][RF] 低频通路固定滤波/抑制网络": 0.058823529411764705,
      "[RF板][RF] 高频通路固定滤波/抑制网络": 0.058823529411764705,
      "[RF板][Mixer1]": 0.058823529411764705
    },
    "topk": [
      {
        "module": "[RF板][RF] 输入连接/匹配/保护",
        "probability": 0.058823529411764705
      },
      {
        "module": "[RF板][RF] 输入衰减器组",
        "probability": 0.058823529411764705
      },
      {
        "module": "[RF板][RF] 低频通路固定滤波/抑制网络",
        "probability": 0.058823529411764705
      }
    ],
    "disabled_modules": [
      "高频段YTF滤波器",
      "高频段混频器",
      "前置放大器",
      "衰减器"
    ]
  },
  "evidence_detail": {
    "viol_rate": 0.0,
    "envelope_violation": false,
    "violation_max_db": 0.0,
    "violation_energy": 0.15956021944073462,
    "baseline_coverage": 1.0
  },
  "config": {
    "mode": "unified_entry",
    "gating_status": "gated_ok",
    "run_name": null,
    "topk": 3
  },
  "uncertainty": {
    "is_uncertain": false,
    "reason": "",
    "top_class": "正常",
    "runner_up": "参考电平失准",
    "max_prob": 0.995358923221954,
    "second_prob": 0.001973804332164524,
    "prob_gap": 0.9933851188897894,
    "support_top_features": [],
    "support_runnerup_features": [],
    "conflict_features": [],
    "suggested_actions": []
  },
  "module_validation": {
    "sample_id": "sim_00345",
    "gt_module": null,
    "gt_module_v2": null,
    "top1": "[RF板][RF] 输入连接/匹配/保护",
    "top3": [
      "[RF板][RF] 输入连接/匹配/保护",
      "[RF板][RF] 输入衰减器组",
      "[RF板][RF] 低频通路固定滤波/抑制网络"
    ],
    "top5": [
      "[RF板][RF] 输入连接/匹配/保护",
      "[RF板][RF] 输入衰减器组",
      "[RF板][RF] 低频通路固定滤波/抑制网络",
      "[RF板][RF] 高频通路固定滤波/抑制网络",
      "[RF板][Mixer1]"
    ],
    "gt_rank": -1,
    "gt_prob": 0.0,
    "top1_hit": false,
    "top3_hit": false,
    "top5_hit": false
  },
  "ground_truth": {
    "type": "normal",
    "system_class_en": "normal",
    "system_class_cn": "正常",
    "module": null,
    "module_v2": null,
    "fault_params": {
      "severity": "severe",
      "tier_target": "in_spec_weak",
      "type": "normal",
      "normal_state": "normal_state_B"
    }
  }
}