{
  "status": "success",
  "meta": {
    "sample_id": "sim_00349",
    "input_file": "/home/runner/work/FMFD-python/FMFD-python/Output/sim_spectrum/raw_curves/sim_00349.csv",
    "operating_condition": {
      "inject_power_dbm": -10.0,
      "freq_start_hz": 10000000.0,
      "freq_end_hz": 8200000000.0,
      "step_hz": 10000000.0,
      "frontend": {
        "low_band_only": true,
        "ac_coupling": true,
        "preamp": false
      }
    }
  },
  "data_points": 820,
  "frequency_range": {
    "min": 10000000.0,
    "max": 8200000000.0
  },
  "features": {
    "X1": -9.904333536585366,
    "X2": 0.0007016680551837562,
    "X3": 0.00031118074354195363,
    "X4": 0.0323600492909001,
    "X5": 0.299234656224908,
    "X6": 0.0011629952045657359,
    "X7": 0.06489999999999974,
    "X8": 0.027012804878048812,
    "X9": 0.0010471727901094838,
    "X10": 0.013363757421405716,
    "X11": 0.0,
    "X12": 0.0,
    "X13": 0.08207363089712569,
    "X14": 0.006567032967032855,
    "X15": 0.011558425626687182,
    "X16": -0.007918225158778465,
    "X17": 0.0,
    "X18": 0.0,
    "X19": -5.114596537170674e-05,
    "X20": -0.17684307651025932,
    "X21": 5.0,
    "X22": 0.04197794757581955,
    "X23": 8.017779268292528e-05,
    "X24": 0.012092143550473722,
    "X25": 8.017779268292528e-05,
    "X26": 0.00021564178491804986,
    "X27": 8.976628159303899e-05,
    "X28": -0.3166666666534118,
    "X29": 0.05171194583431547,
    "X30": 0.004514481707317289,
    "X31": 0.0023889287384829066,
    "X32": -4.188125813721551,
    "X33": 0.5218720207193585,
    "X34": 0.015552339579200276,
    "X35": 0.00031674221616939565,
    "X36": 0.8477735686565359,
    "X37": 0.0323600492909001,
    "offset_db": 0.02999999999999936,
    "viol_rate_aligned": 0.0,
    "viol_energy_aligned": 0.08207363089712569,
    "global_offset_db": 0.0,
    "shape_rmse": 0.008954205307168542,
    "ripple_hp": 0.002760606713945436,
    "tail_asym": -0.007604999999999864,
    "compress_ratio": 0.1975609756097561,
    "compress_ratio_high": 0.19661016949152543,
    "freq_shift_score": 0.032240201700741156,
    "offset_slope": -4.802059491456146e-05,
    "high_low_energy_ratio": 2.295911114040195,
    "band_offset_db_1": -0.004399999999999515,
    "band_offset_db_2": -0.0023999999999979593,
    "band_offset_db_3": 0.0015999999999998238,
    "band_offset_db_4": 0.002400000000001512
  },
  "system": {
    "probs": {
      "正常": 0.9975859060634404,
      "幅度失准": 0.001085728536329506,
      "频率失准": 0.0006080350298874102,
      "参考电平失准": 0.0007203302705838882
    },
    "decision": "正常",
    "confidence": 0.9975859060634404,
    "is_normal": true
  },
  "module": {
    "topk": [
      {
        "module_id": "[RF板][RF] 输入连接/匹配/保护",
        "gamma": 0.058823529411764705
      },
      {
        "module_id": "[RF板][RF] 输入衰减器组",
        "gamma": 0.058823529411764705
      },
      {
        "module_id": "[RF板][RF] 低频通路固定滤波/抑制网络",
        "gamma": 0.058823529411764705
      }
    ],
    "gating": {
      "disabled_modules": [
        "高频段YTF滤波器",
        "高频段混频器",
        "前置放大器",
        "衰减器"
      ],
      "topk_k": 3
    }
  },
  "evidence": {
    "global_offset_db": 0.02999999999999936,
    "hf_std_db": 0.005292548791544201,
    "p95_abs_dev_db": 0.018304999999998278,
    "inside_env_frac": 1.0,
    "peak_freq_mae_hz": 3767.4639840102664,
    "peak_freq_outlier_frac": 0.0
  },
  "artifacts": {
    "output_json": "Output/batch_diagnosis/sim_00349_diagnosis.json"
  },
  "system_diagnosis": {
    "probabilities": {
      "正常": 0.9975859060634404,
      "幅度失准": 0.001085728536329506,
      "频率失准": 0.0006080350298874102,
      "参考电平失准": 0.0007203302705838882
    },
    "predicted_class": "正常",
    "max_prob": 0.9975859060634404,
    "is_normal": true
  },
  "module_diagnosis": {
    "probabilities": {
      "[RF板][RF] 输入连接/匹配/保护": 0.058823529411764705,
      "[RF板][RF] 输入衰减器组": 0.058823529411764705,
      "[RF板][RF] 低频通路固定滤波/抑制网络": 0.058823529411764705,
      "[RF板][RF] 高频通路固定滤波/抑制网络": 0.058823529411764705,
      "[RF板][Mixer1]": 0.058823529411764705
    },
    "topk": [
      {
        "module": "[RF板][RF] 输入连接/匹配/保护",
        "probability": 0.058823529411764705
      },
      {
        "module": "[RF板][RF] 输入衰减器组",
        "probability": 0.058823529411764705
      },
      {
        "module": "[RF板][RF] 低频通路固定滤波/抑制网络",
        "probability": 0.058823529411764705
      }
    ],
    "disabled_modules": [
      "高频段YTF滤波器",
      "高频段混频器",
      "前置放大器",
      "衰减器"
    ]
  },
  "evidence_detail": {
    "viol_rate": 0.0,
    "envelope_violation": false,
    "violation_max_db": 0.0,
    "violation_energy": 0.08207363089712569,
    "baseline_coverage": 1.0
  },
  "config": {
    "mode": "unified_entry",
    "gating_status": "gated_ok",
    "run_name": null,
    "topk": 3
  },
  "uncertainty": {
    "is_uncertain": false,
    "reason": "",
    "top_class": "正常",
    "runner_up": "幅度失准",
    "max_prob": 0.9975859060634404,
    "second_prob": 0.001085728536329506,
    "prob_gap": 0.996500177527111,
    "support_top_features": [],
    "support_runnerup_features": [],
    "conflict_features": [],
    "suggested_actions": []
  },
  "module_validation": {
    "sample_id": "sim_00349",
    "gt_module": null,
    "gt_module_v2": null,
    "top1": "[RF板][RF] 输入连接/匹配/保护",
    "top3": [
      "[RF板][RF] 输入连接/匹配/保护",
      "[RF板][RF] 输入衰减器组",
      "[RF板][RF] 低频通路固定滤波/抑制网络"
    ],
    "top5": [
      "[RF板][RF] 输入连接/匹配/保护",
      "[RF板][RF] 输入衰减器组",
      "[RF板][RF] 低频通路固定滤波/抑制网络",
      "[RF板][RF] 高频通路固定滤波/抑制网络",
      "[RF板][Mixer1]"
    ],
    "gt_rank": -1,
    "gt_prob": 0.0,
    "top1_hit": false,
    "top3_hit": false,
    "top5_hit": false
  },
  "ground_truth": {
    "type": "normal",
    "system_class_en": "normal",
    "system_class_cn": "正常",
    "module": null,
    "module_v2": null,
    "fault_params": {
      "severity": "mid",
      "tier_target": "edge",
      "type": "normal",
      "normal_state": "normal_state_A"
    }
  }
}