{
  "status": "success",
  "meta": {
    "sample_id": "sim_00236",
    "input_file": "/home/runner/work/FMFD-python/FMFD-python/Output/sim_spectrum/raw_curves/sim_00236.csv",
    "operating_condition": {
      "inject_power_dbm": -10.0,
      "freq_start_hz": 10000000.0,
      "freq_end_hz": 8200000000.0,
      "step_hz": 10000000.0,
      "frontend": {
        "low_band_only": true,
        "ac_coupling": true,
        "preamp": false
      }
    }
  },
  "data_points": 820,
  "frequency_range": {
    "min": 10000000.0,
    "max": 8200000000.0
  },
  "features": {
    "X1": -9.841036097560975,
    "X2": 0.0005606797073501207,
    "X3": 0.00015070191666783156,
    "X4": 0.02903227253515671,
    "X5": 0.2668440973465535,
    "X6": 0.0011137280384295055,
    "X7": 0.0793000000000017,
    "X8": 0.02653170731707317,
    "X9": 0.0008428728485556143,
    "X10": 0.019671560105339304,
    "X11": 0.0,
    "X12": 0.0,
    "X13": 0.24152333641235924,
    "X14": 0.005228205128205215,
    "X15": 0.005804911114482868,
    "X16": -0.0004119966892383848,
    "X17": 0.0,
    "X18": 0.0,
    "X19": -7.65334094803111e-05,
    "X20": 0.05750277140683435,
    "X21": 4.0,
    "X22": 0.04369380150220092,
    "X23": 5.0959731707314894e-05,
    "X24": 0.02687279284316957,
    "X25": 5.0959731707314894e-05,
    "X26": 1.565069556543823e-05,
    "X27": 5.361453381314895e-05,
    "X28": -0.18238993709547313,
    "X29": -0.29644459514485744,
    "X30": 0.0034864329268293054,
    "X31": 0.005860272881452763,
    "X32": -0.7303852808183023,
    "X33": 0.5493492138013015,
    "X34": 0.01745896093105901,
    "X35": 0.00033610592461398293,
    "X36": 0.8001107072079298,
    "X37": 0.029032272535156705,
    "offset_db": 0.09309999999999974,
    "viol_rate_aligned": 0.0,
    "viol_energy_aligned": 0.24152333641235924,
    "global_offset_db": 0.0,
    "shape_rmse": 0.007138608527389277,
    "ripple_hp": 0.0042251495271308235,
    "tail_asym": -0.005014999999997379,
    "compress_ratio": 0.19878048780487806,
    "compress_ratio_high": 0.19661016949152543,
    "freq_shift_score": 0.02103920065099274,
    "offset_slope": -0.0024541351917246306,
    "high_low_energy_ratio": 2.537940980182636,
    "band_offset_db_1": 0.004050000000000331,
    "band_offset_db_2": 0.0045000000000001705,
    "band_offset_db_3": -0.0005000000000006111,
    "band_offset_db_4": -0.006800000000000139
  },
  "system": {
    "probs": {
      "正常": 0.9900065118901574,
      "幅度失准": 0.0020192167986970515,
      "频率失准": 0.0017793431796582447,
      "参考电平失准": 0.006194928032486597
    },
    "decision": "正常",
    "confidence": 0.9900065118901574,
    "is_normal": true
  },
  "module": {
    "topk": [
      {
        "module_id": "[RF板][RF] 输入连接/匹配/保护",
        "gamma": 0.058823529411764705
      },
      {
        "module_id": "[RF板][RF] 输入衰减器组",
        "gamma": 0.058823529411764705
      },
      {
        "module_id": "[RF板][RF] 低频通路固定滤波/抑制网络",
        "gamma": 0.058823529411764705
      }
    ],
    "gating": {
      "disabled_modules": [
        "高频段YTF滤波器",
        "高频段混频器",
        "前置放大器",
        "衰减器"
      ],
      "topk_k": 3
    }
  },
  "evidence": {
    "global_offset_db": 0.09309999999999974,
    "hf_std_db": 0.0033755173591246317,
    "p95_abs_dev_db": 0.014624999999999732,
    "inside_env_frac": 1.0,
    "peak_freq_mae_hz": 3989.2154642196465,
    "peak_freq_outlier_frac": 0.0
  },
  "artifacts": {
    "output_json": "Output/batch_diagnosis/sim_00236_diagnosis.json"
  },
  "system_diagnosis": {
    "probabilities": {
      "正常": 0.9900065118901574,
      "幅度失准": 0.0020192167986970515,
      "频率失准": 0.0017793431796582447,
      "参考电平失准": 0.006194928032486597
    },
    "predicted_class": "正常",
    "max_prob": 0.9900065118901574,
    "is_normal": true
  },
  "module_diagnosis": {
    "probabilities": {
      "[RF板][RF] 输入连接/匹配/保护": 0.058823529411764705,
      "[RF板][RF] 输入衰减器组": 0.058823529411764705,
      "[RF板][RF] 低频通路固定滤波/抑制网络": 0.058823529411764705,
      "[RF板][RF] 高频通路固定滤波/抑制网络": 0.058823529411764705,
      "[RF板][Mixer1]": 0.058823529411764705
    },
    "topk": [
      {
        "module": "[RF板][RF] 输入连接/匹配/保护",
        "probability": 0.058823529411764705
      },
      {
        "module": "[RF板][RF] 输入衰减器组",
        "probability": 0.058823529411764705
      },
      {
        "module": "[RF板][RF] 低频通路固定滤波/抑制网络",
        "probability": 0.058823529411764705
      }
    ],
    "disabled_modules": [
      "高频段YTF滤波器",
      "高频段混频器",
      "前置放大器",
      "衰减器"
    ]
  },
  "evidence_detail": {
    "viol_rate": 0.0,
    "envelope_violation": false,
    "violation_max_db": 0.0,
    "violation_energy": 0.24152333641235924,
    "baseline_coverage": 1.0
  },
  "config": {
    "mode": "unified_entry",
    "gating_status": "gated_ok",
    "run_name": null,
    "topk": 3
  },
  "uncertainty": {
    "is_uncertain": false,
    "reason": "",
    "top_class": "正常",
    "runner_up": "参考电平失准",
    "max_prob": 0.9900065118901574,
    "second_prob": 0.006194928032486597,
    "prob_gap": 0.9838115838576709,
    "support_top_features": [],
    "support_runnerup_features": [],
    "conflict_features": [],
    "suggested_actions": []
  },
  "module_validation": {
    "sample_id": "sim_00236",
    "gt_module": "校准信号开关",
    "gt_module_v2": "[校准链路][校准路径开关/耦合]",
    "top1": "[RF板][RF] 输入连接/匹配/保护",
    "top3": [
      "[RF板][RF] 输入连接/匹配/保护",
      "[RF板][RF] 输入衰减器组",
      "[RF板][RF] 低频通路固定滤波/抑制网络"
    ],
    "top5": [
      "[RF板][RF] 输入连接/匹配/保护",
      "[RF板][RF] 输入衰减器组",
      "[RF板][RF] 低频通路固定滤波/抑制网络",
      "[RF板][RF] 高频通路固定滤波/抑制网络",
      "[RF板][Mixer1]"
    ],
    "gt_rank": -1,
    "gt_prob": 0.0,
    "top1_hit": false,
    "top3_hit": false,
    "top5_hit": false
  },
  "ground_truth": {
    "type": "fault",
    "system_class_en": "ref_error",
    "system_class_cn": "参考电平失准",
    "module": "校准信号开关",
    "module_v2": "[校准链路][校准路径开关/耦合]",
    "fault_params": {
      "severity": "severe",
      "tier_target": "mild_oos",
      "type": "ref_miscal",
      "subtype": "ref_error_offset",
      "offset_db": -0.28262718774761075,
      "template_id": "T1",
      "mean_offset_db": 0.09203839936061461
    }
  }
}