{
  "status": "success",
  "meta": {
    "sample_id": "sim_00144",
    "input_file": "/home/runner/work/FMFD-python/FMFD-python/Output/sim_spectrum/raw_curves/sim_00144.csv",
    "operating_condition": {
      "inject_power_dbm": -10.0,
      "freq_start_hz": 10000000.0,
      "freq_end_hz": 8200000000.0,
      "step_hz": 10000000.0,
      "frontend": {
        "low_band_only": true,
        "ac_coupling": true,
        "preamp": false
      }
    }
  },
  "data_points": 820,
  "frequency_range": {
    "min": 10000000.0,
    "max": 8200000000.0
  },
  "features": {
    "X1": -9.933074268292684,
    "X2": 0.0006345243877239082,
    "X3": 0.00022901745269544356,
    "X4": 0.028999590616611122,
    "X5": 0.2608600498788074,
    "X6": 0.0009414989110499706,
    "X7": 0.0840000000000014,
    "X8": 0.024384512195121968,
    "X9": 0.0008409762559310398,
    "X10": 0.013922905279387113,
    "X11": 0.0,
    "X12": 0.0,
    "X13": 0.2238995568168749,
    "X14": 0.0034428571428569794,
    "X15": 0.002179251570477051,
    "X16": 0.032797278962832424,
    "X17": 0.0,
    "X18": 0.0,
    "X19": -6.891379142231276e-05,
    "X20": -0.029506497689196554,
    "X21": 3.0,
    "X22": 0.038847659528901284,
    "X23": 1.712430487804786e-05,
    "X24": 0.023925412287122638,
    "X25": 1.712430487804786e-05,
    "X26": 0.0003132454291894861,
    "X27": 2.742055904597286e-05,
    "X28": -0.12499999997994138,
    "X29": -2.0288249687823856,
    "X30": 0.000322256097561064,
    "X31": 0.0009723737796756191,
    "X32": -1.65611781773672,
    "X33": 0.5870023206000606,
    "X34": 0.014622332151481674,
    "X35": 0.000324413903312806,
    "X36": 0.8063810693877239,
    "X37": 0.028999590616611122,
    "offset_db": 0.0004999999999988347,
    "viol_rate_aligned": 0.0,
    "viol_energy_aligned": 0.2238995568168749,
    "global_offset_db": 0.0,
    "shape_rmse": 0.004138152350753638,
    "ripple_hp": 0.003917282331291633,
    "tail_asym": -0.0016049999999962587,
    "compress_ratio": 0.2,
    "compress_ratio_high": 0.19661016949152543,
    "freq_shift_score": 0.008915545390008717,
    "offset_slope": 0.000262896931950211,
    "high_low_energy_ratio": 0.13524343838616446,
    "band_offset_db_1": -9.999999999887876e-05,
    "band_offset_db_2": -0.0002999999999993008,
    "band_offset_db_3": -0.00019999999999953388,
    "band_offset_db_4": 0.0005000000000006111
  },
  "system": {
    "probs": {
      "正常": 0.9470852056291241,
      "幅度失准": 0.016598605015555747,
      "频率失准": 0.02051038438692036,
      "参考电平失准": 0.015805804873691293
    },
    "decision": "正常",
    "confidence": 0.9470852056291241,
    "is_normal": true
  },
  "module": {
    "topk": [
      {
        "module_id": "[LO/时钟板][LO1] 合成链",
        "gamma": 0.19344731966597642
      },
      {
        "module_id": "[时钟板][参考域] 10MHz 基准 OCXO",
        "gamma": 0.19344731966597642
      },
      {
        "module_id": "[时钟板][参考分配]",
        "gamma": 0.16581198828512264
      }
    ],
    "gating": {
      "disabled_modules": [
        "高频段YTF滤波器",
        "高频段混频器",
        "前置放大器",
        "衰减器"
      ],
      "topk_k": 3
    }
  },
  "evidence": {
    "global_offset_db": 0.0004999999999988347,
    "hf_std_db": 0.003634913815741144,
    "p95_abs_dev_db": 0.00611000000000165,
    "inside_env_frac": 1.0,
    "peak_freq_mae_hz": 253007.3385914807,
    "peak_freq_outlier_frac": 0.0
  },
  "artifacts": {
    "output_json": "Output/batch_diagnosis/sim_00144_diagnosis.json"
  },
  "system_diagnosis": {
    "probabilities": {
      "正常": 0.9470852056291241,
      "幅度失准": 0.016598605015555747,
      "频率失准": 0.02051038438692036,
      "参考电平失准": 0.015805804873691293
    },
    "predicted_class": "正常",
    "max_prob": 0.9470852056291241,
    "is_normal": true
  },
  "module_diagnosis": {
    "probabilities": {
      "[LO/时钟板][LO1] 合成链": 0.19344731966597642,
      "[时钟板][参考域] 10MHz 基准 OCXO": 0.19344731966597642,
      "[时钟板][参考分配]": 0.16581198828512264,
      "[RF板][RF] 低频通路固定滤波/抑制网络": 0.08626097077010508,
      "[数字中频板][ADC] 数字检波与平均": 0.07510357222908931,
      "[数字中频板][IF] 中频放大/衰减链": 0.07317783960783061,
      "[RF板][Mixer1]": 0.06246484090248989,
      "[数字中频板][DSP] 数字增益/偏置校准": 0.04621758291020881,
      "[RF板][RF] 输入连接/匹配/保护": 0.039660216446025326,
      "[数字中频板][IF] RBW数字滤波器": 0.0346631871826566
    },
    "topk": [
      {
        "module": "[LO/时钟板][LO1] 合成链",
        "probability": 0.19344731966597642
      },
      {
        "module": "[时钟板][参考域] 10MHz 基准 OCXO",
        "probability": 0.19344731966597642
      },
      {
        "module": "[时钟板][参考分配]",
        "probability": 0.16581198828512264
      }
    ],
    "disabled_modules": [
      "高频段YTF滤波器",
      "高频段混频器",
      "前置放大器",
      "衰减器"
    ]
  },
  "evidence_detail": {
    "viol_rate": 0.0,
    "envelope_violation": false,
    "violation_max_db": 0.0,
    "violation_energy": 0.2238995568168749,
    "baseline_coverage": 1.0
  },
  "config": {
    "mode": "unified_entry",
    "gating_status": "gated_ok",
    "run_name": null,
    "topk": 3
  },
  "uncertainty": {
    "is_uncertain": false,
    "reason": "",
    "top_class": "正常",
    "runner_up": "频率失准",
    "max_prob": 0.9470852056291241,
    "second_prob": 0.02051038438692036,
    "prob_gap": 0.9265748212422038,
    "support_top_features": [],
    "support_runnerup_features": [],
    "conflict_features": [],
    "suggested_actions": []
  },
  "module_validation": {
    "sample_id": "sim_00144",
    "gt_module": "时钟合成与同步网络",
    "gt_module_v2": "[LO/时钟板][LO1] 合成链",
    "top1": "[LO/时钟板][LO1] 合成链",
    "top3": [
      "[LO/时钟板][LO1] 合成链",
      "[时钟板][参考域] 10MHz 基准 OCXO",
      "[时钟板][参考分配]"
    ],
    "top5": [
      "[LO/时钟板][LO1] 合成链",
      "[时钟板][参考域] 10MHz 基准 OCXO",
      "[时钟板][参考分配]",
      "[RF板][RF] 低频通路固定滤波/抑制网络",
      "[数字中频板][ADC] 数字检波与平均"
    ],
    "gt_rank": 1,
    "gt_prob": 0.19344731966597642,
    "top1_hit": true,
    "top3_hit": true,
    "top5_hit": true
  },
  "ground_truth": {
    "type": "fault",
    "system_class_en": "freq_error",
    "system_class_cn": "频率失准",
    "module": "时钟合成与同步网络",
    "module_v2": "[LO/时钟板][LO1] 合成链",
    "fault_params": {
      "severity": "light",
      "tier_target": "in_spec_weak",
      "delta_f_hz": 502245.24282553256,
      "ppm": 61.324205473203,
      "shift_bins": 0.05022452428255326,
      "bandwidth_hz": 8190000000.0,
      "type": "clock_drift",
      "track_type": "dense",
      "template_id": "T8",
      "forced_peak_track_type": true,
      "peak_track_profile": {
        "bands": [
          {
            "start_hz": 2215163141.812087,
            "end_hz": 2508265281.322138,
            "center_hz": 2361714211.5671124,
            "width_hz": 293102139.51005083,
            "amplitude_hz": 9400588.952126896,
            "ramp_hz": 67138077.63349804
          }
        ],
        "track_type": "dense"
      },
      "freq_amp_coupling": {
        "bias_db_min": -0.1,
        "bias_db_max": -0.02
      }
    }
  }
}