{
  "status": "success",
  "meta": {
    "sample_id": "sim_00075",
    "input_file": "/home/runner/work/FMFD-python/FMFD-python/Output/sim_spectrum/raw_curves/sim_00075.csv",
    "operating_condition": {
      "inject_power_dbm": -10.0,
      "freq_start_hz": 10000000.0,
      "freq_end_hz": 8200000000.0,
      "step_hz": 10000000.0,
      "frontend": {
        "low_band_only": true,
        "ac_coupling": true,
        "preamp": false
      }
    }
  },
  "data_points": 820,
  "frequency_range": {
    "min": 10000000.0,
    "max": 8200000000.0
  },
  "features": {
    "X1": -9.933074512195123,
    "X2": 0.0012353551475642818,
    "X3": -5.65976085862487e-05,
    "X4": 0.042852947486816034,
    "X5": 0.31486913271454314,
    "X6": 0.0025198557772010714,
    "X7": 0.08190000000000097,
    "X8": 0.03992939024390245,
    "X9": 0.001836375108307812,
    "X10": 0.03067987514657582,
    "X11": 0.0,
    "X12": 0.0,
    "X13": 0.4995045438659965,
    "X14": 0.024901465201465363,
    "X15": 0.03678604259721754,
    "X16": -0.013594860849864188,
    "X17": 0.0,
    "X18": 0.0,
    "X19": -0.00016066080706491614,
    "X20": 0.006678646559381107,
    "X21": 6.0,
    "X22": 0.07194183326703969,
    "X23": 0.0011265482073170713,
    "X24": 0.009418348389378495,
    "X25": 0.0011265482073170713,
    "X26": 0.00012732791192796142,
    "X27": 0.0002745301358152186,
    "X28": 0.06106321839011879,
    "X29": 0.7716430014582877,
    "X30": 0.042225762195122,
    "X31": 0.020102196916025876,
    "X32": -14.366162967758823,
    "X33": 0.3551666556817475,
    "X34": 0.02784225569869994,
    "X35": 0.0003178630576017396,
    "X36": 0.9132955739216533,
    "X37": 0.04285294748681603,
    "offset_db": -0.0003000000000010772,
    "viol_rate_aligned": 0.0,
    "viol_energy_aligned": 0.4995045438659965,
    "global_offset_db": 0.0,
    "shape_rmse": 0.03356409103963746,
    "ripple_hp": 0.002441172441365089,
    "tail_asym": -0.017339999999996983,
    "compress_ratio": 0.19878048780487806,
    "compress_ratio_high": 0.2,
    "freq_shift_score": 0.24264953892280283,
    "offset_slope": -0.0065459116010495345,
    "high_low_energy_ratio": 12.414272233166152,
    "band_offset_db_1": 0.006250000000001421,
    "band_offset_db_2": 0.013700000000001822,
    "band_offset_db_3": 0.011650000000000382,
    "band_offset_db_4": -0.019999999999999574
  },
  "system": {
    "probs": {
      "正常": 0.027379442888819612,
      "幅度失准": 0.8904234823862115,
      "频率失准": 0.0821756983444939,
      "参考电平失准": 2.137629143260172e-05
    },
    "decision": "幅度失准",
    "confidence": 0.8904234823862115,
    "is_normal": false
  },
  "module": {
    "topk": [
      {
        "module_id": "[RF板][RF] 低频通路固定滤波/抑制网络",
        "gamma": 0.19285099242708584
      },
      {
        "module_id": "[数字中频板][ADC] 数字检波与平均",
        "gamma": 0.16790674055593582
      },
      {
        "module_id": "[数字中频板][IF] 中频放大/衰减链",
        "gamma": 0.16360143951603998
      }
    ],
    "gating": {
      "disabled_modules": [
        "高频段YTF滤波器",
        "高频段混频器",
        "前置放大器",
        "衰减器"
      ],
      "topk_k": 3
    }
  },
  "evidence": {
    "global_offset_db": -0.0003000000000010772,
    "hf_std_db": 0.023989199853952273,
    "p95_abs_dev_db": 0.06423999999999777,
    "inside_env_frac": 1.0,
    "peak_freq_mae_hz": 3972.869348427676,
    "peak_freq_outlier_frac": 0.0
  },
  "artifacts": {
    "output_json": "Output/batch_diagnosis/sim_00075_diagnosis.json"
  },
  "system_diagnosis": {
    "probabilities": {
      "正常": 0.027379442888819612,
      "幅度失准": 0.8904234823862115,
      "频率失准": 0.0821756983444939,
      "参考电平失准": 2.137629143260172e-05
    },
    "predicted_class": "幅度失准",
    "max_prob": 0.8904234823862115,
    "is_normal": false
  },
  "module_diagnosis": {
    "probabilities": {
      "[RF板][RF] 低频通路固定滤波/抑制网络": 0.19285099242708584,
      "[数字中频板][ADC] 数字检波与平均": 0.16790674055593582,
      "[数字中频板][IF] 中频放大/衰减链": 0.16360143951603998,
      "[RF板][Mixer1]": 0.13965071865409664,
      "[数字中频板][DSP] 数字增益/偏置校准": 0.10332722495749896,
      "[RF板][RF] 输入连接/匹配/保护": 0.08866712295498201,
      "[数字中频板][IF] RBW数字滤波器": 0.07749541871812421,
      "[RF板][RF] 输入衰减器组": 0.03325017110811825,
      "[RF板][RF] 高频通路固定滤波/抑制网络": 0.03325017110811825
    },
    "topk": [
      {
        "module": "[RF板][RF] 低频通路固定滤波/抑制网络",
        "probability": 0.19285099242708584
      },
      {
        "module": "[数字中频板][ADC] 数字检波与平均",
        "probability": 0.16790674055593582
      },
      {
        "module": "[数字中频板][IF] 中频放大/衰减链",
        "probability": 0.16360143951603998
      }
    ],
    "disabled_modules": [
      "高频段YTF滤波器",
      "高频段混频器",
      "前置放大器",
      "衰减器"
    ]
  },
  "evidence_detail": {
    "viol_rate": 0.0,
    "envelope_violation": false,
    "violation_max_db": 0.0,
    "violation_energy": 0.4995045438659965,
    "baseline_coverage": 1.0
  },
  "config": {
    "mode": "unified_entry",
    "gating_status": "gated_ok",
    "run_name": null,
    "topk": 3
  },
  "uncertainty": {
    "is_uncertain": false,
    "reason": "",
    "top_class": "幅度失准",
    "runner_up": "频率失准",
    "max_prob": 0.8904234823862115,
    "second_prob": 0.0821756983444939,
    "prob_gap": 0.8082477840417176,
    "support_top_features": [],
    "support_runnerup_features": [],
    "conflict_features": [],
    "suggested_actions": []
  },
  "module_validation": {
    "sample_id": "sim_00075",
    "gt_module": "低频段前置低通滤波器",
    "gt_module_v2": "[RF板][RF] 低频通路固定滤波/抑制网络",
    "top1": "[RF板][RF] 低频通路固定滤波/抑制网络",
    "top3": [
      "[RF板][RF] 低频通路固定滤波/抑制网络",
      "[数字中频板][ADC] 数字检波与平均",
      "[数字中频板][IF] 中频放大/衰减链"
    ],
    "top5": [
      "[RF板][RF] 低频通路固定滤波/抑制网络",
      "[数字中频板][ADC] 数字检波与平均",
      "[数字中频板][IF] 中频放大/衰减链",
      "[RF板][Mixer1]",
      "[数字中频板][DSP] 数字增益/偏置校准"
    ],
    "gt_rank": 1,
    "gt_prob": 0.19285099242708584,
    "top1_hit": true,
    "top3_hit": true,
    "top5_hit": true
  },
  "ground_truth": {
    "type": "fault",
    "system_class_en": "amp_error",
    "system_class_cn": "幅度失准",
    "module": "低频段前置低通滤波器",
    "module_v2": "[RF板][RF] 低频通路固定滤波/抑制网络",
    "fault_params": {
      "severity": "mid",
      "tier_target": "in_spec_weak",
      "type": "lpf_shift",
      "subtype": "amp_error_band",
      "ripple_amp_db": 0.06929282917725409,
      "period_norm": 0.08363914927530124,
      "template_id": "T3"
    }
  }
}