{
  "status": "success",
  "meta": {
    "sample_id": "sim_00054",
    "input_file": "/home/runner/work/FMFD-python/FMFD-python/Output/sim_spectrum/raw_curves/sim_00054.csv",
    "operating_condition": {
      "inject_power_dbm": -10.0,
      "freq_start_hz": 10000000.0,
      "freq_end_hz": 8200000000.0,
      "step_hz": 10000000.0,
      "frontend": {
        "low_band_only": true,
        "ac_coupling": true,
        "preamp": false
      }
    }
  },
  "data_points": 820,
  "frequency_range": {
    "min": 10000000.0,
    "max": 8200000000.0
  },
  "features": {
    "X1": -9.933073170731706,
    "X2": 0.002434920975444509,
    "X3": 0.0003135453593242469,
    "X4": 0.052673328138025236,
    "X5": 0.29427275394107355,
    "X6": 0.002881890841165971,
    "X7": 0.08910000000000018,
    "X8": 0.044047804878048755,
    "X9": 0.0027744794971360813,
    "X10": 0.014022063539762604,
    "X11": 0.0,
    "X12": 0.0,
    "X13": 0.0,
    "X14": 0.038468131868131944,
    "X15": 0.04435151388088147,
    "X16": -0.016287662328677704,
    "X17": 0.0,
    "X18": 0.0,
    "X19": -9.090777395494355e-05,
    "X20": -0.4779661346562407,
    "X21": 1.0,
    "X22": 0.0691004101604021,
    "X23": 0.0019446404634146331,
    "X24": 0.10677757928901799,
    "X25": 0.0019446404634146331,
    "X26": 0.0005472268711345427,
    "X27": 5.435019574673193e-05,
    "X28": -0.010710489739131445,
    "X29": 0.005019445549989313,
    "X30": 0.060562775850104035,
    "X31": 0.0007053824467567297,
    "X32": -8.097129573750513,
    "X33": 0.37047242703557204,
    "X34": 0.014690532599797931,
    "X35": 0.0003955389969005358,
    "X36": 0.9261090595763485,
    "X37": 0.05267332813802524,
    "offset_db": 0.0003000000000010772,
    "viol_rate_aligned": 0.0,
    "viol_energy_aligned": 0.0,
    "global_offset_db": 0.0,
    "shape_rmse": 0.04409807777459958,
    "ripple_hp": 0.008942558435845354,
    "tail_asym": -0.001400000000001983,
    "compress_ratio": 0.19878048780487806,
    "compress_ratio_high": 0.2,
    "freq_shift_score": 0.42968001627632324,
    "offset_slope": 0.00012017342055078467,
    "high_low_energy_ratio": 0.9960455033179597,
    "band_offset_db_1": -0.03550000000000075,
    "band_offset_db_2": 0.0036999999999984823,
    "band_offset_db_3": -0.0008000000000008001,
    "band_offset_db_4": -0.0015999999999998238
  },
  "system": {
    "probs": {
      "正常": 0.003677178935924687,
      "幅度失准": 0.9339752875126034,
      "频率失准": 0.06232882568783348,
      "参考电平失准": 1.8707770240906824e-05
    },
    "decision": "幅度失准",
    "confidence": 0.9339752875126034,
    "is_normal": false
  },
  "module": {
    "topk": [
      {
        "module_id": "[RF板][RF] 低频通路固定滤波/抑制网络",
        "gamma": 0.19285099242708584
      },
      {
        "module_id": "[数字中频板][ADC] 数字检波与平均",
        "gamma": 0.16790674055593582
      },
      {
        "module_id": "[数字中频板][IF] 中频放大/衰减链",
        "gamma": 0.16360143951603998
      }
    ],
    "gating": {
      "disabled_modules": [
        "高频段YTF滤波器",
        "高频段混频器",
        "前置放大器",
        "衰减器"
      ],
      "topk_k": 3
    }
  },
  "evidence": {
    "global_offset_db": 0.0003000000000010772,
    "hf_std_db": 0.047929938589220025,
    "p95_abs_dev_db": 0.07290000000000063,
    "inside_env_frac": 1.0,
    "peak_freq_mae_hz": 3992.912180859246,
    "peak_freq_outlier_frac": 0.0
  },
  "artifacts": {
    "output_json": "Output/batch_diagnosis/sim_00054_diagnosis.json"
  },
  "system_diagnosis": {
    "probabilities": {
      "正常": 0.003677178935924687,
      "幅度失准": 0.9339752875126034,
      "频率失准": 0.06232882568783348,
      "参考电平失准": 1.8707770240906824e-05
    },
    "predicted_class": "幅度失准",
    "max_prob": 0.9339752875126034,
    "is_normal": false
  },
  "module_diagnosis": {
    "probabilities": {
      "[RF板][RF] 低频通路固定滤波/抑制网络": 0.19285099242708584,
      "[数字中频板][ADC] 数字检波与平均": 0.16790674055593582,
      "[数字中频板][IF] 中频放大/衰减链": 0.16360143951603998,
      "[RF板][Mixer1]": 0.13965071865409664,
      "[数字中频板][DSP] 数字增益/偏置校准": 0.10332722495749894,
      "[RF板][RF] 输入连接/匹配/保护": 0.08866712295498201,
      "[数字中频板][IF] RBW数字滤波器": 0.07749541871812421,
      "[RF板][RF] 输入衰减器组": 0.03325017110811825,
      "[RF板][RF] 高频通路固定滤波/抑制网络": 0.03325017110811825
    },
    "topk": [
      {
        "module": "[RF板][RF] 低频通路固定滤波/抑制网络",
        "probability": 0.19285099242708584
      },
      {
        "module": "[数字中频板][ADC] 数字检波与平均",
        "probability": 0.16790674055593582
      },
      {
        "module": "[数字中频板][IF] 中频放大/衰减链",
        "probability": 0.16360143951603998
      }
    ],
    "disabled_modules": [
      "高频段YTF滤波器",
      "高频段混频器",
      "前置放大器",
      "衰减器"
    ]
  },
  "evidence_detail": {
    "viol_rate": 0.0,
    "envelope_violation": false,
    "violation_max_db": 0.0,
    "violation_energy": 0.0,
    "baseline_coverage": 1.0
  },
  "config": {
    "mode": "unified_entry",
    "gating_status": "gated_ok",
    "run_name": null,
    "topk": 3
  },
  "uncertainty": {
    "is_uncertain": false,
    "reason": "",
    "top_class": "幅度失准",
    "runner_up": "频率失准",
    "max_prob": 0.9339752875126034,
    "second_prob": 0.06232882568783348,
    "prob_gap": 0.8716464618247699,
    "support_top_features": [],
    "support_runnerup_features": [],
    "conflict_features": [],
    "suggested_actions": []
  },
  "module_validation": {
    "sample_id": "sim_00054",
    "gt_module": "ADC",
    "gt_module_v2": "[数字中频板][ADC]",
    "top1": "[RF板][RF] 低频通路固定滤波/抑制网络",
    "top3": [
      "[RF板][RF] 低频通路固定滤波/抑制网络",
      "[数字中频板][ADC] 数字检波与平均",
      "[数字中频板][IF] 中频放大/衰减链"
    ],
    "top5": [
      "[RF板][RF] 低频通路固定滤波/抑制网络",
      "[数字中频板][ADC] 数字检波与平均",
      "[数字中频板][IF] 中频放大/衰减链",
      "[RF板][Mixer1]",
      "[数字中频板][DSP] 数字增益/偏置校准"
    ],
    "gt_rank": -1,
    "gt_prob": 0.0,
    "top1_hit": false,
    "top3_hit": false,
    "top5_hit": false
  },
  "ground_truth": {
    "type": "fault",
    "system_class_en": "amp_error",
    "system_class_cn": "幅度失准",
    "module": "ADC",
    "module_v2": "[数字中频板][ADC]",
    "fault_params": {
      "severity": "mid",
      "tier_target": "in_spec_weak",
      "type": "adc_bias",
      "subtype": "amp_error_offset",
      "offset_db": 0.18026474905505685,
      "template_id": "T1"
    }
  }
}