{
  "status": "success",
  "meta": {
    "sample_id": "sim_00274",
    "input_file": "/home/runner/work/FMFD-python/FMFD-python/Output/sim_spectrum/raw_curves/sim_00274.csv",
    "operating_condition": {
      "inject_power_dbm": -10.0,
      "freq_start_hz": 10000000.0,
      "freq_end_hz": 8200000000.0,
      "step_hz": 10000000.0,
      "frontend": {
        "low_band_only": true,
        "ac_coupling": true,
        "preamp": false
      }
    }
  },
  "data_points": 820,
  "frequency_range": {
    "min": 10000000.0,
    "max": 8200000000.0
  },
  "features": {
    "X1": -9.88126536585366,
    "X2": 0.0006248229619852605,
    "X3": 0.00019720348781845367,
    "X4": 0.028942475787733853,
    "X5": 0.2621115261742245,
    "X6": 0.0009490824834027363,
    "X7": 0.079699999999999,
    "X8": 0.024317560975609744,
    "X9": 0.0008376669047235602,
    "X10": 0.014976366585309254,
    "X11": 0.0,
    "X12": 0.0,
    "X13": 0.08558478791138344,
    "X14": 0.002157509157509081,
    "X15": 0.0028528777815057032,
    "X16": 0.0020167570358023317,
    "X17": 0.0,
    "X18": 0.0,
    "X19": -7.19953754648709e-05,
    "X20": 0.03596718669057841,
    "X21": 4.0,
    "X22": 0.04196943962712165,
    "X23": 7.703243902439326e-06,
    "X24": 0.01587250690885167,
    "X25": 7.703243902439326e-06,
    "X26": 9.09272508603751e-05,
    "X27": 2.136276861825326e-05,
    "X28": -0.049128367662709393,
    "X29": 0.02558570755574083,
    "X30": 0.0007288109756099018,
    "X31": 0.0007974231998549546,
    "X32": -0.40995908369418144,
    "X33": 0.5872203076340335,
    "X34": 0.014565457292067532,
    "X35": 0.000327269920105671,
    "X36": 0.8038771003565072,
    "X37": 0.028942475787733853,
    "offset_db": 0.051899999999999835,
    "viol_rate_aligned": 0.0,
    "viol_energy_aligned": 0.08558478791138344,
    "global_offset_db": 0.0,
    "shape_rmse": 0.0027754718342003267,
    "ripple_hp": 0.0032133444036659855,
    "tail_asym": -0.0009000000000013667,
    "compress_ratio": 0.1951219512195122,
    "compress_ratio_high": 0.19661016949152543,
    "freq_shift_score": 0.0040533951576853244,
    "offset_slope": 3.931050085360818e-05,
    "high_low_energy_ratio": 0.3448094311388667,
    "band_offset_db_1": 0.0026999999999999247,
    "band_offset_db_2": -0.0003000000000010772,
    "band_offset_db_3": 1.7763568394002505e-15,
    "band_offset_db_4": 0.0004000000000008441
  },
  "system": {
    "probs": {
      "正常": 0.8389570267300057,
      "幅度失准": 0.016455057739696632,
      "频率失准": 0.018562619477057878,
      "参考电平失准": 0.12602529596934406
    },
    "decision": "正常",
    "confidence": 0.8389570267300057,
    "is_normal": true
  },
  "module": {
    "topk": [
      {
        "module_id": "[校准链路][校准源]",
        "gamma": 0.43749999999999994
      },
      {
        "module_id": "[校准链路][校准路径开关/耦合]",
        "gamma": 0.3125
      },
      {
        "module_id": "[校准链路][校准表/存储]",
        "gamma": 0.25000000000000006
      }
    ],
    "gating": {
      "disabled_modules": [
        "高频段YTF滤波器",
        "高频段混频器",
        "前置放大器",
        "衰减器"
      ],
      "topk_k": 3
    }
  },
  "evidence": {
    "global_offset_db": 0.051899999999999835,
    "hf_std_db": 0.002350680700067379,
    "p95_abs_dev_db": 0.005499999999999616,
    "inside_env_frac": 1.0,
    "peak_freq_mae_hz": 3857.1268953870845,
    "peak_freq_outlier_frac": 0.0
  },
  "artifacts": {
    "output_json": "Output/batch_diagnosis/sim_00274_diagnosis.json"
  },
  "system_diagnosis": {
    "probabilities": {
      "正常": 0.8389570267300057,
      "幅度失准": 0.016455057739696632,
      "频率失准": 0.018562619477057878,
      "参考电平失准": 0.12602529596934406
    },
    "predicted_class": "正常",
    "max_prob": 0.8389570267300057,
    "is_normal": true
  },
  "module_diagnosis": {
    "probabilities": {
      "[校准链路][校准源]": 0.43749999999999994,
      "[校准链路][校准路径开关/耦合]": 0.3125,
      "[校准链路][校准表/存储]": 0.25000000000000006,
      "[RF板][RF] 输入衰减器组": 0.0,
      "[RF板][RF] 低频通路固定滤波/抑制网络": 0.0,
      "[RF板][Mixer1]": 0.0
    },
    "topk": [
      {
        "module": "[校准链路][校准源]",
        "probability": 0.43749999999999994
      },
      {
        "module": "[校准链路][校准路径开关/耦合]",
        "probability": 0.3125
      },
      {
        "module": "[校准链路][校准表/存储]",
        "probability": 0.25000000000000006
      }
    ],
    "disabled_modules": [
      "高频段YTF滤波器",
      "高频段混频器",
      "前置放大器",
      "衰减器"
    ]
  },
  "evidence_detail": {
    "viol_rate": 0.0,
    "envelope_violation": false,
    "violation_max_db": 0.0,
    "violation_energy": 0.08558478791138344,
    "baseline_coverage": 1.0
  },
  "config": {
    "mode": "unified_entry",
    "gating_status": "gated_ok",
    "run_name": null,
    "topk": 3
  },
  "uncertainty": {
    "is_uncertain": false,
    "reason": "",
    "top_class": "正常",
    "runner_up": "参考电平失准",
    "max_prob": 0.8389570267300057,
    "second_prob": 0.12602529596934406,
    "prob_gap": 0.7129317307606616,
    "support_top_features": [],
    "support_runnerup_features": [],
    "conflict_features": [],
    "suggested_actions": []
  },
  "module_validation": {
    "sample_id": "sim_00274",
    "gt_module": "校准源",
    "gt_module_v2": "[校准链路][校准源]",
    "top1": "[校准链路][校准源]",
    "top3": [
      "[校准链路][校准源]",
      "[校准链路][校准路径开关/耦合]",
      "[校准链路][校准表/存储]"
    ],
    "top5": [
      "[校准链路][校准源]",
      "[校准链路][校准路径开关/耦合]",
      "[校准链路][校准表/存储]",
      "[RF板][RF] 输入衰减器组",
      "[RF板][RF] 低频通路固定滤波/抑制网络"
    ],
    "gt_rank": 1,
    "gt_prob": 0.43749999999999994,
    "top1_hit": true,
    "top3_hit": true,
    "top5_hit": true
  },
  "ground_truth": {
    "type": "fault",
    "system_class_en": "ref_error",
    "system_class_cn": "参考电平失准",
    "module": "校准源",
    "module_v2": "[校准链路][校准源]",
    "fault_params": {
      "severity": "mid",
      "tier_target": "mild_oos",
      "type": "ref_miscal",
      "subtype": "ref_error_offset",
      "offset_db": 0.10204697527588111,
      "template_id": "T1",
      "mean_offset_db": 0.0518074608669572
    }
  }
}