{
  "status": "success",
  "meta": {
    "sample_id": "sim_00295",
    "input_file": "/home/runner/work/FMFD-python/FMFD-python/Output/sim_spectrum/raw_curves/sim_00295.csv",
    "operating_condition": {
      "inject_power_dbm": -10.0,
      "freq_start_hz": 10000000.0,
      "freq_end_hz": 8200000000.0,
      "step_hz": 10000000.0,
      "frontend": {
        "low_band_only": true,
        "ac_coupling": true,
        "preamp": false
      }
    }
  },
  "data_points": 820,
  "frequency_range": {
    "min": 10000000.0,
    "max": 8200000000.0
  },
  "features": {
    "X1": -9.878889024390244,
    "X2": 0.00055703859917212,
    "X3": 0.00020863398310500526,
    "X4": 0.02901328091497735,
    "X5": 0.2747459397326189,
    "X6": 0.0011017304405115996,
    "X7": 0.07850000000000001,
    "X8": 0.02629829268292682,
    "X9": 0.0008417704694513889,
    "X10": 0.01863708687531646,
    "X11": 0.0,
    "X12": 0.0,
    "X13": 0.021471435146207675,
    "X14": 0.005961355311354627,
    "X15": 0.0022636899781372146,
    "X16": 0.0007944971583375125,
    "X17": 0.0,
    "X18": 0.0,
    "X19": -8.30959312448646e-05,
    "X20": 0.0015895614627625676,
    "X21": 5.0,
    "X22": 0.04032483320124579,
    "X23": 3.2684402439023296e-05,
    "X24": 0.005919819790321079,
    "X25": 3.2684402439023296e-05,
    "X26": 5.71218554515446e-05,
    "X27": 2.5166207772422405e-06,
    "X28": -0.0878378378318093,
    "X29": -0.489633585325501,
    "X30": 0.0029542682926830405,
    "X31": 0.005363568623772254,
    "X32": -0.9944091496680001,
    "X33": 0.5357983510975112,
    "X34": 0.017490276335585114,
    "X35": 0.00031628463500412183,
    "X36": 0.8112932898258647,
    "X37": 0.02901328091497735,
    "offset_db": 0.05465000000000053,
    "viol_rate_aligned": 0.0,
    "viol_energy_aligned": 0.021471435146207675,
    "global_offset_db": 0.0,
    "shape_rmse": 0.0057170274128276926,
    "ripple_hp": 0.0019322989764057543,
    "tail_asym": -0.0010050000000027207,
    "compress_ratio": 0.2,
    "compress_ratio_high": 0.2,
    "freq_shift_score": 0.013100307038870662,
    "offset_slope": -0.0023128654121196855,
    "high_low_energy_ratio": 0.5538271036051163,
    "band_offset_db_1": 0.009349999999999525,
    "band_offset_db_2": 0.005049999999998889,
    "band_offset_db_3": -0.0001500000000005386,
    "band_offset_db_4": -0.006349999999999412
  },
  "system": {
    "probs": {
      "正常": 0.7883474900802944,
      "幅度失准": 0.03212739257657781,
      "频率失准": 0.015407185208645978,
      "参考电平失准": 0.16411793205564731
    },
    "decision": "正常",
    "confidence": 0.7883474900802944,
    "is_normal": true
  },
  "module": {
    "topk": [
      {
        "module_id": "[校准链路][校准源]",
        "gamma": 0.43749999999999994
      },
      {
        "module_id": "[校准链路][校准路径开关/耦合]",
        "gamma": 0.3125
      },
      {
        "module_id": "[校准链路][校准表/存储]",
        "gamma": 0.25000000000000006
      }
    ],
    "gating": {
      "disabled_modules": [
        "高频段YTF滤波器",
        "高频段混频器",
        "前置放大器",
        "衰减器"
      ],
      "topk_k": 3
    }
  },
  "evidence": {
    "global_offset_db": 0.05465000000000053,
    "hf_std_db": 0.0016697070454766271,
    "p95_abs_dev_db": 0.009949999999999992,
    "inside_env_frac": 1.0,
    "peak_freq_mae_hz": 4011.3872104800103,
    "peak_freq_outlier_frac": 0.0
  },
  "artifacts": {
    "output_json": "Output/batch_diagnosis/sim_00295_diagnosis.json"
  },
  "system_diagnosis": {
    "probabilities": {
      "正常": 0.7883474900802944,
      "幅度失准": 0.03212739257657781,
      "频率失准": 0.015407185208645978,
      "参考电平失准": 0.16411793205564731
    },
    "predicted_class": "正常",
    "max_prob": 0.7883474900802944,
    "is_normal": true
  },
  "module_diagnosis": {
    "probabilities": {
      "[校准链路][校准源]": 0.43749999999999994,
      "[校准链路][校准路径开关/耦合]": 0.3125,
      "[校准链路][校准表/存储]": 0.25000000000000006,
      "[RF板][RF] 输入衰减器组": 0.0,
      "[RF板][RF] 低频通路固定滤波/抑制网络": 0.0,
      "[RF板][Mixer1]": 0.0
    },
    "topk": [
      {
        "module": "[校准链路][校准源]",
        "probability": 0.43749999999999994
      },
      {
        "module": "[校准链路][校准路径开关/耦合]",
        "probability": 0.3125
      },
      {
        "module": "[校准链路][校准表/存储]",
        "probability": 0.25000000000000006
      }
    ],
    "disabled_modules": [
      "高频段YTF滤波器",
      "高频段混频器",
      "前置放大器",
      "衰减器"
    ]
  },
  "evidence_detail": {
    "viol_rate": 0.0,
    "envelope_violation": false,
    "violation_max_db": 0.0,
    "violation_energy": 0.021471435146207675,
    "baseline_coverage": 1.0
  },
  "config": {
    "mode": "unified_entry",
    "gating_status": "gated_ok",
    "run_name": null,
    "topk": 3
  },
  "uncertainty": {
    "is_uncertain": false,
    "reason": "",
    "top_class": "正常",
    "runner_up": "参考电平失准",
    "max_prob": 0.7883474900802944,
    "second_prob": 0.16411793205564731,
    "prob_gap": 0.6242295580246471,
    "support_top_features": [],
    "support_runnerup_features": [],
    "conflict_features": [],
    "suggested_actions": []
  },
  "module_validation": {
    "sample_id": "sim_00295",
    "gt_module": "校准信号开关",
    "gt_module_v2": "[校准链路][校准路径开关/耦合]",
    "top1": "[校准链路][校准源]",
    "top3": [
      "[校准链路][校准源]",
      "[校准链路][校准路径开关/耦合]",
      "[校准链路][校准表/存储]"
    ],
    "top5": [
      "[校准链路][校准源]",
      "[校准链路][校准路径开关/耦合]",
      "[校准链路][校准表/存储]",
      "[RF板][RF] 输入衰减器组",
      "[RF板][RF] 低频通路固定滤波/抑制网络"
    ],
    "gt_rank": 2,
    "gt_prob": 0.3125,
    "top1_hit": false,
    "top3_hit": true,
    "top5_hit": true
  },
  "ground_truth": {
    "type": "fault",
    "system_class_en": "ref_error",
    "system_class_cn": "参考电平失准",
    "module": "校准信号开关",
    "module_v2": "[校准链路][校准路径开关/耦合]",
    "fault_params": {
      "severity": "light",
      "tier_target": "mild_oos",
      "type": "ref_miscal",
      "subtype": "ref_error_offset",
      "offset_db": 0.08884058957401333,
      "template_id": "T1",
      "mean_offset_db": 0.054184557258914585
    }
  }
}