{
  "status": "success",
  "meta": {
    "sample_id": "sim_00304",
    "input_file": "/home/runner/work/FMFD-python/FMFD-python/Output/sim_spectrum/raw_curves/sim_00304.csv",
    "operating_condition": {
      "inject_power_dbm": -10.0,
      "freq_start_hz": 10000000.0,
      "freq_end_hz": 8200000000.0,
      "step_hz": 10000000.0,
      "frontend": {
        "low_band_only": true,
        "ac_coupling": true,
        "preamp": false
      }
    }
  },
  "data_points": 820,
  "frequency_range": {
    "min": 10000000.0,
    "max": 8200000000.0
  },
  "features": {
    "X1": -9.922831707317073,
    "X2": 0.0007380470765995788,
    "X3": 0.0001372098812454832,
    "X4": 0.030668020037668012,
    "X5": 0.29694359083763655,
    "X6": 0.0010290829702558014,
    "X7": 0.06489999999999974,
    "X8": 0.025047804878048804,
    "X9": 0.0009405274530308068,
    "X10": 0.013039110535971935,
    "X11": 0.0,
    "X12": 0.0,
    "X13": 0.04009053755710016,
    "X14": 0.006372893772893879,
    "X15": 0.011619521344704193,
    "X16": -0.0063409209818894585,
    "X17": 0.0,
    "X18": 0.0,
    "X19": -0.00011951929907649091,
    "X20": 0.38930594450434164,
    "X21": 10.0,
    "X22": 0.038384955024101226,
    "X23": 0.00010394239024390294,
    "X24": 0.0157739797553631,
    "X25": 0.00010394239024390294,
    "X26": 0.00037085308997653814,
    "X27": 1.5726154266532266e-05,
    "X28": 0.055425448865781796,
    "X29": 0.8237495529995703,
    "X30": 0.0038696646341465323,
    "X31": 0.0015301079598604532,
    "X32": -4.195667149629491,
    "X33": 0.551773335190469,
    "X34": 0.01613114577702984,
    "X35": 0.000313308234646916,
    "X36": 0.8328329535042271,
    "X37": 0.030668020037668015,
    "offset_db": 0.010000000000000675,
    "viol_rate_aligned": 0.0,
    "viol_energy_aligned": 0.04009053755710016,
    "global_offset_db": 8.881784197001252e-16,
    "shape_rmse": 0.010195214085241296,
    "ripple_hp": 0.0031410574485989267,
    "tail_asym": 0.0030949999999947426,
    "compress_ratio": 0.2,
    "compress_ratio_high": 0.2,
    "freq_shift_score": 0.051738324594473584,
    "offset_slope": 0.0005230024028634032,
    "high_low_energy_ratio": 3.243342570514261,
    "band_offset_db_1": 0.006049999999999223,
    "band_offset_db_2": 0.0,
    "band_offset_db_3": -0.0039000000000006807,
    "band_offset_db_4": 0.005099999999998772
  },
  "system": {
    "probs": {
      "正常": 0.9976503231948921,
      "幅度失准": 0.0011940360022290192,
      "频率失准": 0.0004733973034581676,
      "参考电平失准": 0.000682243399655695
    },
    "decision": "正常",
    "confidence": 0.9976503231948921,
    "is_normal": true
  },
  "module": {
    "topk": [
      {
        "module_id": "[RF板][RF] 输入连接/匹配/保护",
        "gamma": 0.058823529411764705
      },
      {
        "module_id": "[RF板][RF] 输入衰减器组",
        "gamma": 0.058823529411764705
      },
      {
        "module_id": "[RF板][RF] 低频通路固定滤波/抑制网络",
        "gamma": 0.058823529411764705
      }
    ],
    "gating": {
      "disabled_modules": [
        "高频段YTF滤波器",
        "高频段混频器",
        "前置放大器",
        "衰减器"
      ],
      "topk_k": 3
    }
  },
  "evidence": {
    "global_offset_db": 0.010000000000000675,
    "hf_std_db": 0.006425274768183668,
    "p95_abs_dev_db": 0.018210000000000184,
    "inside_env_frac": 1.0,
    "peak_freq_mae_hz": 3868.2876365438037,
    "peak_freq_outlier_frac": 0.0
  },
  "artifacts": {
    "output_json": "Output/batch_diagnosis/sim_00304_diagnosis.json"
  },
  "system_diagnosis": {
    "probabilities": {
      "正常": 0.9976503231948921,
      "幅度失准": 0.0011940360022290192,
      "频率失准": 0.0004733973034581676,
      "参考电平失准": 0.000682243399655695
    },
    "predicted_class": "正常",
    "max_prob": 0.9976503231948921,
    "is_normal": true
  },
  "module_diagnosis": {
    "probabilities": {
      "[RF板][RF] 输入连接/匹配/保护": 0.058823529411764705,
      "[RF板][RF] 输入衰减器组": 0.058823529411764705,
      "[RF板][RF] 低频通路固定滤波/抑制网络": 0.058823529411764705,
      "[RF板][RF] 高频通路固定滤波/抑制网络": 0.058823529411764705,
      "[RF板][Mixer1]": 0.058823529411764705
    },
    "topk": [
      {
        "module": "[RF板][RF] 输入连接/匹配/保护",
        "probability": 0.058823529411764705
      },
      {
        "module": "[RF板][RF] 输入衰减器组",
        "probability": 0.058823529411764705
      },
      {
        "module": "[RF板][RF] 低频通路固定滤波/抑制网络",
        "probability": 0.058823529411764705
      }
    ],
    "disabled_modules": [
      "高频段YTF滤波器",
      "高频段混频器",
      "前置放大器",
      "衰减器"
    ]
  },
  "evidence_detail": {
    "viol_rate": 0.0,
    "envelope_violation": false,
    "violation_max_db": 0.0,
    "violation_energy": 0.04009053755710016,
    "baseline_coverage": 1.0
  },
  "config": {
    "mode": "unified_entry",
    "gating_status": "gated_ok",
    "run_name": null,
    "topk": 3
  },
  "uncertainty": {
    "is_uncertain": false,
    "reason": "",
    "top_class": "正常",
    "runner_up": "幅度失准",
    "max_prob": 0.9976503231948921,
    "second_prob": 0.0011940360022290192,
    "prob_gap": 0.9964562871926631,
    "support_top_features": [],
    "support_runnerup_features": [],
    "conflict_features": [],
    "suggested_actions": []
  },
  "module_validation": {
    "sample_id": "sim_00304",
    "gt_module": null,
    "gt_module_v2": null,
    "top1": "[RF板][RF] 输入连接/匹配/保护",
    "top3": [
      "[RF板][RF] 输入连接/匹配/保护",
      "[RF板][RF] 输入衰减器组",
      "[RF板][RF] 低频通路固定滤波/抑制网络"
    ],
    "top5": [
      "[RF板][RF] 输入连接/匹配/保护",
      "[RF板][RF] 输入衰减器组",
      "[RF板][RF] 低频通路固定滤波/抑制网络",
      "[RF板][RF] 高频通路固定滤波/抑制网络",
      "[RF板][Mixer1]"
    ],
    "gt_rank": -1,
    "gt_prob": 0.0,
    "top1_hit": false,
    "top3_hit": false,
    "top5_hit": false
  },
  "ground_truth": {
    "type": "normal",
    "system_class_en": "normal",
    "system_class_cn": "正常",
    "module": null,
    "module_v2": null,
    "fault_params": {
      "severity": "light",
      "tier_target": "in_spec_weak",
      "type": "normal",
      "normal_state": "normal_state_A"
    }
  }
}