{
  "status": "success",
  "meta": {
    "sample_id": "sim_00273",
    "input_file": "/home/runner/work/FMFD-python/FMFD-python/Output/sim_spectrum/raw_curves/sim_00273.csv",
    "operating_condition": {
      "inject_power_dbm": -10.0,
      "freq_start_hz": 10000000.0,
      "freq_end_hz": 8200000000.0,
      "step_hz": 10000000.0,
      "frontend": {
        "low_band_only": true,
        "ac_coupling": true,
        "preamp": false
      }
    }
  },
  "data_points": 820,
  "frequency_range": {
    "min": 10000000.0,
    "max": 8200000000.0
  },
  "features": {
    "X1": -9.85190743902439,
    "X2": 0.0005937173145531765,
    "X3": 0.00023684450369323154,
    "X4": 0.028740030526770974,
    "X5": 0.2594062996197525,
    "X6": 0.0009336772251487208,
    "X7": 0.08339999999999925,
    "X8": 0.024154024390243903,
    "X9": 0.0008259893546797275,
    "X10": 0.014505014228199494,
    "X11": 0.0,
    "X12": 0.0,
    "X13": 0.053876286732812625,
    "X14": 0.0013930402930403128,
    "X15": 0.001624600796467289,
    "X16": 0.00010912566738677094,
    "X17": 0.0,
    "X18": 0.0,
    "X19": -5.9336407070512094e-05,
    "X20": -0.0112595743049404,
    "X21": 5.0,
    "X22": 0.04015135812155,
    "X23": 2.9429390243904436e-06,
    "X24": 0.006172320238305384,
    "X25": 2.9429390243904436e-06,
    "X26": 0.00040253986844520707,
    "X27": 7.811388911650338e-06,
    "X28": -0.1282051281724186,
    "X29": 0.012092209776990428,
    "X30": -0.0005836890243901133,
    "X31": 0.0004822123625969137,
    "X32": -0.6402691860681756,
    "X33": 0.5835297263405876,
    "X34": 0.014380088361143602,
    "X35": 0.00031792357632599464,
    "X36": 0.8067394166321111,
    "X37": 0.028740030526770974,
    "offset_db": 0.0813000000000006,
    "viol_rate_aligned": 0.0,
    "viol_energy_aligned": 0.053876286732812625,
    "global_offset_db": 0.0,
    "shape_rmse": 0.0017154996427835372,
    "ripple_hp": 0.0019787559424541317,
    "tail_asym": -0.0010000000000011332,
    "compress_ratio": 0.1951219512195122,
    "compress_ratio_high": 0.2,
    "freq_shift_score": 0.0015190916742927607,
    "offset_slope": 0.00011454120283334634,
    "high_low_energy_ratio": 0.20435812423843755,
    "band_offset_db_1": -0.0016499999999997073,
    "band_offset_db_2": -9.999999999976694e-05,
    "band_offset_db_3": -0.000600000000000378,
    "band_offset_db_4": 0.0004999999999988347
  },
  "system": {
    "probs": {
      "正常": 0.8214303163847719,
      "幅度失准": 0.03450664478686638,
      "频率失准": 0.021063302592508208,
      "参考电平失准": 0.12299973615371043
    },
    "decision": "正常",
    "confidence": 0.8214303163847719,
    "is_normal": true
  },
  "module": {
    "topk": [
      {
        "module_id": "[校准链路][校准源]",
        "gamma": 0.3416520920987345
      },
      {
        "module_id": "[校准链路][校准路径开关/耦合]",
        "gamma": 0.24403720864195322
      },
      {
        "module_id": "[校准链路][校准表/存储]",
        "gamma": 0.19522976691356264
      }
    ],
    "gating": {
      "disabled_modules": [
        "高频段YTF滤波器",
        "高频段混频器",
        "前置放大器",
        "衰减器"
      ],
      "topk_k": 3
    }
  },
  "evidence": {
    "global_offset_db": 0.0813000000000006,
    "hf_std_db": 0.0015869787974012314,
    "p95_abs_dev_db": 0.0037000000000002586,
    "inside_env_frac": 1.0,
    "peak_freq_mae_hz": 4079.55713603947,
    "peak_freq_outlier_frac": 0.0
  },
  "artifacts": {
    "output_json": "Output/batch_diagnosis/sim_00273_diagnosis.json"
  },
  "system_diagnosis": {
    "probabilities": {
      "正常": 0.8214303163847719,
      "幅度失准": 0.03450664478686638,
      "频率失准": 0.021063302592508208,
      "参考电平失准": 0.12299973615371043
    },
    "predicted_class": "正常",
    "max_prob": 0.8214303163847719,
    "is_normal": true
  },
  "module_diagnosis": {
    "probabilities": {
      "[校准链路][校准源]": 0.3416520920987345,
      "[校准链路][校准路径开关/耦合]": 0.24403720864195322,
      "[校准链路][校准表/存储]": 0.19522976691356264,
      "[RF板][RF] 低频通路固定滤波/抑制网络": 0.04224997522472908,
      "[数字中频板][ADC] 数字检波与平均": 0.036785165268130304,
      "[数字中频板][IF] 中频放大/衰减链": 0.03584195590228082,
      "[RF板][Mixer1]": 0.030594809645493472,
      "[数字中频板][DSP] 数字增益/偏置校准": 0.022637024780387885,
      "[RF板][RF] 输入连接/匹配/保护": 0.019425275965392678,
      "[数字中频板][IF] RBW数字滤波器": 0.016977768585290914
    },
    "topk": [
      {
        "module": "[校准链路][校准源]",
        "probability": 0.3416520920987345
      },
      {
        "module": "[校准链路][校准路径开关/耦合]",
        "probability": 0.24403720864195322
      },
      {
        "module": "[校准链路][校准表/存储]",
        "probability": 0.19522976691356264
      }
    ],
    "disabled_modules": [
      "高频段YTF滤波器",
      "高频段混频器",
      "前置放大器",
      "衰减器"
    ]
  },
  "evidence_detail": {
    "viol_rate": 0.0,
    "envelope_violation": false,
    "violation_max_db": 0.0,
    "violation_energy": 0.053876286732812625,
    "baseline_coverage": 1.0
  },
  "config": {
    "mode": "unified_entry",
    "gating_status": "gated_ok",
    "run_name": null,
    "topk": 3
  },
  "uncertainty": {
    "is_uncertain": false,
    "reason": "",
    "top_class": "正常",
    "runner_up": "参考电平失准",
    "max_prob": 0.8214303163847719,
    "second_prob": 0.12299973615371043,
    "prob_gap": 0.6984305802310615,
    "support_top_features": [],
    "support_runnerup_features": [],
    "conflict_features": [],
    "suggested_actions": []
  },
  "module_validation": {
    "sample_id": "sim_00273",
    "gt_module": "校准源",
    "gt_module_v2": "[校准链路][校准源]",
    "top1": "[校准链路][校准源]",
    "top3": [
      "[校准链路][校准源]",
      "[校准链路][校准路径开关/耦合]",
      "[校准链路][校准表/存储]"
    ],
    "top5": [
      "[校准链路][校准源]",
      "[校准链路][校准路径开关/耦合]",
      "[校准链路][校准表/存储]",
      "[RF板][RF] 低频通路固定滤波/抑制网络",
      "[数字中频板][ADC] 数字检波与平均"
    ],
    "gt_rank": 1,
    "gt_prob": 0.3416520920987345,
    "top1_hit": true,
    "top3_hit": true,
    "top5_hit": true
  },
  "ground_truth": {
    "type": "fault",
    "system_class_en": "ref_error",
    "system_class_cn": "参考电平失准",
    "module": "校准源",
    "module_v2": "[校准链路][校准源]",
    "fault_params": {
      "severity": "severe",
      "tier_target": "in_spec_weak",
      "type": "ref_miscal",
      "subtype": "ref_error_offset",
      "offset_db": -0.33455122938016557,
      "template_id": "T1",
      "mean_offset_db": 0.08116486129536996
    }
  }
}