{
  "status": "success",
  "meta": {
    "sample_id": "sim_00041",
    "input_file": "/home/runner/work/FMFD-python/FMFD-python/Output/sim_spectrum/raw_curves/sim_00041.csv",
    "operating_condition": {
      "inject_power_dbm": -10.0,
      "freq_start_hz": 10000000.0,
      "freq_end_hz": 8200000000.0,
      "step_hz": 10000000.0,
      "frontend": {
        "low_band_only": true,
        "ac_coupling": true,
        "preamp": false
      }
    }
  },
  "data_points": 820,
  "frequency_range": {
    "min": 10000000.0,
    "max": 8200000000.0
  },
  "features": {
    "X1": -9.933073048780487,
    "X2": 0.0005890501867274778,
    "X3": 0.00022558118972153268,
    "X4": 0.028417883986463777,
    "X5": 0.2589735162779811,
    "X6": 0.000935855285826889,
    "X7": 0.08279999999999887,
    "X8": 0.024127682926829278,
    "X9": 0.0008075761302681144,
    "X10": 0.0145762097550746,
    "X11": 0.0,
    "X12": 0.0,
    "X13": 0.08818018396426933,
    "X14": 0.0022252747252746925,
    "X15": 0.0012775994062905695,
    "X16": 0.004413779039840681,
    "X17": 0.0,
    "X18": 0.0,
    "X19": -7.584571882271334e-05,
    "X20": 0.07131907149039929,
    "X21": 7.0,
    "X22": 0.038030880747764305,
    "X23": 5.7946463414635666e-06,
    "X24": 0.00842553357662501,
    "X25": 5.7946463414635666e-06,
    "X26": 2.1847591660269466e-05,
    "X27": 2.2389885769004563e-05,
    "X28": -0.01960784313336925,
    "X29": -1.658095074507848,
    "X30": -0.0005327827897292052,
    "X31": 0.0009489875628310372,
    "X32": -1.2081118717123867,
    "X33": 0.5842411569803616,
    "X34": 0.014861663118537557,
    "X35": 0.0003194427184347341,
    "X36": 0.8014671930383506,
    "X37": 0.028417883986463777,
    "offset_db": 0.0,
    "viol_rate_aligned": 0.0,
    "viol_energy_aligned": 0.08818018396426933,
    "global_offset_db": 0.0,
    "shape_rmse": 0.0024072071662953245,
    "ripple_hp": 0.002315908219091448,
    "tail_asym": -0.0004050000000008322,
    "compress_ratio": 0.19146341463414634,
    "compress_ratio_high": 0.19322033898305085,
    "freq_shift_score": 0.003048591671420464,
    "offset_slope": -0.00028626502578548183,
    "high_low_energy_ratio": 0.13792156197814434,
    "band_offset_db_1": 0.003149999999999764,
    "band_offset_db_2": 0.0006999999999983686,
    "band_offset_db_3": -0.0005999999999994898,
    "band_offset_db_4": -9.999999999976694e-05
  },
  "system": {
    "probs": {
      "正常": 0.9736095793867692,
      "幅度失准": 0.008102326689787408,
      "频率失准": 0.0037170213261611585,
      "参考电平失准": 0.014571072499921331
    },
    "decision": "正常",
    "confidence": 0.9736095793867692,
    "is_normal": true
  },
  "module": {
    "topk": [
      {
        "module_id": "[校准链路][校准源]",
        "gamma": 0.43749999999999994
      },
      {
        "module_id": "[校准链路][校准路径开关/耦合]",
        "gamma": 0.3125
      },
      {
        "module_id": "[校准链路][校准表/存储]",
        "gamma": 0.25000000000000006
      }
    ],
    "gating": {
      "disabled_modules": [
        "高频段YTF滤波器",
        "高频段混频器",
        "前置放大器",
        "衰减器"
      ],
      "topk_k": 3
    }
  },
  "evidence": {
    "global_offset_db": 0.0,
    "hf_std_db": 0.001804010668646196,
    "p95_abs_dev_db": 0.004999999999999094,
    "inside_env_frac": 1.0,
    "peak_freq_mae_hz": 4031.851328229986,
    "peak_freq_outlier_frac": 0.0
  },
  "artifacts": {
    "output_json": "Output/batch_diagnosis/sim_00041_diagnosis.json"
  },
  "system_diagnosis": {
    "probabilities": {
      "正常": 0.9736095793867692,
      "幅度失准": 0.008102326689787408,
      "频率失准": 0.0037170213261611585,
      "参考电平失准": 0.014571072499921331
    },
    "predicted_class": "正常",
    "max_prob": 0.9736095793867692,
    "is_normal": true
  },
  "module_diagnosis": {
    "probabilities": {
      "[校准链路][校准源]": 0.43749999999999994,
      "[校准链路][校准路径开关/耦合]": 0.3125,
      "[校准链路][校准表/存储]": 0.25000000000000006,
      "[RF板][RF] 输入衰减器组": 0.0,
      "[RF板][RF] 低频通路固定滤波/抑制网络": 0.0,
      "[RF板][Mixer1]": 0.0
    },
    "topk": [
      {
        "module": "[校准链路][校准源]",
        "probability": 0.43749999999999994
      },
      {
        "module": "[校准链路][校准路径开关/耦合]",
        "probability": 0.3125
      },
      {
        "module": "[校准链路][校准表/存储]",
        "probability": 0.25000000000000006
      }
    ],
    "disabled_modules": [
      "高频段YTF滤波器",
      "高频段混频器",
      "前置放大器",
      "衰减器"
    ]
  },
  "evidence_detail": {
    "viol_rate": 0.0,
    "envelope_violation": false,
    "violation_max_db": 0.0,
    "violation_energy": 0.08818018396426933,
    "baseline_coverage": 1.0
  },
  "config": {
    "mode": "unified_entry",
    "gating_status": "gated_ok",
    "run_name": null,
    "topk": 3
  },
  "uncertainty": {
    "is_uncertain": false,
    "reason": "",
    "top_class": "正常",
    "runner_up": "参考电平失准",
    "max_prob": 0.9736095793867692,
    "second_prob": 0.014571072499921331,
    "prob_gap": 0.9590385068868479,
    "support_top_features": [],
    "support_runnerup_features": [],
    "conflict_features": [],
    "suggested_actions": []
  },
  "module_validation": {
    "sample_id": "sim_00041",
    "gt_module": "数字检波器",
    "gt_module_v2": "[数字中频板][检波/对数]",
    "top1": "[校准链路][校准源]",
    "top3": [
      "[校准链路][校准源]",
      "[校准链路][校准路径开关/耦合]",
      "[校准链路][校准表/存储]"
    ],
    "top5": [
      "[校准链路][校准源]",
      "[校准链路][校准路径开关/耦合]",
      "[校准链路][校准表/存储]",
      "[RF板][RF] 输入衰减器组",
      "[RF板][RF] 低频通路固定滤波/抑制网络"
    ],
    "gt_rank": -1,
    "gt_prob": 0.0,
    "top1_hit": false,
    "top3_hit": false,
    "top5_hit": false
  },
  "ground_truth": {
    "type": "fault",
    "system_class_en": "amp_error",
    "system_class_cn": "幅度失准",
    "module": "数字检波器",
    "module_v2": "[数字中频板][检波/对数]",
    "fault_params": {
      "severity": "mid",
      "tier_target": "in_spec_weak",
      "type": "vbw_smoothing",
      "subtype": "amp_error_offset",
      "offset_db": -0.1182126996103598,
      "template_id": "T1"
    }
  }
}