{
  "status": "success",
  "meta": {
    "sample_id": "sim_00263",
    "input_file": "/home/runner/work/FMFD-python/FMFD-python/Output/sim_spectrum/raw_curves/sim_00263.csv",
    "operating_condition": {
      "inject_power_dbm": -10.0,
      "freq_start_hz": 10000000.0,
      "freq_end_hz": 8200000000.0,
      "step_hz": 10000000.0,
      "frontend": {
        "low_band_only": true,
        "ac_coupling": true,
        "preamp": false
      }
    }
  },
  "data_points": 820,
  "frequency_range": {
    "min": 10000000.0,
    "max": 8200000000.0
  },
  "features": {
    "X1": -9.9917556097561,
    "X2": 0.0006548566263467515,
    "X3": 0.00023126453824491648,
    "X4": 0.02930689078514226,
    "X5": 0.26888831526724793,
    "X6": 0.0009552552246281984,
    "X7": 0.08089999999999975,
    "X8": 0.024438292682926854,
    "X9": 0.0008588938474922562,
    "X10": 0.014798025363871394,
    "X11": 0.0,
    "X12": 0.0,
    "X13": 0.06716814968559469,
    "X14": 0.0037326007326010844,
    "X15": 0.002049362335509329,
    "X16": 0.0006072791283262008,
    "X17": 0.0,
    "X18": 0.0,
    "X19": -0.00010180050424144582,
    "X20": -0.010605354733906225,
    "X21": 3.0,
    "X22": 0.041870211711781166,
    "X23": 9.618926829269089e-06,
    "X24": 0.01725363563933202,
    "X25": 9.618926829269089e-06,
    "X26": 0.0003717158901520706,
    "X27": 2.9874934640276227e-05,
    "X28": -0.27829560582181345,
    "X29": -0.07954323518025432,
    "X30": 0.0008991163543836944,
    "X31": 0.0012795089987222266,
    "X32": -0.5822269165779264,
    "X33": 0.5866917304292062,
    "X34": 0.01600960733011941,
    "X35": 0.00032880571333157403,
    "X36": 0.8078496872101617,
    "X37": 0.02930689078514226,
    "offset_db": -0.05819999999999936,
    "viol_rate_aligned": 0.0,
    "viol_energy_aligned": 0.06716814968559469,
    "global_offset_db": 0.0,
    "shape_rmse": 0.0031014394769637355,
    "ripple_hp": 0.003357381393538735,
    "tail_asym": -0.0019000000000026773,
    "compress_ratio": 0.19146341463414634,
    "compress_ratio_high": 0.2,
    "freq_shift_score": 0.004923488074236593,
    "offset_slope": 0.0003514916502647718,
    "high_low_energy_ratio": 0.22360164607296726,
    "band_offset_db_1": 0.0017499999999994742,
    "band_offset_db_2": -0.0026999999999990365,
    "band_offset_db_3": 0.0007499999999991402,
    "band_offset_db_4": 0.00039999999999906777
  },
  "system": {
    "probs": {
      "正常": 6.968375593233047e-05,
      "幅度失准": 0.013105413522777339,
      "频率失准": 0.02310226995825401,
      "参考电平失准": 0.963722632666664
    },
    "decision": "参考电平失准",
    "confidence": 0.963722632666664,
    "is_normal": false
  },
  "module": {
    "topk": [
      {
        "module_id": "[校准链路][校准源]",
        "gamma": 0.43749999999999994
      },
      {
        "module_id": "[校准链路][校准路径开关/耦合]",
        "gamma": 0.3125
      },
      {
        "module_id": "[校准链路][校准表/存储]",
        "gamma": 0.25000000000000006
      }
    ],
    "gating": {
      "disabled_modules": [
        "高频段YTF滤波器",
        "高频段混频器",
        "前置放大器",
        "衰减器"
      ],
      "topk_k": 3
    }
  },
  "evidence": {
    "global_offset_db": -0.05819999999999936,
    "hf_std_db": 0.002347832401161104,
    "p95_abs_dev_db": 0.006299999999999617,
    "inside_env_frac": 1.0,
    "peak_freq_mae_hz": 3934.1380025019303,
    "peak_freq_outlier_frac": 0.0
  },
  "artifacts": {
    "output_json": "Output/batch_diagnosis/sim_00263_diagnosis.json"
  },
  "system_diagnosis": {
    "probabilities": {
      "正常": 6.968375593233047e-05,
      "幅度失准": 0.013105413522777339,
      "频率失准": 0.02310226995825401,
      "参考电平失准": 0.963722632666664
    },
    "predicted_class": "参考电平失准",
    "max_prob": 0.963722632666664,
    "is_normal": false
  },
  "module_diagnosis": {
    "probabilities": {
      "[校准链路][校准源]": 0.43749999999999994,
      "[校准链路][校准路径开关/耦合]": 0.3125,
      "[校准链路][校准表/存储]": 0.25000000000000006,
      "[RF板][RF] 输入衰减器组": 0.0,
      "[RF板][RF] 低频通路固定滤波/抑制网络": 0.0,
      "[RF板][Mixer1]": 0.0
    },
    "topk": [
      {
        "module": "[校准链路][校准源]",
        "probability": 0.43749999999999994
      },
      {
        "module": "[校准链路][校准路径开关/耦合]",
        "probability": 0.3125
      },
      {
        "module": "[校准链路][校准表/存储]",
        "probability": 0.25000000000000006
      }
    ],
    "disabled_modules": [
      "高频段YTF滤波器",
      "高频段混频器",
      "前置放大器",
      "衰减器"
    ]
  },
  "evidence_detail": {
    "viol_rate": 0.0,
    "envelope_violation": false,
    "violation_max_db": 0.0,
    "violation_energy": 0.06716814968559469,
    "baseline_coverage": 1.0
  },
  "config": {
    "mode": "unified_entry",
    "gating_status": "gated_ok",
    "run_name": null,
    "topk": 3
  },
  "uncertainty": {
    "is_uncertain": false,
    "reason": "",
    "top_class": "参考电平失准",
    "runner_up": "频率失准",
    "max_prob": 0.963722632666664,
    "second_prob": 0.02310226995825401,
    "prob_gap": 0.94062036270841,
    "support_top_features": [],
    "support_runnerup_features": [],
    "conflict_features": [],
    "suggested_actions": []
  },
  "module_validation": {
    "sample_id": "sim_00263",
    "gt_module": "校准源",
    "gt_module_v2": "[校准链路][校准源]",
    "top1": "[校准链路][校准源]",
    "top3": [
      "[校准链路][校准源]",
      "[校准链路][校准路径开关/耦合]",
      "[校准链路][校准表/存储]"
    ],
    "top5": [
      "[校准链路][校准源]",
      "[校准链路][校准路径开关/耦合]",
      "[校准链路][校准表/存储]",
      "[RF板][RF] 输入衰减器组",
      "[RF板][RF] 低频通路固定滤波/抑制网络"
    ],
    "gt_rank": 1,
    "gt_prob": 0.43749999999999994,
    "top1_hit": true,
    "top3_hit": true,
    "top5_hit": true
  },
  "ground_truth": {
    "type": "fault",
    "system_class_en": "ref_error",
    "system_class_cn": "参考电平失准",
    "module": "校准源",
    "module_v2": "[校准链路][校准源]",
    "fault_params": {
      "severity": "mid",
      "tier_target": "in_spec_weak",
      "type": "ref_miscal",
      "subtype": "ref_error_offset",
      "offset_db": -0.18254155938613595,
      "template_id": "T1",
      "mean_offset_db": -0.058682569372719845
    }
  }
}