{
  "status": "success",
  "meta": {
    "sample_id": "sim_00175",
    "input_file": "/home/runner/work/FMFD-python/FMFD-python/Output/sim_spectrum/raw_curves/sim_00175.csv",
    "operating_condition": {
      "inject_power_dbm": -10.0,
      "freq_start_hz": 10000000.0,
      "freq_end_hz": 8200000000.0,
      "step_hz": 10000000.0,
      "frontend": {
        "low_band_only": true,
        "ac_coupling": true,
        "preamp": false
      }
    }
  },
  "data_points": 820,
  "frequency_range": {
    "min": 10000000.0,
    "max": 8200000000.0
  },
  "features": {
    "X1": -9.933075609756097,
    "X2": 0.00048309025988994635,
    "X3": 0.00042883489994966807,
    "X4": 0.0285592362125366,
    "X5": 0.3155115944444868,
    "X6": 0.000982070039262345,
    "X7": 0.0691000000000006,
    "X8": 0.02374463414634146,
    "X9": 0.0008156299730434619,
    "X10": 0.016046618421345082,
    "X11": 0.0,
    "X12": 0.0,
    "X13": 1.0636709346298523,
    "X14": 0.002394139194139243,
    "X15": 0.015146204078977123,
    "X16": 0.14374936176508113,
    "X17": -0.0004999999999999449,
    "X18": 0.0,
    "X19": -6.67558607624846e-05,
    "X20": 0.22565155398673742,
    "X21": 5.0,
    "X22": 0.034609736771646096,
    "X23": 0.00018070638517148554,
    "X24": 0.056043505833310414,
    "X25": 0.0001932959999999914,
    "X26": 0.0006976003434433293,
    "X27": 2.3402913960240965e-05,
    "X28": -0.7071887784713213,
    "X29": 2.069930690591351,
    "X30": 0.0011295731707317556,
    "X31": 0.006334671045727921,
    "X32": -3.0354401688872423,
    "X33": 0.4977265019980004,
    "X34": 0.013914542290036046,
    "X35": 0.0002432898516759331,
    "X36": 0.8495252970406827,
    "X37": 0.0285592362125366,
    "offset_db": 0.004099999999999326,
    "viol_rate_aligned": 0.0,
    "viol_energy_aligned": 1.0636709346298523,
    "global_offset_db": 0.0,
    "shape_rmse": 0.013903093181015201,
    "ripple_hp": 0.005929947922189991,
    "tail_asym": -0.03090499999999894,
    "compress_ratio": 0.1951219512195122,
    "compress_ratio_high": 0.2,
    "freq_shift_score": 0.0912379138589191,
    "offset_slope": -0.0009516799313299091,
    "high_low_energy_ratio": 12.410216851561069,
    "band_offset_db_1": 0.0012500000000006395,
    "band_offset_db_2": 0.0007999999999999119,
    "band_offset_db_3": -0.002449999999998731,
    "band_offset_db_4": 0.0
  },
  "system": {
    "probs": {
      "正常": 0.9400905824796837,
      "幅度失准": 0.012252344581689605,
      "频率失准": 0.042262758683555224,
      "参考电平失准": 0.005394314161062486
    },
    "decision": "正常",
    "confidence": 0.9400905824796837,
    "is_normal": true
  },
  "module": {
    "topk": [
      {
        "module_id": "[LO/时钟板][LO1] 合成链",
        "gamma": 0.2713370176934929
      },
      {
        "module_id": "[时钟板][参考域] 10MHz 基准 OCXO",
        "gamma": 0.2713370176934929
      },
      {
        "module_id": "[时钟板][参考分配]",
        "gamma": 0.23257458659442248
      }
    ],
    "gating": {
      "disabled_modules": [
        "高频段YTF滤波器",
        "高频段混频器",
        "前置放大器",
        "衰减器"
      ],
      "topk_k": 3
    }
  },
  "evidence": {
    "global_offset_db": 0.004099999999999326,
    "hf_std_db": 0.007458686687249646,
    "p95_abs_dev_db": 0.03810499999999992,
    "inside_env_frac": 1.0,
    "peak_freq_mae_hz": 5475253.710424553,
    "peak_freq_outlier_frac": 0.1329268292682927
  },
  "artifacts": {
    "output_json": "Output/batch_diagnosis/sim_00175_diagnosis.json"
  },
  "system_diagnosis": {
    "probabilities": {
      "正常": 0.9400905824796837,
      "幅度失准": 0.012252344581689605,
      "频率失准": 0.042262758683555224,
      "参考电平失准": 0.005394314161062486
    },
    "predicted_class": "正常",
    "max_prob": 0.9400905824796837,
    "is_normal": true
  },
  "module_diagnosis": {
    "probabilities": {
      "[LO/时钟板][LO1] 合成链": 0.2713370176934929,
      "[时钟板][参考域] 10MHz 基准 OCXO": 0.2713370176934929,
      "[时钟板][参考分配]": 0.23257458659442248,
      "[RF板][RF] 低频通路固定滤波/抑制网络": 0.04334352630024054,
      "[数字中频板][ADC] 数字检波与平均": 0.03773727131855674,
      "[数字中频板][IF] 中频放大/衰减链": 0.03676964897705528,
      "[RF板][Mixer1]": 0.03138669145879487,
      "[数字中频板][DSP] 数字增益/偏置校准": 0.02322293619603491,
      "[RF板][RF] 输入连接/匹配/保护": 0.019928058069076115,
      "[数字中频板][IF] RBW数字滤波器": 0.017417202147026183
    },
    "topk": [
      {
        "module": "[LO/时钟板][LO1] 合成链",
        "probability": 0.2713370176934929
      },
      {
        "module": "[时钟板][参考域] 10MHz 基准 OCXO",
        "probability": 0.2713370176934929
      },
      {
        "module": "[时钟板][参考分配]",
        "probability": 0.23257458659442248
      }
    ],
    "disabled_modules": [
      "高频段YTF滤波器",
      "高频段混频器",
      "前置放大器",
      "衰减器"
    ]
  },
  "evidence_detail": {
    "viol_rate": 0.0,
    "envelope_violation": false,
    "violation_max_db": 0.0,
    "violation_energy": 1.0636709346298523,
    "baseline_coverage": 1.0
  },
  "config": {
    "mode": "unified_entry",
    "gating_status": "gated_ok",
    "run_name": null,
    "topk": 3
  },
  "uncertainty": {
    "is_uncertain": false,
    "reason": "",
    "top_class": "正常",
    "runner_up": "频率失准",
    "max_prob": 0.9400905824796837,
    "second_prob": 0.042262758683555224,
    "prob_gap": 0.8978278237961285,
    "support_top_features": [],
    "support_runnerup_features": [],
    "conflict_features": [],
    "suggested_actions": []
  },
  "module_validation": {
    "sample_id": "sim_00175",
    "gt_module": "本振源（谐波发生器）",
    "gt_module_v2": "[LO/时钟板][LO1] 合成链",
    "top1": "[LO/时钟板][LO1] 合成链",
    "top3": [
      "[LO/时钟板][LO1] 合成链",
      "[时钟板][参考域] 10MHz 基准 OCXO",
      "[时钟板][参考分配]"
    ],
    "top5": [
      "[LO/时钟板][LO1] 合成链",
      "[时钟板][参考域] 10MHz 基准 OCXO",
      "[时钟板][参考分配]",
      "[RF板][RF] 低频通路固定滤波/抑制网络",
      "[数字中频板][ADC] 数字检波与平均"
    ],
    "gt_rank": 1,
    "gt_prob": 0.2713370176934929,
    "top1_hit": true,
    "top3_hit": true,
    "top5_hit": true
  },
  "ground_truth": {
    "type": "fault",
    "system_class_en": "freq_error",
    "system_class_cn": "频率失准",
    "module": "本振源（谐波发生器）",
    "module_v2": "[LO/时钟板][LO1] 合成链",
    "fault_params": {
      "severity": "mid",
      "tier_target": "edge",
      "delta_f_hz": 795707.0727048652,
      "ppm": 97.15593073319478,
      "shift_bins": 0.07957070727048653,
      "bandwidth_hz": 8190000000.0,
      "warp_scale": 1.0002322435048199,
      "warp_bias": 9.703744789083722e-05,
      "type": "freq_miscal",
      "track_type": "hole",
      "template_id": "T8",
      "forced_peak_track_type": true,
      "peak_track_profile": {
        "bands": [
          {
            "start_hz": 6712964799.177452,
            "end_hz": 7174380587.028698,
            "center_hz": 6943672693.103075,
            "width_hz": 461415787.85124594,
            "amplitude_hz": -62718158.10776992,
            "ramp_hz": 115807677.69605349
          },
          {
            "start_hz": 3792024435.0153294,
            "end_hz": 4648130416.220972,
            "center_hz": 4220077425.6181507,
            "width_hz": 856105981.2056422,
            "amplitude_hz": -31101393.28471169,
            "ramp_hz": 115807677.69605349
          }
        ],
        "track_type": "hole"
      },
      "freq_amp_coupling": {
        "bias_db_min": -0.1,
        "bias_db_max": -0.02
      }
    }
  }
}