{
  "status": "success",
  "meta": {
    "sample_id": "sim_00391",
    "input_file": "/home/runner/work/FMFD-python/FMFD-python/Output/sim_spectrum/raw_curves/sim_00391.csv",
    "operating_condition": {
      "inject_power_dbm": -10.0,
      "freq_start_hz": 10000000.0,
      "freq_end_hz": 8200000000.0,
      "step_hz": 10000000.0,
      "frontend": {
        "low_band_only": true,
        "ac_coupling": true,
        "preamp": false
      }
    }
  },
  "data_points": 820,
  "frequency_range": {
    "min": 10000000.0,
    "max": 8200000000.0
  },
  "features": {
    "X1": -9.924370000000001,
    "X2": 0.000667461927919889,
    "X3": -4.610245806866183e-05,
    "X4": 0.02734251735110582,
    "X5": 0.24684777930531554,
    "X6": 0.0008359777829268284,
    "X7": 0.09879999999999889,
    "X8": 0.02274268292682925,
    "X9": 0.0007476132550955229,
    "X10": 0.01422691412794118,
    "X11": 0.0,
    "X12": 0.0,
    "X13": 0.4393902861969707,
    "X14": 0.007195970695970706,
    "X15": 0.01577467561222062,
    "X16": -0.0011550184293531963,
    "X17": 0.0,
    "X18": 0.0,
    "X19": -7.766293825127662e-05,
    "X20": 0.3442492011785836,
    "X21": 7.0,
    "X22": 0.039596884021844685,
    "X23": 0.00013651065853658825,
    "X24": 0.015434351620673081,
    "X25": 0.00013651065853658825,
    "X26": 0.00033189166442169037,
    "X27": 0.0001173918657555592,
    "X28": -0.021173203748029785,
    "X29": 1.163428317333241,
    "X30": 0.001358079268292782,
    "X31": 0.0030589733855832446,
    "X32": -4.074923286922799,
    "X33": 0.627443297359673,
    "X34": 0.015774926913727293,
    "X35": 0.0003291119899040032,
    "X36": 0.779159928535481,
    "X37": 0.02734251735110582,
    "offset_db": 0.010000000000000675,
    "viol_rate_aligned": 0.0,
    "viol_energy_aligned": 0.4393902861969707,
    "global_offset_db": 0.0,
    "shape_rmse": 0.011683777579900615,
    "ripple_hp": 0.0031810354343846524,
    "tail_asym": -0.002695000000000919,
    "compress_ratio": 0.2,
    "compress_ratio_high": 0.2,
    "freq_shift_score": 0.07365531068582698,
    "offset_slope": 0.000527291667958979,
    "high_low_energy_ratio": 12.758413556451721,
    "band_offset_db_1": 0.0013999999999985135,
    "band_offset_db_2": -0.0036000000000004917,
    "band_offset_db_3": -0.001649999999998819,
    "band_offset_db_4": 0.0033999999999991815
  },
  "system": {
    "probs": {
      "正常": 0.9782802805020927,
      "幅度失准": 0.011630018741049549,
      "频率失准": 0.005978736982530335,
      "参考电平失准": 0.004110963676499353
    },
    "decision": "正常",
    "confidence": 0.9782802805020927,
    "is_normal": true
  },
  "module": {
    "topk": [
      {
        "module_id": "[RF板][RF] 低频通路固定滤波/抑制网络",
        "gamma": 0.19285099242708584
      },
      {
        "module_id": "[数字中频板][ADC] 数字检波与平均",
        "gamma": 0.16790674055593582
      },
      {
        "module_id": "[数字中频板][IF] 中频放大/衰减链",
        "gamma": 0.16360143951603998
      }
    ],
    "gating": {
      "disabled_modules": [
        "高频段YTF滤波器",
        "高频段混频器",
        "前置放大器",
        "衰减器"
      ],
      "topk_k": 3
    }
  },
  "evidence": {
    "global_offset_db": 0.010000000000000675,
    "hf_std_db": 0.007372696353328047,
    "p95_abs_dev_db": 0.02010500000000101,
    "inside_env_frac": 1.0,
    "peak_freq_mae_hz": 4015.8960346564036,
    "peak_freq_outlier_frac": 0.0
  },
  "artifacts": {
    "output_json": "Output/batch_diagnosis/sim_00391_diagnosis.json"
  },
  "system_diagnosis": {
    "probabilities": {
      "正常": 0.9782802805020927,
      "幅度失准": 0.011630018741049549,
      "频率失准": 0.005978736982530335,
      "参考电平失准": 0.004110963676499353
    },
    "predicted_class": "正常",
    "max_prob": 0.9782802805020927,
    "is_normal": true
  },
  "module_diagnosis": {
    "probabilities": {
      "[RF板][RF] 低频通路固定滤波/抑制网络": 0.19285099242708584,
      "[数字中频板][ADC] 数字检波与平均": 0.16790674055593582,
      "[数字中频板][IF] 中频放大/衰减链": 0.16360143951603998,
      "[RF板][Mixer1]": 0.13965071865409664,
      "[数字中频板][DSP] 数字增益/偏置校准": 0.10332722495749894,
      "[RF板][RF] 输入连接/匹配/保护": 0.08866712295498201,
      "[数字中频板][IF] RBW数字滤波器": 0.07749541871812422,
      "[RF板][RF] 输入衰减器组": 0.03325017110811825,
      "[RF板][RF] 高频通路固定滤波/抑制网络": 0.03325017110811825
    },
    "topk": [
      {
        "module": "[RF板][RF] 低频通路固定滤波/抑制网络",
        "probability": 0.19285099242708584
      },
      {
        "module": "[数字中频板][ADC] 数字检波与平均",
        "probability": 0.16790674055593582
      },
      {
        "module": "[数字中频板][IF] 中频放大/衰减链",
        "probability": 0.16360143951603998
      }
    ],
    "disabled_modules": [
      "高频段YTF滤波器",
      "高频段混频器",
      "前置放大器",
      "衰减器"
    ]
  },
  "evidence_detail": {
    "viol_rate": 0.0,
    "envelope_violation": false,
    "violation_max_db": 0.0,
    "violation_energy": 0.4393902861969707,
    "baseline_coverage": 1.0
  },
  "config": {
    "mode": "unified_entry",
    "gating_status": "gated_ok",
    "run_name": null,
    "topk": 3
  },
  "uncertainty": {
    "is_uncertain": false,
    "reason": "",
    "top_class": "正常",
    "runner_up": "幅度失准",
    "max_prob": 0.9782802805020927,
    "second_prob": 0.011630018741049549,
    "prob_gap": 0.9666502617610432,
    "support_top_features": [],
    "support_runnerup_features": [],
    "conflict_features": [],
    "suggested_actions": []
  },
  "module_validation": {
    "sample_id": "sim_00391",
    "gt_module": null,
    "gt_module_v2": null,
    "top1": "[RF板][RF] 低频通路固定滤波/抑制网络",
    "top3": [
      "[RF板][RF] 低频通路固定滤波/抑制网络",
      "[数字中频板][ADC] 数字检波与平均",
      "[数字中频板][IF] 中频放大/衰减链"
    ],
    "top5": [
      "[RF板][RF] 低频通路固定滤波/抑制网络",
      "[数字中频板][ADC] 数字检波与平均",
      "[数字中频板][IF] 中频放大/衰减链",
      "[RF板][Mixer1]",
      "[数字中频板][DSP] 数字增益/偏置校准"
    ],
    "gt_rank": -1,
    "gt_prob": 0.0,
    "top1_hit": false,
    "top3_hit": false,
    "top5_hit": false
  },
  "ground_truth": {
    "type": "normal",
    "system_class_en": "normal",
    "system_class_cn": "正常",
    "module": null,
    "module_v2": null,
    "fault_params": {
      "severity": "severe",
      "tier_target": "in_spec_weak",
      "type": "normal",
      "normal_state": "normal_state_A"
    }
  }
}