{
  "status": "success",
  "meta": {
    "sample_id": "sim_00039",
    "input_file": "/home/runner/work/FMFD-python/FMFD-python/Output/sim_spectrum/raw_curves/sim_00039.csv",
    "operating_condition": {
      "inject_power_dbm": -10.0,
      "freq_start_hz": 10000000.0,
      "freq_end_hz": 8200000000.0,
      "step_hz": 10000000.0,
      "frontend": {
        "low_band_only": true,
        "ac_coupling": true,
        "preamp": false
      }
    }
  },
  "data_points": 820,
  "frequency_range": {
    "min": 10000000.0,
    "max": 8200000000.0
  },
  "features": {
    "X1": -9.933074999999999,
    "X2": 0.0030178172088373284,
    "X3": -0.00020003836056210254,
    "X4": 0.05302978114310111,
    "X5": 0.3996801026962836,
    "X6": 0.007853339704268289,
    "X7": 0.08079999999999998,
    "X8": 0.0743862195121951,
    "X9": 0.002812157688085202,
    "X10": 0.06845196538931629,
    "X11": 0.18414634146341463,
    "X12": 0.03663215148294796,
    "X13": 0.10761018590704319,
    "X14": 0.07198296703296743,
    "X15": 0.05045210879749348,
    "X16": 0.03551122254269516,
    "X17": 0.0,
    "X18": 0.0,
    "X19": -0.00019386622278559502,
    "X20": -0.591841559251828,
    "X21": 1.0,
    "X22": 0.08688018720902173,
    "X23": 0.0053932008170731556,
    "X24": 0.010941674487678799,
    "X25": 0.0053932008170731556,
    "X26": 0.0025250219099810347,
    "X27": 0.00023731350830363847,
    "X28": -0.026010126079489902,
    "X29": 0.17923694382839928,
    "X30": 0.11822332317073163,
    "X31": 0.0596001782952508,
    "X32": -15.255910837668328,
    "X33": 0.20199572402357316,
    "X34": 0.05004181585027617,
    "X35": 0.00032043410684282455,
    "X36": 0.9429688525916605,
    "X37": 0.05302978114310111,
    "offset_db": -0.0001500000000005386,
    "viol_rate_aligned": 0.18414634146341463,
    "viol_energy_aligned": 0.10761018590704319,
    "global_offset_db": 8.881784197001252e-16,
    "shape_rmse": 0.07343841513181745,
    "ripple_hp": 0.0026410795327488287,
    "tail_asym": -0.006034999999998639,
    "compress_ratio": 0.2,
    "compress_ratio_high": 0.2,
    "freq_shift_score": 0.3756505474045302,
    "offset_slope": -0.025496174690702412,
    "high_low_energy_ratio": 2.378415326507531,
    "band_offset_db_1": 0.05230000000000157,
    "band_offset_db_2": 0.05965000000000131,
    "band_offset_db_3": 0.002400000000000624,
    "band_offset_db_4": -0.06354999999999755
  },
  "system": {
    "probs": {
      "正常": 7.892740341095707e-08,
      "幅度失准": 0.9998524147070064,
      "频率失准": 0.00014734794201452938,
      "参考电平失准": 1.5832359032942305e-07
    },
    "decision": "幅度失准",
    "confidence": 0.9998524147070064,
    "is_normal": false
  },
  "module": {
    "topk": [
      {
        "module_id": "[RF板][RF] 低频通路固定滤波/抑制网络",
        "gamma": 0.19285099242708584
      },
      {
        "module_id": "[数字中频板][ADC] 数字检波与平均",
        "gamma": 0.16790674055593582
      },
      {
        "module_id": "[数字中频板][IF] 中频放大/衰减链",
        "gamma": 0.16360143951604
      }
    ],
    "gating": {
      "disabled_modules": [
        "高频段YTF滤波器",
        "高频段混频器",
        "前置放大器",
        "衰减器"
      ],
      "topk_k": 3
    }
  },
  "evidence": {
    "global_offset_db": -0.0001500000000005386,
    "hf_std_db": 0.022724606165528093,
    "p95_abs_dev_db": 0.13975499999999935,
    "inside_env_frac": 0.8158536585365853,
    "peak_freq_mae_hz": 3977.793115323668,
    "peak_freq_outlier_frac": 0.0
  },
  "artifacts": {
    "output_json": "Output/batch_diagnosis/sim_00039_diagnosis.json"
  },
  "system_diagnosis": {
    "probabilities": {
      "正常": 7.892740341095707e-08,
      "幅度失准": 0.9998524147070064,
      "频率失准": 0.00014734794201452938,
      "参考电平失准": 1.5832359032942305e-07
    },
    "predicted_class": "幅度失准",
    "max_prob": 0.9998524147070064,
    "is_normal": false
  },
  "module_diagnosis": {
    "probabilities": {
      "[RF板][RF] 低频通路固定滤波/抑制网络": 0.19285099242708584,
      "[数字中频板][ADC] 数字检波与平均": 0.16790674055593582,
      "[数字中频板][IF] 中频放大/衰减链": 0.16360143951604,
      "[RF板][Mixer1]": 0.13965071865409664,
      "[数字中频板][DSP] 数字增益/偏置校准": 0.10332722495749896,
      "[RF板][RF] 输入连接/匹配/保护": 0.08866712295498201,
      "[数字中频板][IF] RBW数字滤波器": 0.07749541871812421,
      "[RF板][RF] 输入衰减器组": 0.03325017110811825,
      "[RF板][RF] 高频通路固定滤波/抑制网络": 0.03325017110811825
    },
    "topk": [
      {
        "module": "[RF板][RF] 低频通路固定滤波/抑制网络",
        "probability": 0.19285099242708584
      },
      {
        "module": "[数字中频板][ADC] 数字检波与平均",
        "probability": 0.16790674055593582
      },
      {
        "module": "[数字中频板][IF] 中频放大/衰减链",
        "probability": 0.16360143951604
      }
    ],
    "disabled_modules": [
      "高频段YTF滤波器",
      "高频段混频器",
      "前置放大器",
      "衰减器"
    ]
  },
  "evidence_detail": {
    "viol_rate": 0.18414634146341463,
    "envelope_violation": true,
    "violation_max_db": 0.03663215148294796,
    "violation_energy": 0.10761018590704319,
    "baseline_coverage": 0.8158536585365854
  },
  "config": {
    "mode": "unified_entry",
    "gating_status": "gated_ok",
    "run_name": null,
    "topk": 3
  },
  "uncertainty": {
    "is_uncertain": false,
    "reason": "",
    "top_class": "幅度失准",
    "runner_up": "频率失准",
    "max_prob": 0.9998524147070064,
    "second_prob": 0.00014734794201452938,
    "prob_gap": 0.9997050667649918,
    "support_top_features": [],
    "support_runnerup_features": [],
    "conflict_features": [],
    "suggested_actions": []
  },
  "module_validation": {
    "sample_id": "sim_00039",
    "gt_module": "低频段第一混频器",
    "gt_module_v2": "[RF板][Mixer1]",
    "top1": "[RF板][RF] 低频通路固定滤波/抑制网络",
    "top3": [
      "[RF板][RF] 低频通路固定滤波/抑制网络",
      "[数字中频板][ADC] 数字检波与平均",
      "[数字中频板][IF] 中频放大/衰减链"
    ],
    "top5": [
      "[RF板][RF] 低频通路固定滤波/抑制网络",
      "[数字中频板][ADC] 数字检波与平均",
      "[数字中频板][IF] 中频放大/衰减链",
      "[RF板][Mixer1]",
      "[数字中频板][DSP] 数字增益/偏置校准"
    ],
    "gt_rank": 4,
    "gt_prob": 0.13965071865409664,
    "top1_hit": false,
    "top3_hit": false,
    "top5_hit": true
  },
  "ground_truth": {
    "type": "fault",
    "system_class_en": "amp_error",
    "system_class_cn": "幅度失准",
    "module": "低频段第一混频器",
    "module_v2": "[RF板][Mixer1]",
    "fault_params": {
      "severity": "light",
      "tier_target": "in_spec_weak",
      "type": "mixer_ripple",
      "subtype": "amp_error_ripple",
      "slope_db": -0.03497171987272857,
      "template_id": "T2"
    }
  }
}