{
  "status": "success",
  "meta": {
    "sample_id": "sim_00168",
    "input_file": "/home/runner/work/FMFD-python/FMFD-python/Output/sim_spectrum/raw_curves/sim_00168.csv",
    "operating_condition": {
      "inject_power_dbm": -10.0,
      "freq_start_hz": 10000000.0,
      "freq_end_hz": 8200000000.0,
      "step_hz": 10000000.0,
      "frontend": {
        "low_band_only": true,
        "ac_coupling": true,
        "preamp": false
      }
    }
  },
  "data_points": 820,
  "frequency_range": {
    "min": 10000000.0,
    "max": 8200000000.0
  },
  "features": {
    "X1": -9.933073414634146,
    "X2": 0.0006138143020027765,
    "X3": 0.00025805068491287534,
    "X4": 0.028679254730613574,
    "X5": 0.2904466379150248,
    "X6": 0.0009305317566329564,
    "X7": 0.07150000000000034,
    "X8": 0.024302439024390242,
    "X9": 0.0008224996519034208,
    "X10": 0.014536832795815064,
    "X11": 0.0,
    "X12": 0.0,
    "X13": 0.12626818810301613,
    "X14": 0.0027688644688643664,
    "X15": 0.005307438708292477,
    "X16": -0.11450966848094417,
    "X17": 0.0004999999999999449,
    "X18": 0.0,
    "X19": -3.85531612597461e-05,
    "X20": -0.10271148805836239,
    "X21": 4.0,
    "X22": 0.043341741895034445,
    "X23": 1.4063240074311658e-05,
    "X24": 0.0707747797916175,
    "X25": 2.5036609756095827e-05,
    "X26": 0.0005405799880150287,
    "X27": 2.3023304089611777e-05,
    "X28": -0.11111111110056719,
    "X29": 0.24904661089090357,
    "X30": -0.00010868902439011516,
    "X31": 0.00018301648209558653,
    "X32": -0.3966043123775482,
    "X33": 0.5234735528752896,
    "X34": 0.015199216391799525,
    "X35": 0.00025498855571507584,
    "X36": 0.8443215048479925,
    "X37": 0.02867925473061357,
    "offset_db": 0.00039999999999906777,
    "viol_rate_aligned": 0.0,
    "viol_energy_aligned": 0.12626818810301613,
    "global_offset_db": 0.0,
    "shape_rmse": 0.005003659636315786,
    "ripple_hp": 0.006543219388711502,
    "tail_asym": -0.0012049999999989717,
    "compress_ratio": 0.19878048780487806,
    "compress_ratio_high": 0.2,
    "freq_shift_score": 0.013184317446422344,
    "offset_slope": 0.00010754002441717957,
    "high_low_energy_ratio": 1.1435266904407417,
    "band_offset_db_1": -0.0027999999999996916,
    "band_offset_db_2": 9.999999999976694e-05,
    "band_offset_db_3": -0.0005999999999977135,
    "band_offset_db_4": 0.0001000000000015433
  },
  "system": {
    "probs": {
      "正常": 0.9869826392882953,
      "幅度失准": 0.005519067488436522,
      "频率失准": 0.003503593103754353,
      "参考电平失准": 0.0039947000208153975
    },
    "decision": "正常",
    "confidence": 0.9869826392882953,
    "is_normal": true
  },
  "module": {
    "topk": [
      {
        "module_id": "[RF板][RF] 输入连接/匹配/保护",
        "gamma": 0.058823529411764705
      },
      {
        "module_id": "[RF板][RF] 输入衰减器组",
        "gamma": 0.058823529411764705
      },
      {
        "module_id": "[RF板][RF] 低频通路固定滤波/抑制网络",
        "gamma": 0.058823529411764705
      }
    ],
    "gating": {
      "disabled_modules": [
        "高频段YTF滤波器",
        "高频段混频器",
        "前置放大器",
        "衰减器"
      ],
      "topk_k": 3
    }
  },
  "evidence": {
    "global_offset_db": 0.00039999999999906777,
    "hf_std_db": 0.004813794338822078,
    "p95_abs_dev_db": 0.009199999999998276,
    "inside_env_frac": 1.0,
    "peak_freq_mae_hz": 73892.94062689543,
    "peak_freq_outlier_frac": 0.0024390243902439024
  },
  "artifacts": {
    "output_json": "Output/batch_diagnosis/sim_00168_diagnosis.json"
  },
  "system_diagnosis": {
    "probabilities": {
      "正常": 0.9869826392882953,
      "幅度失准": 0.005519067488436522,
      "频率失准": 0.003503593103754353,
      "参考电平失准": 0.0039947000208153975
    },
    "predicted_class": "正常",
    "max_prob": 0.9869826392882953,
    "is_normal": true
  },
  "module_diagnosis": {
    "probabilities": {
      "[RF板][RF] 输入连接/匹配/保护": 0.058823529411764705,
      "[RF板][RF] 输入衰减器组": 0.058823529411764705,
      "[RF板][RF] 低频通路固定滤波/抑制网络": 0.058823529411764705,
      "[RF板][RF] 高频通路固定滤波/抑制网络": 0.058823529411764705,
      "[RF板][Mixer1]": 0.058823529411764705
    },
    "topk": [
      {
        "module": "[RF板][RF] 输入连接/匹配/保护",
        "probability": 0.058823529411764705
      },
      {
        "module": "[RF板][RF] 输入衰减器组",
        "probability": 0.058823529411764705
      },
      {
        "module": "[RF板][RF] 低频通路固定滤波/抑制网络",
        "probability": 0.058823529411764705
      }
    ],
    "disabled_modules": [
      "高频段YTF滤波器",
      "高频段混频器",
      "前置放大器",
      "衰减器"
    ]
  },
  "evidence_detail": {
    "viol_rate": 0.0,
    "envelope_violation": false,
    "violation_max_db": 0.0,
    "violation_energy": 0.12626818810301613,
    "baseline_coverage": 1.0
  },
  "config": {
    "mode": "unified_entry",
    "gating_status": "gated_ok",
    "run_name": null,
    "topk": 3
  },
  "uncertainty": {
    "is_uncertain": false,
    "reason": "",
    "top_class": "正常",
    "runner_up": "幅度失准",
    "max_prob": 0.9869826392882953,
    "second_prob": 0.005519067488436522,
    "prob_gap": 0.9814635717998588,
    "support_top_features": [],
    "support_runnerup_features": [],
    "conflict_features": [],
    "suggested_actions": []
  },
  "module_validation": {
    "sample_id": "sim_00168",
    "gt_module": "时钟合成与同步网络",
    "gt_module_v2": "[LO/时钟板][LO1] 合成链",
    "top1": "[RF板][RF] 输入连接/匹配/保护",
    "top3": [
      "[RF板][RF] 输入连接/匹配/保护",
      "[RF板][RF] 输入衰减器组",
      "[RF板][RF] 低频通路固定滤波/抑制网络"
    ],
    "top5": [
      "[RF板][RF] 输入连接/匹配/保护",
      "[RF板][RF] 输入衰减器组",
      "[RF板][RF] 低频通路固定滤波/抑制网络",
      "[RF板][RF] 高频通路固定滤波/抑制网络",
      "[RF板][Mixer1]"
    ],
    "gt_rank": -1,
    "gt_prob": 0.0,
    "top1_hit": false,
    "top3_hit": false,
    "top5_hit": false
  },
  "ground_truth": {
    "type": "fault",
    "system_class_en": "freq_error",
    "system_class_cn": "频率失准",
    "module": "时钟合成与同步网络",
    "module_v2": "[LO/时钟板][LO1] 合成链",
    "fault_params": {
      "severity": "light",
      "tier_target": "edge",
      "delta_f_hz": -297025.46505089646,
      "ppm": -36.26684554956,
      "shift_bins": -0.029702546505089647,
      "bandwidth_hz": 8190000000.0,
      "warp_scale": 0.9996051565892824,
      "warp_bias": -3.6222617689133715e-05,
      "type": "freq_miscal",
      "track_type": "spike",
      "template_id": "T8",
      "forced_peak_track_type": true,
      "peak_track_profile": {
        "bands": [],
        "track_type": "spike"
      },
      "freq_amp_coupling": {
        "bias_db_min": -0.1,
        "bias_db_max": -0.02
      },
      "peak_track_warning": "peak_freq mismatch too weak"
    }
  }
}