{
  "status": "success",
  "meta": {
    "sample_id": "sim_00301",
    "input_file": "/home/runner/work/FMFD-python/FMFD-python/Output/sim_spectrum/raw_curves/sim_00301.csv",
    "operating_condition": {
      "inject_power_dbm": -10.0,
      "freq_start_hz": 10000000.0,
      "freq_end_hz": 8200000000.0,
      "step_hz": 10000000.0,
      "frontend": {
        "low_band_only": true,
        "ac_coupling": true,
        "preamp": false
      }
    }
  },
  "data_points": 820,
  "frequency_range": {
    "min": 10000000.0,
    "max": 8200000000.0
  },
  "features": {
    "X1": -9.925213170731707,
    "X2": 0.0006600569731558593,
    "X3": 0.00010079672983009163,
    "X4": 0.03143968038771771,
    "X5": 0.23802187846980127,
    "X6": 0.0011599334606781674,
    "X7": 0.10080000000000133,
    "X8": 0.026990243902439013,
    "X9": 0.0009884535028818412,
    "X10": 0.018857379063689752,
    "X11": 0.0,
    "X12": 0.0,
    "X13": 0.1556892638141959,
    "X14": 0.007676923076922656,
    "X15": 0.012815551139311784,
    "X16": 0.013515829331548958,
    "X17": 0.0,
    "X18": 0.0,
    "X19": 4.393113342898056e-05,
    "X20": -0.03632275006861008,
    "X21": 1.0,
    "X22": 0.046866606614034856,
    "X23": 0.0001272484146341508,
    "X24": 0.012566746628447034,
    "X25": 0.0001272484146341508,
    "X26": 4.241540804107583e-05,
    "X27": 0.00010410027585126408,
    "X28": -0.27035830618019147,
    "X29": 0.025589960255498097,
    "X30": 0.006521798780487869,
    "X31": 0.0043314545767839776,
    "X32": -4.359889814683488,
    "X33": 0.5333258838066669,
    "X34": 0.0175193602941178,
    "X35": 0.0003299274118799391,
    "X36": 0.8327668794016944,
    "X37": 0.03143968038771771,
    "offset_db": 0.010000000000001563,
    "viol_rate_aligned": 0.0,
    "viol_energy_aligned": 0.1556892638141959,
    "global_offset_db": 0.0,
    "shape_rmse": 0.01128044390235379,
    "ripple_hp": 0.0028831813453239308,
    "tail_asym": -0.010700000000003486,
    "compress_ratio": 0.1975609756097561,
    "compress_ratio_high": 0.2,
    "freq_shift_score": 0.05342615889282709,
    "offset_slope": -0.0010335807800529073,
    "high_low_energy_ratio": 1.285249018698404,
    "band_offset_db_1": -0.010700000000001708,
    "band_offset_db_2": 0.0030999999999981043,
    "band_offset_db_3": 0.001449999999998397,
    "band_offset_db_4": -0.004900000000001015
  },
  "system": {
    "probs": {
      "正常": 0.9767663409759394,
      "幅度失准": 0.013441944814012062,
      "频率失准": 0.007324835930488485,
      "参考电平失准": 0.0024668781818835707
    },
    "decision": "正常",
    "confidence": 0.9767663409759394,
    "is_normal": true
  },
  "module": {
    "topk": [
      {
        "module_id": "[RF板][RF] 低频通路固定滤波/抑制网络",
        "gamma": 0.19285099242708584
      },
      {
        "module_id": "[数字中频板][ADC] 数字检波与平均",
        "gamma": 0.16790674055593582
      },
      {
        "module_id": "[数字中频板][IF] 中频放大/衰减链",
        "gamma": 0.16360143951604
      }
    ],
    "gating": {
      "disabled_modules": [
        "高频段YTF滤波器",
        "高频段混频器",
        "前置放大器",
        "衰减器"
      ],
      "topk_k": 3
    }
  },
  "evidence": {
    "global_offset_db": 0.010000000000001563,
    "hf_std_db": 0.006178675433927634,
    "p95_abs_dev_db": 0.023200000000001088,
    "inside_env_frac": 1.0,
    "peak_freq_mae_hz": 4042.430133941513,
    "peak_freq_outlier_frac": 0.0
  },
  "artifacts": {
    "output_json": "Output/batch_diagnosis/sim_00301_diagnosis.json"
  },
  "system_diagnosis": {
    "probabilities": {
      "正常": 0.9767663409759394,
      "幅度失准": 0.013441944814012062,
      "频率失准": 0.007324835930488485,
      "参考电平失准": 0.0024668781818835707
    },
    "predicted_class": "正常",
    "max_prob": 0.9767663409759394,
    "is_normal": true
  },
  "module_diagnosis": {
    "probabilities": {
      "[RF板][RF] 低频通路固定滤波/抑制网络": 0.19285099242708584,
      "[数字中频板][ADC] 数字检波与平均": 0.16790674055593582,
      "[数字中频板][IF] 中频放大/衰减链": 0.16360143951604,
      "[RF板][Mixer1]": 0.13965071865409664,
      "[数字中频板][DSP] 数字增益/偏置校准": 0.10332722495749894,
      "[RF板][RF] 输入连接/匹配/保护": 0.08866712295498201,
      "[数字中频板][IF] RBW数字滤波器": 0.07749541871812422,
      "[RF板][RF] 输入衰减器组": 0.03325017110811825,
      "[RF板][RF] 高频通路固定滤波/抑制网络": 0.03325017110811825
    },
    "topk": [
      {
        "module": "[RF板][RF] 低频通路固定滤波/抑制网络",
        "probability": 0.19285099242708584
      },
      {
        "module": "[数字中频板][ADC] 数字检波与平均",
        "probability": 0.16790674055593582
      },
      {
        "module": "[数字中频板][IF] 中频放大/衰减链",
        "probability": 0.16360143951604
      }
    ],
    "disabled_modules": [
      "高频段YTF滤波器",
      "高频段混频器",
      "前置放大器",
      "衰减器"
    ]
  },
  "evidence_detail": {
    "viol_rate": 0.0,
    "envelope_violation": false,
    "violation_max_db": 0.0,
    "violation_energy": 0.1556892638141959,
    "baseline_coverage": 1.0
  },
  "config": {
    "mode": "unified_entry",
    "gating_status": "gated_ok",
    "run_name": null,
    "topk": 3
  },
  "uncertainty": {
    "is_uncertain": false,
    "reason": "",
    "top_class": "正常",
    "runner_up": "幅度失准",
    "max_prob": 0.9767663409759394,
    "second_prob": 0.013441944814012062,
    "prob_gap": 0.9633243961619273,
    "support_top_features": [],
    "support_runnerup_features": [],
    "conflict_features": [],
    "suggested_actions": []
  },
  "module_validation": {
    "sample_id": "sim_00301",
    "gt_module": null,
    "gt_module_v2": null,
    "top1": "[RF板][RF] 低频通路固定滤波/抑制网络",
    "top3": [
      "[RF板][RF] 低频通路固定滤波/抑制网络",
      "[数字中频板][ADC] 数字检波与平均",
      "[数字中频板][IF] 中频放大/衰减链"
    ],
    "top5": [
      "[RF板][RF] 低频通路固定滤波/抑制网络",
      "[数字中频板][ADC] 数字检波与平均",
      "[数字中频板][IF] 中频放大/衰减链",
      "[RF板][Mixer1]",
      "[数字中频板][DSP] 数字增益/偏置校准"
    ],
    "gt_rank": -1,
    "gt_prob": 0.0,
    "top1_hit": false,
    "top3_hit": false,
    "top5_hit": false
  },
  "ground_truth": {
    "type": "normal",
    "system_class_en": "normal",
    "system_class_cn": "正常",
    "module": null,
    "module_v2": null,
    "fault_params": {
      "severity": "light",
      "tier_target": "in_spec_weak",
      "type": "normal",
      "normal_state": "normal_state_A"
    }
  }
}