{
  "status": "success",
  "meta": {
    "sample_id": "sim_00149",
    "input_file": "/home/runner/work/FMFD-python/FMFD-python/Output/sim_spectrum/raw_curves/sim_00149.csv",
    "operating_condition": {
      "inject_power_dbm": -10.0,
      "freq_start_hz": 10000000.0,
      "freq_end_hz": 8200000000.0,
      "step_hz": 10000000.0,
      "frontend": {
        "low_band_only": true,
        "ac_coupling": true,
        "preamp": false
      }
    }
  },
  "data_points": 820,
  "frequency_range": {
    "min": 10000000.0,
    "max": 8200000000.0
  },
  "features": {
    "X1": -9.933072439024391,
    "X2": 0.000647749775389979,
    "X3": 0.00024798430209625017,
    "X4": 0.029248971724765455,
    "X5": 0.27062191656200923,
    "X6": 0.0009572553623438429,
    "X7": 0.06979999999999897,
    "X8": 0.024616829268292662,
    "X9": 0.000855502346956129,
    "X10": 0.014221884990079056,
    "X11": 0.0,
    "X12": 0.0,
    "X13": 0.149352762174852,
    "X14": 0.0032153846153845328,
    "X15": 0.0031173600947361404,
    "X16": -0.06391558708720925,
    "X17": 0.0,
    "X18": 0.0,
    "X19": -8.899555654607165e-05,
    "X20": -0.05442814957917186,
    "X21": 4.0,
    "X22": 0.03929908686073172,
    "X23": 1.9103243902438895e-05,
    "X24": 0.04830251246894113,
    "X25": 1.9103243902438895e-05,
    "X26": 0.0003324741852104566,
    "X27": 3.7947819033728033e-05,
    "X28": 0.021566401813638596,
    "X29": -0.9096572348951997,
    "X30": 0.00025060975609768365,
    "X31": 0.0008577941114605306,
    "X32": -0.3014159804166207,
    "X33": 0.5883255144609156,
    "X34": 0.01455218050719799,
    "X35": 0.0003313318415948452,
    "X36": 0.805176617182854,
    "X37": 0.029248971724765455,
    "offset_db": 0.00019999999999953388,
    "viol_rate_aligned": 0.0,
    "viol_energy_aligned": 0.149352762174852,
    "global_offset_db": 0.0,
    "shape_rmse": 0.004370725786690226,
    "ripple_hp": 0.005599361621491703,
    "tail_asym": -0.00010499999999788977,
    "compress_ratio": 0.19878048780487806,
    "compress_ratio_high": 0.2,
    "freq_shift_score": 0.009990416903097765,
    "offset_slope": 0.0002370550238409786,
    "high_low_energy_ratio": 0.28097222894423973,
    "band_offset_db_1": -0.00029999999999841265,
    "band_offset_db_2": -0.0009000000000014552,
    "band_offset_db_3": -0.0002999999999993008,
    "band_offset_db_4": 0.0010999999999992127
  },
  "system": {
    "probs": {
      "正常": 0.9879641009041384,
      "幅度失准": 0.005436102502795745,
      "频率失准": 0.002449103551403186,
      "参考电平失准": 0.0041506929428664525
    },
    "decision": "正常",
    "confidence": 0.9879641009041384,
    "is_normal": true
  },
  "module": {
    "topk": [
      {
        "module_id": "[RF板][RF] 输入连接/匹配/保护",
        "gamma": 0.058823529411764705
      },
      {
        "module_id": "[RF板][RF] 输入衰减器组",
        "gamma": 0.058823529411764705
      },
      {
        "module_id": "[RF板][RF] 低频通路固定滤波/抑制网络",
        "gamma": 0.058823529411764705
      }
    ],
    "gating": {
      "disabled_modules": [
        "高频段YTF滤波器",
        "高频段混频器",
        "前置放大器",
        "衰减器"
      ],
      "topk_k": 3
    }
  },
  "evidence": {
    "global_offset_db": 0.00019999999999953388,
    "hf_std_db": 0.003982774995070035,
    "p95_abs_dev_db": 0.006905000000001667,
    "inside_env_frac": 1.0,
    "peak_freq_mae_hz": 141263.66062505875,
    "peak_freq_outlier_frac": 0.0024390243902439024
  },
  "artifacts": {
    "output_json": "Output/batch_diagnosis/sim_00149_diagnosis.json"
  },
  "system_diagnosis": {
    "probabilities": {
      "正常": 0.9879641009041384,
      "幅度失准": 0.005436102502795745,
      "频率失准": 0.002449103551403186,
      "参考电平失准": 0.0041506929428664525
    },
    "predicted_class": "正常",
    "max_prob": 0.9879641009041384,
    "is_normal": true
  },
  "module_diagnosis": {
    "probabilities": {
      "[RF板][RF] 输入连接/匹配/保护": 0.058823529411764705,
      "[RF板][RF] 输入衰减器组": 0.058823529411764705,
      "[RF板][RF] 低频通路固定滤波/抑制网络": 0.058823529411764705,
      "[RF板][RF] 高频通路固定滤波/抑制网络": 0.058823529411764705,
      "[RF板][Mixer1]": 0.058823529411764705
    },
    "topk": [
      {
        "module": "[RF板][RF] 输入连接/匹配/保护",
        "probability": 0.058823529411764705
      },
      {
        "module": "[RF板][RF] 输入衰减器组",
        "probability": 0.058823529411764705
      },
      {
        "module": "[RF板][RF] 低频通路固定滤波/抑制网络",
        "probability": 0.058823529411764705
      }
    ],
    "disabled_modules": [
      "高频段YTF滤波器",
      "高频段混频器",
      "前置放大器",
      "衰减器"
    ]
  },
  "evidence_detail": {
    "viol_rate": 0.0,
    "envelope_violation": false,
    "violation_max_db": 0.0,
    "violation_energy": 0.149352762174852,
    "baseline_coverage": 1.0
  },
  "config": {
    "mode": "unified_entry",
    "gating_status": "gated_ok",
    "run_name": null,
    "topk": 3
  },
  "uncertainty": {
    "is_uncertain": false,
    "reason": "",
    "top_class": "正常",
    "runner_up": "幅度失准",
    "max_prob": 0.9879641009041384,
    "second_prob": 0.005436102502795745,
    "prob_gap": 0.9825279984013428,
    "support_top_features": [],
    "support_runnerup_features": [],
    "conflict_features": [],
    "suggested_actions": []
  },
  "module_validation": {
    "sample_id": "sim_00149",
    "gt_module": "时钟合成与同步网络",
    "gt_module_v2": "[LO/时钟板][LO1] 合成链",
    "top1": "[RF板][RF] 输入连接/匹配/保护",
    "top3": [
      "[RF板][RF] 输入连接/匹配/保护",
      "[RF板][RF] 输入衰减器组",
      "[RF板][RF] 低频通路固定滤波/抑制网络"
    ],
    "top5": [
      "[RF板][RF] 输入连接/匹配/保护",
      "[RF板][RF] 输入衰减器组",
      "[RF板][RF] 低频通路固定滤波/抑制网络",
      "[RF板][RF] 高频通路固定滤波/抑制网络",
      "[RF板][Mixer1]"
    ],
    "gt_rank": -1,
    "gt_prob": 0.0,
    "top1_hit": false,
    "top3_hit": false,
    "top5_hit": false
  },
  "ground_truth": {
    "type": "fault",
    "system_class_en": "freq_error",
    "system_class_cn": "频率失准",
    "module": "时钟合成与同步网络",
    "module_v2": "[LO/时钟板][LO1] 合成链",
    "fault_params": {
      "severity": "mid",
      "tier_target": "in_spec_weak",
      "delta_f_hz": -1263758.2161838447,
      "ppm": -154.30503250107992,
      "shift_bins": -0.12637582161838448,
      "bandwidth_hz": 8190000000.0,
      "type": "clock_drift",
      "track_type": "spike",
      "template_id": "T8",
      "forced_peak_track_type": true,
      "peak_track_profile": {
        "bands": [],
        "track_type": "spike"
      },
      "freq_amp_coupling": {
        "bias_db_min": -0.1,
        "bias_db_max": -0.02
      }
    }
  }
}