{
  "status": "success",
  "meta": {
    "sample_id": "sim_00062",
    "input_file": "/home/runner/work/FMFD-python/FMFD-python/Output/sim_spectrum/raw_curves/sim_00062.csv",
    "operating_condition": {
      "inject_power_dbm": -10.0,
      "freq_start_hz": 10000000.0,
      "freq_end_hz": 8200000000.0,
      "step_hz": 10000000.0,
      "frontend": {
        "low_band_only": true,
        "ac_coupling": true,
        "preamp": false
      }
    }
  },
  "data_points": 820,
  "frequency_range": {
    "min": 10000000.0,
    "max": 8200000000.0
  },
  "features": {
    "X1": -9.932128658536586,
    "X2": 0.007254650292939053,
    "X3": 0.00011173520329735005,
    "X4": 0.08664537148355671,
    "X5": 0.4128293861752055,
    "X6": 0.007585568532346818,
    "X7": 0.08580000000000076,
    "X8": 0.0718120731707317,
    "X9": 0.007507420399523542,
    "X10": 0.017172636813572353,
    "X11": 0.26951219512195124,
    "X12": 0.08003528622163003,
    "X13": 0.015799886627343995,
    "X14": 0.0665076923076921,
    "X15": 0.0808001784765373,
    "X16": 0.032747945999847254,
    "X17": 0.0009999999999998899,
    "X18": -0.0005,
    "X19": 3.862294716608434e-05,
    "X20": -0.6441798223925441,
    "X21": 0.0,
    "X22": 0.08063889664296782,
    "X23": 0.007005293913599465,
    "X24": 0.11772434351072802,
    "X25": 0.007006584475609752,
    "X26": 0.0019807665116030803,
    "X27": 0.0004496710176899563,
    "X28": -0.0020835141939341967,
    "X29": 0.0024012934222111156,
    "X30": 0.14002896341463417,
    "X31": 0.01228825863447292,
    "X32": -7.042318532175121,
    "X33": 0.2305546958761491,
    "X34": 0.02017551218225876,
    "X35": 0.00040321444380338157,
    "X36": 0.9695297672659102,
    "X37": 0.08664537148355671,
    "offset_db": 0.0,
    "viol_rate_aligned": 0.26951219512195124,
    "viol_energy_aligned": 0.015799886627343995,
    "global_offset_db": 0.0,
    "shape_rmse": 0.083705343172403,
    "ripple_hp": 0.009452547961444584,
    "tail_asym": 0.005984999999998464,
    "compress_ratio": 0.2,
    "compress_ratio_high": 0.2,
    "freq_shift_score": 0.7150746019864647,
    "offset_slope": 0.000763905860338003,
    "high_low_energy_ratio": 0.36929936483498726,
    "band_offset_db_1": 0.14975000000000005,
    "band_offset_db_2": 0.006699999999998596,
    "band_offset_db_3": 0.010299999999999976,
    "band_offset_db_4": -0.0146000000000015
  },
  "system": {
    "probs": {
      "正常": 3.0058518009627086e-07,
      "幅度失准": 0.9981609433281242,
      "频率失准": 0.0018383297332476706,
      "参考电平失准": 4.2625363202581146e-07
    },
    "decision": "幅度失准",
    "confidence": 0.9981609433281242,
    "is_normal": false
  },
  "module": {
    "topk": [
      {
        "module_id": "[RF板][RF] 低频通路固定滤波/抑制网络",
        "gamma": 0.19285099242708584
      },
      {
        "module_id": "[数字中频板][ADC] 数字检波与平均",
        "gamma": 0.16790674055593582
      },
      {
        "module_id": "[数字中频板][IF] 中频放大/衰减链",
        "gamma": 0.16360143951604
      }
    ],
    "gating": {
      "disabled_modules": [
        "高频段YTF滤波器",
        "高频段混频器",
        "前置放大器",
        "衰减器"
      ],
      "topk_k": 3
    }
  },
  "evidence": {
    "global_offset_db": 0.0,
    "hf_std_db": 0.06781435825555074,
    "p95_abs_dev_db": 0.15342499999999953,
    "inside_env_frac": 0.7304878048780488,
    "peak_freq_mae_hz": 4016.210489606805,
    "peak_freq_outlier_frac": 0.0
  },
  "artifacts": {
    "output_json": "Output/batch_diagnosis/sim_00062_diagnosis.json"
  },
  "system_diagnosis": {
    "probabilities": {
      "正常": 3.0058518009627086e-07,
      "幅度失准": 0.9981609433281242,
      "频率失准": 0.0018383297332476706,
      "参考电平失准": 4.2625363202581146e-07
    },
    "predicted_class": "幅度失准",
    "max_prob": 0.9981609433281242,
    "is_normal": false
  },
  "module_diagnosis": {
    "probabilities": {
      "[RF板][RF] 低频通路固定滤波/抑制网络": 0.19285099242708584,
      "[数字中频板][ADC] 数字检波与平均": 0.16790674055593582,
      "[数字中频板][IF] 中频放大/衰减链": 0.16360143951604,
      "[RF板][Mixer1]": 0.13965071865409664,
      "[数字中频板][DSP] 数字增益/偏置校准": 0.10332722495749896,
      "[RF板][RF] 输入连接/匹配/保护": 0.08866712295498201,
      "[数字中频板][IF] RBW数字滤波器": 0.07749541871812421,
      "[RF板][RF] 输入衰减器组": 0.03325017110811825,
      "[RF板][RF] 高频通路固定滤波/抑制网络": 0.03325017110811825
    },
    "topk": [
      {
        "module": "[RF板][RF] 低频通路固定滤波/抑制网络",
        "probability": 0.19285099242708584
      },
      {
        "module": "[数字中频板][ADC] 数字检波与平均",
        "probability": 0.16790674055593582
      },
      {
        "module": "[数字中频板][IF] 中频放大/衰减链",
        "probability": 0.16360143951604
      }
    ],
    "disabled_modules": [
      "高频段YTF滤波器",
      "高频段混频器",
      "前置放大器",
      "衰减器"
    ]
  },
  "evidence_detail": {
    "viol_rate": 0.26951219512195124,
    "envelope_violation": true,
    "violation_max_db": 0.08003528622163003,
    "violation_energy": 0.015799886627343995,
    "baseline_coverage": 0.7304878048780488
  },
  "config": {
    "mode": "unified_entry",
    "gating_status": "gated_ok",
    "run_name": null,
    "topk": 3
  },
  "uncertainty": {
    "is_uncertain": false,
    "reason": "",
    "top_class": "幅度失准",
    "runner_up": "频率失准",
    "max_prob": 0.9981609433281242,
    "second_prob": 0.0018383297332476706,
    "prob_gap": 0.9963226135948765,
    "support_top_features": [],
    "support_runnerup_features": [],
    "conflict_features": [],
    "suggested_actions": []
  },
  "module_validation": {
    "sample_id": "sim_00062",
    "gt_module": "低频段前置低通滤波器",
    "gt_module_v2": "[RF板][RF] 低频通路固定滤波/抑制网络",
    "top1": "[RF板][RF] 低频通路固定滤波/抑制网络",
    "top3": [
      "[RF板][RF] 低频通路固定滤波/抑制网络",
      "[数字中频板][ADC] 数字检波与平均",
      "[数字中频板][IF] 中频放大/衰减链"
    ],
    "top5": [
      "[RF板][RF] 低频通路固定滤波/抑制网络",
      "[数字中频板][ADC] 数字检波与平均",
      "[数字中频板][IF] 中频放大/衰减链",
      "[RF板][Mixer1]",
      "[数字中频板][DSP] 数字增益/偏置校准"
    ],
    "gt_rank": 1,
    "gt_prob": 0.19285099242708584,
    "top1_hit": true,
    "top3_hit": true,
    "top5_hit": true
  },
  "ground_truth": {
    "type": "fault",
    "system_class_en": "amp_error",
    "system_class_cn": "幅度失准",
    "module": "低频段前置低通滤波器",
    "module_v2": "[RF板][RF] 低频通路固定滤波/抑制网络",
    "fault_params": {
      "severity": "mid",
      "tier_target": "mild_oos",
      "subtype": "amp_error_ripple",
      "ripple_amp_db": 0.07481956930664818,
      "period_norm": 0.06906560381336896,
      "template_id": "T3",
      "mean_offset_db": 0.0009439961923969798
    }
  }
}