{
  "status": "success",
  "meta": {
    "sample_id": "sim_00337",
    "input_file": "/home/runner/work/FMFD-python/FMFD-python/Output/sim_spectrum/raw_curves/sim_00337.csv",
    "operating_condition": {
      "inject_power_dbm": -10.0,
      "freq_start_hz": 10000000.0,
      "freq_end_hz": 8200000000.0,
      "step_hz": 10000000.0,
      "frontend": {
        "low_band_only": true,
        "ac_coupling": true,
        "preamp": false
      }
    }
  },
  "data_points": 820,
  "frequency_range": {
    "min": 10000000.0,
    "max": 8200000000.0
  },
  "features": {
    "X1": -9.952224634146342,
    "X2": 0.0007198737829251758,
    "X3": 8.035721573057348e-05,
    "X4": 0.028707896668909782,
    "X5": 0.24656627997073513,
    "X6": 0.0008562262224271253,
    "X7": 0.08430000000000071,
    "X8": 0.023348536585365825,
    "X9": 0.0008241433311528013,
    "X10": 0.012784223046142483,
    "X11": 0.0,
    "X12": 0.0,
    "X13": 0.17411066107752404,
    "X14": 0.007424908424908305,
    "X15": 0.011342854322636655,
    "X16": -0.004528043046320328,
    "X17": 0.0,
    "X18": 0.0,
    "X19": -8.908261481242964e-05,
    "X20": 0.12290070364303007,
    "X21": 6.0,
    "X22": 0.037114816999647963,
    "X23": 0.0001342727804878057,
    "X24": 0.012635609953740246,
    "X25": 0.0001342727804878057,
    "X26": 0.0011004359213770457,
    "X27": 0.0002444649581848182,
    "X28": 0.11263736263358586,
    "X29": -1.0798820831106475,
    "X30": 0.0013831043256997862,
    "X31": 0.007389251740531661,
    "X32": -4.32214783189674,
    "X33": 0.6131829147359193,
    "X34": 0.014614938507406078,
    "X35": 0.0003219353117429312,
    "X36": 0.8042349362521485,
    "X37": 0.028707896668909782,
    "offset_db": -0.020000000000000462,
    "viol_rate_aligned": 0.0,
    "viol_energy_aligned": 0.17411066107752404,
    "global_offset_db": 0.0,
    "shape_rmse": 0.011587613235166494,
    "ripple_hp": 0.0028437236762323213,
    "tail_asym": 0.005700000000002519,
    "compress_ratio": 0.2,
    "compress_ratio_high": 0.2,
    "freq_shift_score": 0.0727367390798096,
    "offset_slope": 0.0021055986683865303,
    "high_low_energy_ratio": 5.3455370990233915,
    "band_offset_db_1": -0.005349999999999078,
    "band_offset_db_2": -0.0004999999999988347,
    "band_offset_db_3": -0.0055499999999995,
    "band_offset_db_4": 0.0070000000000014495
  },
  "system": {
    "probs": {
      "正常": 0.9929254704628896,
      "幅度失准": 0.0008967494791157864,
      "频率失准": 0.002781246022196343,
      "参考电平失准": 0.0033965339365057364
    },
    "decision": "正常",
    "confidence": 0.9929254704628896,
    "is_normal": true
  },
  "module": {
    "topk": [
      {
        "module_id": "[RF板][RF] 输入连接/匹配/保护",
        "gamma": 0.058823529411764705
      },
      {
        "module_id": "[RF板][RF] 输入衰减器组",
        "gamma": 0.058823529411764705
      },
      {
        "module_id": "[RF板][RF] 低频通路固定滤波/抑制网络",
        "gamma": 0.058823529411764705
      }
    ],
    "gating": {
      "disabled_modules": [
        "高频段YTF滤波器",
        "高频段混频器",
        "前置放大器",
        "衰减器"
      ],
      "topk_k": 3
    }
  },
  "evidence": {
    "global_offset_db": -0.020000000000000462,
    "hf_std_db": 0.005360864502485115,
    "p95_abs_dev_db": 0.024910000000002243,
    "inside_env_frac": 1.0,
    "peak_freq_mae_hz": 4002.4872214151183,
    "peak_freq_outlier_frac": 0.0
  },
  "artifacts": {
    "output_json": "Output/batch_diagnosis/sim_00337_diagnosis.json"
  },
  "system_diagnosis": {
    "probabilities": {
      "正常": 0.9929254704628896,
      "幅度失准": 0.0008967494791157864,
      "频率失准": 0.002781246022196343,
      "参考电平失准": 0.0033965339365057364
    },
    "predicted_class": "正常",
    "max_prob": 0.9929254704628896,
    "is_normal": true
  },
  "module_diagnosis": {
    "probabilities": {
      "[RF板][RF] 输入连接/匹配/保护": 0.058823529411764705,
      "[RF板][RF] 输入衰减器组": 0.058823529411764705,
      "[RF板][RF] 低频通路固定滤波/抑制网络": 0.058823529411764705,
      "[RF板][RF] 高频通路固定滤波/抑制网络": 0.058823529411764705,
      "[RF板][Mixer1]": 0.058823529411764705
    },
    "topk": [
      {
        "module": "[RF板][RF] 输入连接/匹配/保护",
        "probability": 0.058823529411764705
      },
      {
        "module": "[RF板][RF] 输入衰减器组",
        "probability": 0.058823529411764705
      },
      {
        "module": "[RF板][RF] 低频通路固定滤波/抑制网络",
        "probability": 0.058823529411764705
      }
    ],
    "disabled_modules": [
      "高频段YTF滤波器",
      "高频段混频器",
      "前置放大器",
      "衰减器"
    ]
  },
  "evidence_detail": {
    "viol_rate": 0.0,
    "envelope_violation": false,
    "violation_max_db": 0.0,
    "violation_energy": 0.17411066107752404,
    "baseline_coverage": 1.0
  },
  "config": {
    "mode": "unified_entry",
    "gating_status": "gated_ok",
    "run_name": null,
    "topk": 3
  },
  "uncertainty": {
    "is_uncertain": false,
    "reason": "",
    "top_class": "正常",
    "runner_up": "参考电平失准",
    "max_prob": 0.9929254704628896,
    "second_prob": 0.0033965339365057364,
    "prob_gap": 0.9895289365263839,
    "support_top_features": [],
    "support_runnerup_features": [],
    "conflict_features": [],
    "suggested_actions": []
  },
  "module_validation": {
    "sample_id": "sim_00337",
    "gt_module": null,
    "gt_module_v2": null,
    "top1": "[RF板][RF] 输入连接/匹配/保护",
    "top3": [
      "[RF板][RF] 输入连接/匹配/保护",
      "[RF板][RF] 输入衰减器组",
      "[RF板][RF] 低频通路固定滤波/抑制网络"
    ],
    "top5": [
      "[RF板][RF] 输入连接/匹配/保护",
      "[RF板][RF] 输入衰减器组",
      "[RF板][RF] 低频通路固定滤波/抑制网络",
      "[RF板][RF] 高频通路固定滤波/抑制网络",
      "[RF板][Mixer1]"
    ],
    "gt_rank": -1,
    "gt_prob": 0.0,
    "top1_hit": false,
    "top3_hit": false,
    "top5_hit": false
  },
  "ground_truth": {
    "type": "normal",
    "system_class_en": "normal",
    "system_class_cn": "正常",
    "module": null,
    "module_v2": null,
    "fault_params": {
      "severity": "mid",
      "tier_target": "in_spec_weak",
      "type": "normal",
      "normal_state": "normal_state_A"
    }
  }
}