{
  "status": "success",
  "meta": {
    "sample_id": "sim_00270",
    "input_file": "/home/runner/work/FMFD-python/FMFD-python/Output/sim_spectrum/raw_curves/sim_00270.csv",
    "operating_condition": {
      "inject_power_dbm": -10.0,
      "freq_start_hz": 10000000.0,
      "freq_end_hz": 8200000000.0,
      "step_hz": 10000000.0,
      "frontend": {
        "low_band_only": true,
        "ac_coupling": true,
        "preamp": false
      }
    }
  },
  "data_points": 820,
  "frequency_range": {
    "min": 10000000.0,
    "max": 8200000000.0
  },
  "features": {
    "X1": -10.001367804878049,
    "X2": 0.000600865570427656,
    "X3": 0.00027068015180986153,
    "X4": 0.028997785080809215,
    "X5": 0.2678630303318797,
    "X6": 0.0009577046707911969,
    "X7": 0.08319999999999972,
    "X8": 0.024487073170731725,
    "X9": 0.0008408715395928015,
    "X10": 0.01446840234404095,
    "X11": 0.0,
    "X12": 0.0,
    "X13": 0.13295662201229952,
    "X14": 0.002312087912087586,
    "X15": 0.0037219787075550527,
    "X16": 0.0018339823177826423,
    "X17": 0.0,
    "X18": 0.0,
    "X19": -6.495577440068577e-05,
    "X20": -0.004112667499386102,
    "X21": 5.0,
    "X22": 0.03843113443987959,
    "X23": 1.32357317073184e-05,
    "X24": 0.018426795987614764,
    "X25": 1.32357317073184e-05,
    "X26": 0.0002700932681054697,
    "X27": 3.539588020393172e-05,
    "X28": -0.26190476187400374,
    "X29": 0.023912031944631085,
    "X30": -0.0003003469812628279,
    "X31": 0.0006831414514671075,
    "X32": -1.2835607940941176,
    "X33": 0.5802462258818563,
    "X34": 0.014222391395331898,
    "X35": 0.00032244545088339863,
    "X36": 0.8076713014975972,
    "X37": 0.028997785080809215,
    "offset_db": -0.0677999999999983,
    "viol_rate_aligned": 0.0,
    "viol_energy_aligned": 0.13295662201229952,
    "global_offset_db": 0.0,
    "shape_rmse": 0.003638094515995757,
    "ripple_hp": 0.003431532008833078,
    "tail_asym": -0.0035000000000041925,
    "compress_ratio": 0.2,
    "compress_ratio_high": 0.2,
    "freq_shift_score": 0.00680272050227515,
    "offset_slope": -6.78147001785076e-05,
    "high_low_energy_ratio": 0.6079834081880582,
    "band_offset_db_1": -0.0004000000000017323,
    "band_offset_db_2": 0.00019999999999953388,
    "band_offset_db_3": -0.0005500000000013827,
    "band_offset_db_4": 0.00029999999999752447
  },
  "system": {
    "probs": {
      "正常": 1.602641638033673e-05,
      "幅度失准": 0.013721484869345652,
      "频率失准": 0.004421147937488055,
      "参考电平失准": 0.9818413406786017
    },
    "decision": "参考电平失准",
    "confidence": 0.9818413406786017,
    "is_normal": false
  },
  "module": {
    "topk": [
      {
        "module_id": "[校准链路][校准源]",
        "gamma": 0.43749999999999994
      },
      {
        "module_id": "[校准链路][校准路径开关/耦合]",
        "gamma": 0.3125
      },
      {
        "module_id": "[校准链路][校准表/存储]",
        "gamma": 0.25000000000000006
      }
    ],
    "gating": {
      "disabled_modules": [
        "高频段YTF滤波器",
        "高频段混频器",
        "前置放大器",
        "衰减器"
      ],
      "topk_k": 3
    }
  },
  "evidence": {
    "global_offset_db": -0.0677999999999983,
    "hf_std_db": 0.0030613317725079066,
    "p95_abs_dev_db": 0.008305000000001957,
    "inside_env_frac": 1.0,
    "peak_freq_mae_hz": 3938.369950188208,
    "peak_freq_outlier_frac": 0.0
  },
  "artifacts": {
    "output_json": "Output/batch_diagnosis/sim_00270_diagnosis.json"
  },
  "system_diagnosis": {
    "probabilities": {
      "正常": 1.602641638033673e-05,
      "幅度失准": 0.013721484869345652,
      "频率失准": 0.004421147937488055,
      "参考电平失准": 0.9818413406786017
    },
    "predicted_class": "参考电平失准",
    "max_prob": 0.9818413406786017,
    "is_normal": false
  },
  "module_diagnosis": {
    "probabilities": {
      "[校准链路][校准源]": 0.43749999999999994,
      "[校准链路][校准路径开关/耦合]": 0.3125,
      "[校准链路][校准表/存储]": 0.25000000000000006,
      "[RF板][RF] 输入衰减器组": 0.0,
      "[RF板][RF] 低频通路固定滤波/抑制网络": 0.0,
      "[RF板][Mixer1]": 0.0
    },
    "topk": [
      {
        "module": "[校准链路][校准源]",
        "probability": 0.43749999999999994
      },
      {
        "module": "[校准链路][校准路径开关/耦合]",
        "probability": 0.3125
      },
      {
        "module": "[校准链路][校准表/存储]",
        "probability": 0.25000000000000006
      }
    ],
    "disabled_modules": [
      "高频段YTF滤波器",
      "高频段混频器",
      "前置放大器",
      "衰减器"
    ]
  },
  "evidence_detail": {
    "viol_rate": 0.0,
    "envelope_violation": false,
    "violation_max_db": 0.0,
    "violation_energy": 0.13295662201229952,
    "baseline_coverage": 1.0
  },
  "config": {
    "mode": "unified_entry",
    "gating_status": "gated_ok",
    "run_name": null,
    "topk": 3
  },
  "uncertainty": {
    "is_uncertain": false,
    "reason": "",
    "top_class": "参考电平失准",
    "runner_up": "幅度失准",
    "max_prob": 0.9818413406786017,
    "second_prob": 0.013721484869345652,
    "prob_gap": 0.9681198558092561,
    "support_top_features": [],
    "support_runnerup_features": [],
    "conflict_features": [],
    "suggested_actions": []
  },
  "module_validation": {
    "sample_id": "sim_00270",
    "gt_module": "校准源",
    "gt_module_v2": "[校准链路][校准源]",
    "top1": "[校准链路][校准源]",
    "top3": [
      "[校准链路][校准源]",
      "[校准链路][校准路径开关/耦合]",
      "[校准链路][校准表/存储]"
    ],
    "top5": [
      "[校准链路][校准源]",
      "[校准链路][校准路径开关/耦合]",
      "[校准链路][校准表/存储]",
      "[RF板][RF] 输入衰减器组",
      "[RF板][RF] 低频通路固定滤波/抑制网络"
    ],
    "gt_rank": 1,
    "gt_prob": 0.43749999999999994,
    "top1_hit": true,
    "top3_hit": true,
    "top5_hit": true
  },
  "ground_truth": {
    "type": "fault",
    "system_class_en": "ref_error",
    "system_class_cn": "参考电平失准",
    "module": "校准源",
    "module_v2": "[校准链路][校准源]",
    "fault_params": {
      "severity": "mid",
      "tier_target": "in_spec_weak",
      "type": "ref_miscal",
      "subtype": "ref_error_offset",
      "offset_db": 0.10033155723630205,
      "template_id": "T1",
      "mean_offset_db": -0.06829312216078093
    }
  }
}