{
  "status": "success",
  "meta": {
    "sample_id": "sim_00152",
    "input_file": "/home/runner/work/FMFD-python/FMFD-python/Output/sim_spectrum/raw_curves/sim_00152.csv",
    "operating_condition": {
      "inject_power_dbm": -10.0,
      "freq_start_hz": 10000000.0,
      "freq_end_hz": 8200000000.0,
      "step_hz": 10000000.0,
      "frontend": {
        "low_band_only": true,
        "ac_coupling": true,
        "preamp": false
      }
    }
  },
  "data_points": 820,
  "frequency_range": {
    "min": 10000000.0,
    "max": 8200000000.0
  },
  "features": {
    "X1": -9.933074268292684,
    "X2": 0.0006280844282503816,
    "X3": 0.00027951736427570125,
    "X4": 0.029556927217340333,
    "X5": 0.2699325962280021,
    "X6": 0.0009775090086109452,
    "X7": 0.07959999999999923,
    "X8": 0.024679146341463395,
    "X9": 0.0008736119465311539,
    "X10": 0.013943335041272618,
    "X11": 0.0,
    "X12": 0.0,
    "X13": 0.13253653520759362,
    "X14": 0.0034831501831500493,
    "X15": 0.004184824457590587,
    "X16": -0.02642533721278123,
    "X17": 0.0,
    "X18": 0.0,
    "X19": -9.309815993648994e-05,
    "X20": -0.05076292038345809,
    "X21": 3.0,
    "X22": 0.03908759642621808,
    "X23": 1.871825609756071e-05,
    "X24": 0.03281001159039476,
    "X25": 1.871825609756071e-05,
    "X26": 0.0002445936425215648,
    "X27": 4.589406750396515e-05,
    "X28": -0.0355912743932073,
    "X29": -0.5070853115151562,
    "X30": 0.0009198170731709303,
    "X31": 0.0009568283201628251,
    "X32": -0.8980189059641597,
    "X33": 0.5808466967102958,
    "X34": 0.014724395502213784,
    "X35": 0.0003297948095372269,
    "X36": 0.8102919990582362,
    "X37": 0.029556927217340337,
    "offset_db": 0.00019999999999953388,
    "viol_rate_aligned": 0.0,
    "viol_energy_aligned": 0.13253653520759362,
    "global_offset_db": 0.0,
    "shape_rmse": 0.00432645999606615,
    "ripple_hp": 0.0046148105379092835,
    "tail_asym": -0.0001049999999997546,
    "compress_ratio": 0.2,
    "compress_ratio_high": 0.19661016949152543,
    "freq_shift_score": 0.009587543676930932,
    "offset_slope": 0.0001923930619157289,
    "high_low_energy_ratio": 0.3425440820924072,
    "band_offset_db_1": 0.00015000000000142677,
    "band_offset_db_2": -0.0016999999999995907,
    "band_offset_db_3": 0.0009000000000014552,
    "band_offset_db_4": 0.0005000000000006111
  },
  "system": {
    "probs": {
      "正常": 0.9858887972965875,
      "幅度失准": 0.004692604720152893,
      "频率失准": 0.0028040193249559823,
      "参考电平失准": 0.006614578559714707
    },
    "decision": "正常",
    "confidence": 0.9858887972965875,
    "is_normal": true
  },
  "module": {
    "topk": [
      {
        "module_id": "[RF板][RF] 输入连接/匹配/保护",
        "gamma": 0.058823529411764705
      },
      {
        "module_id": "[RF板][RF] 输入衰减器组",
        "gamma": 0.058823529411764705
      },
      {
        "module_id": "[RF板][RF] 低频通路固定滤波/抑制网络",
        "gamma": 0.058823529411764705
      }
    ],
    "gating": {
      "disabled_modules": [
        "高频段YTF滤波器",
        "高频段混频器",
        "前置放大器",
        "衰减器"
      ],
      "topk_k": 3
    }
  },
  "evidence": {
    "global_offset_db": 0.00019999999999953388,
    "hf_std_db": 0.003513080400952937,
    "p95_abs_dev_db": 0.007604999999998259,
    "inside_env_frac": 1.0,
    "peak_freq_mae_hz": 98594.37944524114,
    "peak_freq_outlier_frac": 0.0012195121951219512
  },
  "artifacts": {
    "output_json": "Output/batch_diagnosis/sim_00152_diagnosis.json"
  },
  "system_diagnosis": {
    "probabilities": {
      "正常": 0.9858887972965875,
      "幅度失准": 0.004692604720152893,
      "频率失准": 0.0028040193249559823,
      "参考电平失准": 0.006614578559714707
    },
    "predicted_class": "正常",
    "max_prob": 0.9858887972965875,
    "is_normal": true
  },
  "module_diagnosis": {
    "probabilities": {
      "[RF板][RF] 输入连接/匹配/保护": 0.058823529411764705,
      "[RF板][RF] 输入衰减器组": 0.058823529411764705,
      "[RF板][RF] 低频通路固定滤波/抑制网络": 0.058823529411764705,
      "[RF板][RF] 高频通路固定滤波/抑制网络": 0.058823529411764705,
      "[RF板][Mixer1]": 0.058823529411764705
    },
    "topk": [
      {
        "module": "[RF板][RF] 输入连接/匹配/保护",
        "probability": 0.058823529411764705
      },
      {
        "module": "[RF板][RF] 输入衰减器组",
        "probability": 0.058823529411764705
      },
      {
        "module": "[RF板][RF] 低频通路固定滤波/抑制网络",
        "probability": 0.058823529411764705
      }
    ],
    "disabled_modules": [
      "高频段YTF滤波器",
      "高频段混频器",
      "前置放大器",
      "衰减器"
    ]
  },
  "evidence_detail": {
    "viol_rate": 0.0,
    "envelope_violation": false,
    "violation_max_db": 0.0,
    "violation_energy": 0.13253653520759362,
    "baseline_coverage": 1.0
  },
  "config": {
    "mode": "unified_entry",
    "gating_status": "gated_ok",
    "run_name": null,
    "topk": 3
  },
  "uncertainty": {
    "is_uncertain": false,
    "reason": "",
    "top_class": "正常",
    "runner_up": "参考电平失准",
    "max_prob": 0.9858887972965875,
    "second_prob": 0.006614578559714707,
    "prob_gap": 0.9792742187368728,
    "support_top_features": [],
    "support_runnerup_features": [],
    "conflict_features": [],
    "suggested_actions": []
  },
  "module_validation": {
    "sample_id": "sim_00152",
    "gt_module": "时钟合成与同步网络",
    "gt_module_v2": "[LO/时钟板][LO1] 合成链",
    "top1": "[RF板][RF] 输入连接/匹配/保护",
    "top3": [
      "[RF板][RF] 输入连接/匹配/保护",
      "[RF板][RF] 输入衰减器组",
      "[RF板][RF] 低频通路固定滤波/抑制网络"
    ],
    "top5": [
      "[RF板][RF] 输入连接/匹配/保护",
      "[RF板][RF] 输入衰减器组",
      "[RF板][RF] 低频通路固定滤波/抑制网络",
      "[RF板][RF] 高频通路固定滤波/抑制网络",
      "[RF板][Mixer1]"
    ],
    "gt_rank": -1,
    "gt_prob": 0.0,
    "top1_hit": false,
    "top3_hit": false,
    "top5_hit": false
  },
  "ground_truth": {
    "type": "fault",
    "system_class_en": "freq_error",
    "system_class_cn": "频率失准",
    "module": "时钟合成与同步网络",
    "module_v2": "[LO/时钟板][LO1] 合成链",
    "fault_params": {
      "severity": "mid",
      "tier_target": "edge",
      "delta_f_hz": -460730.5973954316,
      "ppm": -56.25526219724439,
      "shift_bins": -0.04607305973954316,
      "bandwidth_hz": 8190000000.0,
      "type": "clock_drift",
      "track_type": "spike",
      "template_id": "T8",
      "forced_peak_track_type": true,
      "peak_track_profile": {
        "bands": [],
        "track_type": "spike"
      },
      "freq_amp_coupling": {
        "bias_db_min": -0.1,
        "bias_db_max": -0.02
      }
    }
  }
}