{
  "status": "success",
  "meta": {
    "sample_id": "sim_00292",
    "input_file": "/home/runner/work/FMFD-python/FMFD-python/Output/sim_spectrum/raw_curves/sim_00292.csv",
    "operating_condition": {
      "inject_power_dbm": -10.0,
      "freq_start_hz": 10000000.0,
      "freq_end_hz": 8200000000.0,
      "step_hz": 10000000.0,
      "frontend": {
        "low_band_only": true,
        "ac_coupling": true,
        "preamp": false
      }
    }
  },
  "data_points": 820,
  "frequency_range": {
    "min": 10000000.0,
    "max": 8200000000.0
  },
  "features": {
    "X1": -9.877655975609756,
    "X2": 0.0006930866691040387,
    "X3": 0.000272361487083923,
    "X4": 0.028876198165374414,
    "X5": 0.26330951031359706,
    "X6": 0.0008533769764872087,
    "X7": 0.0799000000000003,
    "X8": 0.023156707317073155,
    "X9": 0.0008338348204859723,
    "X10": 0.011497272994183252,
    "X11": 0.0,
    "X12": 0.0,
    "X13": 0.03708555804333984,
    "X14": 0.007252564102563831,
    "X15": 0.002969414500967216,
    "X16": -0.0033615699790608506,
    "X17": 0.0,
    "X18": 0.0,
    "X19": -4.87602902871244e-05,
    "X20": -0.04393756545314309,
    "X21": 5.0,
    "X22": 0.03980121386490755,
    "X23": 4.449479268292879e-05,
    "X24": 0.011339558886700574,
    "X25": 4.449479268292879e-05,
    "X26": 0.0009370205768444649,
    "X27": 8.770658710098009e-06,
    "X28": 0.023640661937090895,
    "X29": 0.5533731595541037,
    "X30": 0.00024679878048799314,
    "X31": 0.006129380384385702,
    "X32": -1.0869678522891248,
    "X33": 0.6108810846039382,
    "X34": 0.013103131078575676,
    "X35": 0.00031845955018255413,
    "X36": 0.8080415538139647,
    "X37": 0.02887619816537441,
    "offset_db": 0.055449999999999555,
    "viol_rate_aligned": 0.0,
    "viol_energy_aligned": 0.03708555804333984,
    "global_offset_db": -8.881784197001252e-16,
    "shape_rmse": 0.006670441715728331,
    "ripple_hp": 0.0026799190686462135,
    "tail_asym": -0.0005099999999986331,
    "compress_ratio": 0.2,
    "compress_ratio_high": 0.19322033898305085,
    "freq_shift_score": 0.023298760149905617,
    "offset_slope": 0.0026309279779765608,
    "high_low_energy_ratio": 0.8071184694120654,
    "band_offset_db_1": -0.006549999999999834,
    "band_offset_db_2": -0.006149999999999878,
    "band_offset_db_3": 0.00015000000000142677,
    "band_offset_db_4": 0.006750000000002032
  },
  "system": {
    "probs": {
      "正常": 0.9836927246319592,
      "幅度失准": 0.0033094103141538007,
      "频率失准": 0.0021693963023235127,
      "参考电平失准": 0.01082846865319396
    },
    "decision": "正常",
    "confidence": 0.9836927246319592,
    "is_normal": true
  },
  "module": {
    "topk": [
      {
        "module_id": "[校准链路][校准源]",
        "gamma": 0.43749999999999994
      },
      {
        "module_id": "[校准链路][校准路径开关/耦合]",
        "gamma": 0.3125
      },
      {
        "module_id": "[校准链路][校准表/存储]",
        "gamma": 0.25000000000000006
      }
    ],
    "gating": {
      "disabled_modules": [
        "高频段YTF滤波器",
        "高频段混频器",
        "前置放大器",
        "衰减器"
      ],
      "topk_k": 3
    }
  },
  "evidence": {
    "global_offset_db": 0.055449999999999555,
    "hf_std_db": 0.0022301003833219844,
    "p95_abs_dev_db": 0.011655000000002852,
    "inside_env_frac": 1.0,
    "peak_freq_mae_hz": 4081.430079542303,
    "peak_freq_outlier_frac": 0.0
  },
  "artifacts": {
    "output_json": "Output/batch_diagnosis/sim_00292_diagnosis.json"
  },
  "system_diagnosis": {
    "probabilities": {
      "正常": 0.9836927246319592,
      "幅度失准": 0.0033094103141538007,
      "频率失准": 0.0021693963023235127,
      "参考电平失准": 0.01082846865319396
    },
    "predicted_class": "正常",
    "max_prob": 0.9836927246319592,
    "is_normal": true
  },
  "module_diagnosis": {
    "probabilities": {
      "[校准链路][校准源]": 0.43749999999999994,
      "[校准链路][校准路径开关/耦合]": 0.3125,
      "[校准链路][校准表/存储]": 0.25000000000000006,
      "[RF板][RF] 输入衰减器组": 0.0,
      "[RF板][RF] 低频通路固定滤波/抑制网络": 0.0,
      "[RF板][Mixer1]": 0.0
    },
    "topk": [
      {
        "module": "[校准链路][校准源]",
        "probability": 0.43749999999999994
      },
      {
        "module": "[校准链路][校准路径开关/耦合]",
        "probability": 0.3125
      },
      {
        "module": "[校准链路][校准表/存储]",
        "probability": 0.25000000000000006
      }
    ],
    "disabled_modules": [
      "高频段YTF滤波器",
      "高频段混频器",
      "前置放大器",
      "衰减器"
    ]
  },
  "evidence_detail": {
    "viol_rate": 0.0,
    "envelope_violation": false,
    "violation_max_db": 0.0,
    "violation_energy": 0.03708555804333984,
    "baseline_coverage": 1.0
  },
  "config": {
    "mode": "unified_entry",
    "gating_status": "gated_ok",
    "run_name": null,
    "topk": 3
  },
  "uncertainty": {
    "is_uncertain": false,
    "reason": "",
    "top_class": "正常",
    "runner_up": "参考电平失准",
    "max_prob": 0.9836927246319592,
    "second_prob": 0.01082846865319396,
    "prob_gap": 0.9728642559787652,
    "support_top_features": [],
    "support_runnerup_features": [],
    "conflict_features": [],
    "suggested_actions": []
  },
  "module_validation": {
    "sample_id": "sim_00292",
    "gt_module": "校准源",
    "gt_module_v2": "[校准链路][校准源]",
    "top1": "[校准链路][校准源]",
    "top3": [
      "[校准链路][校准源]",
      "[校准链路][校准路径开关/耦合]",
      "[校准链路][校准表/存储]"
    ],
    "top5": [
      "[校准链路][校准源]",
      "[校准链路][校准路径开关/耦合]",
      "[校准链路][校准表/存储]",
      "[RF板][RF] 输入衰减器组",
      "[RF板][RF] 低频通路固定滤波/抑制网络"
    ],
    "gt_rank": 1,
    "gt_prob": 0.43749999999999994,
    "top1_hit": true,
    "top3_hit": true,
    "top5_hit": true
  },
  "ground_truth": {
    "type": "fault",
    "system_class_en": "ref_error",
    "system_class_cn": "参考电平失准",
    "module": "校准源",
    "module_v2": "[校准链路][校准源]",
    "fault_params": {
      "severity": "light",
      "tier_target": "in_spec_weak",
      "type": "ref_miscal",
      "subtype": "ref_error_offset",
      "offset_db": 0.06655307289230923,
      "template_id": "T1",
      "mean_offset_db": 0.055416275189748614
    }
  }
}