{
  "status": "success",
  "meta": {
    "sample_id": "sim_00351",
    "input_file": "/home/runner/work/FMFD-python/FMFD-python/Output/sim_spectrum/raw_curves/sim_00351.csv",
    "operating_condition": {
      "inject_power_dbm": -10.0,
      "freq_start_hz": 10000000.0,
      "freq_end_hz": 8200000000.0,
      "step_hz": 10000000.0,
      "frontend": {
        "low_band_only": true,
        "ac_coupling": true,
        "preamp": false
      }
    }
  },
  "data_points": 820,
  "frequency_range": {
    "min": 10000000.0,
    "max": 8200000000.0
  },
  "features": {
    "X1": -9.943953658536584,
    "X2": 0.000677637623562363,
    "X3": 0.00012057418415787635,
    "X4": 0.030576689678303164,
    "X5": 0.30617913227795823,
    "X6": 0.0010662108524687674,
    "X7": 0.08670000000000044,
    "X8": 0.025355121951219507,
    "X9": 0.0009349339516832514,
    "X10": 0.014287687327249159,
    "X11": 0.0,
    "X12": 0.0,
    "X13": 0.25653840163156555,
    "X14": 0.004844322344322318,
    "X15": 0.016524330902482422,
    "X16": 0.002540714709443174,
    "X17": 0.0,
    "X18": 0.0,
    "X19": -7.056149099469899e-05,
    "X20": -0.1614306198021742,
    "X21": 2.0,
    "X22": 0.037153782694130374,
    "X23": 0.00013841421951219478,
    "X24": 0.019203340456111828,
    "X25": 0.00013841421951219478,
    "X26": 0.0004445161285973567,
    "X27": 2.382716360496507e-05,
    "X28": -0.14056224899015674,
    "X29": 1.192093578150836,
    "X30": 0.004375762195122149,
    "X31": 0.0027634870720060745,
    "X32": -4.020903702178497,
    "X33": 0.5509942848563312,
    "X34": 0.01596723003947378,
    "X35": 0.00032369596598490235,
    "X36": 0.8260797361188427,
    "X37": 0.030576689678303164,
    "offset_db": -0.010000000000000675,
    "viol_rate_aligned": 0.0,
    "viol_energy_aligned": 0.25653840163156555,
    "global_offset_db": 0.0,
    "shape_rmse": 0.011764957267758978,
    "ripple_hp": 0.0035090061212834658,
    "tail_asym": -0.0018099999999976572,
    "compress_ratio": 0.2,
    "compress_ratio_high": 0.2,
    "freq_shift_score": 0.06671857054343511,
    "offset_slope": -0.00034184885650970524,
    "high_low_energy_ratio": 66.7626313358754,
    "band_offset_db_1": -0.0006999999999983686,
    "band_offset_db_2": 0.0005000000000023874,
    "band_offset_db_3": 0.0051000000000005485,
    "band_offset_db_4": -0.0028999999999985704
  },
  "system": {
    "probs": {
      "正常": 0.9895579929869464,
      "幅度失准": 0.005979445312272177,
      "频率失准": 0.0021141899614623046,
      "参考电平失准": 0.0023483716403632443
    },
    "decision": "正常",
    "confidence": 0.9895579929869464,
    "is_normal": true
  },
  "module": {
    "topk": [
      {
        "module_id": "[RF板][RF] 输入连接/匹配/保护",
        "gamma": 0.058823529411764705
      },
      {
        "module_id": "[RF板][RF] 输入衰减器组",
        "gamma": 0.058823529411764705
      },
      {
        "module_id": "[RF板][RF] 低频通路固定滤波/抑制网络",
        "gamma": 0.058823529411764705
      }
    ],
    "gating": {
      "disabled_modules": [
        "高频段YTF滤波器",
        "高频段混频器",
        "前置放大器",
        "衰减器"
      ],
      "topk_k": 3
    }
  },
  "evidence": {
    "global_offset_db": -0.010000000000000675,
    "hf_std_db": 0.007058296534428015,
    "p95_abs_dev_db": 0.02630500000000264,
    "inside_env_frac": 1.0,
    "peak_freq_mae_hz": 3875.241283637301,
    "peak_freq_outlier_frac": 0.0
  },
  "artifacts": {
    "output_json": "Output/batch_diagnosis/sim_00351_diagnosis.json"
  },
  "system_diagnosis": {
    "probabilities": {
      "正常": 0.9895579929869464,
      "幅度失准": 0.005979445312272177,
      "频率失准": 0.0021141899614623046,
      "参考电平失准": 0.0023483716403632443
    },
    "predicted_class": "正常",
    "max_prob": 0.9895579929869464,
    "is_normal": true
  },
  "module_diagnosis": {
    "probabilities": {
      "[RF板][RF] 输入连接/匹配/保护": 0.058823529411764705,
      "[RF板][RF] 输入衰减器组": 0.058823529411764705,
      "[RF板][RF] 低频通路固定滤波/抑制网络": 0.058823529411764705,
      "[RF板][RF] 高频通路固定滤波/抑制网络": 0.058823529411764705,
      "[RF板][Mixer1]": 0.058823529411764705
    },
    "topk": [
      {
        "module": "[RF板][RF] 输入连接/匹配/保护",
        "probability": 0.058823529411764705
      },
      {
        "module": "[RF板][RF] 输入衰减器组",
        "probability": 0.058823529411764705
      },
      {
        "module": "[RF板][RF] 低频通路固定滤波/抑制网络",
        "probability": 0.058823529411764705
      }
    ],
    "disabled_modules": [
      "高频段YTF滤波器",
      "高频段混频器",
      "前置放大器",
      "衰减器"
    ]
  },
  "evidence_detail": {
    "viol_rate": 0.0,
    "envelope_violation": false,
    "violation_max_db": 0.0,
    "violation_energy": 0.25653840163156555,
    "baseline_coverage": 1.0
  },
  "config": {
    "mode": "unified_entry",
    "gating_status": "gated_ok",
    "run_name": null,
    "topk": 3
  },
  "uncertainty": {
    "is_uncertain": false,
    "reason": "",
    "top_class": "正常",
    "runner_up": "幅度失准",
    "max_prob": 0.9895579929869464,
    "second_prob": 0.005979445312272177,
    "prob_gap": 0.9835785476746742,
    "support_top_features": [],
    "support_runnerup_features": [],
    "conflict_features": [],
    "suggested_actions": []
  },
  "module_validation": {
    "sample_id": "sim_00351",
    "gt_module": null,
    "gt_module_v2": null,
    "top1": "[RF板][RF] 输入连接/匹配/保护",
    "top3": [
      "[RF板][RF] 输入连接/匹配/保护",
      "[RF板][RF] 输入衰减器组",
      "[RF板][RF] 低频通路固定滤波/抑制网络"
    ],
    "top5": [
      "[RF板][RF] 输入连接/匹配/保护",
      "[RF板][RF] 输入衰减器组",
      "[RF板][RF] 低频通路固定滤波/抑制网络",
      "[RF板][RF] 高频通路固定滤波/抑制网络",
      "[RF板][Mixer1]"
    ],
    "gt_rank": -1,
    "gt_prob": 0.0,
    "top1_hit": false,
    "top3_hit": false,
    "top5_hit": false
  },
  "ground_truth": {
    "type": "normal",
    "system_class_en": "normal",
    "system_class_cn": "正常",
    "module": null,
    "module_v2": null,
    "fault_params": {
      "severity": "light",
      "tier_target": "in_spec_weak",
      "type": "normal",
      "normal_state": "normal_state_A"
    }
  }
}