{
  "status": "success",
  "meta": {
    "sample_id": "sim_00363",
    "input_file": "/home/runner/work/FMFD-python/FMFD-python/Output/sim_spectrum/raw_curves/sim_00363.csv",
    "operating_condition": {
      "inject_power_dbm": -10.0,
      "freq_start_hz": 10000000.0,
      "freq_end_hz": 8200000000.0,
      "step_hz": 10000000.0,
      "frontend": {
        "low_band_only": true,
        "ac_coupling": true,
        "preamp": false
      }
    }
  },
  "data_points": 820,
  "frequency_range": {
    "min": 10000000.0,
    "max": 8200000000.0
  },
  "features": {
    "X1": -9.953428170731708,
    "X2": 0.0005807407875603152,
    "X3": 0.00035132915266681544,
    "X4": 0.028701183744669845,
    "X5": 0.26645363074551787,
    "X6": 0.0009125435356781687,
    "X7": 0.09050000000000047,
    "X8": 0.024061829268292693,
    "X9": 0.0008237579483453004,
    "X10": 0.01159815972076583,
    "X11": 0.0,
    "X12": 0.0,
    "X13": 0.17862769366658376,
    "X14": 0.004184615384615386,
    "X15": 0.008971206716455994,
    "X16": 0.004950360513004371,
    "X17": 0.0,
    "X18": 0.0,
    "X19": -0.00010172124639575646,
    "X20": 0.18756070860793272,
    "X21": 3.0,
    "X22": 0.03864683743333618,
    "X23": 9.275198780487824e-05,
    "X24": 0.015105394436666919,
    "X25": 9.275198780487824e-05,
    "X26": 0.0003067260340501336,
    "X27": 5.6056760971944116e-05,
    "X28": -0.020242914978826188,
    "X29": -0.08548540836536779,
    "X30": 0.0018837427712239535,
    "X31": 0.0030385141146595687,
    "X32": -3.8644419213774928,
    "X33": 0.5929808290903849,
    "X34": 0.014964478460439736,
    "X35": 0.0003208742739068021,
    "X36": 0.8025365756771999,
    "X37": 0.028701183744669845,
    "offset_db": -0.020000000000000462,
    "viol_rate_aligned": 0.0,
    "viol_energy_aligned": 0.17862769366658376,
    "global_offset_db": 8.881784197001252e-16,
    "shape_rmse": 0.009630783343263354,
    "ripple_hp": 0.0031018085947566816,
    "tail_asym": -0.004395000000003885,
    "compress_ratio": 0.2,
    "compress_ratio_high": 0.2,
    "freq_shift_score": 0.04956477801901282,
    "offset_slope": 0.0005178415951417779,
    "high_low_energy_ratio": 6.265230675523835,
    "band_offset_db_1": 0.0027999999999988034,
    "band_offset_db_2": -0.00020000000000131024,
    "band_offset_db_3": -0.006399999999999295,
    "band_offset_db_4": 0.0010999999999992127
  },
  "system": {
    "probs": {
      "正常": 0.9913741675623695,
      "幅度失准": 0.00269144486287065,
      "频率失准": 0.0025984658259030173,
      "参考电平失准": 0.0033359216497193256
    },
    "decision": "正常",
    "confidence": 0.9913741675623695,
    "is_normal": true
  },
  "module": {
    "topk": [
      {
        "module_id": "[RF板][RF] 输入连接/匹配/保护",
        "gamma": 0.058823529411764705
      },
      {
        "module_id": "[RF板][RF] 输入衰减器组",
        "gamma": 0.058823529411764705
      },
      {
        "module_id": "[RF板][RF] 低频通路固定滤波/抑制网络",
        "gamma": 0.058823529411764705
      }
    ],
    "gating": {
      "disabled_modules": [
        "高频段YTF滤波器",
        "高频段混频器",
        "前置放大器",
        "衰减器"
      ],
      "topk_k": 3
    }
  },
  "evidence": {
    "global_offset_db": -0.020000000000000462,
    "hf_std_db": 0.005849885773844155,
    "p95_abs_dev_db": 0.020305000000000635,
    "inside_env_frac": 1.0,
    "peak_freq_mae_hz": 3884.710497856994,
    "peak_freq_outlier_frac": 0.0
  },
  "artifacts": {
    "output_json": "Output/batch_diagnosis/sim_00363_diagnosis.json"
  },
  "system_diagnosis": {
    "probabilities": {
      "正常": 0.9913741675623695,
      "幅度失准": 0.00269144486287065,
      "频率失准": 0.0025984658259030173,
      "参考电平失准": 0.0033359216497193256
    },
    "predicted_class": "正常",
    "max_prob": 0.9913741675623695,
    "is_normal": true
  },
  "module_diagnosis": {
    "probabilities": {
      "[RF板][RF] 输入连接/匹配/保护": 0.058823529411764705,
      "[RF板][RF] 输入衰减器组": 0.058823529411764705,
      "[RF板][RF] 低频通路固定滤波/抑制网络": 0.058823529411764705,
      "[RF板][RF] 高频通路固定滤波/抑制网络": 0.058823529411764705,
      "[RF板][Mixer1]": 0.058823529411764705
    },
    "topk": [
      {
        "module": "[RF板][RF] 输入连接/匹配/保护",
        "probability": 0.058823529411764705
      },
      {
        "module": "[RF板][RF] 输入衰减器组",
        "probability": 0.058823529411764705
      },
      {
        "module": "[RF板][RF] 低频通路固定滤波/抑制网络",
        "probability": 0.058823529411764705
      }
    ],
    "disabled_modules": [
      "高频段YTF滤波器",
      "高频段混频器",
      "前置放大器",
      "衰减器"
    ]
  },
  "evidence_detail": {
    "viol_rate": 0.0,
    "envelope_violation": false,
    "violation_max_db": 0.0,
    "violation_energy": 0.17862769366658376,
    "baseline_coverage": 1.0
  },
  "config": {
    "mode": "unified_entry",
    "gating_status": "gated_ok",
    "run_name": null,
    "topk": 3
  },
  "uncertainty": {
    "is_uncertain": false,
    "reason": "",
    "top_class": "正常",
    "runner_up": "参考电平失准",
    "max_prob": 0.9913741675623695,
    "second_prob": 0.0033359216497193256,
    "prob_gap": 0.9880382459126502,
    "support_top_features": [],
    "support_runnerup_features": [],
    "conflict_features": [],
    "suggested_actions": []
  },
  "module_validation": {
    "sample_id": "sim_00363",
    "gt_module": null,
    "gt_module_v2": null,
    "top1": "[RF板][RF] 输入连接/匹配/保护",
    "top3": [
      "[RF板][RF] 输入连接/匹配/保护",
      "[RF板][RF] 输入衰减器组",
      "[RF板][RF] 低频通路固定滤波/抑制网络"
    ],
    "top5": [
      "[RF板][RF] 输入连接/匹配/保护",
      "[RF板][RF] 输入衰减器组",
      "[RF板][RF] 低频通路固定滤波/抑制网络",
      "[RF板][RF] 高频通路固定滤波/抑制网络",
      "[RF板][Mixer1]"
    ],
    "gt_rank": -1,
    "gt_prob": 0.0,
    "top1_hit": false,
    "top3_hit": false,
    "top5_hit": false
  },
  "ground_truth": {
    "type": "normal",
    "system_class_en": "normal",
    "system_class_cn": "正常",
    "module": null,
    "module_v2": null,
    "fault_params": {
      "severity": "mid",
      "tier_target": "in_spec_weak",
      "type": "normal",
      "normal_state": "normal_state_A"
    }
  }
}