{
  "status": "success",
  "meta": {
    "sample_id": "sim_00201",
    "input_file": "/home/runner/work/FMFD-python/FMFD-python/Output/sim_spectrum/raw_curves/sim_00201.csv",
    "operating_condition": {
      "inject_power_dbm": -10.0,
      "freq_start_hz": 10000000.0,
      "freq_end_hz": 8200000000.0,
      "step_hz": 10000000.0,
      "frontend": {
        "low_band_only": true,
        "ac_coupling": true,
        "preamp": false
      }
    }
  },
  "data_points": 820,
  "frequency_range": {
    "min": 10000000.0,
    "max": 8200000000.0
  },
  "features": {
    "X1": -9.998564634146343,
    "X2": 0.0006203115768970191,
    "X3": 0.00024777685579421203,
    "X4": 0.02875901649042975,
    "X5": 0.263419191537975,
    "X6": 0.0009150527736466391,
    "X7": 0.08000000000000007,
    "X8": 0.02392951219512197,
    "X9": 0.0008270810294968104,
    "X10": 0.013749210352103159,
    "X11": 0.0,
    "X12": 0.0,
    "X13": 0.0488559257030603,
    "X14": 0.0015912087912090453,
    "X15": 0.0013643011391065041,
    "X16": 0.0030863452045278216,
    "X17": 0.0,
    "X18": 0.0,
    "X19": -6.147400091933678e-05,
    "X20": 0.019526432465482024,
    "X21": 5.0,
    "X22": 0.04005033627516727,
    "X23": 4.182682926829666e-06,
    "X24": 0.006755329660238174,
    "X25": 4.182682926829666e-06,
    "X26": 0.0005551813029241592,
    "X27": 2.0180104566875697e-05,
    "X28": 0.10204081630576894,
    "X29": -0.08911001608688168,
    "X30": -0.000496951219512029,
    "X31": 0.001285522043548891,
    "X32": -0.380211273332076,
    "X33": 0.584491988664136,
    "X34": 0.01444174208081614,
    "X35": 0.0003126102887317538,
    "X36": 0.8104127608423825,
    "X37": 0.02875901649042975,
    "offset_db": -0.06559999999999988,
    "viol_rate_aligned": 0.0,
    "viol_energy_aligned": 0.0488559257030603,
    "global_offset_db": 0.0,
    "shape_rmse": 0.0020451608559792227,
    "ripple_hp": 0.0020543356900649635,
    "tail_asym": 0.0003949999999990797,
    "compress_ratio": 0.1951219512195122,
    "compress_ratio_high": 0.19661016949152543,
    "freq_shift_score": 0.0020689707788806855,
    "offset_slope": 0.0005361274495881963,
    "high_low_energy_ratio": 0.2708510326350465,
    "band_offset_db_1": -0.003249999999999531,
    "band_offset_db_2": -0.001100000000000989,
    "band_offset_db_3": -0.00010000000000065512,
    "band_offset_db_4": 0.0016000000000016001
  },
  "system": {
    "probs": {
      "正常": 0.03482437893601903,
      "幅度失准": 0.0117291826161563,
      "频率失准": 0.01042927600695968,
      "参考电平失准": 0.9430171623465632
    },
    "decision": "参考电平失准",
    "confidence": 0.9430171623465632,
    "is_normal": false
  },
  "module": {
    "topk": [
      {
        "module_id": "[校准链路][校准源]",
        "gamma": 0.43749999999999994
      },
      {
        "module_id": "[校准链路][校准路径开关/耦合]",
        "gamma": 0.3125
      },
      {
        "module_id": "[校准链路][校准表/存储]",
        "gamma": 0.25000000000000006
      }
    ],
    "gating": {
      "disabled_modules": [
        "高频段YTF滤波器",
        "高频段混频器",
        "前置放大器",
        "衰减器"
      ],
      "topk_k": 3
    }
  },
  "evidence": {
    "global_offset_db": -0.06559999999999988,
    "hf_std_db": 0.0014753953362914999,
    "p95_abs_dev_db": 0.003900000000001569,
    "inside_env_frac": 1.0,
    "peak_freq_mae_hz": 4223.36194805989,
    "peak_freq_outlier_frac": 0.0
  },
  "artifacts": {
    "output_json": "Output/batch_diagnosis/sim_00201_diagnosis.json"
  },
  "system_diagnosis": {
    "probabilities": {
      "正常": 0.03482437893601903,
      "幅度失准": 0.0117291826161563,
      "频率失准": 0.01042927600695968,
      "参考电平失准": 0.9430171623465632
    },
    "predicted_class": "参考电平失准",
    "max_prob": 0.9430171623465632,
    "is_normal": false
  },
  "module_diagnosis": {
    "probabilities": {
      "[校准链路][校准源]": 0.43749999999999994,
      "[校准链路][校准路径开关/耦合]": 0.3125,
      "[校准链路][校准表/存储]": 0.25000000000000006,
      "[RF板][RF] 输入衰减器组": 0.0,
      "[RF板][RF] 低频通路固定滤波/抑制网络": 0.0,
      "[RF板][Mixer1]": 0.0
    },
    "topk": [
      {
        "module": "[校准链路][校准源]",
        "probability": 0.43749999999999994
      },
      {
        "module": "[校准链路][校准路径开关/耦合]",
        "probability": 0.3125
      },
      {
        "module": "[校准链路][校准表/存储]",
        "probability": 0.25000000000000006
      }
    ],
    "disabled_modules": [
      "高频段YTF滤波器",
      "高频段混频器",
      "前置放大器",
      "衰减器"
    ]
  },
  "evidence_detail": {
    "viol_rate": 0.0,
    "envelope_violation": false,
    "violation_max_db": 0.0,
    "violation_energy": 0.0488559257030603,
    "baseline_coverage": 1.0
  },
  "config": {
    "mode": "unified_entry",
    "gating_status": "gated_ok",
    "run_name": null,
    "topk": 3
  },
  "uncertainty": {
    "is_uncertain": false,
    "reason": "",
    "top_class": "参考电平失准",
    "runner_up": "正常",
    "max_prob": 0.9430171623465632,
    "second_prob": 0.03482437893601903,
    "prob_gap": 0.9081927834105441,
    "support_top_features": [],
    "support_runnerup_features": [],
    "conflict_features": [],
    "suggested_actions": []
  },
  "module_validation": {
    "sample_id": "sim_00201",
    "gt_module": "校准源",
    "gt_module_v2": "[校准链路][校准源]",
    "top1": "[校准链路][校准源]",
    "top3": [
      "[校准链路][校准源]",
      "[校准链路][校准路径开关/耦合]",
      "[校准链路][校准表/存储]"
    ],
    "top5": [
      "[校准链路][校准源]",
      "[校准链路][校准路径开关/耦合]",
      "[校准链路][校准表/存储]",
      "[RF板][RF] 输入衰减器组",
      "[RF板][RF] 低频通路固定滤波/抑制网络"
    ],
    "gt_rank": 1,
    "gt_prob": 0.43749999999999994,
    "top1_hit": true,
    "top3_hit": true,
    "top5_hit": true
  },
  "ground_truth": {
    "type": "fault",
    "system_class_en": "ref_error",
    "system_class_cn": "参考电平失准",
    "module": "校准源",
    "module_v2": "[校准链路][校准源]",
    "fault_params": {
      "severity": "mid",
      "tier_target": "mild_oos",
      "type": "ref_miscal",
      "subtype": "ref_error_offset",
      "offset_db": -0.18587189469472792,
      "template_id": "T1",
      "mean_offset_db": -0.06549225676093753
    }
  }
}