{
  "status": "success",
  "meta": {
    "sample_id": "sim_00378",
    "input_file": "/home/runner/work/FMFD-python/FMFD-python/Output/sim_spectrum/raw_curves/sim_00378.csv",
    "operating_condition": {
      "inject_power_dbm": -10.0,
      "freq_start_hz": 10000000.0,
      "freq_end_hz": 8200000000.0,
      "step_hz": 10000000.0,
      "frontend": {
        "low_band_only": true,
        "ac_coupling": true,
        "preamp": false
      }
    }
  },
  "data_points": 820,
  "frequency_range": {
    "min": 10000000.0,
    "max": 8200000000.0
  },
  "features": {
    "X1": -9.952025,
    "X2": 0.0006453425406090961,
    "X3": 0.00016409696244199743,
    "X4": 0.028878931970411283,
    "X5": 0.25203169233748035,
    "X6": 0.0009778649481707318,
    "X7": 0.10159999999999947,
    "X8": 0.025173048780487817,
    "X9": 0.0008339927117516427,
    "X10": 0.01457282607766816,
    "X11": 0.0,
    "X12": 0.0,
    "X13": 0.035924269585505146,
    "X14": 0.007487179487179215,
    "X15": 0.01072783789682935,
    "X16": 0.008514141649311987,
    "X17": 0.0,
    "X18": 0.0,
    "X19": -5.1668175676594264e-05,
    "X20": 0.0846669089303651,
    "X21": 6.0,
    "X22": 0.0312272557626868,
    "X23": 0.0001177222804878042,
    "X24": 0.014535410945239247,
    "X25": 0.0001177222804878042,
    "X26": 0.0002325468976932067,
    "X27": 0.00012441386307980357,
    "X28": 0.006211180123966954,
    "X29": 0.6073640446869262,
    "X30": 0.003852134146341585,
    "X31": 0.004419682617319318,
    "X32": -4.288108873811023,
    "X33": 0.5775522980077611,
    "X34": 0.01473560065309224,
    "X35": 0.0003261831417151567,
    "X36": 0.8032928365920208,
    "X37": 0.028878931970411283,
    "offset_db": -0.019999999999999574,
    "viol_rate_aligned": 0.0,
    "viol_energy_aligned": 0.035924269585505146,
    "global_offset_db": 0.0,
    "shape_rmse": 0.010849989884225893,
    "ripple_hp": 0.0030709736219484275,
    "tail_asym": 0.0001999999999994402,
    "compress_ratio": 0.19878048780487806,
    "compress_ratio_high": 0.2,
    "freq_shift_score": 0.060412712156421744,
    "offset_slope": -0.0005687316753238131,
    "high_low_energy_ratio": 12.335378610288755,
    "band_offset_db_1": -0.0011499999999999844,
    "band_offset_db_2": 0.0015000000000000568,
    "band_offset_db_3": -0.002000000000000668,
    "band_offset_db_4": -0.0001000000000015433
  },
  "system": {
    "probs": {
      "正常": 0.9609126921705529,
      "幅度失准": 0.021124560763285616,
      "频率失准": 0.00674085943146093,
      "参考电平失准": 0.011221887538609273
    },
    "decision": "正常",
    "confidence": 0.9609126921705529,
    "is_normal": true
  },
  "module": {
    "topk": [
      {
        "module_id": "[校准链路][校准源]",
        "gamma": 0.15178098542132518
      },
      {
        "module_id": "[RF板][RF] 低频通路固定滤波/抑制网络",
        "gamma": 0.1259455897526547
      },
      {
        "module_id": "[数字中频板][ADC] 数字检波与平均",
        "gamma": 0.10965519646344958
      }
    ],
    "gating": {
      "disabled_modules": [
        "高频段YTF滤波器",
        "高频段混频器",
        "前置放大器",
        "衰减器"
      ],
      "topk_k": 3
    }
  },
  "evidence": {
    "global_offset_db": -0.019999999999999574,
    "hf_std_db": 0.006142466901552716,
    "p95_abs_dev_db": 0.019999999999999574,
    "inside_env_frac": 1.0,
    "peak_freq_mae_hz": 3902.1978201570378,
    "peak_freq_outlier_frac": 0.0
  },
  "artifacts": {
    "output_json": "Output/batch_diagnosis/sim_00378_diagnosis.json"
  },
  "system_diagnosis": {
    "probabilities": {
      "正常": 0.9609126921705529,
      "幅度失准": 0.021124560763285616,
      "频率失准": 0.00674085943146093,
      "参考电平失准": 0.011221887538609273
    },
    "predicted_class": "正常",
    "max_prob": 0.9609126921705529,
    "is_normal": true
  },
  "module_diagnosis": {
    "probabilities": {
      "[校准链路][校准源]": 0.15178098542132518,
      "[RF板][RF] 低频通路固定滤波/抑制网络": 0.1259455897526547,
      "[数字中频板][ADC] 数字检波与平均": 0.10965519646344958,
      "[校准链路][校准路径开关/耦合]": 0.10841498958666085,
      "[数字中频板][IF] 中频放大/衰减链": 0.10684352475925855,
      "[RF板][Mixer1]": 0.09120197878640515,
      "[校准链路][校准表/存储]": 0.08673199166932868,
      "[数字中频板][DSP] 数字增益/偏置校准": 0.06748012090058435,
      "[RF板][RF] 输入连接/匹配/保护": 0.05790601827708264,
      "[数字中频板][IF] RBW数字滤波器": 0.050610090675438264
    },
    "topk": [
      {
        "module": "[校准链路][校准源]",
        "probability": 0.15178098542132518
      },
      {
        "module": "[RF板][RF] 低频通路固定滤波/抑制网络",
        "probability": 0.1259455897526547
      },
      {
        "module": "[数字中频板][ADC] 数字检波与平均",
        "probability": 0.10965519646344958
      }
    ],
    "disabled_modules": [
      "高频段YTF滤波器",
      "高频段混频器",
      "前置放大器",
      "衰减器"
    ]
  },
  "evidence_detail": {
    "viol_rate": 0.0,
    "envelope_violation": false,
    "violation_max_db": 0.0,
    "violation_energy": 0.035924269585505146,
    "baseline_coverage": 1.0
  },
  "config": {
    "mode": "unified_entry",
    "gating_status": "gated_ok",
    "run_name": null,
    "topk": 3
  },
  "uncertainty": {
    "is_uncertain": false,
    "reason": "",
    "top_class": "正常",
    "runner_up": "幅度失准",
    "max_prob": 0.9609126921705529,
    "second_prob": 0.021124560763285616,
    "prob_gap": 0.9397881314072672,
    "support_top_features": [],
    "support_runnerup_features": [],
    "conflict_features": [],
    "suggested_actions": []
  },
  "module_validation": {
    "sample_id": "sim_00378",
    "gt_module": null,
    "gt_module_v2": null,
    "top1": "[校准链路][校准源]",
    "top3": [
      "[校准链路][校准源]",
      "[RF板][RF] 低频通路固定滤波/抑制网络",
      "[数字中频板][ADC] 数字检波与平均"
    ],
    "top5": [
      "[校准链路][校准源]",
      "[RF板][RF] 低频通路固定滤波/抑制网络",
      "[数字中频板][ADC] 数字检波与平均",
      "[校准链路][校准路径开关/耦合]",
      "[数字中频板][IF] 中频放大/衰减链"
    ],
    "gt_rank": -1,
    "gt_prob": 0.0,
    "top1_hit": false,
    "top3_hit": false,
    "top5_hit": false
  },
  "ground_truth": {
    "type": "normal",
    "system_class_en": "normal",
    "system_class_cn": "正常",
    "module": null,
    "module_v2": null,
    "fault_params": {
      "severity": "light",
      "tier_target": "in_spec_weak",
      "type": "normal",
      "normal_state": "normal_state_A"
    }
  }
}