{
  "status": "success",
  "meta": {
    "sample_id": "sim_00185",
    "input_file": "/home/runner/work/FMFD-python/FMFD-python/Output/sim_spectrum/raw_curves/sim_00185.csv",
    "operating_condition": {
      "inject_power_dbm": -10.0,
      "freq_start_hz": 10000000.0,
      "freq_end_hz": 8200000000.0,
      "step_hz": 10000000.0,
      "frontend": {
        "low_band_only": true,
        "ac_coupling": true,
        "preamp": false
      }
    }
  },
  "data_points": 820,
  "frequency_range": {
    "min": 10000000.0,
    "max": 8200000000.0
  },
  "features": {
    "X1": -9.933072926829269,
    "X2": 0.0005821839490382718,
    "X3": 0.00025698461496607316,
    "X4": 0.028455294875876017,
    "X5": 0.26417858551320783,
    "X6": 0.0009250179255800122,
    "X7": 0.08039999999999914,
    "X8": 0.024031951219512203,
    "X9": 0.0008097038064730559,
    "X10": 0.014746070439163057,
    "X11": 0.0,
    "X12": 0.0,
    "X13": 0.07315536795542169,
    "X14": 0.001847985347985303,
    "X15": 0.002192059034078887,
    "X16": -0.02346643890230191,
    "X17": 0.0,
    "X18": 0.0,
    "X19": -6.783357245335875e-05,
    "X20": -0.05189997555679682,
    "X21": 4.0,
    "X22": 0.03911741987696791,
    "X23": 5.8183170731702336e-06,
    "X24": 0.0118065860034674,
    "X25": 5.8183170731702336e-06,
    "X26": 0.0006211606422841889,
    "X27": 1.3967194462896253e-05,
    "X28": -0.10714285712380378,
    "X29": -0.3690968618004776,
    "X30": -0.0005749999999998378,
    "X31": 0.0006475933113968909,
    "X32": -0.9141593077070183,
    "X33": 0.5876038395209034,
    "X34": 0.014640352940545243,
    "X35": 0.0003193885911375274,
    "X36": 0.8017634958770716,
    "X37": 0.028455294875876017,
    "offset_db": 9.999999999976694e-05,
    "viol_rate_aligned": 0.0,
    "viol_energy_aligned": 0.07315536795542169,
    "global_offset_db": 0.0,
    "shape_rmse": 0.002412118793337143,
    "ripple_hp": 0.0027381178421782178,
    "tail_asym": -0.000494999999998851,
    "compress_ratio": 0.19146341463414634,
    "compress_ratio_high": 0.19322033898305085,
    "freq_shift_score": 0.003015400428452497,
    "offset_slope": -3.8033384576793594e-05,
    "high_low_energy_ratio": 0.5324399250083562,
    "band_offset_db_1": -0.0006999999999992568,
    "band_offset_db_2": 0.0005000000000006111,
    "band_offset_db_3": -0.0010499999999993292,
    "band_offset_db_4": 0.0002999999999993008
  },
  "system": {
    "probs": {
      "正常": 0.9896687612604462,
      "幅度失准": 0.003556356764188619,
      "频率失准": 0.001895760971455673,
      "参考电平失准": 0.004879120904942442
    },
    "decision": "正常",
    "confidence": 0.9896687612604462,
    "is_normal": true
  },
  "module": {
    "topk": [
      {
        "module_id": "[RF板][RF] 输入连接/匹配/保护",
        "gamma": 0.058823529411764705
      },
      {
        "module_id": "[RF板][RF] 输入衰减器组",
        "gamma": 0.058823529411764705
      },
      {
        "module_id": "[RF板][RF] 低频通路固定滤波/抑制网络",
        "gamma": 0.058823529411764705
      }
    ],
    "gating": {
      "disabled_modules": [
        "高频段YTF滤波器",
        "高频段混频器",
        "前置放大器",
        "衰减器"
      ],
      "topk_k": 3
    }
  },
  "evidence": {
    "global_offset_db": 9.999999999976694e-05,
    "hf_std_db": 0.002034679316408361,
    "p95_abs_dev_db": 0.00489999999999755,
    "inside_env_frac": 1.0,
    "peak_freq_mae_hz": 90913.28085823976,
    "peak_freq_outlier_frac": 0.003658536585365854
  },
  "artifacts": {
    "output_json": "Output/batch_diagnosis/sim_00185_diagnosis.json"
  },
  "system_diagnosis": {
    "probabilities": {
      "正常": 0.9896687612604462,
      "幅度失准": 0.003556356764188619,
      "频率失准": 0.001895760971455673,
      "参考电平失准": 0.004879120904942442
    },
    "predicted_class": "正常",
    "max_prob": 0.9896687612604462,
    "is_normal": true
  },
  "module_diagnosis": {
    "probabilities": {
      "[RF板][RF] 输入连接/匹配/保护": 0.058823529411764705,
      "[RF板][RF] 输入衰减器组": 0.058823529411764705,
      "[RF板][RF] 低频通路固定滤波/抑制网络": 0.058823529411764705,
      "[RF板][RF] 高频通路固定滤波/抑制网络": 0.058823529411764705,
      "[RF板][Mixer1]": 0.058823529411764705
    },
    "topk": [
      {
        "module": "[RF板][RF] 输入连接/匹配/保护",
        "probability": 0.058823529411764705
      },
      {
        "module": "[RF板][RF] 输入衰减器组",
        "probability": 0.058823529411764705
      },
      {
        "module": "[RF板][RF] 低频通路固定滤波/抑制网络",
        "probability": 0.058823529411764705
      }
    ],
    "disabled_modules": [
      "高频段YTF滤波器",
      "高频段混频器",
      "前置放大器",
      "衰减器"
    ]
  },
  "evidence_detail": {
    "viol_rate": 0.0,
    "envelope_violation": false,
    "violation_max_db": 0.0,
    "violation_energy": 0.07315536795542169,
    "baseline_coverage": 1.0
  },
  "config": {
    "mode": "unified_entry",
    "gating_status": "gated_ok",
    "run_name": null,
    "topk": 3
  },
  "uncertainty": {
    "is_uncertain": false,
    "reason": "",
    "top_class": "正常",
    "runner_up": "参考电平失准",
    "max_prob": 0.9896687612604462,
    "second_prob": 0.004879120904942442,
    "prob_gap": 0.9847896403555038,
    "support_top_features": [],
    "support_runnerup_features": [],
    "conflict_features": [],
    "suggested_actions": []
  },
  "module_validation": {
    "sample_id": "sim_00185",
    "gt_module": "时钟合成与同步网络",
    "gt_module_v2": "[LO/时钟板][LO1] 合成链",
    "top1": "[RF板][RF] 输入连接/匹配/保护",
    "top3": [
      "[RF板][RF] 输入连接/匹配/保护",
      "[RF板][RF] 输入衰减器组",
      "[RF板][RF] 低频通路固定滤波/抑制网络"
    ],
    "top5": [
      "[RF板][RF] 输入连接/匹配/保护",
      "[RF板][RF] 输入衰减器组",
      "[RF板][RF] 低频通路固定滤波/抑制网络",
      "[RF板][RF] 高频通路固定滤波/抑制网络",
      "[RF板][Mixer1]"
    ],
    "gt_rank": -1,
    "gt_prob": 0.0,
    "top1_hit": false,
    "top3_hit": false,
    "top5_hit": false
  },
  "ground_truth": {
    "type": "fault",
    "system_class_en": "freq_error",
    "system_class_cn": "频率失准",
    "module": "时钟合成与同步网络",
    "module_v2": "[LO/时钟板][LO1] 合成链",
    "fault_params": {
      "severity": "light",
      "tier_target": "in_spec_weak",
      "delta_f_hz": -400715.1615276049,
      "ppm": -48.927370149890706,
      "shift_bins": -0.04007151615276049,
      "bandwidth_hz": 8190000000.0,
      "type": "clock_drift",
      "track_type": "spike",
      "template_id": "T8",
      "forced_peak_track_type": true,
      "peak_track_profile": {
        "bands": [],
        "track_type": "spike"
      },
      "freq_amp_coupling": {
        "bias_db_min": -0.1,
        "bias_db_max": -0.02
      }
    }
  }
}