{
  "status": "success",
  "meta": {
    "sample_id": "sim_00298",
    "input_file": "/home/runner/work/FMFD-python/FMFD-python/Output/sim_spectrum/raw_curves/sim_00298.csv",
    "operating_condition": {
      "inject_power_dbm": -10.0,
      "freq_start_hz": 10000000.0,
      "freq_end_hz": 8200000000.0,
      "step_hz": 10000000.0,
      "frontend": {
        "low_band_only": true,
        "ac_coupling": true,
        "preamp": false
      }
    }
  },
  "data_points": 820,
  "frequency_range": {
    "min": 10000000.0,
    "max": 8200000000.0
  },
  "features": {
    "X1": -9.85138987804878,
    "X2": 0.0006193153411907573,
    "X3": 0.0002689803164066382,
    "X4": 0.029219166564923828,
    "X5": 0.27634787800306065,
    "X6": 0.0009770464463265908,
    "X7": 0.07679999999999865,
    "X8": 0.024892804878048763,
    "X9": 0.0008537596947487625,
    "X10": 0.01460594872566281,
    "X11": 0.0,
    "X12": 0.0,
    "X13": 0.0654434620212461,
    "X14": 0.00385641025641032,
    "X15": 0.002712990836045506,
    "X16": 0.001089208360258257,
    "X17": 0.0,
    "X18": 0.0,
    "X19": -8.459667646360807e-05,
    "X20": -0.05384766708995459,
    "X21": 4.0,
    "X22": 0.03947255514632438,
    "X23": 1.2376646341463454e-05,
    "X24": 0.017661011564008677,
    "X25": 1.2376646341463454e-05,
    "X26": 0.00043472077779761975,
    "X27": 4.209753492534477e-05,
    "X28": -0.06521739129731098,
    "X29": -0.020308428700192747,
    "X30": 0.0008272865853659328,
    "X31": 0.0012363312506494968,
    "X32": -1.1938603822598948,
    "X33": 0.5749081004251578,
    "X34": 0.015169188258661382,
    "X35": 0.00032293273091309725,
    "X36": 0.8095668545180194,
    "X37": 0.029219166564923824,
    "offset_db": 0.08179999999999943,
    "viol_rate_aligned": 0.0,
    "viol_energy_aligned": 0.0654434620212461,
    "global_offset_db": 0.0,
    "shape_rmse": 0.003518045812871608,
    "ripple_hp": 0.0033624523718736223,
    "tail_asym": -0.00039500000000077147,
    "compress_ratio": 0.2,
    "compress_ratio_high": 0.2,
    "freq_shift_score": 0.006314802537088382,
    "offset_slope": -0.0001922348370462859,
    "high_low_energy_ratio": 0.16791146283234448,
    "band_offset_db_1": 0.0015500000000017167,
    "band_offset_db_2": 0.0007000000000019213,
    "band_offset_db_3": 0.0004999999999988347,
    "band_offset_db_4": -0.0007999999999981355
  },
  "system": {
    "probs": {
      "正常": 0.22883547032909177,
      "幅度失准": 0.03368487201784011,
      "频率失准": 0.02096356424328016,
      "参考电平失准": 0.7165160933381365
    },
    "decision": "参考电平失准",
    "confidence": 0.7165160933381365,
    "is_normal": false
  },
  "module": {
    "topk": [
      {
        "module_id": "[校准链路][校准源]",
        "gamma": 0.43749999999999994
      },
      {
        "module_id": "[校准链路][校准路径开关/耦合]",
        "gamma": 0.3125
      },
      {
        "module_id": "[校准链路][校准表/存储]",
        "gamma": 0.25000000000000006
      }
    ],
    "gating": {
      "disabled_modules": [
        "高频段YTF滤波器",
        "高频段混频器",
        "前置放大器",
        "衰减器"
      ],
      "topk_k": 3
    }
  },
  "evidence": {
    "global_offset_db": 0.08179999999999943,
    "hf_std_db": 0.002686770964073216,
    "p95_abs_dev_db": 0.006905000000001577,
    "inside_env_frac": 1.0,
    "peak_freq_mae_hz": 3986.587479027758,
    "peak_freq_outlier_frac": 0.0
  },
  "artifacts": {
    "output_json": "Output/batch_diagnosis/sim_00298_diagnosis.json"
  },
  "system_diagnosis": {
    "probabilities": {
      "正常": 0.22883547032909177,
      "幅度失准": 0.03368487201784011,
      "频率失准": 0.02096356424328016,
      "参考电平失准": 0.7165160933381365
    },
    "predicted_class": "参考电平失准",
    "max_prob": 0.7165160933381365,
    "is_normal": false
  },
  "module_diagnosis": {
    "probabilities": {
      "[校准链路][校准源]": 0.43749999999999994,
      "[校准链路][校准路径开关/耦合]": 0.3125,
      "[校准链路][校准表/存储]": 0.25000000000000006,
      "[RF板][RF] 输入衰减器组": 0.0,
      "[RF板][RF] 低频通路固定滤波/抑制网络": 0.0,
      "[RF板][Mixer1]": 0.0
    },
    "topk": [
      {
        "module": "[校准链路][校准源]",
        "probability": 0.43749999999999994
      },
      {
        "module": "[校准链路][校准路径开关/耦合]",
        "probability": 0.3125
      },
      {
        "module": "[校准链路][校准表/存储]",
        "probability": 0.25000000000000006
      }
    ],
    "disabled_modules": [
      "高频段YTF滤波器",
      "高频段混频器",
      "前置放大器",
      "衰减器"
    ]
  },
  "evidence_detail": {
    "viol_rate": 0.0,
    "envelope_violation": false,
    "violation_max_db": 0.0,
    "violation_energy": 0.0654434620212461,
    "baseline_coverage": 1.0
  },
  "config": {
    "mode": "unified_entry",
    "gating_status": "gated_ok",
    "run_name": null,
    "topk": 3
  },
  "uncertainty": {
    "is_uncertain": false,
    "reason": "",
    "top_class": "参考电平失准",
    "runner_up": "正常",
    "max_prob": 0.7165160933381365,
    "second_prob": 0.22883547032909177,
    "prob_gap": 0.4876806230090447,
    "support_top_features": [],
    "support_runnerup_features": [],
    "conflict_features": [],
    "suggested_actions": []
  },
  "module_validation": {
    "sample_id": "sim_00298",
    "gt_module": "存储器",
    "gt_module_v2": "[校准链路][校准表/存储]",
    "top1": "[校准链路][校准源]",
    "top3": [
      "[校准链路][校准源]",
      "[校准链路][校准路径开关/耦合]",
      "[校准链路][校准表/存储]"
    ],
    "top5": [
      "[校准链路][校准源]",
      "[校准链路][校准路径开关/耦合]",
      "[校准链路][校准表/存储]",
      "[RF板][RF] 输入衰减器组",
      "[RF板][RF] 低频通路固定滤波/抑制网络"
    ],
    "gt_rank": 3,
    "gt_prob": 0.25000000000000006,
    "top1_hit": false,
    "top3_hit": true,
    "top5_hit": true
  },
  "ground_truth": {
    "type": "fault",
    "system_class_en": "ref_error",
    "system_class_cn": "参考电平失准",
    "module": "存储器",
    "module_v2": "[校准链路][校准表/存储]",
    "fault_params": {
      "severity": "severe",
      "tier_target": "edge",
      "type": "ref_miscal",
      "subtype": "ref_error_offset",
      "offset_db": -0.24852782840067364,
      "template_id": "T1",
      "mean_offset_db": 0.08168246521320922
    }
  }
}