{
  "status": "success",
  "meta": {
    "sample_id": "sim_00307",
    "input_file": "/home/runner/work/FMFD-python/FMFD-python/Output/sim_spectrum/raw_curves/sim_00307.csv",
    "operating_condition": {
      "inject_power_dbm": -10.0,
      "freq_start_hz": 10000000.0,
      "freq_end_hz": 8200000000.0,
      "step_hz": 10000000.0,
      "frontend": {
        "low_band_only": true,
        "ac_coupling": true,
        "preamp": false
      }
    }
  },
  "data_points": 820,
  "frequency_range": {
    "min": 10000000.0,
    "max": 8200000000.0
  },
  "features": {
    "X1": -9.939533902439024,
    "X2": 0.0006720484980418411,
    "X3": 0.0001884277610762678,
    "X4": 0.03068161694295913,
    "X5": 0.2558544501268697,
    "X6": 0.0011125390945270683,
    "X7": 0.10240000000000116,
    "X8": 0.02630975609756098,
    "X9": 0.0009413616182344767,
    "X10": 0.016383124224928068,
    "X11": 0.0,
    "X12": 0.0,
    "X13": 0.027596540132196604,
    "X14": 0.0058871794871793335,
    "X15": 0.011890000862820743,
    "X16": 0.0031809559308142747,
    "X17": 0.0,
    "X18": 0.0,
    "X19": -0.0001713854104274554,
    "X20": 0.2122576146548809,
    "X21": 5.0,
    "X22": 0.039585069131379894,
    "X23": 0.00010347280487804877,
    "X24": 0.01545134746381649,
    "X25": 0.00010347280487804877,
    "X26": 0.0004041519945751704,
    "X27": 8.775640203509555e-05,
    "X28": -0.20945945945232555,
    "X29": 1.292160760953377,
    "X30": 0.005473780487805018,
    "X31": 0.0024555169403565114,
    "X32": -4.076623295551367,
    "X33": 0.5459785474374862,
    "X34": 0.016867938793691733,
    "X35": 0.00033163964267451533,
    "X36": 0.8224597101591556,
    "X37": 0.03068161694295913,
    "offset_db": -0.004999999999999893,
    "viol_rate_aligned": 0.0,
    "viol_energy_aligned": 0.027596540132196604,
    "global_offset_db": -8.881784197001252e-16,
    "shape_rmse": 0.010172158319552748,
    "ripple_hp": 0.003199807283976872,
    "tail_asym": -0.005804999999998818,
    "compress_ratio": 0.2,
    "compress_ratio_high": 0.2,
    "freq_shift_score": 0.04615563505165421,
    "offset_slope": -0.0010286995319524737,
    "high_low_energy_ratio": 1.3474865919928234,
    "band_offset_db_1": 0.010200000000000209,
    "band_offset_db_2": 0.000700000000000145,
    "band_offset_db_3": 9.999999999976694e-05,
    "band_offset_db_4": -0.002600000000001046
  },
  "system": {
    "probs": {
      "正常": 0.9789873736104031,
      "幅度失准": 0.009672139622371238,
      "频率失准": 0.00453657351051963,
      "参考电平失准": 0.0068039131588071965
    },
    "decision": "正常",
    "confidence": 0.9789873736104031,
    "is_normal": true
  },
  "module": {
    "topk": [
      {
        "module_id": "[RF板][RF] 输入连接/匹配/保护",
        "gamma": 0.058823529411764705
      },
      {
        "module_id": "[RF板][RF] 输入衰减器组",
        "gamma": 0.058823529411764705
      },
      {
        "module_id": "[RF板][RF] 低频通路固定滤波/抑制网络",
        "gamma": 0.058823529411764705
      }
    ],
    "gating": {
      "disabled_modules": [
        "高频段YTF滤波器",
        "高频段混频器",
        "前置放大器",
        "衰减器"
      ],
      "topk_k": 3
    }
  },
  "evidence": {
    "global_offset_db": -0.004999999999999893,
    "hf_std_db": 0.00620114470990815,
    "p95_abs_dev_db": 0.019505000000002323,
    "inside_env_frac": 1.0,
    "peak_freq_mae_hz": 4037.798268840898,
    "peak_freq_outlier_frac": 0.0
  },
  "artifacts": {
    "output_json": "Output/batch_diagnosis/sim_00307_diagnosis.json"
  },
  "system_diagnosis": {
    "probabilities": {
      "正常": 0.9789873736104031,
      "幅度失准": 0.009672139622371238,
      "频率失准": 0.00453657351051963,
      "参考电平失准": 0.0068039131588071965
    },
    "predicted_class": "正常",
    "max_prob": 0.9789873736104031,
    "is_normal": true
  },
  "module_diagnosis": {
    "probabilities": {
      "[RF板][RF] 输入连接/匹配/保护": 0.058823529411764705,
      "[RF板][RF] 输入衰减器组": 0.058823529411764705,
      "[RF板][RF] 低频通路固定滤波/抑制网络": 0.058823529411764705,
      "[RF板][RF] 高频通路固定滤波/抑制网络": 0.058823529411764705,
      "[RF板][Mixer1]": 0.058823529411764705
    },
    "topk": [
      {
        "module": "[RF板][RF] 输入连接/匹配/保护",
        "probability": 0.058823529411764705
      },
      {
        "module": "[RF板][RF] 输入衰减器组",
        "probability": 0.058823529411764705
      },
      {
        "module": "[RF板][RF] 低频通路固定滤波/抑制网络",
        "probability": 0.058823529411764705
      }
    ],
    "disabled_modules": [
      "高频段YTF滤波器",
      "高频段混频器",
      "前置放大器",
      "衰减器"
    ]
  },
  "evidence_detail": {
    "viol_rate": 0.0,
    "envelope_violation": false,
    "violation_max_db": 0.0,
    "violation_energy": 0.027596540132196604,
    "baseline_coverage": 1.0
  },
  "config": {
    "mode": "unified_entry",
    "gating_status": "gated_ok",
    "run_name": null,
    "topk": 3
  },
  "uncertainty": {
    "is_uncertain": false,
    "reason": "",
    "top_class": "正常",
    "runner_up": "幅度失准",
    "max_prob": 0.9789873736104031,
    "second_prob": 0.009672139622371238,
    "prob_gap": 0.9693152339880319,
    "support_top_features": [],
    "support_runnerup_features": [],
    "conflict_features": [],
    "suggested_actions": []
  },
  "module_validation": {
    "sample_id": "sim_00307",
    "gt_module": null,
    "gt_module_v2": null,
    "top1": "[RF板][RF] 输入连接/匹配/保护",
    "top3": [
      "[RF板][RF] 输入连接/匹配/保护",
      "[RF板][RF] 输入衰减器组",
      "[RF板][RF] 低频通路固定滤波/抑制网络"
    ],
    "top5": [
      "[RF板][RF] 输入连接/匹配/保护",
      "[RF板][RF] 输入衰减器组",
      "[RF板][RF] 低频通路固定滤波/抑制网络",
      "[RF板][RF] 高频通路固定滤波/抑制网络",
      "[RF板][Mixer1]"
    ],
    "gt_rank": -1,
    "gt_prob": 0.0,
    "top1_hit": false,
    "top3_hit": false,
    "top5_hit": false
  },
  "ground_truth": {
    "type": "normal",
    "system_class_en": "normal",
    "system_class_cn": "正常",
    "module": null,
    "module_v2": null,
    "fault_params": {
      "severity": "severe",
      "tier_target": "in_spec_weak",
      "type": "normal",
      "normal_state": "normal_state_A"
    }
  }
}