{
  "status": "success",
  "meta": {
    "sample_id": "sim_00340",
    "input_file": "/home/runner/work/FMFD-python/FMFD-python/Output/sim_spectrum/raw_curves/sim_00340.csv",
    "operating_condition": {
      "inject_power_dbm": -10.0,
      "freq_start_hz": 10000000.0,
      "freq_end_hz": 8200000000.0,
      "step_hz": 10000000.0,
      "frontend": {
        "low_band_only": true,
        "ac_coupling": true,
        "preamp": false
      }
    }
  },
  "data_points": 820,
  "frequency_range": {
    "min": 10000000.0,
    "max": 8200000000.0
  },
  "features": {
    "X1": -9.94990951219512,
    "X2": 0.00070495400489127,
    "X3": 0.00040553997252183813,
    "X4": 0.031539556997728715,
    "X5": 0.2752738562673193,
    "X6": 0.0010549306900059492,
    "X7": 0.07150000000000034,
    "X8": 0.025771707317073178,
    "X9": 0.0009947436556129786,
    "X10": 0.011832851669975771,
    "X11": 0.0,
    "X12": 0.0,
    "X13": 0.15096073899880014,
    "X14": 0.008447069597069808,
    "X15": 0.009411948949068497,
    "X16": 0.009139966960568626,
    "X17": 0.0,
    "X18": 0.0,
    "X19": 1.5678288364873922e-05,
    "X20": -0.10164225399642568,
    "X21": 1.0,
    "X22": 0.04092376507623975,
    "X23": 9.966610975609692e-05,
    "X24": 0.013069116819834914,
    "X25": 9.966610975609692e-05,
    "X26": 0.0007021149306285276,
    "X27": 9.876688189442477e-05,
    "X28": 0.16216216215586587,
    "X29": -0.5495676148716967,
    "X30": 0.00731143292682941,
    "X31": 0.003274405086944753,
    "X32": -4.243631045208877,
    "X33": 0.5557771330627006,
    "X34": 0.014339074181532229,
    "X35": 0.0003258556648046028,
    "X36": 0.8341026475913983,
    "X37": 0.031539556997728715,
    "offset_db": -0.01794999999999991,
    "viol_rate_aligned": 0.0,
    "viol_energy_aligned": 0.15096073899880014,
    "global_offset_db": 0.0,
    "shape_rmse": 0.009983291529154947,
    "ripple_hp": 0.002912721657950672,
    "tail_asym": 0.002900000000000253,
    "compress_ratio": 0.19878048780487806,
    "compress_ratio_high": 0.19322033898305085,
    "freq_shift_score": 0.047785695636407,
    "offset_slope": 0.0012210463451960147,
    "high_low_energy_ratio": 8.890384120096384,
    "band_offset_db_1": 0.0007000000000019213,
    "band_offset_db_2": -0.002449999999999619,
    "band_offset_db_3": 0.0028999999999994586,
    "band_offset_db_4": 0.004749999999999588
  },
  "system": {
    "probs": {
      "正常": 0.9961728172455494,
      "幅度失准": 0.001564042892203682,
      "频率失准": 0.0015604638671598261,
      "参考电平失准": 0.000702675895469732
    },
    "decision": "正常",
    "confidence": 0.9961728172455494,
    "is_normal": true
  },
  "module": {
    "topk": [
      {
        "module_id": "[RF板][RF] 输入连接/匹配/保护",
        "gamma": 0.058823529411764705
      },
      {
        "module_id": "[RF板][RF] 输入衰减器组",
        "gamma": 0.058823529411764705
      },
      {
        "module_id": "[RF板][RF] 低频通路固定滤波/抑制网络",
        "gamma": 0.058823529411764705
      }
    ],
    "gating": {
      "disabled_modules": [
        "高频段YTF滤波器",
        "高频段混频器",
        "前置放大器",
        "衰减器"
      ],
      "topk_k": 3
    }
  },
  "evidence": {
    "global_offset_db": -0.01794999999999991,
    "hf_std_db": 0.00586869637444057,
    "p95_abs_dev_db": 0.01705499999999755,
    "inside_env_frac": 1.0,
    "peak_freq_mae_hz": 4064.3988835575788,
    "peak_freq_outlier_frac": 0.0
  },
  "artifacts": {
    "output_json": "Output/batch_diagnosis/sim_00340_diagnosis.json"
  },
  "system_diagnosis": {
    "probabilities": {
      "正常": 0.9961728172455494,
      "幅度失准": 0.001564042892203682,
      "频率失准": 0.0015604638671598261,
      "参考电平失准": 0.000702675895469732
    },
    "predicted_class": "正常",
    "max_prob": 0.9961728172455494,
    "is_normal": true
  },
  "module_diagnosis": {
    "probabilities": {
      "[RF板][RF] 输入连接/匹配/保护": 0.058823529411764705,
      "[RF板][RF] 输入衰减器组": 0.058823529411764705,
      "[RF板][RF] 低频通路固定滤波/抑制网络": 0.058823529411764705,
      "[RF板][RF] 高频通路固定滤波/抑制网络": 0.058823529411764705,
      "[RF板][Mixer1]": 0.058823529411764705
    },
    "topk": [
      {
        "module": "[RF板][RF] 输入连接/匹配/保护",
        "probability": 0.058823529411764705
      },
      {
        "module": "[RF板][RF] 输入衰减器组",
        "probability": 0.058823529411764705
      },
      {
        "module": "[RF板][RF] 低频通路固定滤波/抑制网络",
        "probability": 0.058823529411764705
      }
    ],
    "disabled_modules": [
      "高频段YTF滤波器",
      "高频段混频器",
      "前置放大器",
      "衰减器"
    ]
  },
  "evidence_detail": {
    "viol_rate": 0.0,
    "envelope_violation": false,
    "violation_max_db": 0.0,
    "violation_energy": 0.15096073899880014,
    "baseline_coverage": 1.0
  },
  "config": {
    "mode": "unified_entry",
    "gating_status": "gated_ok",
    "run_name": null,
    "topk": 3
  },
  "uncertainty": {
    "is_uncertain": false,
    "reason": "",
    "top_class": "正常",
    "runner_up": "幅度失准",
    "max_prob": 0.9961728172455494,
    "second_prob": 0.001564042892203682,
    "prob_gap": 0.9946087743533457,
    "support_top_features": [],
    "support_runnerup_features": [],
    "conflict_features": [],
    "suggested_actions": []
  },
  "module_validation": {
    "sample_id": "sim_00340",
    "gt_module": null,
    "gt_module_v2": null,
    "top1": "[RF板][RF] 输入连接/匹配/保护",
    "top3": [
      "[RF板][RF] 输入连接/匹配/保护",
      "[RF板][RF] 输入衰减器组",
      "[RF板][RF] 低频通路固定滤波/抑制网络"
    ],
    "top5": [
      "[RF板][RF] 输入连接/匹配/保护",
      "[RF板][RF] 输入衰减器组",
      "[RF板][RF] 低频通路固定滤波/抑制网络",
      "[RF板][RF] 高频通路固定滤波/抑制网络",
      "[RF板][Mixer1]"
    ],
    "gt_rank": -1,
    "gt_prob": 0.0,
    "top1_hit": false,
    "top3_hit": false,
    "top5_hit": false
  },
  "ground_truth": {
    "type": "normal",
    "system_class_en": "normal",
    "system_class_cn": "正常",
    "module": null,
    "module_v2": null,
    "fault_params": {
      "severity": "mid",
      "tier_target": "in_spec_weak",
      "type": "normal",
      "normal_state": "normal_state_B"
    }
  }
}