{
  "status": "success",
  "meta": {
    "sample_id": "sim_00133",
    "input_file": "/home/runner/work/FMFD-python/FMFD-python/Output/sim_spectrum/raw_curves/sim_00133.csv",
    "operating_condition": {
      "inject_power_dbm": -10.0,
      "freq_start_hz": 10000000.0,
      "freq_end_hz": 8200000000.0,
      "step_hz": 10000000.0,
      "frontend": {
        "low_band_only": true,
        "ac_coupling": true,
        "preamp": false
      }
    }
  },
  "data_points": 820,
  "frequency_range": {
    "min": 10000000.0,
    "max": 8200000000.0
  },
  "features": {
    "X1": -9.933071219512195,
    "X2": 0.0005887973710671575,
    "X3": 6.759416701804964e-05,
    "X4": 0.029979377190840505,
    "X5": 0.28393789005693754,
    "X6": 0.00106674283022011,
    "X7": 0.08360000000000056,
    "X8": 0.025479756097561028,
    "X9": 0.0008987630567506878,
    "X10": 0.01705415963501789,
    "X11": 0.0,
    "X12": 0.0,
    "X13": 0.9625886922258884,
    "X14": 0.004242857142857145,
    "X15": 0.015508322134813924,
    "X16": -0.05038070371661494,
    "X17": 0.0,
    "X18": 0.0,
    "X19": -6.621818890946217e-05,
    "X20": -0.08656304905117862,
    "X21": 4.0,
    "X22": 0.03975619316726713,
    "X23": 0.00014343592682926695,
    "X24": 0.10638246855570288,
    "X25": 0.00014343592682926695,
    "X26": 0.0008574638292173277,
    "X27": 8.597396635134566e-05,
    "X28": -0.5692307692014698,
    "X29": 1.2043924735679645,
    "X30": 0.0024342987804880103,
    "X31": 0.0033026243643274615,
    "X32": -1.2933023038683704,
    "X33": 0.5925334855995379,
    "X34": 0.015373073417140977,
    "X35": 0.0003745290677305348,
    "X36": 0.7905717698331399,
    "X37": 0.029979377190840505,
    "offset_db": 0.0030999999999998806,
    "viol_rate_aligned": 0.0,
    "viol_energy_aligned": 0.9625886922258884,
    "global_offset_db": 0.0,
    "shape_rmse": 0.011976473889641598,
    "ripple_hp": 0.008694053776791874,
    "tail_asym": -0.026199999999999425,
    "compress_ratio": 0.1975609756097561,
    "compress_ratio_high": 0.19322033898305085,
    "freq_shift_score": 0.06479842427124494,
    "offset_slope": -0.0009768309386858466,
    "high_low_energy_ratio": 18.542484015057248,
    "band_offset_db_1": 0.0007499999999991402,
    "band_offset_db_2": 0.0001000000000015433,
    "band_offset_db_3": -0.0004999999999988347,
    "band_offset_db_4": 0.0002999999999993008
  },
  "system": {
    "probs": {
      "正常": 0.7445492541371698,
      "幅度失准": 0.08369396179330243,
      "频率失准": 0.14942048980147357,
      "参考电平失准": 0.022336294193599292
    },
    "decision": "正常",
    "confidence": 0.7445492541371698,
    "is_normal": true
  },
  "module": {
    "topk": [
      {
        "module_id": "[时钟板][参考域] 10MHz 基准 OCXO",
        "gamma": 0.2243411812212491
      },
      {
        "module_id": "[LO/时钟板][LO1] 合成链",
        "gamma": 0.2243411812212491
      },
      {
        "module_id": "[时钟板][参考分配]",
        "gamma": 0.19229244104678495
      }
    ],
    "gating": {
      "disabled_modules": [
        "高频段YTF滤波器",
        "高频段混频器",
        "前置放大器",
        "衰减器"
      ],
      "topk_k": 3
    }
  },
  "evidence": {
    "global_offset_db": 0.0030999999999998806,
    "hf_std_db": 0.008166841528301468,
    "p95_abs_dev_db": 0.03179999999999881,
    "inside_env_frac": 1.0,
    "peak_freq_mae_hz": 4384759.312019115,
    "peak_freq_outlier_frac": 0.09146341463414634
  },
  "artifacts": {
    "output_json": "Output/batch_diagnosis/sim_00133_diagnosis.json"
  },
  "system_diagnosis": {
    "probabilities": {
      "正常": 0.7445492541371698,
      "幅度失准": 0.08369396179330243,
      "频率失准": 0.14942048980147357,
      "参考电平失准": 0.022336294193599292
    },
    "predicted_class": "正常",
    "max_prob": 0.7445492541371698,
    "is_normal": true
  },
  "module_diagnosis": {
    "probabilities": {
      "[时钟板][参考域] 10MHz 基准 OCXO": 0.2243411812212491,
      "[LO/时钟板][LO1] 合成链": 0.2243411812212491,
      "[时钟板][参考分配]": 0.19229244104678495,
      "[RF板][RF] 低频通路固定滤波/抑制网络": 0.06923836545342126,
      "[数字中频板][ADC] 数字检波与平均": 0.0602827505235688,
      "[数字中频板][IF] 中频放大/衰减链": 0.0587370389716824,
      "[RF板][Mixer1]": 0.050138126707649874,
      "[数字中频板][DSP] 数字增益/偏置校准": 0.0370970772452731,
      "[RF板][RF] 输入连接/匹配/保护": 0.0318337312429523,
      "[数字中频板][IF] RBW数字滤波器": 0.027822807933954828
    },
    "topk": [
      {
        "module": "[时钟板][参考域] 10MHz 基准 OCXO",
        "probability": 0.2243411812212491
      },
      {
        "module": "[LO/时钟板][LO1] 合成链",
        "probability": 0.2243411812212491
      },
      {
        "module": "[时钟板][参考分配]",
        "probability": 0.19229244104678495
      }
    ],
    "disabled_modules": [
      "高频段YTF滤波器",
      "高频段混频器",
      "前置放大器",
      "衰减器"
    ]
  },
  "evidence_detail": {
    "viol_rate": 0.0,
    "envelope_violation": false,
    "violation_max_db": 0.0,
    "violation_energy": 0.9625886922258884,
    "baseline_coverage": 1.0
  },
  "config": {
    "mode": "unified_entry",
    "gating_status": "gated_ok",
    "run_name": null,
    "topk": 3
  },
  "uncertainty": {
    "is_uncertain": false,
    "reason": "",
    "top_class": "正常",
    "runner_up": "频率失准",
    "max_prob": 0.7445492541371698,
    "second_prob": 0.14942048980147357,
    "prob_gap": 0.5951287643356962,
    "support_top_features": [],
    "support_runnerup_features": [],
    "conflict_features": [],
    "suggested_actions": []
  },
  "module_validation": {
    "sample_id": "sim_00133",
    "gt_module": "本振混频组件",
    "gt_module_v2": "[RF板][LO1] LO1 注入链",
    "top1": "[时钟板][参考域] 10MHz 基准 OCXO",
    "top3": [
      "[时钟板][参考域] 10MHz 基准 OCXO",
      "[LO/时钟板][LO1] 合成链",
      "[时钟板][参考分配]"
    ],
    "top5": [
      "[时钟板][参考域] 10MHz 基准 OCXO",
      "[LO/时钟板][LO1] 合成链",
      "[时钟板][参考分配]",
      "[RF板][RF] 低频通路固定滤波/抑制网络",
      "[数字中频板][ADC] 数字检波与平均"
    ],
    "gt_rank": -1,
    "gt_prob": 0.0,
    "top1_hit": false,
    "top3_hit": false,
    "top5_hit": false
  },
  "ground_truth": {
    "type": "fault",
    "system_class_en": "freq_error",
    "system_class_cn": "频率失准",
    "module": "本振混频组件",
    "module_v2": "[RF板][LO1] LO1 注入链",
    "fault_params": {
      "severity": "mid",
      "tier_target": "in_spec_weak",
      "type": "lo_path_error",
      "track_type": "hole",
      "template_id": "T8",
      "forced_peak_track_type": true,
      "peak_track_profile": {
        "bands": [
          {
            "start_hz": 7441837033.6176815,
            "end_hz": 8017098358.937906,
            "center_hz": 7729467696.277794,
            "width_hz": 575261325.3202244,
            "amplitude_hz": 43302265.165747344,
            "ramp_hz": 118176385.05500327
          },
          {
            "start_hz": 763605197.5400894,
            "end_hz": 1239779207.1130764,
            "center_hz": 1001692202.3265829,
            "width_hz": 476174009.57298696,
            "amplitude_hz": -18240616.127933387,
            "ramp_hz": 118176385.05500327
          },
          {
            "start_hz": 4051034043.886174,
            "end_hz": 4621251656.925353,
            "center_hz": 4336142850.405764,
            "width_hz": 570217613.0391793,
            "amplitude_hz": -20415991.200249743,
            "ramp_hz": 118176385.05500327
          }
        ],
        "track_type": "hole"
      },
      "freq_amp_coupling": {
        "bias_db_min": -0.1,
        "bias_db_max": -0.02
      }
    }
  }
}