{
  "status": "success",
  "meta": {
    "sample_id": "sim_00136",
    "input_file": "/home/runner/work/FMFD-python/FMFD-python/Output/sim_spectrum/raw_curves/sim_00136.csv",
    "operating_condition": {
      "inject_power_dbm": -10.0,
      "freq_start_hz": 10000000.0,
      "freq_end_hz": 8200000000.0,
      "step_hz": 10000000.0,
      "frontend": {
        "low_band_only": true,
        "ac_coupling": true,
        "preamp": false
      }
    }
  },
  "data_points": 820,
  "frequency_range": {
    "min": 10000000.0,
    "max": 8200000000.0
  },
  "features": {
    "X1": -9.933074512195123,
    "X2": 0.0007594848428101643,
    "X3": 0.0002870443322949859,
    "X4": 0.030041589626358414,
    "X5": 0.32235687657157924,
    "X6": 0.0009522019235425318,
    "X7": 0.06550000000000011,
    "X8": 0.024595243902438994,
    "X9": 0.0009024971072785255,
    "X10": 0.014832765859903643,
    "X11": 0.0,
    "X12": 0.0,
    "X13": 0.8763503965386006,
    "X14": 0.009314652014652033,
    "X15": 0.006206945208039078,
    "X16": 0.1477759769960705,
    "X17": -0.0004999999999999449,
    "X18": 0.0,
    "X19": -0.00010477455391344531,
    "X20": -0.25339549856847254,
    "X21": 4.0,
    "X22": 0.04904221289496586,
    "X23": 0.00011354473517149427,
    "X24": 0.08864011977641595,
    "X25": 0.00012942371951219533,
    "X26": 0.0008502707496279404,
    "X27": 1.5582657788761754e-05,
    "X28": -0.02706453851299382,
    "X29": -1.9598296601156577,
    "X30": 0.0026883506823966014,
    "X31": 0.004987194300394542,
    "X32": -2.3438609591646125,
    "X33": 0.5150709754662082,
    "X34": 0.014565255391078788,
    "X35": 0.0002526173704493853,
    "X36": 0.8590455969226587,
    "X37": 0.030041589626358417,
    "offset_db": 0.0015999999999998238,
    "viol_rate_aligned": 0.0,
    "viol_energy_aligned": 0.8763503965386006,
    "global_offset_db": 0.0,
    "shape_rmse": 0.011376454610826491,
    "ripple_hp": 0.00727451111681201,
    "tail_asym": -0.0036049999999987915,
    "compress_ratio": 0.1951219512195122,
    "compress_ratio_high": 0.2,
    "freq_shift_score": 0.06671468493417809,
    "offset_slope": 0.0015200855807196104,
    "high_low_energy_ratio": 1.0573254348363486,
    "band_offset_db_1": 0.006250000000000533,
    "band_offset_db_2": -0.0015000000000000568,
    "band_offset_db_3": 0.0001499999999996504,
    "band_offset_db_4": 0.002100000000000435
  },
  "system": {
    "probs": {
      "正常": 0.46023330038399285,
      "幅度失准": 0.06215158240163913,
      "频率失准": 0.41289342988853045,
      "参考电平失准": 0.0647216872798144
    },
    "decision": "正常",
    "confidence": 0.46023330038399285,
    "is_normal": true
  },
  "module": {
    "topk": [
      {
        "module_id": "[LO/时钟板][LO1] 合成链",
        "gamma": 0.35
      },
      {
        "module_id": "[时钟板][参考域] 10MHz 基准 OCXO",
        "gamma": 0.35
      },
      {
        "module_id": "[时钟板][参考分配]",
        "gamma": 0.3
      }
    ],
    "gating": {
      "disabled_modules": [
        "高频段YTF滤波器",
        "高频段混频器",
        "前置放大器",
        "衰减器"
      ],
      "topk_k": 3
    }
  },
  "evidence": {
    "global_offset_db": 0.0015999999999998238,
    "hf_std_db": 0.007473108554504601,
    "p95_abs_dev_db": 0.016314999999999354,
    "inside_env_frac": 1.0,
    "peak_freq_mae_hz": 1103752.695717559,
    "peak_freq_outlier_frac": 0.04390243902439024
  },
  "artifacts": {
    "output_json": "Output/batch_diagnosis/sim_00136_diagnosis.json"
  },
  "system_diagnosis": {
    "probabilities": {
      "正常": 0.46023330038399285,
      "幅度失准": 0.06215158240163913,
      "频率失准": 0.41289342988853045,
      "参考电平失准": 0.0647216872798144
    },
    "predicted_class": "正常",
    "max_prob": 0.46023330038399285,
    "is_normal": true
  },
  "module_diagnosis": {
    "probabilities": {
      "[LO/时钟板][LO1] 合成链": 0.35,
      "[时钟板][参考域] 10MHz 基准 OCXO": 0.35,
      "[时钟板][参考分配]": 0.3
    },
    "topk": [
      {
        "module": "[LO/时钟板][LO1] 合成链",
        "probability": 0.35
      },
      {
        "module": "[时钟板][参考域] 10MHz 基准 OCXO",
        "probability": 0.35
      },
      {
        "module": "[时钟板][参考分配]",
        "probability": 0.3
      }
    ],
    "disabled_modules": [
      "高频段YTF滤波器",
      "高频段混频器",
      "前置放大器",
      "衰减器"
    ]
  },
  "evidence_detail": {
    "viol_rate": 0.0,
    "envelope_violation": false,
    "violation_max_db": 0.0,
    "violation_energy": 0.8763503965386006,
    "baseline_coverage": 1.0
  },
  "config": {
    "mode": "unified_entry",
    "gating_status": "gated_ok",
    "run_name": null,
    "topk": 3
  },
  "uncertainty": {
    "is_uncertain": true,
    "reason": "max_prob(46.02%) < 55% && prob_gap(4.73%) < 10%",
    "top_class": "正常",
    "runner_up": "频率失准",
    "max_prob": 0.46023330038399285,
    "second_prob": 0.41289342988853045,
    "prob_gap": 0.0473398704954624,
    "support_top_features": [],
    "support_runnerup_features": [
      {
        "feature": "X21",
        "contribution": 0.8
      },
      {
        "feature": "X16",
        "contribution": 0.13299837929646346
      },
      {
        "feature": "X20",
        "contribution": 0.05067909971369451
      },
      {
        "feature": "X4",
        "contribution": 0.02703743066372257
      },
      {
        "feature": "X7",
        "contribution": 0.013100000000000023
      }
    ],
    "conflict_features": [
      {
        "feature": "X1",
        "top_contrib": 0.9933074512195124,
        "runnerup_contrib": 0.9933074512195124
      },
      {
        "feature": "X13",
        "top_contrib": 0.08763503965386006,
        "runnerup_contrib": 0.08763503965386006
      },
      {
        "feature": "X5",
        "top_contrib": 0.032235687657157924,
        "runnerup_contrib": 0.032235687657157924
      }
    ],
    "suggested_actions": [
      "当前诊断为正常，但置信度较低",
      "建议增加测试样本或更换测试信号",
      "复测频率标度线性度",
      "建议重复测试或更换测试点以提高置信度"
    ]
  },
  "module_validation": {
    "sample_id": "sim_00136",
    "gt_module": "时钟合成与同步网络",
    "gt_module_v2": "[LO/时钟板][LO1] 合成链",
    "top1": "[LO/时钟板][LO1] 合成链",
    "top3": [
      "[LO/时钟板][LO1] 合成链",
      "[时钟板][参考域] 10MHz 基准 OCXO",
      "[时钟板][参考分配]"
    ],
    "top5": [
      "[LO/时钟板][LO1] 合成链",
      "[时钟板][参考域] 10MHz 基准 OCXO",
      "[时钟板][参考分配]"
    ],
    "gt_rank": 1,
    "gt_prob": 0.35,
    "top1_hit": true,
    "top3_hit": true,
    "top5_hit": true
  },
  "ground_truth": {
    "type": "fault",
    "system_class_en": "freq_error",
    "system_class_cn": "频率失准",
    "module": "时钟合成与同步网络",
    "module_v2": "[LO/时钟板][LO1] 合成链",
    "fault_params": {
      "severity": "light",
      "tier_target": "edge",
      "delta_f_hz": 583857.4876054109,
      "ppm": 71.28907052569119,
      "shift_bins": 0.05838574876054108,
      "bandwidth_hz": 8190000000.0,
      "warp_scale": 1.0003610676810075,
      "warp_bias": 7.12021326348062e-05,
      "type": "freq_miscal",
      "track_type": "dense",
      "template_id": "T8",
      "forced_peak_track_type": true,
      "peak_track_profile": {
        "bands": [
          {
            "start_hz": 963495606.3935978,
            "end_hz": 1387385441.7890584,
            "center_hz": 1175440524.0913281,
            "width_hz": 423889835.39546055,
            "amplitude_hz": 23776498.26451352,
            "ramp_hz": 48072898.20737143
          }
        ],
        "track_type": "dense"
      },
      "freq_amp_coupling": {
        "bias_db_min": -0.1,
        "bias_db_max": -0.02
      }
    }
  }
}