{
  "status": "success",
  "meta": {
    "sample_id": "sim_00390",
    "input_file": "/home/runner/work/FMFD-python/FMFD-python/Output/sim_spectrum/raw_curves/sim_00390.csv",
    "operating_condition": {
      "inject_power_dbm": -10.0,
      "freq_start_hz": 10000000.0,
      "freq_end_hz": 8200000000.0,
      "step_hz": 10000000.0,
      "frontend": {
        "low_band_only": true,
        "ac_coupling": true,
        "preamp": false
      }
    }
  },
  "data_points": 820,
  "frequency_range": {
    "min": 10000000.0,
    "max": 8200000000.0
  },
  "features": {
    "X1": -9.90234756097561,
    "X2": 0.0009316988886823329,
    "X3": 0.00010651680655120811,
    "X4": 0.03199934981218145,
    "X5": 0.26179688074498975,
    "X6": 0.0011680635184414044,
    "X7": 0.08569999999999922,
    "X8": 0.026725609756097564,
    "X9": 0.001023958388402357,
    "X10": 0.014978214445368872,
    "X11": 0.0,
    "X12": 0.0,
    "X13": 0.42303026750148454,
    "X14": 0.00867728937728956,
    "X15": 0.007833888013065216,
    "X16": -0.004751547354238619,
    "X17": 0.0,
    "X18": 0.0,
    "X19": -0.00014988174005097808,
    "X20": 0.8400832273354633,
    "X21": 14.0,
    "X22": 0.04425725352745525,
    "X23": 0.0001251733414634162,
    "X24": 0.01512536962430766,
    "X25": 0.0001251733414634162,
    "X26": 0.0003556440886252621,
    "X27": 0.00014646534208597383,
    "X28": 0.04317386230868312,
    "X29": -0.24474983565143654,
    "X30": 0.011257621951219703,
    "X31": 0.005424956582889391,
    "X32": -4.353252625874417,
    "X33": 0.5215464829275587,
    "X34": 0.021155293474888353,
    "X35": 0.0003177258148580487,
    "X36": 0.8443653812728817,
    "X37": 0.03199934981218145,
    "offset_db": 0.02999999999999936,
    "viol_rate_aligned": 0.0,
    "viol_energy_aligned": 0.42303026750148454,
    "global_offset_db": 0.0,
    "shape_rmse": 0.011188089267762222,
    "ripple_hp": 0.0030904783829809024,
    "tail_asym": 0.013700000000001912,
    "compress_ratio": 0.2,
    "compress_ratio_high": 0.19661016949152543,
    "freq_shift_score": 0.053804956946476024,
    "offset_slope": -0.0005728312664529069,
    "high_low_energy_ratio": 1.0814502822599326,
    "band_offset_db_1": 0.002600000000001046,
    "band_offset_db_2": 0.0030000000000001137,
    "band_offset_db_3": 0.00025000000000030553,
    "band_offset_db_4": -0.0022999999999981924
  },
  "system": {
    "probs": {
      "正常": 0.9944303295125048,
      "幅度失准": 0.0015439209532108187,
      "频率失准": 0.0019309539139971755,
      "参考电平失准": 0.002094795520844224
    },
    "decision": "正常",
    "confidence": 0.9944303295125048,
    "is_normal": true
  },
  "module": {
    "topk": [
      {
        "module_id": "[RF板][RF] 输入连接/匹配/保护",
        "gamma": 0.058823529411764705
      },
      {
        "module_id": "[RF板][RF] 输入衰减器组",
        "gamma": 0.058823529411764705
      },
      {
        "module_id": "[RF板][RF] 低频通路固定滤波/抑制网络",
        "gamma": 0.058823529411764705
      }
    ],
    "gating": {
      "disabled_modules": [
        "高频段YTF滤波器",
        "高频段混频器",
        "前置放大器",
        "衰减器"
      ],
      "topk_k": 3
    }
  },
  "evidence": {
    "global_offset_db": 0.02999999999999936,
    "hf_std_db": 0.006238186592188544,
    "p95_abs_dev_db": 0.028100000000000326,
    "inside_env_frac": 1.0,
    "peak_freq_mae_hz": 3862.5205623773154,
    "peak_freq_outlier_frac": 0.0
  },
  "artifacts": {
    "output_json": "Output/batch_diagnosis/sim_00390_diagnosis.json"
  },
  "system_diagnosis": {
    "probabilities": {
      "正常": 0.9944303295125048,
      "幅度失准": 0.0015439209532108187,
      "频率失准": 0.0019309539139971755,
      "参考电平失准": 0.002094795520844224
    },
    "predicted_class": "正常",
    "max_prob": 0.9944303295125048,
    "is_normal": true
  },
  "module_diagnosis": {
    "probabilities": {
      "[RF板][RF] 输入连接/匹配/保护": 0.058823529411764705,
      "[RF板][RF] 输入衰减器组": 0.058823529411764705,
      "[RF板][RF] 低频通路固定滤波/抑制网络": 0.058823529411764705,
      "[RF板][RF] 高频通路固定滤波/抑制网络": 0.058823529411764705,
      "[RF板][Mixer1]": 0.058823529411764705
    },
    "topk": [
      {
        "module": "[RF板][RF] 输入连接/匹配/保护",
        "probability": 0.058823529411764705
      },
      {
        "module": "[RF板][RF] 输入衰减器组",
        "probability": 0.058823529411764705
      },
      {
        "module": "[RF板][RF] 低频通路固定滤波/抑制网络",
        "probability": 0.058823529411764705
      }
    ],
    "disabled_modules": [
      "高频段YTF滤波器",
      "高频段混频器",
      "前置放大器",
      "衰减器"
    ]
  },
  "evidence_detail": {
    "viol_rate": 0.0,
    "envelope_violation": false,
    "violation_max_db": 0.0,
    "violation_energy": 0.42303026750148454,
    "baseline_coverage": 1.0
  },
  "config": {
    "mode": "unified_entry",
    "gating_status": "gated_ok",
    "run_name": null,
    "topk": 3
  },
  "uncertainty": {
    "is_uncertain": false,
    "reason": "",
    "top_class": "正常",
    "runner_up": "参考电平失准",
    "max_prob": 0.9944303295125048,
    "second_prob": 0.002094795520844224,
    "prob_gap": 0.9923355339916605,
    "support_top_features": [],
    "support_runnerup_features": [],
    "conflict_features": [],
    "suggested_actions": []
  },
  "module_validation": {
    "sample_id": "sim_00390",
    "gt_module": null,
    "gt_module_v2": null,
    "top1": "[RF板][RF] 输入连接/匹配/保护",
    "top3": [
      "[RF板][RF] 输入连接/匹配/保护",
      "[RF板][RF] 输入衰减器组",
      "[RF板][RF] 低频通路固定滤波/抑制网络"
    ],
    "top5": [
      "[RF板][RF] 输入连接/匹配/保护",
      "[RF板][RF] 输入衰减器组",
      "[RF板][RF] 低频通路固定滤波/抑制网络",
      "[RF板][RF] 高频通路固定滤波/抑制网络",
      "[RF板][Mixer1]"
    ],
    "gt_rank": -1,
    "gt_prob": 0.0,
    "top1_hit": false,
    "top3_hit": false,
    "top5_hit": false
  },
  "ground_truth": {
    "type": "normal",
    "system_class_en": "normal",
    "system_class_cn": "正常",
    "module": null,
    "module_v2": null,
    "fault_params": {
      "severity": "light",
      "tier_target": "edge",
      "type": "normal",
      "normal_state": "normal_state_A"
    }
  }
}