{
  "status": "success",
  "meta": {
    "sample_id": "sim_00106",
    "input_file": "/home/runner/work/FMFD-python/FMFD-python/Output/sim_spectrum/raw_curves/sim_00106.csv",
    "operating_condition": {
      "inject_power_dbm": -10.0,
      "freq_start_hz": 10000000.0,
      "freq_end_hz": 8200000000.0,
      "step_hz": 10000000.0,
      "frontend": {
        "low_band_only": true,
        "ac_coupling": true,
        "preamp": false
      }
    }
  },
  "data_points": 820,
  "frequency_range": {
    "min": 10000000.0,
    "max": 8200000000.0
  },
  "features": {
    "X1": -9.93307304878049,
    "X2": 0.0006246354119158541,
    "X3": 0.00021788894481248938,
    "X4": 0.029029691902809126,
    "X5": 0.2662535757937238,
    "X6": 0.0009642479931439607,
    "X7": 0.08039999999999914,
    "X8": 0.024621829268292667,
    "X9": 0.0008427230119720218,
    "X10": 0.014845023075029844,
    "X11": 0.0,
    "X12": 0.0,
    "X13": 0.10348740993453157,
    "X14": 0.0016421245421245345,
    "X15": 0.0027261519284402388,
    "X16": 0.02420302007872788,
    "X17": 0.0,
    "X18": 0.0,
    "X19": -8.179827554984918e-05,
    "X20": 0.0025432233794404624,
    "X21": 5.0,
    "X22": 0.03975510401824069,
    "X23": 7.67425609756071e-06,
    "X24": 0.02020006047877021,
    "X25": 7.67425609756071e-06,
    "X26": 0.00012645044896120628,
    "X27": 1.4571550819273539e-05,
    "X28": -0.0643015520916428,
    "X29": 0.11325954890552169,
    "X30": 0.0006896341463414917,
    "X31": 0.0004505531335096558,
    "X32": -0.35408144547106574,
    "X33": 0.5773197463113762,
    "X34": 0.01546720840909633,
    "X35": 0.0003213820139215005,
    "X36": 0.8085180409252974,
    "X37": 0.029029691902809126,
    "offset_db": 0.00019999999999953388,
    "viol_rate_aligned": 0.0,
    "viol_energy_aligned": 0.10348740993453157,
    "global_offset_db": 0.0,
    "shape_rmse": 0.0027702447721385036,
    "ripple_hp": 0.003586498587305567,
    "tail_asym": -0.00029999999999752447,
    "compress_ratio": 0.18902439024390244,
    "compress_ratio_high": 0.18983050847457628,
    "freq_shift_score": 0.003959261520065871,
    "offset_slope": -0.00015859932032945642,
    "high_low_energy_ratio": 0.8736833441401198,
    "band_offset_db_1": 0.000600000000000378,
    "band_offset_db_2": 0.00019999999999953388,
    "band_offset_db_3": -4.999999999899529e-05,
    "band_offset_db_4": -0.00029999999999752447
  },
  "system": {
    "probs": {
      "正常": 0.979455511838553,
      "幅度失准": 0.006597872014838285,
      "频率失准": 0.00397695283519808,
      "参考电平失准": 0.009969663213465105
    },
    "decision": "正常",
    "confidence": 0.979455511838553,
    "is_normal": true
  },
  "module": {
    "topk": [
      {
        "module_id": "[RF板][RF] 输入连接/匹配/保护",
        "gamma": 0.058823529411764705
      },
      {
        "module_id": "[RF板][RF] 输入衰减器组",
        "gamma": 0.058823529411764705
      },
      {
        "module_id": "[RF板][RF] 低频通路固定滤波/抑制网络",
        "gamma": 0.058823529411764705
      }
    ],
    "gating": {
      "disabled_modules": [
        "高频段YTF滤波器",
        "高频段混频器",
        "前置放大器",
        "衰减器"
      ],
      "topk_k": 3
    }
  },
  "evidence": {
    "global_offset_db": 0.00019999999999953388,
    "hf_std_db": 0.002597348710040191,
    "p95_abs_dev_db": 0.0038000000000000256,
    "inside_env_frac": 1.0,
    "peak_freq_mae_hz": 129510.60478536888,
    "peak_freq_outlier_frac": 0.003658536585365854
  },
  "artifacts": {
    "output_json": "Output/batch_diagnosis/sim_00106_diagnosis.json"
  },
  "system_diagnosis": {
    "probabilities": {
      "正常": 0.979455511838553,
      "幅度失准": 0.006597872014838285,
      "频率失准": 0.00397695283519808,
      "参考电平失准": 0.009969663213465105
    },
    "predicted_class": "正常",
    "max_prob": 0.979455511838553,
    "is_normal": true
  },
  "module_diagnosis": {
    "probabilities": {
      "[RF板][RF] 输入连接/匹配/保护": 0.058823529411764705,
      "[RF板][RF] 输入衰减器组": 0.058823529411764705,
      "[RF板][RF] 低频通路固定滤波/抑制网络": 0.058823529411764705,
      "[RF板][RF] 高频通路固定滤波/抑制网络": 0.058823529411764705,
      "[RF板][Mixer1]": 0.058823529411764705
    },
    "topk": [
      {
        "module": "[RF板][RF] 输入连接/匹配/保护",
        "probability": 0.058823529411764705
      },
      {
        "module": "[RF板][RF] 输入衰减器组",
        "probability": 0.058823529411764705
      },
      {
        "module": "[RF板][RF] 低频通路固定滤波/抑制网络",
        "probability": 0.058823529411764705
      }
    ],
    "disabled_modules": [
      "高频段YTF滤波器",
      "高频段混频器",
      "前置放大器",
      "衰减器"
    ]
  },
  "evidence_detail": {
    "viol_rate": 0.0,
    "envelope_violation": false,
    "violation_max_db": 0.0,
    "violation_energy": 0.10348740993453157,
    "baseline_coverage": 1.0
  },
  "config": {
    "mode": "unified_entry",
    "gating_status": "gated_ok",
    "run_name": null,
    "topk": 3
  },
  "uncertainty": {
    "is_uncertain": false,
    "reason": "",
    "top_class": "正常",
    "runner_up": "参考电平失准",
    "max_prob": 0.979455511838553,
    "second_prob": 0.009969663213465105,
    "prob_gap": 0.9694858486250878,
    "support_top_features": [],
    "support_runnerup_features": [],
    "conflict_features": [],
    "suggested_actions": []
  },
  "module_validation": {
    "sample_id": "sim_00106",
    "gt_module": "本振混频组件",
    "gt_module_v2": "[RF板][LO1] LO1 注入链",
    "top1": "[RF板][RF] 输入连接/匹配/保护",
    "top3": [
      "[RF板][RF] 输入连接/匹配/保护",
      "[RF板][RF] 输入衰减器组",
      "[RF板][RF] 低频通路固定滤波/抑制网络"
    ],
    "top5": [
      "[RF板][RF] 输入连接/匹配/保护",
      "[RF板][RF] 输入衰减器组",
      "[RF板][RF] 低频通路固定滤波/抑制网络",
      "[RF板][RF] 高频通路固定滤波/抑制网络",
      "[RF板][Mixer1]"
    ],
    "gt_rank": -1,
    "gt_prob": 0.0,
    "top1_hit": false,
    "top3_hit": false,
    "top5_hit": false
  },
  "ground_truth": {
    "type": "fault",
    "system_class_en": "freq_error",
    "system_class_cn": "频率失准",
    "module": "本振混频组件",
    "module_v2": "[RF板][LO1] LO1 注入链",
    "fault_params": {
      "severity": "light",
      "tier_target": "in_spec_weak",
      "type": "lo_path_error",
      "track_type": "spike",
      "template_id": "T8",
      "forced_peak_track_type": true,
      "peak_track_profile": {
        "bands": [],
        "track_type": "spike"
      },
      "freq_amp_coupling": {
        "bias_db_min": -0.1,
        "bias_db_max": -0.02
      },
      "peak_track_warning": "peak_freq mismatch too weak"
    }
  }
}