{
  "status": "success",
  "meta": {
    "sample_id": "sim_00135",
    "input_file": "/home/runner/work/FMFD-python/FMFD-python/Output/sim_spectrum/raw_curves/sim_00135.csv",
    "operating_condition": {
      "inject_power_dbm": -10.0,
      "freq_start_hz": 10000000.0,
      "freq_end_hz": 8200000000.0,
      "step_hz": 10000000.0,
      "frontend": {
        "low_band_only": true,
        "ac_coupling": true,
        "preamp": false
      }
    }
  },
  "data_points": 820,
  "frequency_range": {
    "min": 10000000.0,
    "max": 8200000000.0
  },
  "features": {
    "X1": -9.93307231707317,
    "X2": 0.0005928017534205821,
    "X3": 0.00020174064451182128,
    "X4": 0.028813700579195956,
    "X5": 0.2563698460260818,
    "X6": 0.0009532055141433661,
    "X7": 0.08319999999999972,
    "X8": 0.02456134146341461,
    "X9": 0.0008302293410675574,
    "X10": 0.014951879511852131,
    "X11": 0.0,
    "X12": 0.0,
    "X13": 0.1165986537553122,
    "X14": 0.004137179487179514,
    "X15": 0.004397356202145005,
    "X16": 0.02646639180843968,
    "X17": 0.0,
    "X18": 0.0,
    "X19": -8.035756571159227e-05,
    "X20": -0.015170934568321304,
    "X21": 3.0,
    "X22": 0.03899476057720455,
    "X23": 1.9489280487804304e-05,
    "X24": 0.038110070541722996,
    "X25": 1.9489280487804304e-05,
    "X26": 0.00021362229634364625,
    "X27": 2.4962306263922107e-05,
    "X28": 0.16494845359142932,
    "X29": -0.2539109811192427,
    "X30": -0.00044618902439017076,
    "X31": 0.00142257728969337,
    "X32": -1.1577019381261495,
    "X33": 0.5938281221397494,
    "X34": 0.014896217936709803,
    "X35": 0.0003361306130797691,
    "X36": 0.797051784996302,
    "X37": 0.028813700579195956,
    "offset_db": -0.00025000000000030553,
    "viol_rate_aligned": 0.0,
    "viol_energy_aligned": 0.1165986537553122,
    "global_offset_db": 0.0,
    "shape_rmse": 0.004414666520565772,
    "ripple_hp": 0.005013252091630147,
    "tail_asym": 0.001400000000003572,
    "compress_ratio": 0.19634146341463415,
    "compress_ratio_high": 0.19661016949152543,
    "freq_shift_score": 0.010208951187421489,
    "offset_slope": -0.0001863228420668267,
    "high_low_energy_ratio": 0.32987377602925594,
    "band_offset_db_1": -0.004249999999998977,
    "band_offset_db_2": 0.0012499999999988631,
    "band_offset_db_3": -0.0011500000000008725,
    "band_offset_db_4": -0.0001499999999996504
  },
  "system": {
    "probs": {
      "正常": 0.9803096368564357,
      "幅度失准": 0.0060052781243734536,
      "频率失准": 0.004564519271066165,
      "参考电平失准": 0.009120565650093742
    },
    "decision": "正常",
    "confidence": 0.9803096368564357,
    "is_normal": true
  },
  "module": {
    "topk": [
      {
        "module_id": "[RF板][RF] 输入连接/匹配/保护",
        "gamma": 0.058823529411764705
      },
      {
        "module_id": "[RF板][RF] 输入衰减器组",
        "gamma": 0.058823529411764705
      },
      {
        "module_id": "[RF板][RF] 低频通路固定滤波/抑制网络",
        "gamma": 0.058823529411764705
      }
    ],
    "gating": {
      "disabled_modules": [
        "高频段YTF滤波器",
        "高频段混频器",
        "前置放大器",
        "衰减器"
      ],
      "topk_k": 3
    }
  },
  "evidence": {
    "global_offset_db": -0.00025000000000030553,
    "hf_std_db": 0.0036656701898736864,
    "p95_abs_dev_db": 0.007350000000000722,
    "inside_env_frac": 1.0,
    "peak_freq_mae_hz": 57133.76953378977,
    "peak_freq_outlier_frac": 0.0012195121951219512
  },
  "artifacts": {
    "output_json": "Output/batch_diagnosis/sim_00135_diagnosis.json"
  },
  "system_diagnosis": {
    "probabilities": {
      "正常": 0.9803096368564357,
      "幅度失准": 0.0060052781243734536,
      "频率失准": 0.004564519271066165,
      "参考电平失准": 0.009120565650093742
    },
    "predicted_class": "正常",
    "max_prob": 0.9803096368564357,
    "is_normal": true
  },
  "module_diagnosis": {
    "probabilities": {
      "[RF板][RF] 输入连接/匹配/保护": 0.058823529411764705,
      "[RF板][RF] 输入衰减器组": 0.058823529411764705,
      "[RF板][RF] 低频通路固定滤波/抑制网络": 0.058823529411764705,
      "[RF板][RF] 高频通路固定滤波/抑制网络": 0.058823529411764705,
      "[RF板][Mixer1]": 0.058823529411764705
    },
    "topk": [
      {
        "module": "[RF板][RF] 输入连接/匹配/保护",
        "probability": 0.058823529411764705
      },
      {
        "module": "[RF板][RF] 输入衰减器组",
        "probability": 0.058823529411764705
      },
      {
        "module": "[RF板][RF] 低频通路固定滤波/抑制网络",
        "probability": 0.058823529411764705
      }
    ],
    "disabled_modules": [
      "高频段YTF滤波器",
      "高频段混频器",
      "前置放大器",
      "衰减器"
    ]
  },
  "evidence_detail": {
    "viol_rate": 0.0,
    "envelope_violation": false,
    "violation_max_db": 0.0,
    "violation_energy": 0.1165986537553122,
    "baseline_coverage": 1.0
  },
  "config": {
    "mode": "unified_entry",
    "gating_status": "gated_ok",
    "run_name": null,
    "topk": 3
  },
  "uncertainty": {
    "is_uncertain": false,
    "reason": "",
    "top_class": "正常",
    "runner_up": "参考电平失准",
    "max_prob": 0.9803096368564357,
    "second_prob": 0.009120565650093742,
    "prob_gap": 0.9711890712063419,
    "support_top_features": [],
    "support_runnerup_features": [],
    "conflict_features": [],
    "suggested_actions": []
  },
  "module_validation": {
    "sample_id": "sim_00135",
    "gt_module": "时钟合成与同步网络",
    "gt_module_v2": "[LO/时钟板][LO1] 合成链",
    "top1": "[RF板][RF] 输入连接/匹配/保护",
    "top3": [
      "[RF板][RF] 输入连接/匹配/保护",
      "[RF板][RF] 输入衰减器组",
      "[RF板][RF] 低频通路固定滤波/抑制网络"
    ],
    "top5": [
      "[RF板][RF] 输入连接/匹配/保护",
      "[RF板][RF] 输入衰减器组",
      "[RF板][RF] 低频通路固定滤波/抑制网络",
      "[RF板][RF] 高频通路固定滤波/抑制网络",
      "[RF板][Mixer1]"
    ],
    "gt_rank": -1,
    "gt_prob": 0.0,
    "top1_hit": false,
    "top3_hit": false,
    "top5_hit": false
  },
  "ground_truth": {
    "type": "fault",
    "system_class_en": "freq_error",
    "system_class_cn": "频率失准",
    "module": "时钟合成与同步网络",
    "module_v2": "[LO/时钟板][LO1] 合成链",
    "fault_params": {
      "severity": "light",
      "tier_target": "edge",
      "delta_f_hz": 399427.61296913616,
      "ppm": 48.77016031369184,
      "shift_bins": 0.03994276129691362,
      "bandwidth_hz": 8190000000.0,
      "type": "clock_drift",
      "track_type": "spike",
      "template_id": "T8",
      "forced_peak_track_type": true,
      "peak_track_profile": {
        "bands": [],
        "track_type": "spike"
      },
      "freq_amp_coupling": {
        "bias_db_min": -0.1,
        "bias_db_max": -0.02
      }
    }
  }
}