{
  "status": "success",
  "meta": {
    "sample_id": "sim_00247",
    "input_file": "/home/runner/work/FMFD-python/FMFD-python/Output/sim_spectrum/raw_curves/sim_00247.csv",
    "operating_condition": {
      "inject_power_dbm": -10.0,
      "freq_start_hz": 10000000.0,
      "freq_end_hz": 8200000000.0,
      "step_hz": 10000000.0,
      "frontend": {
        "low_band_only": true,
        "ac_coupling": true,
        "preamp": false
      }
    }
  },
  "data_points": 820,
  "frequency_range": {
    "min": 10000000.0,
    "max": 8200000000.0
  },
  "features": {
    "X1": -9.986350609756098,
    "X2": 0.0005777547451913564,
    "X3": 0.00023865506781111816,
    "X4": 0.028316608627971224,
    "X5": 0.2554621448762509,
    "X6": 0.0009079135727989308,
    "X7": 0.08270000000000088,
    "X8": 0.023899634146341484,
    "X9": 0.0008018303241896944,
    "X10": 0.014540376925622826,
    "X11": 0.0,
    "X12": 0.0,
    "X13": 0.1269962044040242,
    "X14": 0.0028098901098900096,
    "X15": 0.002433242744598781,
    "X16": -0.002349925196113221,
    "X17": 0.0,
    "X18": 0.0,
    "X19": -4.993857168724418e-05,
    "X20": -0.09252619211615931,
    "X21": 4.0,
    "X22": 0.03880041520298895,
    "X23": 1.561601219511995e-05,
    "X24": 0.022030361742517712,
    "X25": 1.561601219511995e-05,
    "X26": 0.0008609605102937445,
    "X27": 1.0937024975872767e-05,
    "X28": -0.2660550458442945,
    "X29": -0.0159427032011521,
    "X30": -0.0006974085365851618,
    "X31": 0.0009534314494769878,
    "X32": -1.6375921166301621,
    "X33": 0.5953503183740324,
    "X34": 0.014084974562860947,
    "X35": 0.0003218027040331813,
    "X36": 0.7986096248295915,
    "X37": 0.028316608627971224,
    "offset_db": -0.05260000000000087,
    "viol_rate_aligned": 0.0,
    "viol_energy_aligned": 0.1269962044040242,
    "global_offset_db": -8.881784197001252e-16,
    "shape_rmse": 0.003951710034291325,
    "ripple_hp": 0.0037466903562085887,
    "tail_asym": -0.004399999999996766,
    "compress_ratio": 0.1975609756097561,
    "compress_ratio_high": 0.2,
    "freq_shift_score": 0.007915060832913046,
    "offset_slope": 0.0001473253086990713,
    "high_low_energy_ratio": 0.1613084797676248,
    "band_offset_db_1": -0.0001999999999986457,
    "band_offset_db_2": -1.7763568394002505e-15,
    "band_offset_db_3": -0.0006999999999974804,
    "band_offset_db_4": 0.0002999999999993008
  },
  "system": {
    "probs": {
      "正常": 0.08166486935878453,
      "幅度失准": 0.020763865716662527,
      "频率失准": 0.01887189633991111,
      "参考电平失准": 0.878699368496772
    },
    "decision": "参考电平失准",
    "confidence": 0.878699368496772,
    "is_normal": false
  },
  "module": {
    "topk": [
      {
        "module_id": "[校准链路][校准源]",
        "gamma": 0.43749999999999994
      },
      {
        "module_id": "[校准链路][校准路径开关/耦合]",
        "gamma": 0.3125
      },
      {
        "module_id": "[校准链路][校准表/存储]",
        "gamma": 0.25000000000000006
      }
    ],
    "gating": {
      "disabled_modules": [
        "高频段YTF滤波器",
        "高频段混频器",
        "前置放大器",
        "衰减器"
      ],
      "topk_k": 3
    }
  },
  "evidence": {
    "global_offset_db": -0.05260000000000087,
    "hf_std_db": 0.0030489872061826347,
    "p95_abs_dev_db": 0.009199999999999963,
    "inside_env_frac": 1.0,
    "peak_freq_mae_hz": 4002.466155961042,
    "peak_freq_outlier_frac": 0.0
  },
  "artifacts": {
    "output_json": "Output/batch_diagnosis/sim_00247_diagnosis.json"
  },
  "system_diagnosis": {
    "probabilities": {
      "正常": 0.08166486935878453,
      "幅度失准": 0.020763865716662527,
      "频率失准": 0.01887189633991111,
      "参考电平失准": 0.878699368496772
    },
    "predicted_class": "参考电平失准",
    "max_prob": 0.878699368496772,
    "is_normal": false
  },
  "module_diagnosis": {
    "probabilities": {
      "[校准链路][校准源]": 0.43749999999999994,
      "[校准链路][校准路径开关/耦合]": 0.3125,
      "[校准链路][校准表/存储]": 0.25000000000000006,
      "[RF板][RF] 输入衰减器组": 0.0,
      "[RF板][RF] 低频通路固定滤波/抑制网络": 0.0,
      "[RF板][Mixer1]": 0.0
    },
    "topk": [
      {
        "module": "[校准链路][校准源]",
        "probability": 0.43749999999999994
      },
      {
        "module": "[校准链路][校准路径开关/耦合]",
        "probability": 0.3125
      },
      {
        "module": "[校准链路][校准表/存储]",
        "probability": 0.25000000000000006
      }
    ],
    "disabled_modules": [
      "高频段YTF滤波器",
      "高频段混频器",
      "前置放大器",
      "衰减器"
    ]
  },
  "evidence_detail": {
    "viol_rate": 0.0,
    "envelope_violation": false,
    "violation_max_db": 0.0,
    "violation_energy": 0.1269962044040242,
    "baseline_coverage": 1.0
  },
  "config": {
    "mode": "unified_entry",
    "gating_status": "gated_ok",
    "run_name": null,
    "topk": 3
  },
  "uncertainty": {
    "is_uncertain": false,
    "reason": "",
    "top_class": "参考电平失准",
    "runner_up": "正常",
    "max_prob": 0.878699368496772,
    "second_prob": 0.08166486935878453,
    "prob_gap": 0.7970344991379874,
    "support_top_features": [],
    "support_runnerup_features": [],
    "conflict_features": [],
    "suggested_actions": []
  },
  "module_validation": {
    "sample_id": "sim_00247",
    "gt_module": "校准源",
    "gt_module_v2": "[校准链路][校准源]",
    "top1": "[校准链路][校准源]",
    "top3": [
      "[校准链路][校准源]",
      "[校准链路][校准路径开关/耦合]",
      "[校准链路][校准表/存储]"
    ],
    "top5": [
      "[校准链路][校准源]",
      "[校准链路][校准路径开关/耦合]",
      "[校准链路][校准表/存储]",
      "[RF板][RF] 输入衰减器组",
      "[RF板][RF] 低频通路固定滤波/抑制网络"
    ],
    "gt_rank": 1,
    "gt_prob": 0.43749999999999994,
    "top1_hit": true,
    "top3_hit": true,
    "top5_hit": true
  },
  "ground_truth": {
    "type": "fault",
    "system_class_en": "ref_error",
    "system_class_cn": "参考电平失准",
    "module": "校准源",
    "module_v2": "[校准链路][校准源]",
    "fault_params": {
      "severity": "light",
      "tier_target": "in_spec_weak",
      "type": "ref_miscal",
      "subtype": "ref_error_offset",
      "offset_db": 0.09540055142896964,
      "template_id": "T1",
      "mean_offset_db": -0.05327774517178769
    }
  }
}