{
  "status": "success",
  "meta": {
    "sample_id": "sim_00019",
    "input_file": "/home/runner/work/FMFD-python/FMFD-python/Output/sim_spectrum/raw_curves/sim_00019.csv",
    "operating_condition": {
      "inject_power_dbm": -10.0,
      "freq_start_hz": 10000000.0,
      "freq_end_hz": 8200000000.0,
      "step_hz": 10000000.0,
      "frontend": {
        "low_band_only": true,
        "ac_coupling": true,
        "preamp": false
      }
    }
  },
  "data_points": 820,
  "frequency_range": {
    "min": 10000000.0,
    "max": 8200000000.0
  },
  "features": {
    "X1": -9.931522317073169,
    "X2": 0.012547451641218852,
    "X3": 0.00019655176635425381,
    "X4": 0.11076896862737311,
    "X5": 0.46997937556913527,
    "X6": 0.012513907977558001,
    "X7": 0.08300000000000018,
    "X8": 0.09261134146341465,
    "X9": 0.012269764410771967,
    "X10": 0.019091835472844407,
    "X11": 0.3975609756097561,
    "X12": 0.12504777657908228,
    "X13": 0.020349592098521274,
    "X14": 0.09856373626373639,
    "X15": 0.10828308835769039,
    "X16": -0.0255420391548037,
    "X17": 0.0,
    "X18": 0.0,
    "X19": -0.0001792791575545748,
    "X20": -0.9011991512525483,
    "X21": 0.0,
    "X22": 0.12349673191867817,
    "X23": 0.011102355304878053,
    "X24": 0.1532255044384464,
    "X25": 0.011102355304878053,
    "X26": 0.0018712036823691131,
    "X27": 0.00038305272421869927,
    "X28": 0.029460013670450695,
    "X29": -0.015404866470872906,
    "X30": 0.1810225609756097,
    "X31": 0.011583946251921232,
    "X32": -6.6907260634620656,
    "X33": 0.18777972448560498,
    "X34": 0.03895886102933583,
    "X35": 0.0004412557239314752,
    "X36": 0.9799032417870852,
    "X37": 0.11076896862737311,
    "offset_db": -1.7763568394002505e-15,
    "viol_rate_aligned": 0.3975609756097561,
    "viol_energy_aligned": 0.020349592098521274,
    "global_offset_db": 0.0,
    "shape_rmse": 0.10536771471792511,
    "ripple_hp": 0.01117488855197764,
    "tail_asym": 0.006900000000003431,
    "compress_ratio": 0.2,
    "compress_ratio_high": 0.2,
    "freq_shift_score": 0.6571664594728799,
    "offset_slope": -0.002102408380564057,
    "high_low_energy_ratio": 13.503785332780646,
    "band_offset_db_1": -0.019699999999998496,
    "band_offset_db_2": -0.005299999999998306,
    "band_offset_db_3": 0.010750000000001592,
    "band_offset_db_4": -0.006399999999997519
  },
  "system": {
    "probs": {
      "正常": 3.3395762136444714e-11,
      "幅度失准": 0.9999999997733227,
      "频率失准": 4.791394328430986e-11,
      "参考电平失准": 4.536766047437149e-11
    },
    "decision": "幅度失准",
    "confidence": 0.9999999997733227,
    "is_normal": false
  },
  "module": {
    "topk": [
      {
        "module_id": "[RF板][RF] 低频通路固定滤波/抑制网络",
        "gamma": 0.19285099242708584
      },
      {
        "module_id": "[数字中频板][ADC] 数字检波与平均",
        "gamma": 0.16790674055593582
      },
      {
        "module_id": "[数字中频板][IF] 中频放大/衰减链",
        "gamma": 0.16360143951603998
      }
    ],
    "gating": {
      "disabled_modules": [
        "高频段YTF滤波器",
        "高频段混频器",
        "前置放大器",
        "衰减器"
      ],
      "topk_k": 3
    }
  },
  "evidence": {
    "global_offset_db": -1.7763568394002505e-15,
    "hf_std_db": 0.06637580108385394,
    "p95_abs_dev_db": 0.18532000000000176,
    "inside_env_frac": 0.6024390243902439,
    "peak_freq_mae_hz": 4055.4563411716667,
    "peak_freq_outlier_frac": 0.0
  },
  "artifacts": {
    "output_json": "Output/batch_diagnosis/sim_00019_diagnosis.json"
  },
  "system_diagnosis": {
    "probabilities": {
      "正常": 3.3395762136444714e-11,
      "幅度失准": 0.9999999997733227,
      "频率失准": 4.791394328430986e-11,
      "参考电平失准": 4.536766047437149e-11
    },
    "predicted_class": "幅度失准",
    "max_prob": 0.9999999997733227,
    "is_normal": false
  },
  "module_diagnosis": {
    "probabilities": {
      "[RF板][RF] 低频通路固定滤波/抑制网络": 0.19285099242708584,
      "[数字中频板][ADC] 数字检波与平均": 0.16790674055593582,
      "[数字中频板][IF] 中频放大/衰减链": 0.16360143951603998,
      "[RF板][Mixer1]": 0.13965071865409664,
      "[数字中频板][DSP] 数字增益/偏置校准": 0.10332722495749894,
      "[RF板][RF] 输入连接/匹配/保护": 0.08866712295498201,
      "[数字中频板][IF] RBW数字滤波器": 0.07749541871812422,
      "[RF板][RF] 输入衰减器组": 0.03325017110811825,
      "[RF板][RF] 高频通路固定滤波/抑制网络": 0.03325017110811825
    },
    "topk": [
      {
        "module": "[RF板][RF] 低频通路固定滤波/抑制网络",
        "probability": 0.19285099242708584
      },
      {
        "module": "[数字中频板][ADC] 数字检波与平均",
        "probability": 0.16790674055593582
      },
      {
        "module": "[数字中频板][IF] 中频放大/衰减链",
        "probability": 0.16360143951603998
      }
    ],
    "disabled_modules": [
      "高频段YTF滤波器",
      "高频段混频器",
      "前置放大器",
      "衰减器"
    ]
  },
  "evidence_detail": {
    "viol_rate": 0.3975609756097561,
    "envelope_violation": true,
    "violation_max_db": 0.12504777657908228,
    "violation_energy": 0.020349592098521274,
    "baseline_coverage": 0.6024390243902439
  },
  "config": {
    "mode": "unified_entry",
    "gating_status": "gated_ok",
    "run_name": null,
    "topk": 3
  },
  "uncertainty": {
    "is_uncertain": false,
    "reason": "",
    "top_class": "幅度失准",
    "runner_up": "频率失准",
    "max_prob": 0.9999999997733227,
    "second_prob": 4.791394328430986e-11,
    "prob_gap": 0.9999999997254088,
    "support_top_features": [],
    "support_runnerup_features": [],
    "conflict_features": [],
    "suggested_actions": []
  },
  "module_validation": {
    "sample_id": "sim_00019",
    "gt_module": "中频放大器",
    "gt_module_v2": "中频放大器",
    "top1": "[RF板][RF] 低频通路固定滤波/抑制网络",
    "top3": [
      "[RF板][RF] 低频通路固定滤波/抑制网络",
      "[数字中频板][ADC] 数字检波与平均",
      "[数字中频板][IF] 中频放大/衰减链"
    ],
    "top5": [
      "[RF板][RF] 低频通路固定滤波/抑制网络",
      "[数字中频板][ADC] 数字检波与平均",
      "[数字中频板][IF] 中频放大/衰减链",
      "[RF板][Mixer1]",
      "[数字中频板][DSP] 数字增益/偏置校准"
    ],
    "gt_rank": -1,
    "gt_prob": 0.0,
    "top1_hit": false,
    "top3_hit": false,
    "top5_hit": false
  },
  "ground_truth": {
    "type": "fault",
    "system_class_en": "amp_error",
    "system_class_cn": "幅度失准",
    "module": "中频放大器",
    "module_v2": "中频放大器",
    "fault_params": {
      "severity": "mid",
      "tier_target": "mild_oos",
      "subtype": "amp_error_ripple",
      "ripple_amp_db": 0.11217695453129171,
      "period_norm": 0.1023194654506307,
      "template_id": "T3",
      "mean_offset_db": 0.0015500453681780717
    }
  }
}