{
  "status": "success",
  "meta": {
    "sample_id": "sim_00234",
    "input_file": "/home/runner/work/FMFD-python/FMFD-python/Output/sim_spectrum/raw_curves/sim_00234.csv",
    "operating_condition": {
      "inject_power_dbm": -10.0,
      "freq_start_hz": 10000000.0,
      "freq_end_hz": 8200000000.0,
      "step_hz": 10000000.0,
      "frontend": {
        "low_band_only": true,
        "ac_coupling": true,
        "preamp": false
      }
    }
  },
  "data_points": 820,
  "frequency_range": {
    "min": 10000000.0,
    "max": 8200000000.0
  },
  "features": {
    "X1": -9.994310731707317,
    "X2": 0.0005718241249834774,
    "X3": 0.00022618326010363034,
    "X4": 0.02952629100703824,
    "X5": 0.26562347434564626,
    "X6": 0.0010811822262938736,
    "X7": 0.08089999999999975,
    "X8": 0.02602951219512195,
    "X9": 0.0008718018606323071,
    "X10": 0.017639522315845715,
    "X11": 0.0,
    "X12": 0.0,
    "X13": 0.037997339469270724,
    "X14": 0.0037523809523815183,
    "X15": 0.0021059167400952167,
    "X16": -0.0011020001470091955,
    "X17": 0.0,
    "X18": 0.0,
    "X19": -6.91653549887921e-05,
    "X20": -0.006590354584902869,
    "X21": 4.0,
    "X22": 0.04130952256602355,
    "X23": 2.0984073170729435e-05,
    "X24": 0.010558191060019206,
    "X25": 2.0984073170729435e-05,
    "X26": 0.00025347354378556556,
    "X27": 1.3867861207110782e-05,
    "X28": -0.17948717947176085,
    "X29": 0.31652504836787965,
    "X30": 0.0023487804878050134,
    "X31": 0.0038098999184307237,
    "X32": -1.0700754823100158,
    "X33": 0.545191461278143,
    "X34": 0.016664327088818053,
    "X35": 0.0003213638253565741,
    "X36": 0.8148076587315405,
    "X37": 0.02952629100703824,
    "offset_db": -0.060600000000000875,
    "viol_rate_aligned": 0.0,
    "viol_energy_aligned": 0.037997339469270724,
    "global_offset_db": 0.0,
    "shape_rmse": 0.004580837605801961,
    "ripple_hp": 0.0025990925770776425,
    "tail_asym": -0.0023949999999962873,
    "compress_ratio": 0.19878048780487806,
    "compress_ratio_high": 0.2,
    "freq_shift_score": 0.008039538835739934,
    "offset_slope": -0.0016144290634055726,
    "high_low_energy_ratio": 0.6622566704650479,
    "band_offset_db_1": 0.006950000000000678,
    "band_offset_db_2": 0.003300000000001191,
    "band_offset_db_3": 0.0004000000000008441,
    "band_offset_db_4": -0.00549999999999784
  },
  "system": {
    "probs": {
      "正常": 0.11834922280597204,
      "幅度失准": 0.020636988900132262,
      "频率失准": 0.016599231087669048,
      "参考电平失准": 0.8444145571217851
    },
    "decision": "参考电平失准",
    "confidence": 0.8444145571217851,
    "is_normal": false
  },
  "module": {
    "topk": [
      {
        "module_id": "[校准链路][校准源]",
        "gamma": 0.43749999999999994
      },
      {
        "module_id": "[校准链路][校准路径开关/耦合]",
        "gamma": 0.3125
      },
      {
        "module_id": "[校准链路][校准表/存储]",
        "gamma": 0.25000000000000006
      }
    ],
    "gating": {
      "disabled_modules": [
        "高频段YTF滤波器",
        "高频段混频器",
        "前置放大器",
        "衰减器"
      ],
      "topk_k": 3
    }
  },
  "evidence": {
    "global_offset_db": -0.060600000000000875,
    "hf_std_db": 0.002063045979158246,
    "p95_abs_dev_db": 0.008500000000001506,
    "inside_env_frac": 1.0,
    "peak_freq_mae_hz": 3850.706572762318,
    "peak_freq_outlier_frac": 0.0
  },
  "artifacts": {
    "output_json": "Output/batch_diagnosis/sim_00234_diagnosis.json"
  },
  "system_diagnosis": {
    "probabilities": {
      "正常": 0.11834922280597204,
      "幅度失准": 0.020636988900132262,
      "频率失准": 0.016599231087669048,
      "参考电平失准": 0.8444145571217851
    },
    "predicted_class": "参考电平失准",
    "max_prob": 0.8444145571217851,
    "is_normal": false
  },
  "module_diagnosis": {
    "probabilities": {
      "[校准链路][校准源]": 0.43749999999999994,
      "[校准链路][校准路径开关/耦合]": 0.3125,
      "[校准链路][校准表/存储]": 0.25000000000000006,
      "[RF板][RF] 输入衰减器组": 0.0,
      "[RF板][RF] 低频通路固定滤波/抑制网络": 0.0,
      "[RF板][Mixer1]": 0.0
    },
    "topk": [
      {
        "module": "[校准链路][校准源]",
        "probability": 0.43749999999999994
      },
      {
        "module": "[校准链路][校准路径开关/耦合]",
        "probability": 0.3125
      },
      {
        "module": "[校准链路][校准表/存储]",
        "probability": 0.25000000000000006
      }
    ],
    "disabled_modules": [
      "高频段YTF滤波器",
      "高频段混频器",
      "前置放大器",
      "衰减器"
    ]
  },
  "evidence_detail": {
    "viol_rate": 0.0,
    "envelope_violation": false,
    "violation_max_db": 0.0,
    "violation_energy": 0.037997339469270724,
    "baseline_coverage": 1.0
  },
  "config": {
    "mode": "unified_entry",
    "gating_status": "gated_ok",
    "run_name": null,
    "topk": 3
  },
  "uncertainty": {
    "is_uncertain": false,
    "reason": "",
    "top_class": "参考电平失准",
    "runner_up": "正常",
    "max_prob": 0.8444145571217851,
    "second_prob": 0.11834922280597204,
    "prob_gap": 0.7260653343158131,
    "support_top_features": [],
    "support_runnerup_features": [],
    "conflict_features": [],
    "suggested_actions": []
  },
  "module_validation": {
    "sample_id": "sim_00234",
    "gt_module": "存储器",
    "gt_module_v2": "[校准链路][校准表/存储]",
    "top1": "[校准链路][校准源]",
    "top3": [
      "[校准链路][校准源]",
      "[校准链路][校准路径开关/耦合]",
      "[校准链路][校准表/存储]"
    ],
    "top5": [
      "[校准链路][校准源]",
      "[校准链路][校准路径开关/耦合]",
      "[校准链路][校准表/存储]",
      "[RF板][RF] 输入衰减器组",
      "[RF板][RF] 低频通路固定滤波/抑制网络"
    ],
    "gt_rank": 3,
    "gt_prob": 0.25000000000000006,
    "top1_hit": false,
    "top3_hit": true,
    "top5_hit": true
  },
  "ground_truth": {
    "type": "fault",
    "system_class_en": "ref_error",
    "system_class_cn": "参考电平失准",
    "module": "存储器",
    "module_v2": "[校准链路][校准表/存储]",
    "fault_params": {
      "severity": "light",
      "tier_target": "in_spec_weak",
      "type": "ref_miscal",
      "subtype": "ref_error_offset",
      "offset_db": -0.09741860780851078,
      "template_id": "T1",
      "mean_offset_db": -0.06123717912239631
    }
  }
}