{
  "status": "success",
  "meta": {
    "sample_id": "sim_00364",
    "input_file": "/home/runner/work/FMFD-python/FMFD-python/Output/sim_spectrum/raw_curves/sim_00364.csv",
    "operating_condition": {
      "inject_power_dbm": -10.0,
      "freq_start_hz": 10000000.0,
      "freq_end_hz": 8200000000.0,
      "step_hz": 10000000.0,
      "frontend": {
        "low_band_only": true,
        "ac_coupling": true,
        "preamp": false
      }
    }
  },
  "data_points": 820,
  "frequency_range": {
    "min": 10000000.0,
    "max": 8200000000.0
  },
  "features": {
    "X1": -9.912969512195122,
    "X2": 0.0006263269050746909,
    "X3": 0.00020179668902099856,
    "X4": 0.028806004214430067,
    "X5": 0.23972471920613703,
    "X6": 0.0009070176314693627,
    "X7": 0.09390000000000143,
    "X8": 0.024040487804878042,
    "X9": 0.0008297858788017626,
    "X10": 0.012801556872432562,
    "X11": 0.0,
    "X12": 0.0,
    "X13": 0.08803060280778158,
    "X14": 0.007498168498168403,
    "X15": 0.011433103169041682,
    "X16": -0.0069297896592821215,
    "X17": 0.0,
    "X18": 0.0,
    "X19": -6.691535150643566e-05,
    "X20": 0.04387719861130446,
    "X21": 5.0,
    "X22": 0.032598642468723266,
    "X23": 0.00013693197560975568,
    "X24": 0.019137106151932093,
    "X25": 0.00013693197560975568,
    "X26": 0.0010856452125475838,
    "X27": 0.00018772302965390926,
    "X28": -0.04905893242675088,
    "X29": 0.43375181279286973,
    "X30": 0.0014474085365854712,
    "X31": 0.005552023469367046,
    "X32": -4.137702138988009,
    "X33": 0.5972942999390559,
    "X34": 0.014966941599384017,
    "X35": 0.0003235880462638708,
    "X36": 0.8042209491096005,
    "X37": 0.028806004214430067,
    "offset_db": 0.019999999999999574,
    "viol_rate_aligned": 0.0,
    "viol_energy_aligned": 0.08803060280778158,
    "global_offset_db": 0.0,
    "shape_rmse": 0.011701793691983963,
    "ripple_hp": 0.003502434713033772,
    "tail_asym": -0.0022999999999982826,
    "compress_ratio": 0.2,
    "compress_ratio_high": 0.2,
    "freq_shift_score": 0.07351977380606178,
    "offset_slope": 0.0007858663622307688,
    "high_low_energy_ratio": 33.289407319836684,
    "band_offset_db_1": 0.00019999999999953388,
    "band_offset_db_2": -0.0016000000000016001,
    "band_offset_db_3": -0.00354999999999972,
    "band_offset_db_4": 0.0038000000000000256
  },
  "system": {
    "probs": {
      "正常": 0.9805489500746212,
      "幅度失准": 0.006160940901887517,
      "频率失准": 0.004911857589827129,
      "参考电平失准": 0.008378251335609273
    },
    "decision": "正常",
    "confidence": 0.9805489500746212,
    "is_normal": true
  },
  "module": {
    "topk": [
      {
        "module_id": "[RF板][RF] 输入连接/匹配/保护",
        "gamma": 0.058823529411764705
      },
      {
        "module_id": "[RF板][RF] 输入衰减器组",
        "gamma": 0.058823529411764705
      },
      {
        "module_id": "[RF板][RF] 低频通路固定滤波/抑制网络",
        "gamma": 0.058823529411764705
      }
    ],
    "gating": {
      "disabled_modules": [
        "高频段YTF滤波器",
        "高频段混频器",
        "前置放大器",
        "衰减器"
      ],
      "topk_k": 3
    }
  },
  "evidence": {
    "global_offset_db": 0.019999999999999574,
    "hf_std_db": 0.007000221023796195,
    "p95_abs_dev_db": 0.021010000000002364,
    "inside_env_frac": 1.0,
    "peak_freq_mae_hz": 3893.3260770763704,
    "peak_freq_outlier_frac": 0.0
  },
  "artifacts": {
    "output_json": "Output/batch_diagnosis/sim_00364_diagnosis.json"
  },
  "system_diagnosis": {
    "probabilities": {
      "正常": 0.9805489500746212,
      "幅度失准": 0.006160940901887517,
      "频率失准": 0.004911857589827129,
      "参考电平失准": 0.008378251335609273
    },
    "predicted_class": "正常",
    "max_prob": 0.9805489500746212,
    "is_normal": true
  },
  "module_diagnosis": {
    "probabilities": {
      "[RF板][RF] 输入连接/匹配/保护": 0.058823529411764705,
      "[RF板][RF] 输入衰减器组": 0.058823529411764705,
      "[RF板][RF] 低频通路固定滤波/抑制网络": 0.058823529411764705,
      "[RF板][RF] 高频通路固定滤波/抑制网络": 0.058823529411764705,
      "[RF板][Mixer1]": 0.058823529411764705
    },
    "topk": [
      {
        "module": "[RF板][RF] 输入连接/匹配/保护",
        "probability": 0.058823529411764705
      },
      {
        "module": "[RF板][RF] 输入衰减器组",
        "probability": 0.058823529411764705
      },
      {
        "module": "[RF板][RF] 低频通路固定滤波/抑制网络",
        "probability": 0.058823529411764705
      }
    ],
    "disabled_modules": [
      "高频段YTF滤波器",
      "高频段混频器",
      "前置放大器",
      "衰减器"
    ]
  },
  "evidence_detail": {
    "viol_rate": 0.0,
    "envelope_violation": false,
    "violation_max_db": 0.0,
    "violation_energy": 0.08803060280778158,
    "baseline_coverage": 1.0
  },
  "config": {
    "mode": "unified_entry",
    "gating_status": "gated_ok",
    "run_name": null,
    "topk": 3
  },
  "uncertainty": {
    "is_uncertain": false,
    "reason": "",
    "top_class": "正常",
    "runner_up": "参考电平失准",
    "max_prob": 0.9805489500746212,
    "second_prob": 0.008378251335609273,
    "prob_gap": 0.9721706987390119,
    "support_top_features": [],
    "support_runnerup_features": [],
    "conflict_features": [],
    "suggested_actions": []
  },
  "module_validation": {
    "sample_id": "sim_00364",
    "gt_module": null,
    "gt_module_v2": null,
    "top1": "[RF板][RF] 输入连接/匹配/保护",
    "top3": [
      "[RF板][RF] 输入连接/匹配/保护",
      "[RF板][RF] 输入衰减器组",
      "[RF板][RF] 低频通路固定滤波/抑制网络"
    ],
    "top5": [
      "[RF板][RF] 输入连接/匹配/保护",
      "[RF板][RF] 输入衰减器组",
      "[RF板][RF] 低频通路固定滤波/抑制网络",
      "[RF板][RF] 高频通路固定滤波/抑制网络",
      "[RF板][Mixer1]"
    ],
    "gt_rank": -1,
    "gt_prob": 0.0,
    "top1_hit": false,
    "top3_hit": false,
    "top5_hit": false
  },
  "ground_truth": {
    "type": "normal",
    "system_class_en": "normal",
    "system_class_cn": "正常",
    "module": null,
    "module_v2": null,
    "fault_params": {
      "severity": "light",
      "tier_target": "in_spec_weak",
      "type": "normal",
      "normal_state": "normal_state_A"
    }
  }
}