{
  "status": "success",
  "meta": {
    "sample_id": "sim_00105",
    "input_file": "/home/runner/work/FMFD-python/FMFD-python/Output/sim_spectrum/raw_curves/sim_00105.csv",
    "operating_condition": {
      "inject_power_dbm": -10.0,
      "freq_start_hz": 10000000.0,
      "freq_end_hz": 8200000000.0,
      "step_hz": 10000000.0,
      "frontend": {
        "low_band_only": true,
        "ac_coupling": true,
        "preamp": false
      }
    }
  },
  "data_points": 820,
  "frequency_range": {
    "min": 10000000.0,
    "max": 8200000000.0
  },
  "features": {
    "X1": -9.933073170731706,
    "X2": 0.000572620175986517,
    "X3": 0.0002116469195924276,
    "X4": 0.02785156845969002,
    "X5": 0.28839003182179984,
    "X6": 0.0009000180362879241,
    "X7": 0.0669000000000004,
    "X8": 0.024118048780487816,
    "X9": 0.0007757098656647998,
    "X10": 0.014372967996980122,
    "X11": 0.0,
    "X12": 0.0,
    "X13": 0.13907077839809007,
    "X14": 0.0036606227106228202,
    "X15": 0.0053678246132276555,
    "X16": 0.07647489176286514,
    "X17": -0.0004999999999999449,
    "X18": 0.0,
    "X19": -9.505383683192227e-05,
    "X20": -0.18357948858730966,
    "X21": 3.0,
    "X22": 0.03951392907814841,
    "X23": 2.133391230563881e-05,
    "X24": 0.06094073340831285,
    "X25": 2.6452597560974945e-05,
    "X26": 0.00010547266027175915,
    "X27": 5.083097859626956e-05,
    "X28": 0.043103448272368186,
    "X29": 0.2468181639848123,
    "X30": -0.0013246951219510919,
    "X31": 0.0016921035154386984,
    "X32": -0.8541977689943868,
    "X33": 0.5433515719986811,
    "X34": 0.014644875018255045,
    "X35": 0.0002657131626018801,
    "X36": 0.8273657312592382,
    "X37": 0.02785156845969002,
    "offset_db": -0.0001500000000005386,
    "viol_rate_aligned": 0.0,
    "viol_energy_aligned": 0.13907077839809007,
    "global_offset_db": 0.0,
    "shape_rmse": 0.005143208877828602,
    "ripple_hp": 0.006079710250706495,
    "tail_asym": 0.0009000000000013667,
    "compress_ratio": 0.2,
    "compress_ratio_high": 0.19661016949152543,
    "freq_shift_score": 0.013941890977164584,
    "offset_slope": -0.00021162565388816072,
    "high_low_energy_ratio": 0.5891544349261021,
    "band_offset_db_1": 0.0038999999999997925,
    "band_offset_db_2": 0.00045000000000250395,
    "band_offset_db_3": -0.0007499999999982521,
    "band_offset_db_4": -0.0002500000000011937
  },
  "system": {
    "probs": {
      "正常": 0.984473190897712,
      "幅度失准": 0.005369792981046372,
      "频率失准": 0.005334585007543764,
      "参考电平失准": 0.004822431015250478
    },
    "decision": "正常",
    "confidence": 0.984473190897712,
    "is_normal": true
  },
  "module": {
    "topk": [
      {
        "module_id": "[RF板][RF] 输入连接/匹配/保护",
        "gamma": 0.058823529411764705
      },
      {
        "module_id": "[RF板][RF] 输入衰减器组",
        "gamma": 0.058823529411764705
      },
      {
        "module_id": "[RF板][RF] 低频通路固定滤波/抑制网络",
        "gamma": 0.058823529411764705
      }
    ],
    "gating": {
      "disabled_modules": [
        "高频段YTF滤波器",
        "高频段混频器",
        "前置放大器",
        "衰减器"
      ],
      "topk_k": 3
    }
  },
  "evidence": {
    "global_offset_db": -0.0001500000000005386,
    "hf_std_db": 0.004531417888332602,
    "p95_abs_dev_db": 0.009549999999999148,
    "inside_env_frac": 1.0,
    "peak_freq_mae_hz": 90688.54485118469,
    "peak_freq_outlier_frac": 0.0024390243902439024
  },
  "artifacts": {
    "output_json": "Output/batch_diagnosis/sim_00105_diagnosis.json"
  },
  "system_diagnosis": {
    "probabilities": {
      "正常": 0.984473190897712,
      "幅度失准": 0.005369792981046372,
      "频率失准": 0.005334585007543764,
      "参考电平失准": 0.004822431015250478
    },
    "predicted_class": "正常",
    "max_prob": 0.984473190897712,
    "is_normal": true
  },
  "module_diagnosis": {
    "probabilities": {
      "[RF板][RF] 输入连接/匹配/保护": 0.058823529411764705,
      "[RF板][RF] 输入衰减器组": 0.058823529411764705,
      "[RF板][RF] 低频通路固定滤波/抑制网络": 0.058823529411764705,
      "[RF板][RF] 高频通路固定滤波/抑制网络": 0.058823529411764705,
      "[RF板][Mixer1]": 0.058823529411764705
    },
    "topk": [
      {
        "module": "[RF板][RF] 输入连接/匹配/保护",
        "probability": 0.058823529411764705
      },
      {
        "module": "[RF板][RF] 输入衰减器组",
        "probability": 0.058823529411764705
      },
      {
        "module": "[RF板][RF] 低频通路固定滤波/抑制网络",
        "probability": 0.058823529411764705
      }
    ],
    "disabled_modules": [
      "高频段YTF滤波器",
      "高频段混频器",
      "前置放大器",
      "衰减器"
    ]
  },
  "evidence_detail": {
    "viol_rate": 0.0,
    "envelope_violation": false,
    "violation_max_db": 0.0,
    "violation_energy": 0.13907077839809007,
    "baseline_coverage": 1.0
  },
  "config": {
    "mode": "unified_entry",
    "gating_status": "gated_ok",
    "run_name": null,
    "topk": 3
  },
  "uncertainty": {
    "is_uncertain": false,
    "reason": "",
    "top_class": "正常",
    "runner_up": "幅度失准",
    "max_prob": 0.984473190897712,
    "second_prob": 0.005369792981046372,
    "prob_gap": 0.9791033979166657,
    "support_top_features": [],
    "support_runnerup_features": [],
    "conflict_features": [],
    "suggested_actions": []
  },
  "module_validation": {
    "sample_id": "sim_00105",
    "gt_module": "时钟振荡器",
    "gt_module_v2": "[LO/时钟板][LO1] 合成链",
    "top1": "[RF板][RF] 输入连接/匹配/保护",
    "top3": [
      "[RF板][RF] 输入连接/匹配/保护",
      "[RF板][RF] 输入衰减器组",
      "[RF板][RF] 低频通路固定滤波/抑制网络"
    ],
    "top5": [
      "[RF板][RF] 输入连接/匹配/保护",
      "[RF板][RF] 输入衰减器组",
      "[RF板][RF] 低频通路固定滤波/抑制网络",
      "[RF板][RF] 高频通路固定滤波/抑制网络",
      "[RF板][Mixer1]"
    ],
    "gt_rank": -1,
    "gt_prob": 0.0,
    "top1_hit": false,
    "top3_hit": false,
    "top5_hit": false
  },
  "ground_truth": {
    "type": "fault",
    "system_class_en": "freq_error",
    "system_class_cn": "频率失准",
    "module": "时钟振荡器",
    "module_v2": "[LO/时钟板][LO1] 合成链",
    "fault_params": {
      "severity": "light",
      "tier_target": "in_spec_weak",
      "delta_f_hz": 65520.00000000001,
      "ppm": 8.000000000000002,
      "shift_bins": 0.0065520000000000005,
      "bandwidth_hz": 8190000000.0,
      "warp_scale": 1.0003660994268733,
      "warp_bias": 7.990243902439025e-06,
      "type": "freq_miscal",
      "track_type": "spike",
      "template_id": "T8",
      "forced_peak_track_type": true,
      "peak_track_profile": {
        "bands": [],
        "track_type": "spike"
      },
      "freq_amp_coupling": {
        "bias_db_min": -0.1,
        "bias_db_max": -0.02
      },
      "peak_track_warning": "peak_freq mismatch too weak"
    }
  }
}