{
  "status": "success",
  "meta": {
    "sample_id": "sim_00059",
    "input_file": "/home/runner/work/FMFD-python/FMFD-python/Output/sim_spectrum/raw_curves/sim_00059.csv",
    "operating_condition": {
      "inject_power_dbm": -10.0,
      "freq_start_hz": 10000000.0,
      "freq_end_hz": 8200000000.0,
      "step_hz": 10000000.0,
      "frontend": {
        "low_band_only": true,
        "ac_coupling": true,
        "preamp": false
      }
    }
  },
  "data_points": 820,
  "frequency_range": {
    "min": 10000000.0,
    "max": 8200000000.0
  },
  "features": {
    "X1": -9.933072073170731,
    "X2": 0.0006252153592438369,
    "X3": 0.0002089094445880252,
    "X4": 0.02896077072027498,
    "X5": 0.26059645158255834,
    "X6": 0.0009572883298483049,
    "X7": 0.08280000000000065,
    "X8": 0.024587926829268286,
    "X9": 0.0008387262407123365,
    "X10": 0.01496719548463299,
    "X11": 0.0,
    "X12": 0.0,
    "X13": 0.055883209489110026,
    "X14": 0.0016906593406593566,
    "X15": 0.0017693041072172919,
    "X16": -0.0018284703153499493,
    "X17": 0.0,
    "X18": 0.0,
    "X19": -7.213884748782535e-05,
    "X20": -0.023931052199564373,
    "X21": 4.0,
    "X22": 0.04089055931025273,
    "X23": 3.828012195122059e-06,
    "X24": 0.00920447541979863,
    "X25": 3.828012195122059e-06,
    "X26": 0.0002970445383523849,
    "X27": 6.798223459649913e-06,
    "X28": -0.17021276592084533,
    "X29": -0.5246571151062415,
    "X30": 0.0004925304878049866,
    "X31": 0.0003138270514207011,
    "X32": -0.2909668680980137,
    "X33": 0.5765595427096599,
    "X34": 0.014808235562563747,
    "X35": 0.0003182226542091747,
    "X36": 0.8097265410741201,
    "X37": 0.02896077072027498,
    "offset_db": 0.0001499999999996504,
    "viol_rate_aligned": 0.0,
    "viol_energy_aligned": 0.055883209489110026,
    "global_offset_db": 0.0,
    "shape_rmse": 0.0019565306527427723,
    "ripple_hp": 0.002414799263798644,
    "tail_asym": -0.000700000000000145,
    "compress_ratio": 0.19390243902439025,
    "compress_ratio_high": 0.19661016949152543,
    "freq_shift_score": 0.0019874455584615314,
    "offset_slope": -0.00010147753081705617,
    "high_low_energy_ratio": 0.2649564023473926,
    "band_offset_db_1": -0.0005499999999987182,
    "band_offset_db_2": 0.00024999999999941735,
    "band_offset_db_3": -4.999999999899529e-05,
    "band_offset_db_4": -0.0001499999999996504
  },
  "system": {
    "probs": {
      "正常": 0.9142286026402332,
      "幅度失准": 0.020624999523531085,
      "频率失准": 0.012799918197871116,
      "参考电平失准": 0.05234647954694168
    },
    "decision": "正常",
    "confidence": 0.9142286026402332,
    "is_normal": true
  },
  "module": {
    "topk": [
      {
        "module_id": "[校准链路][校准源]",
        "gamma": 0.313842957461087
      },
      {
        "module_id": "[校准链路][校准路径开关/耦合]",
        "gamma": 0.22417354104363357
      },
      {
        "module_id": "[校准链路][校准表/存储]",
        "gamma": 0.1793388328349069
      }
    ],
    "gating": {
      "disabled_modules": [
        "高频段YTF滤波器",
        "高频段混频器",
        "前置放大器",
        "衰减器"
      ],
      "topk_k": 3
    }
  },
  "evidence": {
    "global_offset_db": 0.0001499999999996504,
    "hf_std_db": 0.001703183670241973,
    "p95_abs_dev_db": 0.0038500000000016854,
    "inside_env_frac": 1.0,
    "peak_freq_mae_hz": 3833.0900371932835,
    "peak_freq_outlier_frac": 0.0
  },
  "artifacts": {
    "output_json": "Output/batch_diagnosis/sim_00059_diagnosis.json"
  },
  "system_diagnosis": {
    "probabilities": {
      "正常": 0.9142286026402332,
      "幅度失准": 0.020624999523531085,
      "频率失准": 0.012799918197871116,
      "参考电平失准": 0.05234647954694168
    },
    "predicted_class": "正常",
    "max_prob": 0.9142286026402332,
    "is_normal": true
  },
  "module_diagnosis": {
    "probabilities": {
      "[校准链路][校准源]": 0.313842957461087,
      "[校准链路][校准路径开关/耦合]": 0.22417354104363357,
      "[校准链路][校准表/存储]": 0.1793388328349069,
      "[RF板][RF] 低频通路固定滤波/抑制网络": 0.05450830485537768,
      "[数字中频板][ADC] 数字检波与平均": 0.04745794505027561,
      "[数字中频板][IF] 中频放大/衰减链": 0.04624107466437111,
      "[RF板][Mixer1]": 0.039471531102170054,
      "[数字中频板][DSP] 数字增益/偏置校准": 0.029204889261708066,
      "[RF板][RF] 输入连接/匹配/保护": 0.0250612895886794,
      "[数字中频板][IF] RBW数字滤波器": 0.02190366694628105
    },
    "topk": [
      {
        "module": "[校准链路][校准源]",
        "probability": 0.313842957461087
      },
      {
        "module": "[校准链路][校准路径开关/耦合]",
        "probability": 0.22417354104363357
      },
      {
        "module": "[校准链路][校准表/存储]",
        "probability": 0.1793388328349069
      }
    ],
    "disabled_modules": [
      "高频段YTF滤波器",
      "高频段混频器",
      "前置放大器",
      "衰减器"
    ]
  },
  "evidence_detail": {
    "viol_rate": 0.0,
    "envelope_violation": false,
    "violation_max_db": 0.0,
    "violation_energy": 0.055883209489110026,
    "baseline_coverage": 1.0
  },
  "config": {
    "mode": "unified_entry",
    "gating_status": "gated_ok",
    "run_name": null,
    "topk": 3
  },
  "uncertainty": {
    "is_uncertain": false,
    "reason": "",
    "top_class": "正常",
    "runner_up": "参考电平失准",
    "max_prob": 0.9142286026402332,
    "second_prob": 0.05234647954694168,
    "prob_gap": 0.8618821230932915,
    "support_top_features": [],
    "support_runnerup_features": [],
    "conflict_features": [],
    "suggested_actions": []
  },
  "module_validation": {
    "sample_id": "sim_00059",
    "gt_module": "数字检波器",
    "gt_module_v2": "[数字中频板][检波/对数]",
    "top1": "[校准链路][校准源]",
    "top3": [
      "[校准链路][校准源]",
      "[校准链路][校准路径开关/耦合]",
      "[校准链路][校准表/存储]"
    ],
    "top5": [
      "[校准链路][校准源]",
      "[校准链路][校准路径开关/耦合]",
      "[校准链路][校准表/存储]",
      "[RF板][RF] 低频通路固定滤波/抑制网络",
      "[数字中频板][ADC] 数字检波与平均"
    ],
    "gt_rank": -1,
    "gt_prob": 0.0,
    "top1_hit": false,
    "top3_hit": false,
    "top5_hit": false
  },
  "ground_truth": {
    "type": "fault",
    "system_class_en": "amp_error",
    "system_class_cn": "幅度失准",
    "module": "数字检波器",
    "module_v2": "[数字中频板][检波/对数]",
    "fault_params": {
      "severity": "light",
      "tier_target": "in_spec_weak",
      "type": "vbw_smoothing",
      "subtype": "amp_error_offset",
      "offset_db": 0.06233029474849079,
      "template_id": "T1"
    }
  }
}