{
  "status": "success",
  "meta": {
    "sample_id": "sim_00272",
    "input_file": "/home/runner/work/FMFD-python/FMFD-python/Output/sim_spectrum/raw_curves/sim_00272.csv",
    "operating_condition": {
      "inject_power_dbm": -10.0,
      "freq_start_hz": 10000000.0,
      "freq_end_hz": 8200000000.0,
      "step_hz": 10000000.0,
      "frontend": {
        "low_band_only": true,
        "ac_coupling": true,
        "preamp": false
      }
    }
  },
  "data_points": 820,
  "frequency_range": {
    "min": 10000000.0,
    "max": 8200000000.0
  },
  "features": {
    "X1": -9.878630121951218,
    "X2": 0.0005507848365308349,
    "X3": 0.00022570783398854604,
    "X4": 0.02864917657249932,
    "X5": 0.2735968550611974,
    "X6": 0.0010523760316924458,
    "X7": 0.08230000000000004,
    "X8": 0.025752073170731717,
    "X9": 0.0008207753182822438,
    "X10": 0.017929119018774173,
    "X11": 0.0,
    "X12": 0.0,
    "X13": 0.04009543232082349,
    "X14": 0.005557875457875746,
    "X15": 0.002982080966207854,
    "X16": -0.0006856507861333946,
    "X17": 0.0,
    "X18": 0.0,
    "X19": -7.805894889330404e-05,
    "X20": 0.021581739473150563,
    "X21": 7.0,
    "X22": 0.03904789514498332,
    "X23": 2.704335365853522e-05,
    "X24": 0.016037236708175584,
    "X25": 2.704335365853522e-05,
    "X26": 0.00012945848174169584,
    "X27": 1.0252729666194042e-05,
    "X28": 0.02255639097569341,
    "X29": -0.39026304501149334,
    "X30": 0.0017480182926830068,
    "X31": 0.004539978399369842,
    "X32": -0.559618503148608,
    "X33": 0.5563056162916988,
    "X34": 0.01728430137448639,
    "X35": 0.0003256850603120929,
    "X36": 0.8008257898985223,
    "X37": 0.02864917657249932,
    "offset_db": 0.05429999999999957,
    "viol_rate_aligned": 0.0,
    "viol_energy_aligned": 0.04009543232082349,
    "global_offset_db": 0.0,
    "shape_rmse": 0.005200322457168903,
    "ripple_hp": 0.0032203602797025196,
    "tail_asym": 0.0009949999999978587,
    "compress_ratio": 0.1975609756097561,
    "compress_ratio_high": 0.2,
    "freq_shift_score": 0.012189433555186313,
    "offset_slope": -0.0019306138243483535,
    "high_low_energy_ratio": 0.46372092801403303,
    "band_offset_db_1": 0.00870000000000104,
    "band_offset_db_2": 0.0051000000000005485,
    "band_offset_db_3": -0.0008999999999996788,
    "band_offset_db_4": -0.004799999999997695
  },
  "system": {
    "probs": {
      "正常": 0.48066137358694017,
      "幅度失准": 0.04477514171573636,
      "频率失准": 0.022491378952618084,
      "参考电平失准": 0.45207210569663914
    },
    "decision": "正常",
    "confidence": 0.48066137358694017,
    "is_normal": true
  },
  "module": {
    "topk": [
      {
        "module_id": "[校准链路][校准源]",
        "gamma": 0.43749999999999994
      },
      {
        "module_id": "[校准链路][校准路径开关/耦合]",
        "gamma": 0.3125
      },
      {
        "module_id": "[校准链路][校准表/存储]",
        "gamma": 0.25000000000000006
      }
    ],
    "gating": {
      "disabled_modules": [
        "高频段YTF滤波器",
        "高频段混频器",
        "前置放大器",
        "衰减器"
      ],
      "topk_k": 3
    }
  },
  "evidence": {
    "global_offset_db": 0.05429999999999957,
    "hf_std_db": 0.0023118031945989453,
    "p95_abs_dev_db": 0.009709999999998678,
    "inside_env_frac": 1.0,
    "peak_freq_mae_hz": 4095.8629699723706,
    "peak_freq_outlier_frac": 0.0
  },
  "artifacts": {
    "output_json": "Output/batch_diagnosis/sim_00272_diagnosis.json"
  },
  "system_diagnosis": {
    "probabilities": {
      "正常": 0.48066137358694017,
      "幅度失准": 0.04477514171573636,
      "频率失准": 0.022491378952618084,
      "参考电平失准": 0.45207210569663914
    },
    "predicted_class": "正常",
    "max_prob": 0.48066137358694017,
    "is_normal": true
  },
  "module_diagnosis": {
    "probabilities": {
      "[校准链路][校准源]": 0.43749999999999994,
      "[校准链路][校准路径开关/耦合]": 0.3125,
      "[校准链路][校准表/存储]": 0.25000000000000006,
      "[RF板][RF] 输入衰减器组": 0.0,
      "[RF板][RF] 低频通路固定滤波/抑制网络": 0.0,
      "[RF板][Mixer1]": 0.0
    },
    "topk": [
      {
        "module": "[校准链路][校准源]",
        "probability": 0.43749999999999994
      },
      {
        "module": "[校准链路][校准路径开关/耦合]",
        "probability": 0.3125
      },
      {
        "module": "[校准链路][校准表/存储]",
        "probability": 0.25000000000000006
      }
    ],
    "disabled_modules": [
      "高频段YTF滤波器",
      "高频段混频器",
      "前置放大器",
      "衰减器"
    ]
  },
  "evidence_detail": {
    "viol_rate": 0.0,
    "envelope_violation": false,
    "violation_max_db": 0.0,
    "violation_energy": 0.04009543232082349,
    "baseline_coverage": 1.0
  },
  "config": {
    "mode": "unified_entry",
    "gating_status": "gated_ok",
    "run_name": null,
    "topk": 3
  },
  "uncertainty": {
    "is_uncertain": true,
    "reason": "max_prob(48.07%) < 55% && prob_gap(2.86%) < 10%",
    "top_class": "正常",
    "runner_up": "参考电平失准",
    "max_prob": 0.48066137358694017,
    "second_prob": 0.45207210569663914,
    "prob_gap": 0.02858926789030103,
    "support_top_features": [],
    "support_runnerup_features": [
      {
        "feature": "X1",
        "contribution": 4.939315060975609
      },
      {
        "feature": "X21",
        "contribution": 2.1
      },
      {
        "feature": "X5",
        "contribution": 0.1367984275305987
      },
      {
        "feature": "X7",
        "contribution": 0.04938000000000002
      },
      {
        "feature": "X13",
        "contribution": 0.028066802624576444
      }
    ],
    "conflict_features": [
      {
        "feature": "X4",
        "top_contrib": 0.0028649176572499322,
        "runnerup_contrib": 0.0028649176572499322
      },
      {
        "feature": "X16",
        "top_contrib": 6.856507861333946e-05,
        "runnerup_contrib": 6.856507861333946e-05
      }
    ],
    "suggested_actions": [
      "当前诊断为正常，但置信度较低",
      "建议增加测试样本或更换测试信号",
      "复测参考电平校准点",
      "建议重复测试或更换测试点以提高置信度"
    ]
  },
  "module_validation": {
    "sample_id": "sim_00272",
    "gt_module": "存储器",
    "gt_module_v2": "[校准链路][校准表/存储]",
    "top1": "[校准链路][校准源]",
    "top3": [
      "[校准链路][校准源]",
      "[校准链路][校准路径开关/耦合]",
      "[校准链路][校准表/存储]"
    ],
    "top5": [
      "[校准链路][校准源]",
      "[校准链路][校准路径开关/耦合]",
      "[校准链路][校准表/存储]",
      "[RF板][RF] 输入衰减器组",
      "[RF板][RF] 低频通路固定滤波/抑制网络"
    ],
    "gt_rank": 3,
    "gt_prob": 0.25000000000000006,
    "top1_hit": false,
    "top3_hit": true,
    "top5_hit": true
  },
  "ground_truth": {
    "type": "fault",
    "system_class_en": "ref_error",
    "system_class_cn": "参考电平失准",
    "module": "存储器",
    "module_v2": "[校准链路][校准表/存储]",
    "fault_params": {
      "severity": "mid",
      "tier_target": "edge",
      "type": "ref_miscal",
      "subtype": "ref_error_offset",
      "offset_db": -0.10002351118138746,
      "template_id": "T1",
      "mean_offset_db": 0.05444306968520933
    }
  }
}