{
  "status": "success",
  "meta": {
    "sample_id": "sim_00094",
    "input_file": "/home/runner/work/FMFD-python/FMFD-python/Output/sim_spectrum/raw_curves/sim_00094.csv",
    "operating_condition": {
      "inject_power_dbm": -10.0,
      "freq_start_hz": 10000000.0,
      "freq_end_hz": 8200000000.0,
      "step_hz": 10000000.0,
      "frontend": {
        "low_band_only": true,
        "ac_coupling": true,
        "preamp": false
      }
    }
  },
  "data_points": 820,
  "frequency_range": {
    "min": 10000000.0,
    "max": 8200000000.0
  },
  "features": {
    "X1": -9.933071585365855,
    "X2": 0.0011290766046582728,
    "X3": 1.1098853264054227e-05,
    "X4": 0.03474740441283974,
    "X5": 0.38112053280308683,
    "X6": 0.004378912765779301,
    "X7": 0.09740000000000038,
    "X8": 0.056210365853658566,
    "X9": 0.0012073821134294344,
    "X10": 0.054589574067144986,
    "X11": 0.004878048780487805,
    "X12": 0.008934542254456446,
    "X13": 0.05709885730162523,
    "X14": 0.053445970695969985,
    "X15": 0.02396588124445511,
    "X16": 0.008924680961641158,
    "X17": 0.0,
    "X18": 0.0,
    "X19": -0.000233057904194162,
    "X20": 0.1258153392010315,
    "X21": 5.0,
    "X22": 0.03779193600298594,
    "X23": 0.0023498614999999884,
    "X24": 0.06825390771879358,
    "X25": 0.0023498614999999884,
    "X26": 0.001884947283756716,
    "X27": 6.854928454971605e-05,
    "X28": -0.02080317000671893,
    "X29": 0.09412785313314799,
    "X30": 0.06737724265556332,
    "X31": 0.0449785239793778,
    "X32": -3.0379307023945357,
    "X33": 0.28532762051614774,
    "X34": 0.04076671919614885,
    "X35": 0.0003564953937691669,
    "X36": 0.8519962719456224,
    "X37": 0.03474740441283974,
    "offset_db": 0.0001500000000005386,
    "viol_rate_aligned": 0.004878048780487805,
    "viol_energy_aligned": 0.05709885730162523,
    "global_offset_db": -8.881784197001252e-16,
    "shape_rmse": 0.04847537003468863,
    "ripple_hp": 0.006856317264079618,
    "tail_asym": -0.005604999999997612,
    "compress_ratio": 0.2,
    "compress_ratio_high": 0.2,
    "freq_shift_score": 0.2695928374783255,
    "offset_slope": -0.019292497496858563,
    "high_low_energy_ratio": 0.9770807685098841,
    "band_offset_db_1": 0.05635000000000101,
    "band_offset_db_2": 0.047549999999999315,
    "band_offset_db_3": -0.0027500000000024727,
    "band_offset_db_4": -0.049650000000001526
  },
  "system": {
    "probs": {
      "正常": 0.012851919412320386,
      "幅度失准": 0.9508540525933922,
      "频率失准": 0.030070449781157332,
      "参考电平失准": 0.006223578118044833
    },
    "decision": "幅度失准",
    "confidence": 0.9508540525933922,
    "is_normal": false
  },
  "module": {
    "topk": [
      {
        "module_id": "[RF板][RF] 低频通路固定滤波/抑制网络",
        "gamma": 0.19285099242708584
      },
      {
        "module_id": "[数字中频板][ADC] 数字检波与平均",
        "gamma": 0.16790674055593582
      },
      {
        "module_id": "[数字中频板][IF] 中频放大/衰减链",
        "gamma": 0.16360143951604
      }
    ],
    "gating": {
      "disabled_modules": [
        "高频段YTF滤波器",
        "高频段混频器",
        "前置放大器",
        "衰减器"
      ],
      "topk_k": 3
    }
  },
  "evidence": {
    "global_offset_db": 0.0001500000000005386,
    "hf_std_db": 0.010562626952665393,
    "p95_abs_dev_db": 0.08806000000000241,
    "inside_env_frac": 0.9951219512195122,
    "peak_freq_mae_hz": 3956.841368214066,
    "peak_freq_outlier_frac": 0.0
  },
  "artifacts": {
    "output_json": "Output/batch_diagnosis/sim_00094_diagnosis.json"
  },
  "system_diagnosis": {
    "probabilities": {
      "正常": 0.012851919412320386,
      "幅度失准": 0.9508540525933922,
      "频率失准": 0.030070449781157332,
      "参考电平失准": 0.006223578118044833
    },
    "predicted_class": "幅度失准",
    "max_prob": 0.9508540525933922,
    "is_normal": false
  },
  "module_diagnosis": {
    "probabilities": {
      "[RF板][RF] 低频通路固定滤波/抑制网络": 0.19285099242708584,
      "[数字中频板][ADC] 数字检波与平均": 0.16790674055593582,
      "[数字中频板][IF] 中频放大/衰减链": 0.16360143951604,
      "[RF板][Mixer1]": 0.13965071865409664,
      "[数字中频板][DSP] 数字增益/偏置校准": 0.10332722495749894,
      "[RF板][RF] 输入连接/匹配/保护": 0.08866712295498201,
      "[数字中频板][IF] RBW数字滤波器": 0.07749541871812421,
      "[RF板][RF] 输入衰减器组": 0.03325017110811825,
      "[RF板][RF] 高频通路固定滤波/抑制网络": 0.03325017110811825
    },
    "topk": [
      {
        "module": "[RF板][RF] 低频通路固定滤波/抑制网络",
        "probability": 0.19285099242708584
      },
      {
        "module": "[数字中频板][ADC] 数字检波与平均",
        "probability": 0.16790674055593582
      },
      {
        "module": "[数字中频板][IF] 中频放大/衰减链",
        "probability": 0.16360143951604
      }
    ],
    "disabled_modules": [
      "高频段YTF滤波器",
      "高频段混频器",
      "前置放大器",
      "衰减器"
    ]
  },
  "evidence_detail": {
    "viol_rate": 0.004878048780487805,
    "envelope_violation": false,
    "violation_max_db": 0.008934542254456446,
    "violation_energy": 0.05709885730162523,
    "baseline_coverage": 0.9951219512195122
  },
  "config": {
    "mode": "unified_entry",
    "gating_status": "gated_ok",
    "run_name": null,
    "topk": 3
  },
  "uncertainty": {
    "is_uncertain": false,
    "reason": "",
    "top_class": "幅度失准",
    "runner_up": "频率失准",
    "max_prob": 0.9508540525933922,
    "second_prob": 0.030070449781157332,
    "prob_gap": 0.9207836028122348,
    "support_top_features": [],
    "support_runnerup_features": [],
    "conflict_features": [],
    "suggested_actions": []
  },
  "module_validation": {
    "sample_id": "sim_00094",
    "gt_module": "低频段第一混频器",
    "gt_module_v2": "[RF板][Mixer1]",
    "top1": "[RF板][RF] 低频通路固定滤波/抑制网络",
    "top3": [
      "[RF板][RF] 低频通路固定滤波/抑制网络",
      "[数字中频板][ADC] 数字检波与平均",
      "[数字中频板][IF] 中频放大/衰减链"
    ],
    "top5": [
      "[RF板][RF] 低频通路固定滤波/抑制网络",
      "[数字中频板][ADC] 数字检波与平均",
      "[数字中频板][IF] 中频放大/衰减链",
      "[RF板][Mixer1]",
      "[数字中频板][DSP] 数字增益/偏置校准"
    ],
    "gt_rank": 4,
    "gt_prob": 0.13965071865409664,
    "top1_hit": false,
    "top3_hit": false,
    "top5_hit": true
  },
  "ground_truth": {
    "type": "fault",
    "system_class_en": "amp_error",
    "system_class_cn": "幅度失准",
    "module": "低频段第一混频器",
    "module_v2": "[RF板][Mixer1]",
    "fault_params": {
      "severity": "mid",
      "tier_target": "in_spec_weak",
      "type": "mixer_ripple",
      "subtype": "amp_error_ripple",
      "spike_count": 8.0,
      "spike_amp_db": 0.2010307942291501,
      "template_id": "T5"
    }
  }
}