{
  "status": "success",
  "meta": {
    "sample_id": "sim_00179",
    "input_file": "/home/runner/work/FMFD-python/FMFD-python/Output/sim_spectrum/raw_curves/sim_00179.csv",
    "operating_condition": {
      "inject_power_dbm": -10.0,
      "freq_start_hz": 10000000.0,
      "freq_end_hz": 8200000000.0,
      "step_hz": 10000000.0,
      "frontend": {
        "low_band_only": true,
        "ac_coupling": true,
        "preamp": false
      }
    }
  },
  "data_points": 820,
  "frequency_range": {
    "min": 10000000.0,
    "max": 8200000000.0
  },
  "features": {
    "X1": -9.933073780487806,
    "X2": 0.000801419751966421,
    "X3": 0.00023552922612327066,
    "X4": 0.03257876885222402,
    "X5": 0.21549086588361632,
    "X6": 0.0012145589588786426,
    "X7": 0.08829999999999849,
    "X8": 0.026754512195121958,
    "X9": 0.0010613761799266419,
    "X10": 0.01543107486695915,
    "X11": 0.0024390243902439024,
    "X12": 0.0007958934578553567,
    "X13": 1.54187665154486,
    "X14": 0.00168864468864495,
    "X15": 0.016766392172083713,
    "X16": 0.023340890994134302,
    "X17": 0.0,
    "X18": 0.0,
    "X19": -7.500870582659694e-05,
    "X20": 1.416303223375908,
    "X21": 11.0,
    "X22": 0.0322026729285197,
    "X23": 0.0002488885487804769,
    "X24": 0.05821664596223475,
    "X25": 0.0002488885487804769,
    "X26": 0.00013568319323949835,
    "X27": 0.00022139612598650278,
    "X28": -0.1538461538161476,
    "X29": -0.4081875527710263,
    "X30": 0.005327064538514961,
    "X31": 0.004851296995665607,
    "X32": -3.2090570499025914,
    "X33": 0.5435834704250921,
    "X34": 0.017049867610963162,
    "X35": 0.00035888151189469934,
    "X36": 0.8300714761860757,
    "X37": 0.03257876885222402,
    "offset_db": 0.0035999999999987153,
    "viol_rate_aligned": 0.0024390243902439024,
    "viol_energy_aligned": 1.54187665154486,
    "global_offset_db": 0.0,
    "shape_rmse": 0.015776201975775946,
    "ripple_hp": 0.0063718215507970405,
    "tail_asym": -0.03853999999999899,
    "compress_ratio": 0.19878048780487806,
    "compress_ratio_high": 0.2,
    "freq_shift_score": 0.10225847754285944,
    "offset_slope": -0.0007301199538209181,
    "high_low_energy_ratio": 15.508926092489855,
    "band_offset_db_1": 0.0013000000000014111,
    "band_offset_db_2": 0.0004000000000008441,
    "band_offset_db_3": -9.999999999976694e-05,
    "band_offset_db_4": -0.00039999999999906777
  },
  "system": {
    "probs": {
      "正常": 0.9173228995132917,
      "幅度失准": 0.01619649149781879,
      "频率失准": 0.06190162883066123,
      "参考电平失准": 0.004578980066496091
    },
    "decision": "正常",
    "confidence": 0.9173228995132917,
    "is_normal": true
  },
  "module": {
    "topk": [
      {
        "module_id": "[LO/时钟板][LO1] 合成链",
        "gamma": 0.27741474442158437
      },
      {
        "module_id": "[时钟板][参考域] 10MHz 基准 OCXO",
        "gamma": 0.27741474442158437
      },
      {
        "module_id": "[时钟板][参考分配]",
        "gamma": 0.23778406664707236
      }
    ],
    "gating": {
      "disabled_modules": [
        "高频段YTF滤波器",
        "高频段混频器",
        "前置放大器",
        "衰减器"
      ],
      "topk_k": 3
    }
  },
  "evidence": {
    "global_offset_db": 0.0035999999999987153,
    "hf_std_db": 0.011613522547546265,
    "p95_abs_dev_db": 0.04153999999999916,
    "inside_env_frac": 0.9975609756097561,
    "peak_freq_mae_hz": 3485750.9904254302,
    "peak_freq_outlier_frac": 0.05975609756097561
  },
  "artifacts": {
    "output_json": "Output/batch_diagnosis/sim_00179_diagnosis.json"
  },
  "system_diagnosis": {
    "probabilities": {
      "正常": 0.9173228995132917,
      "幅度失准": 0.01619649149781879,
      "频率失准": 0.06190162883066123,
      "参考电平失准": 0.004578980066496091
    },
    "predicted_class": "正常",
    "max_prob": 0.9173228995132917,
    "is_normal": true
  },
  "module_diagnosis": {
    "probabilities": {
      "[LO/时钟板][LO1] 合成链": 0.27741474442158437,
      "[时钟板][参考域] 10MHz 基准 OCXO": 0.27741474442158437,
      "[时钟板][参考分配]": 0.23778406664707236,
      "[RF板][RF] 低频通路固定滤波/抑制网络": 0.03999468163963176,
      "[数字中频板][ADC] 数字检波与平均": 0.03482158193311806,
      "[数字中频板][IF] 中频放大/衰减链": 0.0339287208579099,
      "[RF板][Mixer1]": 0.02896166601490576,
      "[数字中频板][DSP] 数字增益/偏置校准": 0.02142866580499573,
      "[RF板][RF] 输入连接/匹配/保护": 0.01838835937454334,
      "[数字中频板][IF] RBW数字滤波器": 0.016071499353746795
    },
    "topk": [
      {
        "module": "[LO/时钟板][LO1] 合成链",
        "probability": 0.27741474442158437
      },
      {
        "module": "[时钟板][参考域] 10MHz 基准 OCXO",
        "probability": 0.27741474442158437
      },
      {
        "module": "[时钟板][参考分配]",
        "probability": 0.23778406664707236
      }
    ],
    "disabled_modules": [
      "高频段YTF滤波器",
      "高频段混频器",
      "前置放大器",
      "衰减器"
    ]
  },
  "evidence_detail": {
    "viol_rate": 0.0024390243902439024,
    "envelope_violation": false,
    "violation_max_db": 0.0007958934578553567,
    "violation_energy": 1.54187665154486,
    "baseline_coverage": 0.9975609756097561
  },
  "config": {
    "mode": "unified_entry",
    "gating_status": "gated_ok",
    "run_name": null,
    "topk": 3
  },
  "uncertainty": {
    "is_uncertain": false,
    "reason": "",
    "top_class": "正常",
    "runner_up": "频率失准",
    "max_prob": 0.9173228995132917,
    "second_prob": 0.06190162883066123,
    "prob_gap": 0.8554212706826305,
    "support_top_features": [],
    "support_runnerup_features": [],
    "conflict_features": [],
    "suggested_actions": []
  },
  "module_validation": {
    "sample_id": "sim_00179",
    "gt_module": "本振混频组件",
    "gt_module_v2": "[RF板][LO1] LO1 注入链",
    "top1": "[LO/时钟板][LO1] 合成链",
    "top3": [
      "[LO/时钟板][LO1] 合成链",
      "[时钟板][参考域] 10MHz 基准 OCXO",
      "[时钟板][参考分配]"
    ],
    "top5": [
      "[LO/时钟板][LO1] 合成链",
      "[时钟板][参考域] 10MHz 基准 OCXO",
      "[时钟板][参考分配]",
      "[RF板][RF] 低频通路固定滤波/抑制网络",
      "[数字中频板][ADC] 数字检波与平均"
    ],
    "gt_rank": -1,
    "gt_prob": 0.0,
    "top1_hit": false,
    "top3_hit": false,
    "top5_hit": false
  },
  "ground_truth": {
    "type": "fault",
    "system_class_en": "freq_error",
    "system_class_cn": "频率失准",
    "module": "本振混频组件",
    "module_v2": "[RF板][LO1] LO1 注入链",
    "fault_params": {
      "severity": "light",
      "tier_target": "in_spec_weak",
      "type": "lo_path_error",
      "track_type": "hole",
      "template_id": "T8",
      "forced_peak_track_type": true,
      "peak_track_profile": {
        "bands": [
          {
            "start_hz": 5465039803.30103,
            "end_hz": 5685842168.11876,
            "center_hz": 5575440985.709895,
            "width_hz": 220802364.8177302,
            "amplitude_hz": -50077026.150190316,
            "ramp_hz": 35839868.550420746
          },
          {
            "start_hz": 4561321019.726099,
            "end_hz": 4891803212.189646,
            "center_hz": 4726562115.957872,
            "width_hz": 330482192.4635471,
            "amplitude_hz": 63499103.13893669,
            "ramp_hz": 35839868.550420746
          }
        ],
        "track_type": "hole"
      },
      "freq_amp_coupling": {
        "bias_db_min": -0.1,
        "bias_db_max": -0.02
      }
    }
  }
}