{
  "status": "success",
  "meta": {
    "sample_id": "sim_00031",
    "input_file": "/home/runner/work/FMFD-python/FMFD-python/Output/sim_spectrum/raw_curves/sim_00031.csv",
    "operating_condition": {
      "inject_power_dbm": -10.0,
      "freq_start_hz": 10000000.0,
      "freq_end_hz": 8200000000.0,
      "step_hz": 10000000.0,
      "frontend": {
        "low_band_only": true,
        "ac_coupling": true,
        "preamp": false
      }
    }
  },
  "data_points": 820,
  "frequency_range": {
    "min": 10000000.0,
    "max": 8200000000.0
  },
  "features": {
    "X1": -9.932759634146342,
    "X2": 0.0073430285310909565,
    "X3": 0.00023872743596371353,
    "X4": 0.07642771680929276,
    "X5": 0.34814998283154397,
    "X6": 0.005960706651085665,
    "X7": 0.08549999999999969,
    "X8": 0.0614289024390244,
    "X9": 0.005841195896681451,
    "X10": 0.01588968763930991,
    "X11": 0.20121951219512196,
    "X12": 0.058378277247170374,
    "X13": 0.12073502787063328,
    "X14": 0.04560952380952401,
    "X15": 0.03960546970381489,
    "X16": -0.010829815847504077,
    "X17": 0.0,
    "X18": 0.0,
    "X19": -0.0002927464445403998,
    "X20": -0.1690607732420517,
    "X21": 1.0,
    "X22": 0.10473368952492482,
    "X23": 0.004334121012195134,
    "X24": 0.04665687728726198,
    "X25": 0.004334121012195134,
    "X26": 0.00035640638469311545,
    "X27": 0.0002519787580388691,
    "X28": -0.033993561411928365,
    "X29": -0.9499441352375877,
    "X30": 0.11360929447143206,
    "X31": 0.010693641597357398,
    "X32": -7.576271263670474,
    "X33": 0.24374920784159745,
    "X34": 0.03591672724118395,
    "X35": 0.00035414749563555297,
    "X36": 0.9683812758704353,
    "X37": 0.07642771680929276,
    "offset_db": -8.881784197001252e-16,
    "viol_rate_aligned": 0.20121951219512196,
    "viol_energy_aligned": 0.12073502787063328,
    "global_offset_db": 0.0,
    "shape_rmse": 0.06583404143902404,
    "ripple_hp": 0.005687820842343843,
    "tail_asym": 0.005474999999999675,
    "compress_ratio": 0.19878048780487806,
    "compress_ratio_high": 0.2,
    "freq_shift_score": 0.45854408776019917,
    "offset_slope": -0.00011984380354298352,
    "high_low_energy_ratio": 2.9649270472361096,
    "band_offset_db_1": -0.023049999999998683,
    "band_offset_db_2": -0.0021999999999984254,
    "band_offset_db_3": -0.006199999999998873,
    "band_offset_db_4": 0.006000000000000227
  },
  "system": {
    "probs": {
      "正常": 4.431918477297169e-08,
      "幅度失准": 0.9999390204643456,
      "频率失准": 6.087339981728406e-05,
      "参考电平失准": 6.171665853256998e-08
    },
    "decision": "幅度失准",
    "confidence": 0.9999390204643456,
    "is_normal": false
  },
  "module": {
    "topk": [
      {
        "module_id": "[RF板][RF] 低频通路固定滤波/抑制网络",
        "gamma": 0.19285099242708584
      },
      {
        "module_id": "[数字中频板][ADC] 数字检波与平均",
        "gamma": 0.16790674055593582
      },
      {
        "module_id": "[数字中频板][IF] 中频放大/衰减链",
        "gamma": 0.16360143951604
      }
    ],
    "gating": {
      "disabled_modules": [
        "高频段YTF滤波器",
        "高频段混频器",
        "前置放大器",
        "衰减器"
      ],
      "topk_k": 3
    }
  },
  "evidence": {
    "global_offset_db": -8.881784197001252e-16,
    "hf_std_db": 0.032676787063924816,
    "p95_abs_dev_db": 0.12522499999999795,
    "inside_env_frac": 0.7987804878048781,
    "peak_freq_mae_hz": 4120.476189448098,
    "peak_freq_outlier_frac": 0.0
  },
  "artifacts": {
    "output_json": "Output/batch_diagnosis/sim_00031_diagnosis.json"
  },
  "system_diagnosis": {
    "probabilities": {
      "正常": 4.431918477297169e-08,
      "幅度失准": 0.9999390204643456,
      "频率失准": 6.087339981728406e-05,
      "参考电平失准": 6.171665853256998e-08
    },
    "predicted_class": "幅度失准",
    "max_prob": 0.9999390204643456,
    "is_normal": false
  },
  "module_diagnosis": {
    "probabilities": {
      "[RF板][RF] 低频通路固定滤波/抑制网络": 0.19285099242708584,
      "[数字中频板][ADC] 数字检波与平均": 0.16790674055593582,
      "[数字中频板][IF] 中频放大/衰减链": 0.16360143951604,
      "[RF板][Mixer1]": 0.13965071865409664,
      "[数字中频板][DSP] 数字增益/偏置校准": 0.10332722495749894,
      "[RF板][RF] 输入连接/匹配/保护": 0.08866712295498201,
      "[数字中频板][IF] RBW数字滤波器": 0.07749541871812421,
      "[RF板][RF] 输入衰减器组": 0.03325017110811825,
      "[RF板][RF] 高频通路固定滤波/抑制网络": 0.03325017110811825
    },
    "topk": [
      {
        "module": "[RF板][RF] 低频通路固定滤波/抑制网络",
        "probability": 0.19285099242708584
      },
      {
        "module": "[数字中频板][ADC] 数字检波与平均",
        "probability": 0.16790674055593582
      },
      {
        "module": "[数字中频板][IF] 中频放大/衰减链",
        "probability": 0.16360143951604
      }
    ],
    "disabled_modules": [
      "高频段YTF滤波器",
      "高频段混频器",
      "前置放大器",
      "衰减器"
    ]
  },
  "evidence_detail": {
    "viol_rate": 0.20121951219512196,
    "envelope_violation": true,
    "violation_max_db": 0.058378277247170374,
    "violation_energy": 0.12073502787063328,
    "baseline_coverage": 0.7987804878048781
  },
  "config": {
    "mode": "unified_entry",
    "gating_status": "gated_ok",
    "run_name": null,
    "topk": 3
  },
  "uncertainty": {
    "is_uncertain": false,
    "reason": "",
    "top_class": "幅度失准",
    "runner_up": "频率失准",
    "max_prob": 0.9999390204643456,
    "second_prob": 6.087339981728406e-05,
    "prob_gap": 0.9998781470645283,
    "support_top_features": [],
    "support_runnerup_features": [],
    "conflict_features": [],
    "suggested_actions": []
  },
  "module_validation": {
    "sample_id": "sim_00031",
    "gt_module": "低频段前置低通滤波器",
    "gt_module_v2": "[RF板][RF] 低频通路固定滤波/抑制网络",
    "top1": "[RF板][RF] 低频通路固定滤波/抑制网络",
    "top3": [
      "[RF板][RF] 低频通路固定滤波/抑制网络",
      "[数字中频板][ADC] 数字检波与平均",
      "[数字中频板][IF] 中频放大/衰减链"
    ],
    "top5": [
      "[RF板][RF] 低频通路固定滤波/抑制网络",
      "[数字中频板][ADC] 数字检波与平均",
      "[数字中频板][IF] 中频放大/衰减链",
      "[RF板][Mixer1]",
      "[数字中频板][DSP] 数字增益/偏置校准"
    ],
    "gt_rank": 1,
    "gt_prob": 0.19285099242708584,
    "top1_hit": true,
    "top3_hit": true,
    "top5_hit": true
  },
  "ground_truth": {
    "type": "fault",
    "system_class_en": "amp_error",
    "system_class_cn": "幅度失准",
    "module": "低频段前置低通滤波器",
    "module_v2": "[RF板][RF] 低频通路固定滤波/抑制网络",
    "fault_params": {
      "severity": "light",
      "tier_target": "mild_oos",
      "subtype": "amp_error_ripple",
      "ripple_amp_db": 0.060567126153754786,
      "period_norm": 0.1407036541181384,
      "template_id": "T3",
      "mean_offset_db": 0.00031328729175958967
    }
  }
}