{
  "status": "success",
  "meta": {
    "sample_id": "sim_00359",
    "input_file": "/home/runner/work/FMFD-python/FMFD-python/Output/sim_spectrum/raw_curves/sim_00359.csv",
    "operating_condition": {
      "inject_power_dbm": -10.0,
      "freq_start_hz": 10000000.0,
      "freq_end_hz": 8200000000.0,
      "step_hz": 10000000.0,
      "frontend": {
        "low_band_only": true,
        "ac_coupling": true,
        "preamp": false
      }
    }
  },
  "data_points": 820,
  "frequency_range": {
    "min": 10000000.0,
    "max": 8200000000.0
  },
  "features": {
    "X1": -9.912639634146341,
    "X2": 0.000755542494877387,
    "X3": 0.0002892711493205154,
    "X4": 0.03169761377812788,
    "X5": 0.27115111151819754,
    "X6": 0.0011462305632807851,
    "X7": 0.08419999999999916,
    "X8": 0.026762804878048774,
    "X9": 0.0010047387192273624,
    "X10": 0.017094860996846414,
    "X11": 0.0,
    "X12": 0.0,
    "X13": 0.19309577945198025,
    "X14": 0.006921245421245356,
    "X15": 0.008449797938037896,
    "X16": 0.00018988541057779273,
    "X17": 0.0,
    "X18": 0.0,
    "X19": -9.955871905946613e-05,
    "X20": 0.014252344866431788,
    "X21": 5.0,
    "X22": 0.04365689291749508,
    "X23": 0.00010347018292682848,
    "X24": 0.014159963674908238,
    "X25": 0.00010347018292682848,
    "X26": 0.0004769625463449762,
    "X27": 9.98027545661587e-05,
    "X28": 0.003764115432781529,
    "X29": -0.4611255705716174,
    "X30": 0.009348323170731695,
    "X31": 0.0028700532281512123,
    "X32": -4.19726855640945,
    "X33": 0.52616690940072,
    "X34": 0.0186599196387272,
    "X35": 0.00031733578440010625,
    "X36": 0.8416870138529583,
    "X37": 0.03169761377812788,
    "offset_db": 0.019999999999999574,
    "viol_rate_aligned": 0.0,
    "viol_energy_aligned": 0.19309577945198025,
    "global_offset_db": 0.0,
    "shape_rmse": 0.010172029439931271,
    "ripple_hp": 0.002989016620175575,
    "tail_asym": 0.0066000000000005134,
    "compress_ratio": 0.1975609756097561,
    "compress_ratio_high": 0.2,
    "freq_shift_score": 0.045060581721729664,
    "offset_slope": -0.0005266382014249989,
    "high_low_energy_ratio": 0.5470601154283355,
    "band_offset_db_1": -0.009499999999999176,
    "band_offset_db_2": -0.000600000000000378,
    "band_offset_db_3": 0.004450000000000287,
    "band_offset_db_4": -0.0020999999999986585
  },
  "system": {
    "probs": {
      "正常": 0.9911109861349681,
      "幅度失准": 0.0014548304905882222,
      "频率失准": 0.0039597748889372815,
      "参考电平失准": 0.0034744083863954135
    },
    "decision": "正常",
    "confidence": 0.9911109861349681,
    "is_normal": true
  },
  "module": {
    "topk": [
      {
        "module_id": "[RF板][RF] 输入连接/匹配/保护",
        "gamma": 0.058823529411764705
      },
      {
        "module_id": "[RF板][RF] 输入衰减器组",
        "gamma": 0.058823529411764705
      },
      {
        "module_id": "[RF板][RF] 低频通路固定滤波/抑制网络",
        "gamma": 0.058823529411764705
      }
    ],
    "gating": {
      "disabled_modules": [
        "高频段YTF滤波器",
        "高频段混频器",
        "前置放大器",
        "衰减器"
      ],
      "topk_k": 3
    }
  },
  "evidence": {
    "global_offset_db": 0.019999999999999574,
    "hf_std_db": 0.006134338909107949,
    "p95_abs_dev_db": 0.02190500000000046,
    "inside_env_frac": 1.0,
    "peak_freq_mae_hz": 4053.252967971902,
    "peak_freq_outlier_frac": 0.0
  },
  "artifacts": {
    "output_json": "Output/batch_diagnosis/sim_00359_diagnosis.json"
  },
  "system_diagnosis": {
    "probabilities": {
      "正常": 0.9911109861349681,
      "幅度失准": 0.0014548304905882222,
      "频率失准": 0.0039597748889372815,
      "参考电平失准": 0.0034744083863954135
    },
    "predicted_class": "正常",
    "max_prob": 0.9911109861349681,
    "is_normal": true
  },
  "module_diagnosis": {
    "probabilities": {
      "[RF板][RF] 输入连接/匹配/保护": 0.058823529411764705,
      "[RF板][RF] 输入衰减器组": 0.058823529411764705,
      "[RF板][RF] 低频通路固定滤波/抑制网络": 0.058823529411764705,
      "[RF板][RF] 高频通路固定滤波/抑制网络": 0.058823529411764705,
      "[RF板][Mixer1]": 0.058823529411764705
    },
    "topk": [
      {
        "module": "[RF板][RF] 输入连接/匹配/保护",
        "probability": 0.058823529411764705
      },
      {
        "module": "[RF板][RF] 输入衰减器组",
        "probability": 0.058823529411764705
      },
      {
        "module": "[RF板][RF] 低频通路固定滤波/抑制网络",
        "probability": 0.058823529411764705
      }
    ],
    "disabled_modules": [
      "高频段YTF滤波器",
      "高频段混频器",
      "前置放大器",
      "衰减器"
    ]
  },
  "evidence_detail": {
    "viol_rate": 0.0,
    "envelope_violation": false,
    "violation_max_db": 0.0,
    "violation_energy": 0.19309577945198025,
    "baseline_coverage": 1.0
  },
  "config": {
    "mode": "unified_entry",
    "gating_status": "gated_ok",
    "run_name": null,
    "topk": 3
  },
  "uncertainty": {
    "is_uncertain": false,
    "reason": "",
    "top_class": "正常",
    "runner_up": "频率失准",
    "max_prob": 0.9911109861349681,
    "second_prob": 0.0039597748889372815,
    "prob_gap": 0.9871512112460308,
    "support_top_features": [],
    "support_runnerup_features": [],
    "conflict_features": [],
    "suggested_actions": []
  },
  "module_validation": {
    "sample_id": "sim_00359",
    "gt_module": null,
    "gt_module_v2": null,
    "top1": "[RF板][RF] 输入连接/匹配/保护",
    "top3": [
      "[RF板][RF] 输入连接/匹配/保护",
      "[RF板][RF] 输入衰减器组",
      "[RF板][RF] 低频通路固定滤波/抑制网络"
    ],
    "top5": [
      "[RF板][RF] 输入连接/匹配/保护",
      "[RF板][RF] 输入衰减器组",
      "[RF板][RF] 低频通路固定滤波/抑制网络",
      "[RF板][RF] 高频通路固定滤波/抑制网络",
      "[RF板][Mixer1]"
    ],
    "gt_rank": -1,
    "gt_prob": 0.0,
    "top1_hit": false,
    "top3_hit": false,
    "top5_hit": false
  },
  "ground_truth": {
    "type": "normal",
    "system_class_en": "normal",
    "system_class_cn": "正常",
    "module": null,
    "module_v2": null,
    "fault_params": {
      "severity": "light",
      "tier_target": "in_spec_weak",
      "type": "normal",
      "normal_state": "normal_state_A"
    }
  }
}