{
  "status": "success",
  "meta": {
    "sample_id": "sim_00004",
    "input_file": "/home/runner/work/FMFD-python/FMFD-python/Output/sim_spectrum/raw_curves/sim_00004.csv",
    "operating_condition": {
      "inject_power_dbm": -10.0,
      "freq_start_hz": 10000000.0,
      "freq_end_hz": 8200000000.0,
      "step_hz": 10000000.0,
      "frontend": {
        "low_band_only": true,
        "ac_coupling": true,
        "preamp": false
      }
    }
  },
  "data_points": 820,
  "frequency_range": {
    "min": 10000000.0,
    "max": 8200000000.0
  },
  "features": {
    "X1": -9.926416829268293,
    "X2": 0.008218122848957296,
    "X3": 0.0003522529348550605,
    "X4": 0.08755382250515452,
    "X5": 0.36647324553460847,
    "X6": 0.007812293472873287,
    "X7": 0.07510000000000083,
    "X8": 0.07226536585365853,
    "X9": 0.007665671835264102,
    "X10": 0.014600897703286434,
    "X11": 0.23170731707317074,
    "X12": 0.07168918130770763,
    "X13": 0.025845216990385333,
    "X14": 0.06715311355311374,
    "X15": 0.07793245304748739,
    "X16": -0.03155065847770001,
    "X17": 0.0,
    "X18": 0.0,
    "X19": -0.00017759760972824152,
    "X20": -0.6154548192603757,
    "X21": 0.0,
    "X22": 0.10106733331838959,
    "X23": 0.006152442951219531,
    "X24": 0.0881500397249354,
    "X25": 0.006152442951219531,
    "X26": 0.0012086550467218272,
    "X27": 0.00020745788089112174,
    "X28": 0.10332021751579465,
    "X29": -0.07377647948547643,
    "X30": 0.1352717987804879,
    "X31": 0.010543813426670816,
    "X32": -7.022188234755569,
    "X33": 0.22086535920829822,
    "X34": 0.023971386614289266,
    "X35": 0.00038109544794643724,
    "X36": 0.9748508999773656,
    "X37": 0.08755382250515452,
    "offset_db": -8.881784197001252e-16,
    "viol_rate_aligned": 0.23170731707317074,
    "viol_energy_aligned": 0.025845216990385333,
    "global_offset_db": 0.0,
    "shape_rmse": 0.07843750984841073,
    "ripple_hp": 0.008015236290058961,
    "tail_asym": 0.021055000000002308,
    "compress_ratio": 0.2,
    "compress_ratio_high": 0.2,
    "freq_shift_score": 0.5128174586867209,
    "offset_slope": -0.0006169194183809892,
    "high_low_energy_ratio": 0.6810420885733202,
    "band_offset_db_1": -0.09229999999999805,
    "band_offset_db_2": 0.003900000000001569,
    "band_offset_db_3": -0.009350000000000414,
    "band_offset_db_4": 0.0069000000000016826
  },
  "system": {
    "probs": {
      "正常": 0.001069870277997172,
      "幅度失准": 0.9945469355765646,
      "频率失准": 0.004382196621409468,
      "参考电平失准": 9.974245741096297e-07
    },
    "decision": "幅度失准",
    "confidence": 0.9945469355765646,
    "is_normal": false
  },
  "module": {
    "topk": [
      {
        "module_id": "[RF板][RF] 低频通路固定滤波/抑制网络",
        "gamma": 0.19285099242708584
      },
      {
        "module_id": "[数字中频板][ADC] 数字检波与平均",
        "gamma": 0.16790674055593582
      },
      {
        "module_id": "[数字中频板][IF] 中频放大/衰减链",
        "gamma": 0.16360143951603998
      }
    ],
    "gating": {
      "disabled_modules": [
        "高频段YTF滤波器",
        "高频段混频器",
        "前置放大器",
        "衰减器"
      ],
      "topk_k": 3
    }
  },
  "evidence": {
    "global_offset_db": -8.881784197001252e-16,
    "hf_std_db": 0.05759034316636436,
    "p95_abs_dev_db": 0.14025499999999833,
    "inside_env_frac": 0.7682926829268293,
    "peak_freq_mae_hz": 4134.313015040321,
    "peak_freq_outlier_frac": 0.0
  },
  "artifacts": {
    "output_json": "Output/batch_diagnosis/sim_00004_diagnosis.json"
  },
  "system_diagnosis": {
    "probabilities": {
      "正常": 0.001069870277997172,
      "幅度失准": 0.9945469355765646,
      "频率失准": 0.004382196621409468,
      "参考电平失准": 9.974245741096297e-07
    },
    "predicted_class": "幅度失准",
    "max_prob": 0.9945469355765646,
    "is_normal": false
  },
  "module_diagnosis": {
    "probabilities": {
      "[RF板][RF] 低频通路固定滤波/抑制网络": 0.19285099242708584,
      "[数字中频板][ADC] 数字检波与平均": 0.16790674055593582,
      "[数字中频板][IF] 中频放大/衰减链": 0.16360143951603998,
      "[RF板][Mixer1]": 0.13965071865409664,
      "[数字中频板][DSP] 数字增益/偏置校准": 0.10332722495749894,
      "[RF板][RF] 输入连接/匹配/保护": 0.08866712295498201,
      "[数字中频板][IF] RBW数字滤波器": 0.07749541871812421,
      "[RF板][RF] 输入衰减器组": 0.03325017110811825,
      "[RF板][RF] 高频通路固定滤波/抑制网络": 0.03325017110811825
    },
    "topk": [
      {
        "module": "[RF板][RF] 低频通路固定滤波/抑制网络",
        "probability": 0.19285099242708584
      },
      {
        "module": "[数字中频板][ADC] 数字检波与平均",
        "probability": 0.16790674055593582
      },
      {
        "module": "[数字中频板][IF] 中频放大/衰减链",
        "probability": 0.16360143951603998
      }
    ],
    "disabled_modules": [
      "高频段YTF滤波器",
      "高频段混频器",
      "前置放大器",
      "衰减器"
    ]
  },
  "evidence_detail": {
    "viol_rate": 0.23170731707317074,
    "envelope_violation": true,
    "violation_max_db": 0.07168918130770763,
    "violation_energy": 0.025845216990385333,
    "baseline_coverage": 0.7682926829268293
  },
  "config": {
    "mode": "unified_entry",
    "gating_status": "gated_ok",
    "run_name": null,
    "topk": 3
  },
  "uncertainty": {
    "is_uncertain": false,
    "reason": "",
    "top_class": "幅度失准",
    "runner_up": "频率失准",
    "max_prob": 0.9945469355765646,
    "second_prob": 0.004382196621409468,
    "prob_gap": 0.9901647389551551,
    "support_top_features": [],
    "support_runnerup_features": [],
    "conflict_features": [],
    "suggested_actions": []
  },
  "module_validation": {
    "sample_id": "sim_00004",
    "gt_module": "数字放大器",
    "gt_module_v2": "数字放大器",
    "top1": "[RF板][RF] 低频通路固定滤波/抑制网络",
    "top3": [
      "[RF板][RF] 低频通路固定滤波/抑制网络",
      "[数字中频板][ADC] 数字检波与平均",
      "[数字中频板][IF] 中频放大/衰减链"
    ],
    "top5": [
      "[RF板][RF] 低频通路固定滤波/抑制网络",
      "[数字中频板][ADC] 数字检波与平均",
      "[数字中频板][IF] 中频放大/衰减链",
      "[RF板][Mixer1]",
      "[数字中频板][DSP] 数字增益/偏置校准"
    ],
    "gt_rank": -1,
    "gt_prob": 0.0,
    "top1_hit": false,
    "top3_hit": false,
    "top5_hit": false
  },
  "ground_truth": {
    "type": "fault",
    "system_class_en": "amp_error",
    "system_class_cn": "幅度失准",
    "module": "数字放大器",
    "module_v2": "数字放大器",
    "fault_params": {
      "severity": "mid",
      "tier_target": "in_spec_weak",
      "subtype": "amp_error_ripple",
      "ripple_amp_db": 0.06101451659228512,
      "period_norm": 0.07067697226046385,
      "template_id": "T3",
      "mean_offset_db": 0.006655532123021973
    }
  }
}