{
  "status": "success",
  "meta": {
    "sample_id": "sim_00362",
    "input_file": "/home/runner/work/FMFD-python/FMFD-python/Output/sim_spectrum/raw_curves/sim_00362.csv",
    "operating_condition": {
      "inject_power_dbm": -10.0,
      "freq_start_hz": 10000000.0,
      "freq_end_hz": 8200000000.0,
      "step_hz": 10000000.0,
      "frontend": {
        "low_band_only": true,
        "ac_coupling": true,
        "preamp": false
      }
    }
  },
  "data_points": 820,
  "frequency_range": {
    "min": 10000000.0,
    "max": 8200000000.0
  },
  "features": {
    "X1": -9.943935,
    "X2": 0.0006114082930134191,
    "X3": 0.0004243298464217464,
    "X4": 0.029953339949216787,
    "X5": 0.2881963969374569,
    "X6": 0.0010227020554878063,
    "X7": 0.07380000000000031,
    "X8": 0.024952317073170766,
    "X9": 0.0008972025741133465,
    "X10": 0.016381639827061093,
    "X11": 0.0,
    "X12": 0.0,
    "X13": 0.2857779587146015,
    "X14": 0.005410256410256288,
    "X15": 0.011734351179440192,
    "X16": -0.011497205839486893,
    "X17": 0.0,
    "X18": 0.0,
    "X19": -6.687495647085343e-05,
    "X20": 0.016165085520070566,
    "X21": 5.0,
    "X22": 0.041962161724110554,
    "X23": 7.142835365853668e-05,
    "X24": 0.011759582721318496,
    "X25": 7.142835365853668e-05,
    "X26": 0.00039439121243451617,
    "X27": 5.2439598829672986e-05,
    "X28": -0.14856557376289317,
    "X29": 0.7029173509873277,
    "X30": 0.0022060975609757977,
    "X31": 0.002128578751535133,
    "X32": -3.8137162711426527,
    "X33": 0.5571378074435724,
    "X34": 0.015568399462883969,
    "X35": 0.000317449312109678,
    "X36": 0.8229351411769025,
    "X37": 0.02995333994921679,
    "offset_db": -0.009999999999999787,
    "viol_rate_aligned": 0.0,
    "viol_energy_aligned": 0.2857779587146015,
    "global_offset_db": 0.0,
    "shape_rmse": 0.008451529663826347,
    "ripple_hp": 0.0027250095439493053,
    "tail_asym": -0.00821000000000218,
    "compress_ratio": 0.19634146341463415,
    "compress_ratio_high": 0.2,
    "freq_shift_score": 0.03517603778907352,
    "offset_slope": -0.0002341413574887864,
    "high_low_energy_ratio": 2.8987130284756772,
    "band_offset_db_1": -0.001300000000000523,
    "band_offset_db_2": 0.0006999999999983686,
    "band_offset_db_3": -0.0012500000000006395,
    "band_offset_db_4": -0.00020000000000131024
  },
  "system": {
    "probs": {
      "正常": 0.9935732216926542,
      "幅度失准": 0.002625671763998295,
      "频率失准": 0.0021997152060059507,
      "参考电平失准": 0.0016013912379841885
    },
    "decision": "正常",
    "confidence": 0.9935732216926542,
    "is_normal": true
  },
  "module": {
    "topk": [
      {
        "module_id": "[RF板][RF] 输入连接/匹配/保护",
        "gamma": 0.058823529411764705
      },
      {
        "module_id": "[RF板][RF] 输入衰减器组",
        "gamma": 0.058823529411764705
      },
      {
        "module_id": "[RF板][RF] 低频通路固定滤波/抑制网络",
        "gamma": 0.058823529411764705
      }
    ],
    "gating": {
      "disabled_modules": [
        "高频段YTF滤波器",
        "高频段混频器",
        "前置放大器",
        "衰减器"
      ],
      "topk_k": 3
    }
  },
  "evidence": {
    "global_offset_db": -0.009999999999999787,
    "hf_std_db": 0.0052452252308898975,
    "p95_abs_dev_db": 0.01991000000000155,
    "inside_env_frac": 1.0,
    "peak_freq_mae_hz": 4169.4978059067935,
    "peak_freq_outlier_frac": 0.0
  },
  "artifacts": {
    "output_json": "Output/batch_diagnosis/sim_00362_diagnosis.json"
  },
  "system_diagnosis": {
    "probabilities": {
      "正常": 0.9935732216926542,
      "幅度失准": 0.002625671763998295,
      "频率失准": 0.0021997152060059507,
      "参考电平失准": 0.0016013912379841885
    },
    "predicted_class": "正常",
    "max_prob": 0.9935732216926542,
    "is_normal": true
  },
  "module_diagnosis": {
    "probabilities": {
      "[RF板][RF] 输入连接/匹配/保护": 0.058823529411764705,
      "[RF板][RF] 输入衰减器组": 0.058823529411764705,
      "[RF板][RF] 低频通路固定滤波/抑制网络": 0.058823529411764705,
      "[RF板][RF] 高频通路固定滤波/抑制网络": 0.058823529411764705,
      "[RF板][Mixer1]": 0.058823529411764705
    },
    "topk": [
      {
        "module": "[RF板][RF] 输入连接/匹配/保护",
        "probability": 0.058823529411764705
      },
      {
        "module": "[RF板][RF] 输入衰减器组",
        "probability": 0.058823529411764705
      },
      {
        "module": "[RF板][RF] 低频通路固定滤波/抑制网络",
        "probability": 0.058823529411764705
      }
    ],
    "disabled_modules": [
      "高频段YTF滤波器",
      "高频段混频器",
      "前置放大器",
      "衰减器"
    ]
  },
  "evidence_detail": {
    "viol_rate": 0.0,
    "envelope_violation": false,
    "violation_max_db": 0.0,
    "violation_energy": 0.2857779587146015,
    "baseline_coverage": 1.0
  },
  "config": {
    "mode": "unified_entry",
    "gating_status": "gated_ok",
    "run_name": null,
    "topk": 3
  },
  "uncertainty": {
    "is_uncertain": false,
    "reason": "",
    "top_class": "正常",
    "runner_up": "幅度失准",
    "max_prob": 0.9935732216926542,
    "second_prob": 0.002625671763998295,
    "prob_gap": 0.9909475499286559,
    "support_top_features": [],
    "support_runnerup_features": [],
    "conflict_features": [],
    "suggested_actions": []
  },
  "module_validation": {
    "sample_id": "sim_00362",
    "gt_module": null,
    "gt_module_v2": null,
    "top1": "[RF板][RF] 输入连接/匹配/保护",
    "top3": [
      "[RF板][RF] 输入连接/匹配/保护",
      "[RF板][RF] 输入衰减器组",
      "[RF板][RF] 低频通路固定滤波/抑制网络"
    ],
    "top5": [
      "[RF板][RF] 输入连接/匹配/保护",
      "[RF板][RF] 输入衰减器组",
      "[RF板][RF] 低频通路固定滤波/抑制网络",
      "[RF板][RF] 高频通路固定滤波/抑制网络",
      "[RF板][Mixer1]"
    ],
    "gt_rank": -1,
    "gt_prob": 0.0,
    "top1_hit": false,
    "top3_hit": false,
    "top5_hit": false
  },
  "ground_truth": {
    "type": "normal",
    "system_class_en": "normal",
    "system_class_cn": "正常",
    "module": null,
    "module_v2": null,
    "fault_params": {
      "severity": "light",
      "tier_target": "edge",
      "type": "normal",
      "normal_state": "normal_state_A"
    }
  }
}