{
  "status": "success",
  "meta": {
    "sample_id": "sim_00065",
    "input_file": "/home/runner/work/FMFD-python/FMFD-python/Output/sim_spectrum/raw_curves/sim_00065.csv",
    "operating_condition": {
      "inject_power_dbm": -10.0,
      "freq_start_hz": 10000000.0,
      "freq_end_hz": 8200000000.0,
      "step_hz": 10000000.0,
      "frontend": {
        "low_band_only": true,
        "ac_coupling": true,
        "preamp": false
      }
    }
  },
  "data_points": 820,
  "frequency_range": {
    "min": 10000000.0,
    "max": 8200000000.0
  },
  "features": {
    "X1": -9.933075487804878,
    "X2": 0.0019672233402736445,
    "X3": 0.0002135969148313525,
    "X4": 0.047166233618999624,
    "X5": 0.27000153340032756,
    "X6": 0.0023338457284205806,
    "X7": 0.08000000000000007,
    "X8": 0.039421097560975615,
    "X9": 0.00222465359380205,
    "X10": 0.014022998638803361,
    "X11": 0.0,
    "X12": 0.0,
    "X13": 0.0,
    "X14": 0.03286739926739938,
    "X15": 0.03830231504271254,
    "X16": -0.004929157726178413,
    "X17": 0.0,
    "X18": 0.0,
    "X19": -9.436517112172272e-05,
    "X20": -0.4356699455801878,
    "X21": 1.0,
    "X22": 0.05825125613156791,
    "X23": 0.001481478134146341,
    "X24": 0.10733792440766521,
    "X25": 0.001481478134146341,
    "X26": 0.0008439624884792431,
    "X27": 4.0574236197497604e-05,
    "X28": -0.0010090817356080512,
    "X29": -0.0009585832252286378,
    "X30": 0.05096935975609748,
    "X31": 0.0010185592173451738,
    "X32": -5.103480345441839,
    "X33": 0.4022740629544442,
    "X34": 0.014103109007112641,
    "X35": 0.000377673235414702,
    "X36": 0.9125917316918811,
    "X37": 0.047166233618999624,
    "offset_db": 0.0,
    "viol_rate_aligned": 0.0,
    "viol_energy_aligned": 0.0,
    "global_offset_db": 0.0,
    "shape_rmse": 0.03848997446279149,
    "ripple_hp": 0.008765120279903678,
    "tail_asym": -9.999999999976694e-05,
    "compress_ratio": 0.18414634146341463,
    "compress_ratio_high": 0.19661016949152543,
    "freq_shift_score": 0.3947891317715887,
    "offset_slope": 8.402861410799239e-05,
    "high_low_energy_ratio": 0.8672355015190434,
    "band_offset_db_1": -0.037200000000000344,
    "band_offset_db_2": 0.0,
    "band_offset_db_3": 0.0,
    "band_offset_db_4": 0.0
  },
  "system": {
    "probs": {
      "正常": 0.009439227039736079,
      "幅度失准": 0.9013308412663439,
      "频率失准": 0.08919874275734019,
      "参考电平失准": 3.118884644679478e-05
    },
    "decision": "幅度失准",
    "confidence": 0.9013308412663439,
    "is_normal": false
  },
  "module": {
    "topk": [
      {
        "module_id": "[RF板][RF] 低频通路固定滤波/抑制网络",
        "gamma": 0.19285099242708584
      },
      {
        "module_id": "[数字中频板][ADC] 数字检波与平均",
        "gamma": 0.16790674055593582
      },
      {
        "module_id": "[数字中频板][IF] 中频放大/衰减链",
        "gamma": 0.16360143951603998
      }
    ],
    "gating": {
      "disabled_modules": [
        "高频段YTF滤波器",
        "高频段混频器",
        "前置放大器",
        "衰减器"
      ],
      "topk_k": 3
    }
  },
  "evidence": {
    "global_offset_db": 0.0,
    "hf_std_db": 0.04601994758471126,
    "p95_abs_dev_db": 0.06199999999999939,
    "inside_env_frac": 1.0,
    "peak_freq_mae_hz": 3944.740848107504,
    "peak_freq_outlier_frac": 0.0
  },
  "artifacts": {
    "output_json": "Output/batch_diagnosis/sim_00065_diagnosis.json"
  },
  "system_diagnosis": {
    "probabilities": {
      "正常": 0.009439227039736079,
      "幅度失准": 0.9013308412663439,
      "频率失准": 0.08919874275734019,
      "参考电平失准": 3.118884644679478e-05
    },
    "predicted_class": "幅度失准",
    "max_prob": 0.9013308412663439,
    "is_normal": false
  },
  "module_diagnosis": {
    "probabilities": {
      "[RF板][RF] 低频通路固定滤波/抑制网络": 0.19285099242708584,
      "[数字中频板][ADC] 数字检波与平均": 0.16790674055593582,
      "[数字中频板][IF] 中频放大/衰减链": 0.16360143951603998,
      "[RF板][Mixer1]": 0.13965071865409664,
      "[数字中频板][DSP] 数字增益/偏置校准": 0.10332722495749896,
      "[RF板][RF] 输入连接/匹配/保护": 0.08866712295498201,
      "[数字中频板][IF] RBW数字滤波器": 0.07749541871812422,
      "[RF板][RF] 输入衰减器组": 0.03325017110811825,
      "[RF板][RF] 高频通路固定滤波/抑制网络": 0.03325017110811825
    },
    "topk": [
      {
        "module": "[RF板][RF] 低频通路固定滤波/抑制网络",
        "probability": 0.19285099242708584
      },
      {
        "module": "[数字中频板][ADC] 数字检波与平均",
        "probability": 0.16790674055593582
      },
      {
        "module": "[数字中频板][IF] 中频放大/衰减链",
        "probability": 0.16360143951603998
      }
    ],
    "disabled_modules": [
      "高频段YTF滤波器",
      "高频段混频器",
      "前置放大器",
      "衰减器"
    ]
  },
  "evidence_detail": {
    "viol_rate": 0.0,
    "envelope_violation": false,
    "violation_max_db": 0.0,
    "violation_energy": 0.0,
    "baseline_coverage": 1.0
  },
  "config": {
    "mode": "unified_entry",
    "gating_status": "gated_ok",
    "run_name": null,
    "topk": 3
  },
  "uncertainty": {
    "is_uncertain": false,
    "reason": "",
    "top_class": "幅度失准",
    "runner_up": "频率失准",
    "max_prob": 0.9013308412663439,
    "second_prob": 0.08919874275734019,
    "prob_gap": 0.8121320985090037,
    "support_top_features": [],
    "support_runnerup_features": [],
    "conflict_features": [],
    "suggested_actions": []
  },
  "module_validation": {
    "sample_id": "sim_00065",
    "gt_module": "ADC",
    "gt_module_v2": "[数字中频板][ADC]",
    "top1": "[RF板][RF] 低频通路固定滤波/抑制网络",
    "top3": [
      "[RF板][RF] 低频通路固定滤波/抑制网络",
      "[数字中频板][ADC] 数字检波与平均",
      "[数字中频板][IF] 中频放大/衰减链"
    ],
    "top5": [
      "[RF板][RF] 低频通路固定滤波/抑制网络",
      "[数字中频板][ADC] 数字检波与平均",
      "[数字中频板][IF] 中频放大/衰减链",
      "[RF板][Mixer1]",
      "[数字中频板][DSP] 数字增益/偏置校准"
    ],
    "gt_rank": -1,
    "gt_prob": 0.0,
    "top1_hit": false,
    "top3_hit": false,
    "top5_hit": false
  },
  "ground_truth": {
    "type": "fault",
    "system_class_en": "amp_error",
    "system_class_cn": "幅度失准",
    "module": "ADC",
    "module_v2": "[数字中频板][ADC]",
    "fault_params": {
      "severity": "mid",
      "tier_target": "in_spec_weak",
      "type": "adc_bias",
      "subtype": "amp_error_offset",
      "quant_step_db": 0.014576379616129469,
      "template_id": "T7"
    }
  }
}