{
  "status": "success",
  "meta": {
    "sample_id": "sim_00145",
    "input_file": "/home/runner/work/FMFD-python/FMFD-python/Output/sim_spectrum/raw_curves/sim_00145.csv",
    "operating_condition": {
      "inject_power_dbm": -10.0,
      "freq_start_hz": 10000000.0,
      "freq_end_hz": 8200000000.0,
      "step_hz": 10000000.0,
      "frontend": {
        "low_band_only": true,
        "ac_coupling": true,
        "preamp": false
      }
    }
  },
  "data_points": 820,
  "frequency_range": {
    "min": 10000000.0,
    "max": 8200000000.0
  },
  "features": {
    "X1": -9.933075853658535,
    "X2": 0.0006070482574856243,
    "X3": 0.00024236366356969395,
    "X4": 0.029000503258571092,
    "X5": 0.263346562552521,
    "X6": 0.0009562470998810233,
    "X7": 0.07859999999999978,
    "X8": 0.024459268292682922,
    "X9": 0.0008410291892503925,
    "X10": 0.014545944492873046,
    "X11": 0.0,
    "X12": 0.0,
    "X13": 0.07867089373765612,
    "X14": 0.0017410256410257086,
    "X15": 0.0018250684499003529,
    "X16": -0.01391942091366131,
    "X17": 0.0,
    "X18": 0.0,
    "X19": -8.200763326879443e-05,
    "X20": -0.039838720662681126,
    "X21": 5.0,
    "X22": 0.03902323455134963,
    "X23": 4.805536585365715e-06,
    "X24": 0.010118861271583901,
    "X25": 4.805536585365715e-06,
    "X26": 0.0006908527988702135,
    "X27": 1.567352827507986e-05,
    "X28": 0.022222222216883976,
    "X29": -0.5952592632878541,
    "X30": 0.0004542868722598477,
    "X31": 0.0005597676017734397,
    "X32": -0.7268008858726249,
    "X33": 0.5729521705452044,
    "X34": 0.014639136492097119,
    "X35": 0.0003139112419177612,
    "X36": 0.8124271632534374,
    "X37": 0.02900050325857109,
    "offset_db": 0.0,
    "viol_rate_aligned": 0.0,
    "viol_energy_aligned": 0.07867089373765612,
    "global_offset_db": 0.0,
    "shape_rmse": 0.0021921534128262364,
    "ripple_hp": 0.002517353955809387,
    "tail_asym": 0.00010499999999975069,
    "compress_ratio": 0.19390243902439025,
    "compress_ratio_high": 0.19322033898305085,
    "freq_shift_score": 0.0025152933106714626,
    "offset_slope": -3.614056244691469e-05,
    "high_low_energy_ratio": 0.25971977792514916,
    "band_offset_db_1": 0.002749999999999808,
    "band_offset_db_2": -9.999999999976694e-05,
    "band_offset_db_3": -0.0004999999999988347,
    "band_offset_db_4": 0.0002999999999993008
  },
  "system": {
    "probs": {
      "正常": 0.9762052155101683,
      "幅度失准": 0.008181790703421024,
      "频率失准": 0.00357612052375057,
      "参考电平失准": 0.012036873165039466
    },
    "decision": "正常",
    "confidence": 0.9762052155101683,
    "is_normal": true
  },
  "module": {
    "topk": [
      {
        "module_id": "[校准链路][校准源]",
        "gamma": 0.43749999999999994
      },
      {
        "module_id": "[校准链路][校准路径开关/耦合]",
        "gamma": 0.3125
      },
      {
        "module_id": "[校准链路][校准表/存储]",
        "gamma": 0.25000000000000006
      }
    ],
    "gating": {
      "disabled_modules": [
        "高频段YTF滤波器",
        "高频段混频器",
        "前置放大器",
        "衰减器"
      ],
      "topk_k": 3
    }
  },
  "evidence": {
    "global_offset_db": 0.0,
    "hf_std_db": 0.0018785371427358884,
    "p95_abs_dev_db": 0.0037050000000001535,
    "inside_env_frac": 1.0,
    "peak_freq_mae_hz": 72610.92992055595,
    "peak_freq_outlier_frac": 0.0
  },
  "artifacts": {
    "output_json": "Output/batch_diagnosis/sim_00145_diagnosis.json"
  },
  "system_diagnosis": {
    "probabilities": {
      "正常": 0.9762052155101683,
      "幅度失准": 0.008181790703421024,
      "频率失准": 0.00357612052375057,
      "参考电平失准": 0.012036873165039466
    },
    "predicted_class": "正常",
    "max_prob": 0.9762052155101683,
    "is_normal": true
  },
  "module_diagnosis": {
    "probabilities": {
      "[校准链路][校准源]": 0.43749999999999994,
      "[校准链路][校准路径开关/耦合]": 0.3125,
      "[校准链路][校准表/存储]": 0.25000000000000006,
      "[RF板][RF] 输入衰减器组": 0.0,
      "[RF板][RF] 低频通路固定滤波/抑制网络": 0.0,
      "[RF板][Mixer1]": 0.0
    },
    "topk": [
      {
        "module": "[校准链路][校准源]",
        "probability": 0.43749999999999994
      },
      {
        "module": "[校准链路][校准路径开关/耦合]",
        "probability": 0.3125
      },
      {
        "module": "[校准链路][校准表/存储]",
        "probability": 0.25000000000000006
      }
    ],
    "disabled_modules": [
      "高频段YTF滤波器",
      "高频段混频器",
      "前置放大器",
      "衰减器"
    ]
  },
  "evidence_detail": {
    "viol_rate": 0.0,
    "envelope_violation": false,
    "violation_max_db": 0.0,
    "violation_energy": 0.07867089373765612,
    "baseline_coverage": 1.0
  },
  "config": {
    "mode": "unified_entry",
    "gating_status": "gated_ok",
    "run_name": null,
    "topk": 3
  },
  "uncertainty": {
    "is_uncertain": false,
    "reason": "",
    "top_class": "正常",
    "runner_up": "参考电平失准",
    "max_prob": 0.9762052155101683,
    "second_prob": 0.012036873165039466,
    "prob_gap": 0.9641683423451288,
    "support_top_features": [],
    "support_runnerup_features": [],
    "conflict_features": [],
    "suggested_actions": []
  },
  "module_validation": {
    "sample_id": "sim_00145",
    "gt_module": "时钟合成与同步网络",
    "gt_module_v2": "[LO/时钟板][LO1] 合成链",
    "top1": "[校准链路][校准源]",
    "top3": [
      "[校准链路][校准源]",
      "[校准链路][校准路径开关/耦合]",
      "[校准链路][校准表/存储]"
    ],
    "top5": [
      "[校准链路][校准源]",
      "[校准链路][校准路径开关/耦合]",
      "[校准链路][校准表/存储]",
      "[RF板][RF] 输入衰减器组",
      "[RF板][RF] 低频通路固定滤波/抑制网络"
    ],
    "gt_rank": -1,
    "gt_prob": 0.0,
    "top1_hit": false,
    "top3_hit": false,
    "top5_hit": false
  },
  "ground_truth": {
    "type": "fault",
    "system_class_en": "freq_error",
    "system_class_cn": "频率失准",
    "module": "时钟合成与同步网络",
    "module_v2": "[LO/时钟板][LO1] 合成链",
    "fault_params": {
      "severity": "light",
      "tier_target": "edge",
      "delta_f_hz": -234432.5328642332,
      "ppm": -28.62424088696376,
      "shift_bins": -0.02344325328642332,
      "bandwidth_hz": 8190000000.0,
      "type": "clock_drift",
      "track_type": "spike",
      "template_id": "T8",
      "forced_peak_track_type": true,
      "peak_track_profile": {
        "bands": [],
        "track_type": "spike"
      },
      "freq_amp_coupling": {
        "bias_db_min": -0.1,
        "bias_db_max": -0.02
      }
    }
  }
}