{
  "status": "success",
  "meta": {
    "sample_id": "sim_00358",
    "input_file": "/home/runner/work/FMFD-python/FMFD-python/Output/sim_spectrum/raw_curves/sim_00358.csv",
    "operating_condition": {
      "inject_power_dbm": -10.0,
      "freq_start_hz": 10000000.0,
      "freq_end_hz": 8200000000.0,
      "step_hz": 10000000.0,
      "frontend": {
        "low_band_only": true,
        "ac_coupling": true,
        "preamp": false
      }
    }
  },
  "data_points": 820,
  "frequency_range": {
    "min": 10000000.0,
    "max": 8200000000.0
  },
  "features": {
    "X1": -9.924479390243903,
    "X2": 0.0007957916651381455,
    "X3": 0.00040096785602545225,
    "X4": 0.033266886364724,
    "X5": 0.27383815707219317,
    "X6": 0.001190888441091611,
    "X7": 0.09029999999999916,
    "X8": 0.02769817073170732,
    "X9": 0.0011066857284034598,
    "X10": 0.016684584275728647,
    "X11": 0.0,
    "X12": 0.0,
    "X13": 0.06668240235519189,
    "X14": 0.00951575091575094,
    "X15": 0.010918765212869776,
    "X16": 0.010159838401479724,
    "X17": 0.0,
    "X18": 0.0,
    "X19": -4.8876042958039535e-05,
    "X20": -0.09833777187228199,
    "X21": 4.0,
    "X22": 0.04666013345727111,
    "X23": 0.0001401027682926822,
    "X24": 0.012815875068059812,
    "X25": 0.0001401027682926822,
    "X26": 1.2634384263878937e-05,
    "X27": 0.00019908927482996746,
    "X28": -0.11079464539691919,
    "X29": 0.2970984030587911,
    "X30": 0.00937964839232026,
    "X31": 0.003482449803365062,
    "X32": -4.596813983341405,
    "X33": 0.523184500831922,
    "X34": 0.017400515915774628,
    "X35": 0.00032597239198462564,
    "X36": 0.8518983605864999,
    "X37": 0.033266886364724,
    "offset_db": 0.009999999999999787,
    "viol_rate_aligned": 0.0,
    "viol_energy_aligned": 0.06668240235519189,
    "global_offset_db": 0.0,
    "shape_rmse": 0.0118365015225227,
    "ripple_hp": 0.002885549362659396,
    "tail_asym": -0.0028000000000004896,
    "compress_ratio": 0.19634146341463415,
    "compress_ratio_high": 0.2,
    "freq_shift_score": 0.058521128977607084,
    "offset_slope": 0.0006219365831677467,
    "high_low_energy_ratio": 19.84287033841868,
    "band_offset_db_1": 0.002100000000000435,
    "band_offset_db_2": -0.0038000000000000256,
    "band_offset_db_3": 0.00435000000000052,
    "band_offset_db_4": 0.00019999999999953388
  },
  "system": {
    "probs": {
      "正常": 0.9804842220722451,
      "幅度失准": 0.014445801946816246,
      "频率失准": 0.0033015185535247974,
      "参考电平失准": 0.0017684573293655808
    },
    "decision": "正常",
    "confidence": 0.9804842220722451,
    "is_normal": true
  },
  "module": {
    "topk": [
      {
        "module_id": "[RF板][RF] 低频通路固定滤波/抑制网络",
        "gamma": 0.19285099242708584
      },
      {
        "module_id": "[数字中频板][ADC] 数字检波与平均",
        "gamma": 0.1679067405559358
      },
      {
        "module_id": "[数字中频板][IF] 中频放大/衰减链",
        "gamma": 0.16360143951604
      }
    ],
    "gating": {
      "disabled_modules": [
        "高频段YTF滤波器",
        "高频段混频器",
        "前置放大器",
        "衰减器"
      ],
      "topk_k": 3
    }
  },
  "evidence": {
    "global_offset_db": 0.009999999999999787,
    "hf_std_db": 0.005905891765856403,
    "p95_abs_dev_db": 0.02200000000000024,
    "inside_env_frac": 1.0,
    "peak_freq_mae_hz": 3832.1193602532353,
    "peak_freq_outlier_frac": 0.0
  },
  "artifacts": {
    "output_json": "Output/batch_diagnosis/sim_00358_diagnosis.json"
  },
  "system_diagnosis": {
    "probabilities": {
      "正常": 0.9804842220722451,
      "幅度失准": 0.014445801946816246,
      "频率失准": 0.0033015185535247974,
      "参考电平失准": 0.0017684573293655808
    },
    "predicted_class": "正常",
    "max_prob": 0.9804842220722451,
    "is_normal": true
  },
  "module_diagnosis": {
    "probabilities": {
      "[RF板][RF] 低频通路固定滤波/抑制网络": 0.19285099242708584,
      "[数字中频板][ADC] 数字检波与平均": 0.1679067405559358,
      "[数字中频板][IF] 中频放大/衰减链": 0.16360143951604,
      "[RF板][Mixer1]": 0.13965071865409664,
      "[数字中频板][DSP] 数字增益/偏置校准": 0.10332722495749894,
      "[RF板][RF] 输入连接/匹配/保护": 0.08866712295498201,
      "[数字中频板][IF] RBW数字滤波器": 0.07749541871812421,
      "[RF板][RF] 输入衰减器组": 0.03325017110811825,
      "[RF板][RF] 高频通路固定滤波/抑制网络": 0.03325017110811825
    },
    "topk": [
      {
        "module": "[RF板][RF] 低频通路固定滤波/抑制网络",
        "probability": 0.19285099242708584
      },
      {
        "module": "[数字中频板][ADC] 数字检波与平均",
        "probability": 0.1679067405559358
      },
      {
        "module": "[数字中频板][IF] 中频放大/衰减链",
        "probability": 0.16360143951604
      }
    ],
    "disabled_modules": [
      "高频段YTF滤波器",
      "高频段混频器",
      "前置放大器",
      "衰减器"
    ]
  },
  "evidence_detail": {
    "viol_rate": 0.0,
    "envelope_violation": false,
    "violation_max_db": 0.0,
    "violation_energy": 0.06668240235519189,
    "baseline_coverage": 1.0
  },
  "config": {
    "mode": "unified_entry",
    "gating_status": "gated_ok",
    "run_name": null,
    "topk": 3
  },
  "uncertainty": {
    "is_uncertain": false,
    "reason": "",
    "top_class": "正常",
    "runner_up": "幅度失准",
    "max_prob": 0.9804842220722451,
    "second_prob": 0.014445801946816246,
    "prob_gap": 0.9660384201254288,
    "support_top_features": [],
    "support_runnerup_features": [],
    "conflict_features": [],
    "suggested_actions": []
  },
  "module_validation": {
    "sample_id": "sim_00358",
    "gt_module": null,
    "gt_module_v2": null,
    "top1": "[RF板][RF] 低频通路固定滤波/抑制网络",
    "top3": [
      "[RF板][RF] 低频通路固定滤波/抑制网络",
      "[数字中频板][ADC] 数字检波与平均",
      "[数字中频板][IF] 中频放大/衰减链"
    ],
    "top5": [
      "[RF板][RF] 低频通路固定滤波/抑制网络",
      "[数字中频板][ADC] 数字检波与平均",
      "[数字中频板][IF] 中频放大/衰减链",
      "[RF板][Mixer1]",
      "[数字中频板][DSP] 数字增益/偏置校准"
    ],
    "gt_rank": -1,
    "gt_prob": 0.0,
    "top1_hit": false,
    "top3_hit": false,
    "top5_hit": false
  },
  "ground_truth": {
    "type": "normal",
    "system_class_en": "normal",
    "system_class_cn": "正常",
    "module": null,
    "module_v2": null,
    "fault_params": {
      "severity": "light",
      "tier_target": "in_spec_weak",
      "type": "normal",
      "normal_state": "normal_state_A"
    }
  }
}