{
  "status": "success",
  "meta": {
    "sample_id": "sim_00203",
    "input_file": "/home/runner/work/FMFD-python/FMFD-python/Output/sim_spectrum/raw_curves/sim_00203.csv",
    "operating_condition": {
      "inject_power_dbm": -10.0,
      "freq_start_hz": 10000000.0,
      "freq_end_hz": 8200000000.0,
      "step_hz": 10000000.0,
      "frontend": {
        "low_band_only": true,
        "ac_coupling": true,
        "preamp": false
      }
    }
  },
  "data_points": 820,
  "frequency_range": {
    "min": 10000000.0,
    "max": 8200000000.0
  },
  "features": {
    "X1": -9.876596829268292,
    "X2": 0.0005997775118976804,
    "X3": 0.00022468529375755953,
    "X4": 0.02901945304708504,
    "X5": 0.26336057760815396,
    "X6": 0.0009756501850684127,
    "X7": 0.0818000000000012,
    "X8": 0.024734878048780492,
    "X9": 0.0008421286551519733,
    "X10": 0.015496376032376784,
    "X11": 0.0,
    "X12": 0.0,
    "X13": 0.050922159725383206,
    "X14": 0.001433699633699689,
    "X15": 0.001292426875252811,
    "X16": -2.0038016773503732e-05,
    "X17": 0.0,
    "X18": 0.0,
    "X19": -6.216754189240519e-05,
    "X20": -0.025090203822624613,
    "X21": 5.0,
    "X22": 0.04110718079260557,
    "X23": 2.9289512195118963e-06,
    "X24": 0.004698980895139759,
    "X25": 2.9289512195118963e-06,
    "X26": 0.0001522003911945401,
    "X27": 5.082992361865333e-06,
    "X28": -0.052631578933370386,
    "X29": -0.0795930849500577,
    "X30": 0.0007481378672219846,
    "X31": 0.0008949785889049057,
    "X32": -0.4617857585936793,
    "X33": 0.5712594738389951,
    "X34": 0.015450032412157274,
    "X35": 0.0003183911315058571,
    "X36": 0.8101596094630131,
    "X37": 0.02901945304708504,
    "offset_db": 0.05649999999999977,
    "viol_rate_aligned": 0.0,
    "viol_energy_aligned": 0.050922159725383206,
    "global_offset_db": 0.0,
    "shape_rmse": 0.0017114178973914864,
    "ripple_hp": 0.0017302999365913048,
    "tail_asym": -9.999999999807949e-05,
    "compress_ratio": 0.2,
    "compress_ratio_high": 0.19322033898305085,
    "freq_shift_score": 0.0014277226756558292,
    "offset_slope": -0.00038305413826040456,
    "high_low_energy_ratio": 0.6990573853070163,
    "band_offset_db_1": 0.0006500000000002615,
    "band_offset_db_2": 0.0008999999999996788,
    "band_offset_db_3": 0.0001500000000005386,
    "band_offset_db_4": -0.0009999999999994458
  },
  "system": {
    "probs": {
      "正常": 0.7617663779308503,
      "幅度失准": 0.022733371413979832,
      "频率失准": 0.026553215233741104,
      "参考电平失准": 0.18894703534525217
    },
    "decision": "正常",
    "confidence": 0.7617663779308503,
    "is_normal": true
  },
  "module": {
    "topk": [
      {
        "module_id": "[校准链路][校准源]",
        "gamma": 0.43749999999999994
      },
      {
        "module_id": "[校准链路][校准路径开关/耦合]",
        "gamma": 0.3125
      },
      {
        "module_id": "[校准链路][校准表/存储]",
        "gamma": 0.25000000000000006
      }
    ],
    "gating": {
      "disabled_modules": [
        "高频段YTF滤波器",
        "高频段混频器",
        "前置放大器",
        "衰减器"
      ],
      "topk_k": 3
    }
  },
  "evidence": {
    "global_offset_db": 0.05649999999999977,
    "hf_std_db": 0.0013442339845894764,
    "p95_abs_dev_db": 0.0033999999999991815,
    "inside_env_frac": 1.0,
    "peak_freq_mae_hz": 4002.9523656169818,
    "peak_freq_outlier_frac": 0.0
  },
  "artifacts": {
    "output_json": "Output/batch_diagnosis/sim_00203_diagnosis.json"
  },
  "system_diagnosis": {
    "probabilities": {
      "正常": 0.7617663779308503,
      "幅度失准": 0.022733371413979832,
      "频率失准": 0.026553215233741104,
      "参考电平失准": 0.18894703534525217
    },
    "predicted_class": "正常",
    "max_prob": 0.7617663779308503,
    "is_normal": true
  },
  "module_diagnosis": {
    "probabilities": {
      "[校准链路][校准源]": 0.43749999999999994,
      "[校准链路][校准路径开关/耦合]": 0.3125,
      "[校准链路][校准表/存储]": 0.25000000000000006,
      "[RF板][RF] 输入衰减器组": 0.0,
      "[RF板][RF] 低频通路固定滤波/抑制网络": 0.0,
      "[RF板][Mixer1]": 0.0
    },
    "topk": [
      {
        "module": "[校准链路][校准源]",
        "probability": 0.43749999999999994
      },
      {
        "module": "[校准链路][校准路径开关/耦合]",
        "probability": 0.3125
      },
      {
        "module": "[校准链路][校准表/存储]",
        "probability": 0.25000000000000006
      }
    ],
    "disabled_modules": [
      "高频段YTF滤波器",
      "高频段混频器",
      "前置放大器",
      "衰减器"
    ]
  },
  "evidence_detail": {
    "viol_rate": 0.0,
    "envelope_violation": false,
    "violation_max_db": 0.0,
    "violation_energy": 0.050922159725383206,
    "baseline_coverage": 1.0
  },
  "config": {
    "mode": "unified_entry",
    "gating_status": "gated_ok",
    "run_name": null,
    "topk": 3
  },
  "uncertainty": {
    "is_uncertain": false,
    "reason": "",
    "top_class": "正常",
    "runner_up": "参考电平失准",
    "max_prob": 0.7617663779308503,
    "second_prob": 0.18894703534525217,
    "prob_gap": 0.5728193425855982,
    "support_top_features": [],
    "support_runnerup_features": [],
    "conflict_features": [],
    "suggested_actions": []
  },
  "module_validation": {
    "sample_id": "sim_00203",
    "gt_module": "校准信号开关",
    "gt_module_v2": "[校准链路][校准路径开关/耦合]",
    "top1": "[校准链路][校准源]",
    "top3": [
      "[校准链路][校准源]",
      "[校准链路][校准路径开关/耦合]",
      "[校准链路][校准表/存储]"
    ],
    "top5": [
      "[校准链路][校准源]",
      "[校准链路][校准路径开关/耦合]",
      "[校准链路][校准表/存储]",
      "[RF板][RF] 输入衰减器组",
      "[RF板][RF] 低频通路固定滤波/抑制网络"
    ],
    "gt_rank": 2,
    "gt_prob": 0.3125,
    "top1_hit": false,
    "top3_hit": true,
    "top5_hit": true
  },
  "ground_truth": {
    "type": "fault",
    "system_class_en": "ref_error",
    "system_class_cn": "参考电平失准",
    "module": "校准信号开关",
    "module_v2": "[校准链路][校准路径开关/耦合]",
    "fault_params": {
      "severity": "mid",
      "tier_target": "in_spec_weak",
      "type": "ref_miscal",
      "subtype": "ref_error_offset",
      "offset_db": -0.16004656955186605,
      "template_id": "T1",
      "mean_offset_db": 0.05647702349366285
    }
  }
}