{
  "status": "success",
  "meta": {
    "sample_id": "sim_00202",
    "input_file": "/home/runner/work/FMFD-python/FMFD-python/Output/sim_spectrum/raw_curves/sim_00202.csv",
    "operating_condition": {
      "inject_power_dbm": -10.0,
      "freq_start_hz": 10000000.0,
      "freq_end_hz": 8200000000.0,
      "step_hz": 10000000.0,
      "frontend": {
        "low_band_only": true,
        "ac_coupling": true,
        "preamp": false
      }
    }
  },
  "data_points": 820,
  "frequency_range": {
    "min": 10000000.0,
    "max": 8200000000.0
  },
  "features": {
    "X1": -9.989993658536585,
    "X2": 0.0006045420944460974,
    "X3": 0.00024685062505949717,
    "X4": 0.02882411546047405,
    "X5": 0.26372069960401273,
    "X6": 0.0009327239353955982,
    "X7": 0.07570000000000121,
    "X8": 0.02426048780487806,
    "X9": 0.0008308296320787391,
    "X10": 0.01452865118634392,
    "X11": 0.0,
    "X12": 0.0,
    "X13": 0.12022526902974284,
    "X14": 0.0025597069597068176,
    "X15": 0.0025459899007192403,
    "X16": -0.007249317115392305,
    "X17": 0.0,
    "X18": 0.0,
    "X19": -3.594015963001992e-05,
    "X20": -0.07735080301004782,
    "X21": 5.0,
    "X22": 0.04011926563659529,
    "X23": 1.075853658536606e-05,
    "X24": 0.023957114980260097,
    "X25": 1.075853658536606e-05,
    "X26": 0.0006648394620652098,
    "X27": 3.819608064757153e-05,
    "X28": -0.16666666664385935,
    "X29": -0.04697311685453366,
    "X30": -7.881097560961253e-05,
    "X31": 0.0009724410890249794,
    "X32": -0.44144228186904627,
    "X33": 0.5858785282508976,
    "X34": 0.014400543018615571,
    "X35": 0.0003201608951623602,
    "X36": 0.8065624880437392,
    "X37": 0.02882411546047405,
    "offset_db": -0.05659999999999954,
    "viol_rate_aligned": 0.0,
    "viol_energy_aligned": 0.12022526902974284,
    "global_offset_db": 0.0,
    "shape_rmse": 0.0032800208208738644,
    "ripple_hp": 0.003898363051899253,
    "tail_asym": -0.0019999999999989844,
    "compress_ratio": 0.19634146341463415,
    "compress_ratio_high": 0.2,
    "freq_shift_score": 0.005623465033260722,
    "offset_slope": 0.00023409750286558043,
    "high_low_energy_ratio": 0.0951077816922025,
    "band_offset_db_1": -0.004950000000000898,
    "band_offset_db_2": 0.0002999999999993008,
    "band_offset_db_3": -0.0015000000000000568,
    "band_offset_db_4": 0.000600000000000378
  },
  "system": {
    "probs": {
      "正常": 0.48946868425404827,
      "幅度失准": 0.028039320190882074,
      "频率失准": 0.02826626653820066,
      "参考电平失准": 0.45422572896792207
    },
    "decision": "正常",
    "confidence": 0.48946868425404827,
    "is_normal": true
  },
  "module": {
    "topk": [
      {
        "module_id": "[校准链路][校准源]",
        "gamma": 0.43749999999999994
      },
      {
        "module_id": "[校准链路][校准路径开关/耦合]",
        "gamma": 0.3125
      },
      {
        "module_id": "[校准链路][校准表/存储]",
        "gamma": 0.25000000000000006
      }
    ],
    "gating": {
      "disabled_modules": [
        "高频段YTF滤波器",
        "高频段混频器",
        "前置放大器",
        "衰减器"
      ],
      "topk_k": 3
    }
  },
  "evidence": {
    "global_offset_db": -0.05659999999999954,
    "hf_std_db": 0.002884521413433788,
    "p95_abs_dev_db": 0.006505000000000733,
    "inside_env_frac": 1.0,
    "peak_freq_mae_hz": 3760.914462873964,
    "peak_freq_outlier_frac": 0.0
  },
  "artifacts": {
    "output_json": "Output/batch_diagnosis/sim_00202_diagnosis.json"
  },
  "system_diagnosis": {
    "probabilities": {
      "正常": 0.48946868425404827,
      "幅度失准": 0.028039320190882074,
      "频率失准": 0.02826626653820066,
      "参考电平失准": 0.45422572896792207
    },
    "predicted_class": "正常",
    "max_prob": 0.48946868425404827,
    "is_normal": true
  },
  "module_diagnosis": {
    "probabilities": {
      "[校准链路][校准源]": 0.43749999999999994,
      "[校准链路][校准路径开关/耦合]": 0.3125,
      "[校准链路][校准表/存储]": 0.25000000000000006,
      "[RF板][RF] 输入衰减器组": 0.0,
      "[RF板][RF] 低频通路固定滤波/抑制网络": 0.0,
      "[RF板][Mixer1]": 0.0
    },
    "topk": [
      {
        "module": "[校准链路][校准源]",
        "probability": 0.43749999999999994
      },
      {
        "module": "[校准链路][校准路径开关/耦合]",
        "probability": 0.3125
      },
      {
        "module": "[校准链路][校准表/存储]",
        "probability": 0.25000000000000006
      }
    ],
    "disabled_modules": [
      "高频段YTF滤波器",
      "高频段混频器",
      "前置放大器",
      "衰减器"
    ]
  },
  "evidence_detail": {
    "viol_rate": 0.0,
    "envelope_violation": false,
    "violation_max_db": 0.0,
    "violation_energy": 0.12022526902974284,
    "baseline_coverage": 1.0
  },
  "config": {
    "mode": "unified_entry",
    "gating_status": "gated_ok",
    "run_name": null,
    "topk": 3
  },
  "uncertainty": {
    "is_uncertain": true,
    "reason": "max_prob(48.95%) < 55% && prob_gap(3.52%) < 10%",
    "top_class": "正常",
    "runner_up": "参考电平失准",
    "max_prob": 0.48946868425404827,
    "second_prob": 0.45422572896792207,
    "prob_gap": 0.0352429552861262,
    "support_top_features": [],
    "support_runnerup_features": [
      {
        "feature": "X1",
        "contribution": 4.994996829268293
      },
      {
        "feature": "X21",
        "contribution": 1.5
      },
      {
        "feature": "X5",
        "contribution": 0.13186034980200637
      },
      {
        "feature": "X13",
        "contribution": 0.08415768832081999
      },
      {
        "feature": "X7",
        "contribution": 0.045420000000000724
      }
    ],
    "conflict_features": [
      {
        "feature": "X4",
        "top_contrib": 0.002882411546047405,
        "runnerup_contrib": 0.002882411546047405
      },
      {
        "feature": "X16",
        "top_contrib": 0.0007249317115392306,
        "runnerup_contrib": 0.0007249317115392306
      }
    ],
    "suggested_actions": [
      "当前诊断为正常，但置信度较低",
      "建议增加测试样本或更换测试信号",
      "复测参考电平校准点",
      "建议重复测试或更换测试点以提高置信度"
    ]
  },
  "module_validation": {
    "sample_id": "sim_00202",
    "gt_module": "校准信号开关",
    "gt_module_v2": "[校准链路][校准路径开关/耦合]",
    "top1": "[校准链路][校准源]",
    "top3": [
      "[校准链路][校准源]",
      "[校准链路][校准路径开关/耦合]",
      "[校准链路][校准表/存储]"
    ],
    "top5": [
      "[校准链路][校准源]",
      "[校准链路][校准路径开关/耦合]",
      "[校准链路][校准表/存储]",
      "[RF板][RF] 输入衰减器组",
      "[RF板][RF] 低频通路固定滤波/抑制网络"
    ],
    "gt_rank": 2,
    "gt_prob": 0.3125,
    "top1_hit": false,
    "top3_hit": true,
    "top5_hit": true
  },
  "ground_truth": {
    "type": "fault",
    "system_class_en": "ref_error",
    "system_class_cn": "参考电平失准",
    "module": "校准信号开关",
    "module_v2": "[校准链路][校准路径开关/耦合]",
    "fault_params": {
      "severity": "light",
      "tier_target": "in_spec_weak",
      "type": "ref_miscal",
      "subtype": "ref_error_offset",
      "offset_db": -0.05203932770259172,
      "template_id": "T1",
      "mean_offset_db": -0.05691936055519861
    }
  }
}