{
  "status": "success",
  "meta": {
    "sample_id": "sim_00114",
    "input_file": "/home/runner/work/FMFD-python/FMFD-python/Output/sim_spectrum/raw_curves/sim_00114.csv",
    "operating_condition": {
      "inject_power_dbm": -10.0,
      "freq_start_hz": 10000000.0,
      "freq_end_hz": 8200000000.0,
      "step_hz": 10000000.0,
      "frontend": {
        "low_band_only": true,
        "ac_coupling": true,
        "preamp": false
      }
    }
  },
  "data_points": 820,
  "frequency_range": {
    "min": 10000000.0,
    "max": 8200000000.0
  },
  "features": {
    "X1": -9.933074024390246,
    "X2": 0.0006279643133634075,
    "X3": 0.00022284847577979132,
    "X4": 0.029205465144935047,
    "X5": 0.2628971493691922,
    "X6": 0.0009644119228286717,
    "X7": 0.08009999999999984,
    "X8": 0.024528658536585337,
    "X9": 0.0008529591943320158,
    "X10": 0.014997516048051196,
    "X11": 0.0,
    "X12": 0.0,
    "X13": 0.07150280872508272,
    "X14": 0.001609157509157344,
    "X15": 0.002187640316165351,
    "X16": -0.021539689828235342,
    "X17": 0.0,
    "X18": 0.0,
    "X19": -5.017258430721395e-05,
    "X20": -0.010959675653669176,
    "X21": 5.0,
    "X22": 0.04217015694613672,
    "X23": 4.339695121951002e-06,
    "X24": 0.009273817081933755,
    "X25": 4.339695121951002e-06,
    "X26": 0.0001059475078896906,
    "X27": 1.8683523003428e-05,
    "X28": -0.1363636363323143,
    "X29": -0.040153737059284926,
    "X30": 0.0009843858431645143,
    "X31": 0.000651004417752579,
    "X32": -0.429146186878233,
    "X33": 0.5748917880734176,
    "X34": 0.015415064772788268,
    "X35": 0.00031873868829583146,
    "X36": 0.8124085089840293,
    "X37": 0.029205465144935047,
    "offset_db": 0.00019999999999953388,
    "viol_rate_aligned": 0.0,
    "viol_energy_aligned": 0.07150280872508272,
    "global_offset_db": 0.0,
    "shape_rmse": 0.0020831934912415124,
    "ripple_hp": 0.0024258809424212973,
    "tail_asym": -0.001104999999999023,
    "compress_ratio": 0.19878048780487806,
    "compress_ratio_high": 0.19661016949152543,
    "freq_shift_score": 0.0022155299135668827,
    "offset_slope": 3.8567148664953197e-05,
    "high_low_energy_ratio": 0.8574434149039556,
    "band_offset_db_1": -0.0012999999999996348,
    "band_offset_db_2": -9.999999999976694e-05,
    "band_offset_db_3": 0.0005500000000013827,
    "band_offset_db_4": -0.00019999999999953388
  },
  "system": {
    "probs": {
      "正常": 0.9857223193084131,
      "幅度失准": 0.00477375532303088,
      "频率失准": 0.0029214257858328698,
      "参考电平失准": 0.006582499484150911
    },
    "decision": "正常",
    "confidence": 0.9857223193084131,
    "is_normal": true
  },
  "module": {
    "topk": [
      {
        "module_id": "[RF板][RF] 输入连接/匹配/保护",
        "gamma": 0.058823529411764705
      },
      {
        "module_id": "[RF板][RF] 输入衰减器组",
        "gamma": 0.058823529411764705
      },
      {
        "module_id": "[RF板][RF] 低频通路固定滤波/抑制网络",
        "gamma": 0.058823529411764705
      }
    ],
    "gating": {
      "disabled_modules": [
        "高频段YTF滤波器",
        "高频段混频器",
        "前置放大器",
        "衰减器"
      ],
      "topk_k": 3
    }
  },
  "evidence": {
    "global_offset_db": 0.00019999999999953388,
    "hf_std_db": 0.0017955582707259532,
    "p95_abs_dev_db": 0.003800000000001802,
    "inside_env_frac": 1.0,
    "peak_freq_mae_hz": 87601.49147955414,
    "peak_freq_outlier_frac": 0.0012195121951219512
  },
  "artifacts": {
    "output_json": "Output/batch_diagnosis/sim_00114_diagnosis.json"
  },
  "system_diagnosis": {
    "probabilities": {
      "正常": 0.9857223193084131,
      "幅度失准": 0.00477375532303088,
      "频率失准": 0.0029214257858328698,
      "参考电平失准": 0.006582499484150911
    },
    "predicted_class": "正常",
    "max_prob": 0.9857223193084131,
    "is_normal": true
  },
  "module_diagnosis": {
    "probabilities": {
      "[RF板][RF] 输入连接/匹配/保护": 0.058823529411764705,
      "[RF板][RF] 输入衰减器组": 0.058823529411764705,
      "[RF板][RF] 低频通路固定滤波/抑制网络": 0.058823529411764705,
      "[RF板][RF] 高频通路固定滤波/抑制网络": 0.058823529411764705,
      "[RF板][Mixer1]": 0.058823529411764705
    },
    "topk": [
      {
        "module": "[RF板][RF] 输入连接/匹配/保护",
        "probability": 0.058823529411764705
      },
      {
        "module": "[RF板][RF] 输入衰减器组",
        "probability": 0.058823529411764705
      },
      {
        "module": "[RF板][RF] 低频通路固定滤波/抑制网络",
        "probability": 0.058823529411764705
      }
    ],
    "disabled_modules": [
      "高频段YTF滤波器",
      "高频段混频器",
      "前置放大器",
      "衰减器"
    ]
  },
  "evidence_detail": {
    "viol_rate": 0.0,
    "envelope_violation": false,
    "violation_max_db": 0.0,
    "violation_energy": 0.07150280872508272,
    "baseline_coverage": 1.0
  },
  "config": {
    "mode": "unified_entry",
    "gating_status": "gated_ok",
    "run_name": null,
    "topk": 3
  },
  "uncertainty": {
    "is_uncertain": false,
    "reason": "",
    "top_class": "正常",
    "runner_up": "参考电平失准",
    "max_prob": 0.9857223193084131,
    "second_prob": 0.006582499484150911,
    "prob_gap": 0.9791398198242622,
    "support_top_features": [],
    "support_runnerup_features": [],
    "conflict_features": [],
    "suggested_actions": []
  },
  "module_validation": {
    "sample_id": "sim_00114",
    "gt_module": "时钟合成与同步网络",
    "gt_module_v2": "[LO/时钟板][LO1] 合成链",
    "top1": "[RF板][RF] 输入连接/匹配/保护",
    "top3": [
      "[RF板][RF] 输入连接/匹配/保护",
      "[RF板][RF] 输入衰减器组",
      "[RF板][RF] 低频通路固定滤波/抑制网络"
    ],
    "top5": [
      "[RF板][RF] 输入连接/匹配/保护",
      "[RF板][RF] 输入衰减器组",
      "[RF板][RF] 低频通路固定滤波/抑制网络",
      "[RF板][RF] 高频通路固定滤波/抑制网络",
      "[RF板][Mixer1]"
    ],
    "gt_rank": -1,
    "gt_prob": 0.0,
    "top1_hit": false,
    "top3_hit": false,
    "top5_hit": false
  },
  "ground_truth": {
    "type": "fault",
    "system_class_en": "freq_error",
    "system_class_cn": "频率失准",
    "module": "时钟合成与同步网络",
    "module_v2": "[LO/时钟板][LO1] 合成链",
    "fault_params": {
      "severity": "light",
      "tier_target": "mild_oos",
      "delta_f_hz": -350270.73302144074,
      "ppm": -42.76809927001718,
      "shift_bins": -0.03502707330214407,
      "bandwidth_hz": 8190000000.0,
      "type": "clock_drift",
      "track_type": "spike",
      "template_id": "T8",
      "forced_peak_track_type": true,
      "peak_track_profile": {
        "bands": [],
        "track_type": "spike"
      },
      "freq_amp_coupling": {
        "bias_db_min": -0.1,
        "bias_db_max": -0.02
      }
    }
  }
}