{
  "status": "success",
  "meta": {
    "sample_id": "sim_00061",
    "input_file": "/home/runner/work/FMFD-python/FMFD-python/Output/sim_spectrum/raw_curves/sim_00061.csv",
    "operating_condition": {
      "inject_power_dbm": -10.0,
      "freq_start_hz": 10000000.0,
      "freq_end_hz": 8200000000.0,
      "step_hz": 10000000.0,
      "frontend": {
        "low_band_only": true,
        "ac_coupling": true,
        "preamp": false
      }
    }
  },
  "data_points": 820,
  "frequency_range": {
    "min": 10000000.0,
    "max": 8200000000.0
  },
  "features": {
    "X1": -9.933054146341464,
    "X2": 0.0006738701779281526,
    "X3": 0.0001947071946458336,
    "X4": 0.030317534108516193,
    "X5": 0.3330633265688162,
    "X6": 0.0010382892389054123,
    "X7": 0.08000000000000007,
    "X8": 0.025383170731707275,
    "X9": 0.000919152874421043,
    "X10": 0.015090189764437005,
    "X11": 0.0,
    "X12": 0.0,
    "X13": 0.0,
    "X14": 0.009784615384615563,
    "X15": 0.011944996953052258,
    "X16": 0.007770484374332557,
    "X17": 0.0,
    "X18": 0.0,
    "X19": -4.977963811617833e-05,
    "X20": -0.11139093670207911,
    "X21": 3.0,
    "X22": 0.039272077631655404,
    "X23": 0.00014579395121951154,
    "X24": 0.024885845785277638,
    "X25": 0.00014579395121951154,
    "X26": 0.0007004147508936615,
    "X27": 2.432117989352829e-05,
    "X28": 0.0,
    "X29": -0.008921604980390789,
    "X30": 0.004649974554707509,
    "X31": 0.0005320454284118024,
    "X32": -3.7796920665781775,
    "X33": 0.5515826908859963,
    "X34": 0.013851035131372431,
    "X35": 0.0003158927156170371,
    "X36": 0.827780602579401,
    "X37": 0.030317534108516193,
    "offset_db": 0.00019999999999953388,
    "viol_rate_aligned": 0.0,
    "viol_energy_aligned": 0.0,
    "global_offset_db": 0.0,
    "shape_rmse": 0.012074516603968523,
    "ripple_hp": 0.003954640746633506,
    "tail_asym": 1.7763568394002505e-15,
    "compress_ratio": 0.1597560975609756,
    "compress_ratio_high": 0.18305084745762712,
    "freq_shift_score": 0.07240569760103233,
    "offset_slope": -0.00011260430843916404,
    "high_low_energy_ratio": 0.672610587097257,
    "band_offset_db_1": -0.010600000000000165,
    "band_offset_db_2": 0.0,
    "band_offset_db_3": 0.0,
    "band_offset_db_4": 0.0
  },
  "system": {
    "probs": {
      "正常": 0.9977857002028159,
      "幅度失准": 0.0009378012673895477,
      "频率失准": 0.00041035881083602586,
      "参考电平失准": 0.0008661396191801312
    },
    "decision": "正常",
    "confidence": 0.9977857002028159,
    "is_normal": true
  },
  "module": {
    "topk": [
      {
        "module_id": "[RF板][RF] 输入连接/匹配/保护",
        "gamma": 0.058823529411764705
      },
      {
        "module_id": "[RF板][RF] 输入衰减器组",
        "gamma": 0.058823529411764705
      },
      {
        "module_id": "[RF板][RF] 低频通路固定滤波/抑制网络",
        "gamma": 0.058823529411764705
      }
    ],
    "gating": {
      "disabled_modules": [
        "高频段YTF滤波器",
        "高频段混频器",
        "前置放大器",
        "衰减器"
      ],
      "topk_k": 3
    }
  },
  "evidence": {
    "global_offset_db": 0.00019999999999953388,
    "hf_std_db": 0.012718134166011216,
    "p95_abs_dev_db": 0.02120000000000033,
    "inside_env_frac": 1.0,
    "peak_freq_mae_hz": 3930.749792133106,
    "peak_freq_outlier_frac": 0.0
  },
  "artifacts": {
    "output_json": "Output/batch_diagnosis/sim_00061_diagnosis.json"
  },
  "system_diagnosis": {
    "probabilities": {
      "正常": 0.9977857002028159,
      "幅度失准": 0.0009378012673895477,
      "频率失准": 0.00041035881083602586,
      "参考电平失准": 0.0008661396191801312
    },
    "predicted_class": "正常",
    "max_prob": 0.9977857002028159,
    "is_normal": true
  },
  "module_diagnosis": {
    "probabilities": {
      "[RF板][RF] 输入连接/匹配/保护": 0.058823529411764705,
      "[RF板][RF] 输入衰减器组": 0.058823529411764705,
      "[RF板][RF] 低频通路固定滤波/抑制网络": 0.058823529411764705,
      "[RF板][RF] 高频通路固定滤波/抑制网络": 0.058823529411764705,
      "[RF板][Mixer1]": 0.058823529411764705
    },
    "topk": [
      {
        "module": "[RF板][RF] 输入连接/匹配/保护",
        "probability": 0.058823529411764705
      },
      {
        "module": "[RF板][RF] 输入衰减器组",
        "probability": 0.058823529411764705
      },
      {
        "module": "[RF板][RF] 低频通路固定滤波/抑制网络",
        "probability": 0.058823529411764705
      }
    ],
    "disabled_modules": [
      "高频段YTF滤波器",
      "高频段混频器",
      "前置放大器",
      "衰减器"
    ]
  },
  "evidence_detail": {
    "viol_rate": 0.0,
    "envelope_violation": false,
    "violation_max_db": 0.0,
    "violation_energy": 0.0,
    "baseline_coverage": 1.0
  },
  "config": {
    "mode": "unified_entry",
    "gating_status": "gated_ok",
    "run_name": null,
    "topk": 3
  },
  "uncertainty": {
    "is_uncertain": false,
    "reason": "",
    "top_class": "正常",
    "runner_up": "幅度失准",
    "max_prob": 0.9977857002028159,
    "second_prob": 0.0009378012673895477,
    "prob_gap": 0.9968478989354264,
    "support_top_features": [],
    "support_runnerup_features": [],
    "conflict_features": [],
    "suggested_actions": []
  },
  "module_validation": {
    "sample_id": "sim_00061",
    "gt_module": "ADC",
    "gt_module_v2": "[数字中频板][ADC]",
    "top1": "[RF板][RF] 输入连接/匹配/保护",
    "top3": [
      "[RF板][RF] 输入连接/匹配/保护",
      "[RF板][RF] 输入衰减器组",
      "[RF板][RF] 低频通路固定滤波/抑制网络"
    ],
    "top5": [
      "[RF板][RF] 输入连接/匹配/保护",
      "[RF板][RF] 输入衰减器组",
      "[RF板][RF] 低频通路固定滤波/抑制网络",
      "[RF板][RF] 高频通路固定滤波/抑制网络",
      "[RF板][Mixer1]"
    ],
    "gt_rank": -1,
    "gt_prob": 0.0,
    "top1_hit": false,
    "top3_hit": false,
    "top5_hit": false
  },
  "ground_truth": {
    "type": "fault",
    "system_class_en": "amp_error",
    "system_class_cn": "幅度失准",
    "module": "ADC",
    "module_v2": "[数字中频板][ADC]",
    "fault_params": {
      "severity": "light",
      "tier_target": "in_spec_weak",
      "type": "adc_bias",
      "subtype": "amp_error_offset",
      "quant_step_db": 0.012465186585298296,
      "template_id": "T7"
    }
  }
}