{
  "status": "success",
  "meta": {
    "sample_id": "sim_00018",
    "input_file": "/home/runner/work/FMFD-python/FMFD-python/Output/sim_spectrum/raw_curves/sim_00018.csv",
    "operating_condition": {
      "inject_power_dbm": -10.0,
      "freq_start_hz": 10000000.0,
      "freq_end_hz": 8200000000.0,
      "step_hz": 10000000.0,
      "frontend": {
        "low_band_only": true,
        "ac_coupling": true,
        "preamp": false
      }
    }
  },
  "data_points": 820,
  "frequency_range": {
    "min": 10000000.0,
    "max": 8200000000.0
  },
  "features": {
    "X1": -9.933072926829267,
    "X2": 0.002787994285602153,
    "X3": 0.00024859521445188794,
    "X4": 0.055894983252696345,
    "X5": 0.3583936392169111,
    "X6": 0.003260616657287328,
    "X7": 0.08479999999999954,
    "X8": 0.04660902439024389,
    "X9": 0.0031242491528192047,
    "X10": 0.014599956632484649,
    "X11": 0.0,
    "X12": 0.0,
    "X13": 0.0,
    "X14": 0.04136300366300372,
    "X15": 0.04735378696343462,
    "X16": -0.040144427059988795,
    "X17": 0.0,
    "X18": 0.0,
    "X19": -7.750999428897096e-05,
    "X20": -0.4697508326616955,
    "X21": 1.0,
    "X22": 0.11657115718891845,
    "X23": 0.002260359975609757,
    "X24": 0.03500657166124799,
    "X25": 0.002260359975609757,
    "X26": 0.00023983351149715545,
    "X27": 5.928591824661731e-05,
    "X28": 0.012957317073068806,
    "X29": -0.00040565882174488485,
    "X30": 0.07018871951219507,
    "X31": 0.006634809436014724,
    "X32": -10.198999469706068,
    "X33": 0.3209621975016297,
    "X34": 0.01732820009534404,
    "X35": 0.0003358980730841532,
    "X36": 0.9456224847955433,
    "X37": 0.05589498325269634,
    "offset_db": -0.00039999999999995595,
    "viol_rate_aligned": 0.0,
    "viol_energy_aligned": 0.0,
    "global_offset_db": 0.0,
    "shape_rmse": 0.047543243217199195,
    "ripple_hp": 0.004806874306828174,
    "tail_asym": 0.0016999999999994797,
    "compress_ratio": 0.2,
    "compress_ratio_high": 0.2,
    "freq_shift_score": 0.4458976660658225,
    "offset_slope": -0.0004348036820036349,
    "high_low_energy_ratio": 0.6214213110303881,
    "band_offset_db_1": -0.05905000000000005,
    "band_offset_db_2": 0.006499999999999062,
    "band_offset_db_3": 0.0024500000000013955,
    "band_offset_db_4": -0.005899999999998684
  },
  "system": {
    "probs": {
      "正常": 0.0005445914630642101,
      "幅度失准": 0.9946918027136896,
      "频率失准": 0.004762672662992403,
      "参考电平失准": 9.330607845771859e-07
    },
    "decision": "幅度失准",
    "confidence": 0.9946918027136896,
    "is_normal": false
  },
  "module": {
    "topk": [
      {
        "module_id": "[RF板][RF] 低频通路固定滤波/抑制网络",
        "gamma": 0.19285099242708584
      },
      {
        "module_id": "[数字中频板][ADC] 数字检波与平均",
        "gamma": 0.16790674055593582
      },
      {
        "module_id": "[数字中频板][IF] 中频放大/衰减链",
        "gamma": 0.16360143951604
      }
    ],
    "gating": {
      "disabled_modules": [
        "高频段YTF滤波器",
        "高频段混频器",
        "前置放大器",
        "衰减器"
      ],
      "topk_k": 3
    }
  },
  "evidence": {
    "global_offset_db": -0.00039999999999995595,
    "hf_std_db": 0.04249118068324816,
    "p95_abs_dev_db": 0.07772500000000163,
    "inside_env_frac": 1.0,
    "peak_freq_mae_hz": 4051.916949217914,
    "peak_freq_outlier_frac": 0.0
  },
  "artifacts": {
    "output_json": "Output/batch_diagnosis/sim_00018_diagnosis.json"
  },
  "system_diagnosis": {
    "probabilities": {
      "正常": 0.0005445914630642101,
      "幅度失准": 0.9946918027136896,
      "频率失准": 0.004762672662992403,
      "参考电平失准": 9.330607845771859e-07
    },
    "predicted_class": "幅度失准",
    "max_prob": 0.9946918027136896,
    "is_normal": false
  },
  "module_diagnosis": {
    "probabilities": {
      "[RF板][RF] 低频通路固定滤波/抑制网络": 0.19285099242708584,
      "[数字中频板][ADC] 数字检波与平均": 0.16790674055593582,
      "[数字中频板][IF] 中频放大/衰减链": 0.16360143951604,
      "[RF板][Mixer1]": 0.13965071865409664,
      "[数字中频板][DSP] 数字增益/偏置校准": 0.10332722495749894,
      "[RF板][RF] 输入连接/匹配/保护": 0.08866712295498201,
      "[数字中频板][IF] RBW数字滤波器": 0.07749541871812421,
      "[RF板][RF] 输入衰减器组": 0.03325017110811825,
      "[RF板][RF] 高频通路固定滤波/抑制网络": 0.03325017110811825
    },
    "topk": [
      {
        "module": "[RF板][RF] 低频通路固定滤波/抑制网络",
        "probability": 0.19285099242708584
      },
      {
        "module": "[数字中频板][ADC] 数字检波与平均",
        "probability": 0.16790674055593582
      },
      {
        "module": "[数字中频板][IF] 中频放大/衰减链",
        "probability": 0.16360143951604
      }
    ],
    "disabled_modules": [
      "高频段YTF滤波器",
      "高频段混频器",
      "前置放大器",
      "衰减器"
    ]
  },
  "evidence_detail": {
    "viol_rate": 0.0,
    "envelope_violation": false,
    "violation_max_db": 0.0,
    "violation_energy": 0.0,
    "baseline_coverage": 1.0
  },
  "config": {
    "mode": "unified_entry",
    "gating_status": "gated_ok",
    "run_name": null,
    "topk": 3
  },
  "uncertainty": {
    "is_uncertain": false,
    "reason": "",
    "top_class": "幅度失准",
    "runner_up": "频率失准",
    "max_prob": 0.9946918027136896,
    "second_prob": 0.004762672662992403,
    "prob_gap": 0.9899291300506973,
    "support_top_features": [],
    "support_runnerup_features": [],
    "conflict_features": [],
    "suggested_actions": []
  },
  "module_validation": {
    "sample_id": "sim_00018",
    "gt_module": "ADC",
    "gt_module_v2": "[数字中频板][ADC]",
    "top1": "[RF板][RF] 低频通路固定滤波/抑制网络",
    "top3": [
      "[RF板][RF] 低频通路固定滤波/抑制网络",
      "[数字中频板][ADC] 数字检波与平均",
      "[数字中频板][IF] 中频放大/衰减链"
    ],
    "top5": [
      "[RF板][RF] 低频通路固定滤波/抑制网络",
      "[数字中频板][ADC] 数字检波与平均",
      "[数字中频板][IF] 中频放大/衰减链",
      "[RF板][Mixer1]",
      "[数字中频板][DSP] 数字增益/偏置校准"
    ],
    "gt_rank": -1,
    "gt_prob": 0.0,
    "top1_hit": false,
    "top3_hit": false,
    "top5_hit": false
  },
  "ground_truth": {
    "type": "fault",
    "system_class_en": "amp_error",
    "system_class_cn": "幅度失准",
    "module": "ADC",
    "module_v2": "[数字中频板][ADC]",
    "fault_params": {
      "severity": "mid",
      "tier_target": "mild_oos",
      "type": "adc_bias",
      "subtype": "amp_error_offset",
      "offset_db": 0.1050205783911915,
      "template_id": "T1"
    }
  }
}