{
  "status": "success",
  "meta": {
    "sample_id": "sim_00260",
    "input_file": "/home/runner/work/FMFD-python/FMFD-python/Output/sim_spectrum/raw_curves/sim_00260.csv",
    "operating_condition": {
      "inject_power_dbm": -10.0,
      "freq_start_hz": 10000000.0,
      "freq_end_hz": 8200000000.0,
      "step_hz": 10000000.0,
      "frontend": {
        "low_band_only": true,
        "ac_coupling": true,
        "preamp": false
      }
    }
  },
  "data_points": 820,
  "frequency_range": {
    "min": 10000000.0,
    "max": 8200000000.0
  },
  "features": {
    "X1": -9.876109390243903,
    "X2": 0.0006764573899051495,
    "X3": 0.00026095915008228477,
    "X4": 0.029479626238155657,
    "X5": 0.2580580300615752,
    "X6": 0.0009114582167013687,
    "X7": 0.08190000000000097,
    "X8": 0.024086951219512195,
    "X9": 0.0008690483631413554,
    "X10": 0.012466792332029606,
    "X11": 0.0,
    "X12": 0.0,
    "X13": 0.10263640334498611,
    "X14": 0.00504963369963337,
    "X15": 0.0037745842526785136,
    "X16": -0.001230574630540783,
    "X17": 0.0,
    "X18": 0.0,
    "X19": -3.352063629145738e-05,
    "X20": -0.07890901582021215,
    "X21": 4.0,
    "X22": 0.04048587603926483,
    "X23": 2.8429060975609824e-05,
    "X24": 0.02908943089586069,
    "X25": 2.8429060975609824e-05,
    "X26": 0.0004902267683626449,
    "X27": 1.6990982396739307e-05,
    "X28": 0.02886750554936989,
    "X29": 0.3470226073126881,
    "X30": 0.0006037705297249132,
    "X31": 0.004009461734789004,
    "X32": -0.5538340645878779,
    "X33": 0.5995694834997627,
    "X34": 0.013011056653966952,
    "X35": 0.0003276542496060466,
    "X36": 0.8103580913601393,
    "X37": 0.029479626238155657,
    "offset_db": 0.05694999999999961,
    "viol_rate_aligned": 0.0,
    "viol_energy_aligned": 0.10263640334498611,
    "global_offset_db": 8.881784197001252e-16,
    "shape_rmse": 0.00533189093808283,
    "ripple_hp": 0.004335166274367534,
    "tail_asym": -0.0006950000000001608,
    "compress_ratio": 0.2,
    "compress_ratio_high": 0.2,
    "freq_shift_score": 0.01507466078989339,
    "offset_slope": 0.0017473136866797548,
    "high_low_energy_ratio": 0.3111622958666623,
    "band_offset_db_1": -0.008849999999998026,
    "band_offset_db_2": -0.0032499999999977547,
    "band_offset_db_3": 0.000650000000002926,
    "band_offset_db_4": 0.0038500000000034618
  },
  "system": {
    "probs": {
      "正常": 0.9377502691342752,
      "幅度失准": 0.008716115851744111,
      "频率失准": 0.008222897104498653,
      "参考电平失准": 0.04531071781570712
    },
    "decision": "正常",
    "confidence": 0.9377502691342752,
    "is_normal": true
  },
  "module": {
    "topk": [
      {
        "module_id": "[校准链路][校准源]",
        "gamma": 0.43749999999999994
      },
      {
        "module_id": "[校准链路][校准路径开关/耦合]",
        "gamma": 0.3125
      },
      {
        "module_id": "[校准链路][校准表/存储]",
        "gamma": 0.25000000000000006
      }
    ],
    "gating": {
      "disabled_modules": [
        "高频段YTF滤波器",
        "高频段混频器",
        "前置放大器",
        "衰减器"
      ],
      "topk_k": 3
    }
  },
  "evidence": {
    "global_offset_db": 0.05694999999999961,
    "hf_std_db": 0.003261753932389308,
    "p95_abs_dev_db": 0.010654999999998256,
    "inside_env_frac": 1.0,
    "peak_freq_mae_hz": 4272.639599152,
    "peak_freq_outlier_frac": 0.0
  },
  "artifacts": {
    "output_json": "Output/batch_diagnosis/sim_00260_diagnosis.json"
  },
  "system_diagnosis": {
    "probabilities": {
      "正常": 0.9377502691342752,
      "幅度失准": 0.008716115851744111,
      "频率失准": 0.008222897104498653,
      "参考电平失准": 0.04531071781570712
    },
    "predicted_class": "正常",
    "max_prob": 0.9377502691342752,
    "is_normal": true
  },
  "module_diagnosis": {
    "probabilities": {
      "[校准链路][校准源]": 0.43749999999999994,
      "[校准链路][校准路径开关/耦合]": 0.3125,
      "[校准链路][校准表/存储]": 0.25000000000000006,
      "[RF板][RF] 输入衰减器组": 0.0,
      "[RF板][RF] 低频通路固定滤波/抑制网络": 0.0,
      "[RF板][Mixer1]": 0.0
    },
    "topk": [
      {
        "module": "[校准链路][校准源]",
        "probability": 0.43749999999999994
      },
      {
        "module": "[校准链路][校准路径开关/耦合]",
        "probability": 0.3125
      },
      {
        "module": "[校准链路][校准表/存储]",
        "probability": 0.25000000000000006
      }
    ],
    "disabled_modules": [
      "高频段YTF滤波器",
      "高频段混频器",
      "前置放大器",
      "衰减器"
    ]
  },
  "evidence_detail": {
    "viol_rate": 0.0,
    "envelope_violation": false,
    "violation_max_db": 0.0,
    "violation_energy": 0.10263640334498611,
    "baseline_coverage": 1.0
  },
  "config": {
    "mode": "unified_entry",
    "gating_status": "gated_ok",
    "run_name": null,
    "topk": 3
  },
  "uncertainty": {
    "is_uncertain": false,
    "reason": "",
    "top_class": "正常",
    "runner_up": "参考电平失准",
    "max_prob": 0.9377502691342752,
    "second_prob": 0.04531071781570712,
    "prob_gap": 0.892439551318568,
    "support_top_features": [],
    "support_runnerup_features": [],
    "conflict_features": [],
    "suggested_actions": []
  },
  "module_validation": {
    "sample_id": "sim_00260",
    "gt_module": "存储器",
    "gt_module_v2": "[校准链路][校准表/存储]",
    "top1": "[校准链路][校准源]",
    "top3": [
      "[校准链路][校准源]",
      "[校准链路][校准路径开关/耦合]",
      "[校准链路][校准表/存储]"
    ],
    "top5": [
      "[校准链路][校准源]",
      "[校准链路][校准路径开关/耦合]",
      "[校准链路][校准表/存储]",
      "[RF板][RF] 输入衰减器组",
      "[RF板][RF] 低频通路固定滤波/抑制网络"
    ],
    "gt_rank": 3,
    "gt_prob": 0.25000000000000006,
    "top1_hit": false,
    "top3_hit": true,
    "top5_hit": true
  },
  "ground_truth": {
    "type": "fault",
    "system_class_en": "ref_error",
    "system_class_cn": "参考电平失准",
    "module": "存储器",
    "module_v2": "[校准链路][校准表/存储]",
    "fault_params": {
      "severity": "light",
      "tier_target": "in_spec_weak",
      "type": "ref_miscal",
      "subtype": "ref_error_offset",
      "offset_db": 0.04457749154450921,
      "template_id": "T1",
      "mean_offset_db": 0.05696558487570178
    }
  }
}