{
  "status": "success",
  "meta": {
    "sample_id": "sim_00001",
    "input_file": "/home/runner/work/FMFD-python/FMFD-python/Output/sim_spectrum/raw_curves/sim_00001.csv",
    "operating_condition": {
      "inject_power_dbm": -10.0,
      "freq_start_hz": 10000000.0,
      "freq_end_hz": 8200000000.0,
      "step_hz": 10000000.0,
      "frontend": {
        "low_band_only": true,
        "ac_coupling": true,
        "preamp": false
      }
    }
  },
  "data_points": 820,
  "frequency_range": {
    "min": 10000000.0,
    "max": 8200000000.0
  },
  "features": {
    "X1": -9.933073170731706,
    "X2": 0.0030435772767532588,
    "X3": -0.00031539863697575544,
    "X4": 0.059512075774542934,
    "X5": 0.40719221226631225,
    "X6": 0.004309963109458657,
    "X7": 0.07639999999999958,
    "X8": 0.05399682926829269,
    "X9": 0.0035416871629949404,
    "X10": 0.034606201479571976,
    "X11": 0.020731707317073172,
    "X12": 0.010404858340418599,
    "X13": 0.18892990035315083,
    "X14": 0.04595842490842476,
    "X15": 0.055199000549613006,
    "X16": 0.042803713805424366,
    "X17": 0.0,
    "X18": 0.0,
    "X19": -0.00011365185051050401,
    "X20": -0.7559366863456205,
    "X21": 0.0,
    "X22": 0.08708585950263589,
    "X23": 0.0030716031585365853,
    "X24": 0.03046859081226405,
    "X25": 0.0030716031585365853,
    "X26": 0.00046661959415790195,
    "X27": 0.00048641627736794224,
    "X28": 0.10610137444471028,
    "X29": 0.3575245798911822,
    "X30": 0.08405335365853661,
    "X31": 0.019223949774785636,
    "X32": -15.510504354098545,
    "X33": 0.27677858869554883,
    "X34": 0.03009791123471224,
    "X35": 0.00033017070261985804,
    "X36": 0.9524446125686304,
    "X37": 0.05951207577454294,
    "offset_db": -0.0003499999999991843,
    "viol_rate_aligned": 0.020731707317073172,
    "viol_energy_aligned": 0.18892990035315083,
    "global_offset_db": 0.0,
    "shape_rmse": 0.05542204578086761,
    "ripple_hp": 0.004451469990269103,
    "tail_asym": -0.008505000000001414,
    "compress_ratio": 0.2,
    "compress_ratio_high": 0.2,
    "freq_shift_score": 0.4592009848447387,
    "offset_slope": -0.007210989163337515,
    "high_low_energy_ratio": 8.168722805603394,
    "band_offset_db_1": -0.014650000000000496,
    "band_offset_db_2": 0.019849999999998147,
    "band_offset_db_3": 0.0019499999999998963,
    "band_offset_db_4": -0.019649999999998613
  },
  "system": {
    "probs": {
      "正常": 0.0005986595540729444,
      "幅度失准": 0.9933407631905357,
      "频率失准": 0.006059439151588266,
      "参考电平失准": 1.138004469048064e-06
    },
    "decision": "幅度失准",
    "confidence": 0.9933407631905357,
    "is_normal": false
  },
  "module": {
    "topk": [
      {
        "module_id": "[RF板][RF] 低频通路固定滤波/抑制网络",
        "gamma": 0.19285099242708584
      },
      {
        "module_id": "[数字中频板][ADC] 数字检波与平均",
        "gamma": 0.16790674055593582
      },
      {
        "module_id": "[数字中频板][IF] 中频放大/衰减链",
        "gamma": 0.16360143951604
      }
    ],
    "gating": {
      "disabled_modules": [
        "高频段YTF滤波器",
        "高频段混频器",
        "前置放大器",
        "衰减器"
      ],
      "topk_k": 3
    }
  },
  "evidence": {
    "global_offset_db": -0.0003499999999991843,
    "hf_std_db": 0.04146718492383568,
    "p95_abs_dev_db": 0.08965499999999887,
    "inside_env_frac": 0.9792682926829268,
    "peak_freq_mae_hz": 3997.4499356599185,
    "peak_freq_outlier_frac": 0.0
  },
  "artifacts": {
    "output_json": "Output/batch_diagnosis/sim_00001_diagnosis.json"
  },
  "system_diagnosis": {
    "probabilities": {
      "正常": 0.0005986595540729444,
      "幅度失准": 0.9933407631905357,
      "频率失准": 0.006059439151588266,
      "参考电平失准": 1.138004469048064e-06
    },
    "predicted_class": "幅度失准",
    "max_prob": 0.9933407631905357,
    "is_normal": false
  },
  "module_diagnosis": {
    "probabilities": {
      "[RF板][RF] 低频通路固定滤波/抑制网络": 0.19285099242708584,
      "[数字中频板][ADC] 数字检波与平均": 0.16790674055593582,
      "[数字中频板][IF] 中频放大/衰减链": 0.16360143951604,
      "[RF板][Mixer1]": 0.13965071865409664,
      "[数字中频板][DSP] 数字增益/偏置校准": 0.10332722495749896,
      "[RF板][RF] 输入连接/匹配/保护": 0.08866712295498201,
      "[数字中频板][IF] RBW数字滤波器": 0.07749541871812421,
      "[RF板][RF] 输入衰减器组": 0.03325017110811825,
      "[RF板][RF] 高频通路固定滤波/抑制网络": 0.03325017110811825
    },
    "topk": [
      {
        "module": "[RF板][RF] 低频通路固定滤波/抑制网络",
        "probability": 0.19285099242708584
      },
      {
        "module": "[数字中频板][ADC] 数字检波与平均",
        "probability": 0.16790674055593582
      },
      {
        "module": "[数字中频板][IF] 中频放大/衰减链",
        "probability": 0.16360143951604
      }
    ],
    "disabled_modules": [
      "高频段YTF滤波器",
      "高频段混频器",
      "前置放大器",
      "衰减器"
    ]
  },
  "evidence_detail": {
    "viol_rate": 0.020731707317073172,
    "envelope_violation": false,
    "violation_max_db": 0.010404858340418599,
    "violation_energy": 0.18892990035315083,
    "baseline_coverage": 0.9792682926829268
  },
  "config": {
    "mode": "unified_entry",
    "gating_status": "gated_ok",
    "run_name": null,
    "topk": 3
  },
  "uncertainty": {
    "is_uncertain": false,
    "reason": "",
    "top_class": "幅度失准",
    "runner_up": "频率失准",
    "max_prob": 0.9933407631905357,
    "second_prob": 0.006059439151588266,
    "prob_gap": 0.9872813240389474,
    "support_top_features": [],
    "support_runnerup_features": [],
    "conflict_features": [],
    "suggested_actions": []
  },
  "module_validation": {
    "sample_id": "sim_00001",
    "gt_module": "低频段前置低通滤波器",
    "gt_module_v2": "[RF板][RF] 低频通路固定滤波/抑制网络",
    "top1": "[RF板][RF] 低频通路固定滤波/抑制网络",
    "top3": [
      "[RF板][RF] 低频通路固定滤波/抑制网络",
      "[数字中频板][ADC] 数字检波与平均",
      "[数字中频板][IF] 中频放大/衰减链"
    ],
    "top5": [
      "[RF板][RF] 低频通路固定滤波/抑制网络",
      "[数字中频板][ADC] 数字检波与平均",
      "[数字中频板][IF] 中频放大/衰减链",
      "[RF板][Mixer1]",
      "[数字中频板][DSP] 数字增益/偏置校准"
    ],
    "gt_rank": 1,
    "gt_prob": 0.19285099242708584,
    "top1_hit": true,
    "top3_hit": true,
    "top5_hit": true
  },
  "ground_truth": {
    "type": "fault",
    "system_class_en": "amp_error",
    "system_class_cn": "幅度失准",
    "module": "低频段前置低通滤波器",
    "module_v2": "[RF板][RF] 低频通路固定滤波/抑制网络",
    "fault_params": {
      "severity": "mid",
      "tier_target": "in_spec_weak",
      "type": "lpf_shift",
      "subtype": "amp_error_band",
      "ripple_amp_db": 0.08491962789978852,
      "period_norm": 0.08852446893133625,
      "template_id": "T3"
    }
  }
}