{
  "status": "success",
  "meta": {
    "sample_id": "sim_00373",
    "input_file": "/home/runner/work/FMFD-python/FMFD-python/Output/sim_spectrum/raw_curves/sim_00373.csv",
    "operating_condition": {
      "inject_power_dbm": -10.0,
      "freq_start_hz": 10000000.0,
      "freq_end_hz": 8200000000.0,
      "step_hz": 10000000.0,
      "frontend": {
        "low_band_only": true,
        "ac_coupling": true,
        "preamp": false
      }
    }
  },
  "data_points": 820,
  "frequency_range": {
    "min": 10000000.0,
    "max": 8200000000.0
  },
  "features": {
    "X1": -9.91550231707317,
    "X2": 0.0008195117167360731,
    "X3": 0.0002748500265259048,
    "X4": 0.03252494581749095,
    "X5": 0.30747294159257094,
    "X6": 0.0012567675678019053,
    "X7": 0.08929999999999971,
    "X8": 0.028500853658536603,
    "X9": 0.0010578721004307222,
    "X10": 0.018533457211582942,
    "X11": 0.0,
    "X12": 0.0,
    "X13": 0.004868346813473767,
    "X14": 0.008289377289377236,
    "X15": 0.009207977157448439,
    "X16": 0.008089212458933744,
    "X17": 0.0,
    "X18": 0.0,
    "X19": -6.808012146368243e-05,
    "X20": -0.12736089808984818,
    "X21": 5.0,
    "X22": 0.04560510173634948,
    "X23": 0.0001270168414634179,
    "X24": 0.014286332951645497,
    "X25": 0.0001270168414634179,
    "X26": 0.0005738657672563555,
    "X27": 8.143860090099072e-05,
    "X28": -0.2411347517645667,
    "X29": -0.7147219541614609,
    "X30": 0.010675914634146603,
    "X31": 0.005825580109392151,
    "X32": -4.137275578235291,
    "X33": 0.5085339944127535,
    "X34": 0.01632840704498846,
    "X35": 0.00032500866857196515,
    "X36": 0.8454049890136912,
    "X37": 0.03252494581749095,
    "offset_db": 0.020000000000000462,
    "viol_rate_aligned": 0.0,
    "viol_energy_aligned": 0.004868346813473767,
    "global_offset_db": 0.0,
    "shape_rmse": 0.011270174863923715,
    "ripple_hp": 0.0030382397016485443,
    "tail_asym": -0.006200000000001628,
    "compress_ratio": 0.19878048780487806,
    "compress_ratio_high": 0.2,
    "freq_shift_score": 0.045585773544025376,
    "offset_slope": -0.0014594099344106006,
    "high_low_energy_ratio": 13.380771981342841,
    "band_offset_db_1": 0.002249999999998309,
    "band_offset_db_2": 0.0022999999999981924,
    "band_offset_db_3": 0.0059499999999985675,
    "band_offset_db_4": -0.010399999999998855
  },
  "system": {
    "probs": {
      "正常": 0.982241401702782,
      "幅度失准": 0.013510308788409787,
      "频率失准": 0.0019722511662636096,
      "参考电平失准": 0.0022760382443202526
    },
    "decision": "正常",
    "confidence": 0.982241401702782,
    "is_normal": true
  },
  "module": {
    "topk": [
      {
        "module_id": "[RF板][RF] 低频通路固定滤波/抑制网络",
        "gamma": 0.19285099242708584
      },
      {
        "module_id": "[数字中频板][ADC] 数字检波与平均",
        "gamma": 0.16790674055593582
      },
      {
        "module_id": "[数字中频板][IF] 中频放大/衰减链",
        "gamma": 0.16360143951604
      }
    ],
    "gating": {
      "disabled_modules": [
        "高频段YTF滤波器",
        "高频段混频器",
        "前置放大器",
        "衰减器"
      ],
      "topk_k": 3
    }
  },
  "evidence": {
    "global_offset_db": 0.020000000000000462,
    "hf_std_db": 0.005957224183418358,
    "p95_abs_dev_db": 0.018599999999999284,
    "inside_env_frac": 1.0,
    "peak_freq_mae_hz": 4027.5464186826607,
    "peak_freq_outlier_frac": 0.0
  },
  "artifacts": {
    "output_json": "Output/batch_diagnosis/sim_00373_diagnosis.json"
  },
  "system_diagnosis": {
    "probabilities": {
      "正常": 0.982241401702782,
      "幅度失准": 0.013510308788409787,
      "频率失准": 0.0019722511662636096,
      "参考电平失准": 0.0022760382443202526
    },
    "predicted_class": "正常",
    "max_prob": 0.982241401702782,
    "is_normal": true
  },
  "module_diagnosis": {
    "probabilities": {
      "[RF板][RF] 低频通路固定滤波/抑制网络": 0.19285099242708584,
      "[数字中频板][ADC] 数字检波与平均": 0.16790674055593582,
      "[数字中频板][IF] 中频放大/衰减链": 0.16360143951604,
      "[RF板][Mixer1]": 0.13965071865409664,
      "[数字中频板][DSP] 数字增益/偏置校准": 0.10332722495749894,
      "[RF板][RF] 输入连接/匹配/保护": 0.08866712295498201,
      "[数字中频板][IF] RBW数字滤波器": 0.07749541871812421,
      "[RF板][RF] 输入衰减器组": 0.03325017110811825,
      "[RF板][RF] 高频通路固定滤波/抑制网络": 0.03325017110811825
    },
    "topk": [
      {
        "module": "[RF板][RF] 低频通路固定滤波/抑制网络",
        "probability": 0.19285099242708584
      },
      {
        "module": "[数字中频板][ADC] 数字检波与平均",
        "probability": 0.16790674055593582
      },
      {
        "module": "[数字中频板][IF] 中频放大/衰减链",
        "probability": 0.16360143951604
      }
    ],
    "disabled_modules": [
      "高频段YTF滤波器",
      "高频段混频器",
      "前置放大器",
      "衰减器"
    ]
  },
  "evidence_detail": {
    "viol_rate": 0.0,
    "envelope_violation": false,
    "violation_max_db": 0.0,
    "violation_energy": 0.004868346813473767,
    "baseline_coverage": 1.0
  },
  "config": {
    "mode": "unified_entry",
    "gating_status": "gated_ok",
    "run_name": null,
    "topk": 3
  },
  "uncertainty": {
    "is_uncertain": false,
    "reason": "",
    "top_class": "正常",
    "runner_up": "幅度失准",
    "max_prob": 0.982241401702782,
    "second_prob": 0.013510308788409787,
    "prob_gap": 0.9687310929143722,
    "support_top_features": [],
    "support_runnerup_features": [],
    "conflict_features": [],
    "suggested_actions": []
  },
  "module_validation": {
    "sample_id": "sim_00373",
    "gt_module": null,
    "gt_module_v2": null,
    "top1": "[RF板][RF] 低频通路固定滤波/抑制网络",
    "top3": [
      "[RF板][RF] 低频通路固定滤波/抑制网络",
      "[数字中频板][ADC] 数字检波与平均",
      "[数字中频板][IF] 中频放大/衰减链"
    ],
    "top5": [
      "[RF板][RF] 低频通路固定滤波/抑制网络",
      "[数字中频板][ADC] 数字检波与平均",
      "[数字中频板][IF] 中频放大/衰减链",
      "[RF板][Mixer1]",
      "[数字中频板][DSP] 数字增益/偏置校准"
    ],
    "gt_rank": -1,
    "gt_prob": 0.0,
    "top1_hit": false,
    "top3_hit": false,
    "top5_hit": false
  },
  "ground_truth": {
    "type": "normal",
    "system_class_en": "normal",
    "system_class_cn": "正常",
    "module": null,
    "module_v2": null,
    "fault_params": {
      "severity": "mid",
      "tier_target": "in_spec_weak",
      "type": "normal",
      "normal_state": "normal_state_A"
    }
  }
}