{
  "status": "success",
  "meta": {
    "sample_id": "sim_00014",
    "input_file": "/home/runner/work/FMFD-python/FMFD-python/Output/sim_spectrum/raw_curves/sim_00014.csv",
    "operating_condition": {
      "inject_power_dbm": -10.0,
      "freq_start_hz": 10000000.0,
      "freq_end_hz": 8200000000.0,
      "step_hz": 10000000.0,
      "frontend": {
        "low_band_only": true,
        "ac_coupling": true,
        "preamp": false
      }
    }
  },
  "data_points": 820,
  "frequency_range": {
    "min": 10000000.0,
    "max": 8200000000.0
  },
  "features": {
    "X1": -9.933095,
    "X2": 0.0008617105771614109,
    "X3": 0.00028581380164050126,
    "X4": 0.03328176352840469,
    "X5": 0.2954962737324456,
    "X6": 0.001213653718902438,
    "X7": 0.08000000000000007,
    "X8": 0.02788402439024387,
    "X9": 0.0011076757835606482,
    "X10": 0.01480139870062756,
    "X11": 0.0,
    "X12": 0.0,
    "X13": 0.0,
    "X14": 0.011863003663003708,
    "X15": 0.014060703516236969,
    "X16": -0.008797048309841146,
    "X17": 0.0,
    "X18": 0.0,
    "X19": -4.946553189119348e-05,
    "X20": -0.05165784880230051,
    "X21": 5.0,
    "X22": 0.04364354826611965,
    "X23": 0.00019697681707317037,
    "X24": 0.024379239059419855,
    "X25": 0.00019697681707317037,
    "X26": 0.00036161384748262574,
    "X27": 2.8587246158711794e-05,
    "X28": 0.0,
    "X29": -0.01572967897018856,
    "X30": 0.011665758582502917,
    "X31": 0.0006306872591058492,
    "X32": -4.668999521432762,
    "X33": 0.5211326759306053,
    "X34": 0.016885484606723,
    "X35": 0.00032960318608267177,
    "X36": 0.8506655600848592,
    "X37": 0.03328176352840469,
    "offset_db": -0.00019999999999953388,
    "viol_rate_aligned": 0.0,
    "viol_energy_aligned": 0.0,
    "global_offset_db": 0.0,
    "shape_rmse": 0.014034842965746726,
    "ripple_hp": 0.003984618497542467,
    "tail_asym": 9.999999999976694e-05,
    "compress_ratio": 0.16219512195121952,
    "compress_ratio_high": 0.1864406779661017,
    "freq_shift_score": 0.08418797676111556,
    "offset_slope": 0.00014948561138519194,
    "high_low_energy_ratio": 0.6831756033015769,
    "band_offset_db_1": -0.016600000000000392,
    "band_offset_db_2": 0.0,
    "band_offset_db_3": 0.0,
    "band_offset_db_4": 0.0
  },
  "system": {
    "probs": {
      "正常": 0.9976222622521278,
      "幅度失准": 0.0015818533541642748,
      "频率失准": 0.0004931784418976502,
      "参考电平失准": 0.0003027058520480099
    },
    "decision": "正常",
    "confidence": 0.9976222622521278,
    "is_normal": true
  },
  "module": {
    "topk": [
      {
        "module_id": "[RF板][RF] 输入连接/匹配/保护",
        "gamma": 0.058823529411764705
      },
      {
        "module_id": "[RF板][RF] 输入衰减器组",
        "gamma": 0.058823529411764705
      },
      {
        "module_id": "[RF板][RF] 低频通路固定滤波/抑制网络",
        "gamma": 0.058823529411764705
      }
    ],
    "gating": {
      "disabled_modules": [
        "高频段YTF滤波器",
        "高频段混频器",
        "前置放大器",
        "衰减器"
      ],
      "topk_k": 3
    }
  },
  "evidence": {
    "global_offset_db": -0.00019999999999953388,
    "hf_std_db": 0.01577832388742536,
    "p95_abs_dev_db": 0.02499999999999858,
    "inside_env_frac": 1.0,
    "peak_freq_mae_hz": 4029.9055728711664,
    "peak_freq_outlier_frac": 0.0
  },
  "artifacts": {
    "output_json": "Output/batch_diagnosis/sim_00014_diagnosis.json"
  },
  "system_diagnosis": {
    "probabilities": {
      "正常": 0.9976222622521278,
      "幅度失准": 0.0015818533541642748,
      "频率失准": 0.0004931784418976502,
      "参考电平失准": 0.0003027058520480099
    },
    "predicted_class": "正常",
    "max_prob": 0.9976222622521278,
    "is_normal": true
  },
  "module_diagnosis": {
    "probabilities": {
      "[RF板][RF] 输入连接/匹配/保护": 0.058823529411764705,
      "[RF板][RF] 输入衰减器组": 0.058823529411764705,
      "[RF板][RF] 低频通路固定滤波/抑制网络": 0.058823529411764705,
      "[RF板][RF] 高频通路固定滤波/抑制网络": 0.058823529411764705,
      "[RF板][Mixer1]": 0.058823529411764705
    },
    "topk": [
      {
        "module": "[RF板][RF] 输入连接/匹配/保护",
        "probability": 0.058823529411764705
      },
      {
        "module": "[RF板][RF] 输入衰减器组",
        "probability": 0.058823529411764705
      },
      {
        "module": "[RF板][RF] 低频通路固定滤波/抑制网络",
        "probability": 0.058823529411764705
      }
    ],
    "disabled_modules": [
      "高频段YTF滤波器",
      "高频段混频器",
      "前置放大器",
      "衰减器"
    ]
  },
  "evidence_detail": {
    "viol_rate": 0.0,
    "envelope_violation": false,
    "violation_max_db": 0.0,
    "violation_energy": 0.0,
    "baseline_coverage": 1.0
  },
  "config": {
    "mode": "unified_entry",
    "gating_status": "gated_ok",
    "run_name": null,
    "topk": 3
  },
  "uncertainty": {
    "is_uncertain": false,
    "reason": "",
    "top_class": "正常",
    "runner_up": "幅度失准",
    "max_prob": 0.9976222622521278,
    "second_prob": 0.0015818533541642748,
    "prob_gap": 0.9960404088979635,
    "support_top_features": [],
    "support_runnerup_features": [],
    "conflict_features": [],
    "suggested_actions": []
  },
  "module_validation": {
    "sample_id": "sim_00014",
    "gt_module": "ADC",
    "gt_module_v2": "[数字中频板][ADC]",
    "top1": "[RF板][RF] 输入连接/匹配/保护",
    "top3": [
      "[RF板][RF] 输入连接/匹配/保护",
      "[RF板][RF] 输入衰减器组",
      "[RF板][RF] 低频通路固定滤波/抑制网络"
    ],
    "top5": [
      "[RF板][RF] 输入连接/匹配/保护",
      "[RF板][RF] 输入衰减器组",
      "[RF板][RF] 低频通路固定滤波/抑制网络",
      "[RF板][RF] 高频通路固定滤波/抑制网络",
      "[RF板][Mixer1]"
    ],
    "gt_rank": -1,
    "gt_prob": 0.0,
    "top1_hit": false,
    "top3_hit": false,
    "top5_hit": false
  },
  "ground_truth": {
    "type": "fault",
    "system_class_en": "amp_error",
    "system_class_cn": "幅度失准",
    "module": "ADC",
    "module_v2": "[数字中频板][ADC]",
    "fault_params": {
      "severity": "light",
      "tier_target": "edge",
      "type": "adc_bias",
      "subtype": "amp_error_offset",
      "quant_step_db": 0.009773619306401308,
      "template_id": "T7"
    }
  }
}