{
  "status": "success",
  "meta": {
    "sample_id": "sim_00048",
    "input_file": "/home/runner/work/FMFD-python/FMFD-python/Output/sim_spectrum/raw_curves/sim_00048.csv",
    "operating_condition": {
      "inject_power_dbm": -10.0,
      "freq_start_hz": 10000000.0,
      "freq_end_hz": 8200000000.0,
      "step_hz": 10000000.0,
      "frontend": {
        "low_band_only": true,
        "ac_coupling": true,
        "preamp": false
      }
    }
  },
  "data_points": 820,
  "frequency_range": {
    "min": 10000000.0,
    "max": 8200000000.0
  },
  "features": {
    "X1": -9.933072439024391,
    "X2": 0.000637825345858947,
    "X3": 0.00024804456354655355,
    "X4": 0.029300574600529268,
    "X5": 0.26507724595369153,
    "X6": 0.0009639690696609158,
    "X7": 0.08220000000000027,
    "X8": 0.02462756097560975,
    "X9": 0.0008585236719211813,
    "X10": 0.01416852651285644,
    "X11": 0.0,
    "X12": 0.0,
    "X13": 0.09069742470156106,
    "X14": 0.0030443223443224134,
    "X15": 0.0020844923658924507,
    "X16": -0.0013404530645348503,
    "X17": 0.0,
    "X18": 0.0,
    "X19": -7.129751640176634e-05,
    "X20": -0.044133105736400946,
    "X21": 5.0,
    "X22": 0.03947768001491896,
    "X23": 8.581439024390834e-06,
    "X24": 0.015992581144692264,
    "X25": 8.581439024390834e-06,
    "X26": 0.00024394011770531403,
    "X27": 4.222576521803021e-05,
    "X28": -0.20588235291127532,
    "X29": -1.2633697423696828,
    "X30": 0.0009198170731707976,
    "X31": 0.0010264150575257152,
    "X32": -0.9111979302009169,
    "X33": 0.576500887194942,
    "X34": 0.014609284871110352,
    "X35": 0.0003203782753320492,
    "X36": 0.8124805139776059,
    "X37": 0.029300574600529268,
    "offset_db": 0.0003000000000010772,
    "viol_rate_aligned": 0.0,
    "viol_energy_aligned": 0.09069742470156106,
    "global_offset_db": 0.0,
    "shape_rmse": 0.0029294093302901242,
    "ripple_hp": 0.0031887698931640793,
    "tail_asym": -0.0023000000000017494,
    "compress_ratio": 0.19634146341463415,
    "compress_ratio_high": 0.18983050847457628,
    "freq_shift_score": 0.004409198161955508,
    "offset_slope": 0.0001604260884734454,
    "high_low_energy_ratio": 0.14329314204285928,
    "band_offset_db_1": 0.001949999999999008,
    "band_offset_db_2": -0.0008999999999996788,
    "band_offset_db_3": 0.0001999999999986457,
    "band_offset_db_4": 0.0004999999999988347
  },
  "system": {
    "probs": {
      "正常": 0.8955085719625108,
      "幅度失准": 0.02935147233112353,
      "频率失准": 0.013973537045728679,
      "参考电平失准": 0.06116641857108622
    },
    "decision": "正常",
    "confidence": 0.8955085719625108,
    "is_normal": true
  },
  "module": {
    "topk": [
      {
        "module_id": "[校准链路][校准源]",
        "gamma": 0.2956355683735549
      },
      {
        "module_id": "[校准链路][校准路径开关/耦合]",
        "gamma": 0.21116826312396783
      },
      {
        "module_id": "[校准链路][校准表/存储]",
        "gamma": 0.1689346104991743
      }
    ],
    "gating": {
      "disabled_modules": [
        "高频段YTF滤波器",
        "高频段混频器",
        "前置放大器",
        "衰减器"
      ],
      "topk_k": 3
    }
  },
  "evidence": {
    "global_offset_db": 0.0003000000000010772,
    "hf_std_db": 0.0024018096514811125,
    "p95_abs_dev_db": 0.006705000000002133,
    "inside_env_frac": 1.0,
    "peak_freq_mae_hz": 3961.2603663195036,
    "peak_freq_outlier_frac": 0.0
  },
  "artifacts": {
    "output_json": "Output/batch_diagnosis/sim_00048_diagnosis.json"
  },
  "system_diagnosis": {
    "probabilities": {
      "正常": 0.8955085719625108,
      "幅度失准": 0.02935147233112353,
      "频率失准": 0.013973537045728679,
      "参考电平失准": 0.06116641857108622
    },
    "predicted_class": "正常",
    "max_prob": 0.8955085719625108,
    "is_normal": true
  },
  "module_diagnosis": {
    "probabilities": {
      "[校准链路][校准源]": 0.2956355683735549,
      "[校准链路][校准路径开关/耦合]": 0.21116826312396783,
      "[校准链路][校准表/存储]": 0.1689346104991743,
      "[RF板][RF] 低频通路固定滤波/抑制网络": 0.06253416326689003,
      "[数字中频板][ADC] 数字检波与平均": 0.054445701291924116,
      "[数字中频板][IF] 中频放大/衰减链": 0.053049657669054257,
      "[RF板][Mixer1]": 0.04528335960705829,
      "[数字中频板][DSP] 数字增益/偏置校准": 0.03350504694887637,
      "[RF板][RF] 输入连接/匹配/保护": 0.028751339433052886,
      "[数字中频板][IF] RBW数字滤波器": 0.025128785211657276
    },
    "topk": [
      {
        "module": "[校准链路][校准源]",
        "probability": 0.2956355683735549
      },
      {
        "module": "[校准链路][校准路径开关/耦合]",
        "probability": 0.21116826312396783
      },
      {
        "module": "[校准链路][校准表/存储]",
        "probability": 0.1689346104991743
      }
    ],
    "disabled_modules": [
      "高频段YTF滤波器",
      "高频段混频器",
      "前置放大器",
      "衰减器"
    ]
  },
  "evidence_detail": {
    "viol_rate": 0.0,
    "envelope_violation": false,
    "violation_max_db": 0.0,
    "violation_energy": 0.09069742470156106,
    "baseline_coverage": 1.0
  },
  "config": {
    "mode": "unified_entry",
    "gating_status": "gated_ok",
    "run_name": null,
    "topk": 3
  },
  "uncertainty": {
    "is_uncertain": false,
    "reason": "",
    "top_class": "正常",
    "runner_up": "参考电平失准",
    "max_prob": 0.8955085719625108,
    "second_prob": 0.06116641857108622,
    "prob_gap": 0.8343421533914246,
    "support_top_features": [],
    "support_runnerup_features": [],
    "conflict_features": [],
    "suggested_actions": []
  },
  "module_validation": {
    "sample_id": "sim_00048",
    "gt_module": "数字检波器",
    "gt_module_v2": "[数字中频板][检波/对数]",
    "top1": "[校准链路][校准源]",
    "top3": [
      "[校准链路][校准源]",
      "[校准链路][校准路径开关/耦合]",
      "[校准链路][校准表/存储]"
    ],
    "top5": [
      "[校准链路][校准源]",
      "[校准链路][校准路径开关/耦合]",
      "[校准链路][校准表/存储]",
      "[RF板][RF] 低频通路固定滤波/抑制网络",
      "[数字中频板][ADC] 数字检波与平均"
    ],
    "gt_rank": -1,
    "gt_prob": 0.0,
    "top1_hit": false,
    "top3_hit": false,
    "top5_hit": false
  },
  "ground_truth": {
    "type": "fault",
    "system_class_en": "amp_error",
    "system_class_cn": "幅度失准",
    "module": "数字检波器",
    "module_v2": "[数字中频板][检波/对数]",
    "fault_params": {
      "severity": "light",
      "tier_target": "in_spec_weak",
      "type": "vbw_smoothing",
      "subtype": "amp_error_offset",
      "offset_db": -0.06914742115180851,
      "template_id": "T1"
    }
  }
}