{
  "status": "success",
  "meta": {
    "sample_id": "sim_00099",
    "input_file": "/home/runner/work/FMFD-python/FMFD-python/Output/sim_spectrum/raw_curves/sim_00099.csv",
    "operating_condition": {
      "inject_power_dbm": -10.0,
      "freq_start_hz": 10000000.0,
      "freq_end_hz": 8200000000.0,
      "step_hz": 10000000.0,
      "frontend": {
        "low_band_only": true,
        "ac_coupling": true,
        "preamp": false
      }
    }
  },
  "data_points": 820,
  "frequency_range": {
    "min": 10000000.0,
    "max": 8200000000.0
  },
  "features": {
    "X1": -9.933072804878048,
    "X2": 0.0004820813563355148,
    "X3": -0.00015035027818206345,
    "X4": 0.03456261568971469,
    "X5": 0.34420291624370697,
    "X6": 0.0030682304433521687,
    "X7": 0.0801999999999996,
    "X8": 0.04385841463414634,
    "X9": 0.0011945744033149122,
    "X10": 0.04615588923216629,
    "X11": 0.0,
    "X12": 0.0,
    "X13": 1.569942299093166,
    "X14": 0.02013644688644643,
    "X15": 0.029510690859077225,
    "X16": 0.012575179806845657,
    "X17": 0.0,
    "X18": 0.0,
    "X19": -0.00013659901658981342,
    "X20": -0.2739891377464181,
    "X21": 4.0,
    "X22": 0.07252881514819245,
    "X23": 0.001377393890243891,
    "X24": 3.2447335400531685e-05,
    "X25": 0.001377393890243891,
    "X26": 0.0008603518499565216,
    "X27": 0.00029675270392978334,
    "X28": -0.5223821339898462,
    "X29": 1.0138142534054997,
    "X30": 0.02532526948878105,
    "X31": 0.0341449661974792,
    "X32": -11.371446183243629,
    "X33": 0.31892207519004573,
    "X34": 0.03575196215743557,
    "X35": 0.0003120736765554341,
    "X36": 0.8694917350032197,
    "X37": 0.03456261568971469,
    "offset_db": 0.010950000000000237,
    "viol_rate_aligned": 0.0,
    "viol_energy_aligned": 1.569942299093166,
    "global_offset_db": 0.0,
    "shape_rmse": 0.037113257607543575,
    "ripple_hp": 0.0001423127077005425,
    "tail_asym": -0.0633099999999982,
    "compress_ratio": 0.2,
    "compress_ratio_high": 0.2,
    "freq_shift_score": 0.1913903721953566,
    "offset_slope": -0.013787699768419188,
    "high_low_energy_ratio": 3.828993165615767,
    "band_offset_db_1": 0.02979999999999894,
    "band_offset_db_2": 0.01785000000000103,
    "band_offset_db_3": -0.001100000000000101,
    "band_offset_db_4": -0.04504999999999981
  },
  "system": {
    "probs": {
      "正常": 0.036115758115293585,
      "幅度失准": 0.9089272404885372,
      "频率失准": 0.05494545918474954,
      "参考电平失准": 1.1542120527057202e-05
    },
    "decision": "幅度失准",
    "confidence": 0.9089272404885372,
    "is_normal": false
  },
  "module": {
    "topk": [
      {
        "module_id": "[RF板][RF] 低频通路固定滤波/抑制网络",
        "gamma": 0.19285099242708587
      },
      {
        "module_id": "[数字中频板][ADC] 数字检波与平均",
        "gamma": 0.16790674055593577
      },
      {
        "module_id": "[数字中频板][IF] 中频放大/衰减链",
        "gamma": 0.16360143951604003
      }
    ],
    "gating": {
      "disabled_modules": [
        "高频段YTF滤波器",
        "高频段混频器",
        "前置放大器",
        "衰减器"
      ],
      "topk_k": 3
    }
  },
  "evidence": {
    "global_offset_db": 0.010950000000000237,
    "hf_std_db": 0.005858775748893507,
    "p95_abs_dev_db": 0.09036499999999908,
    "inside_env_frac": 1.0,
    "peak_freq_mae_hz": 3954.9131602401458,
    "peak_freq_outlier_frac": 0.0
  },
  "artifacts": {
    "output_json": "Output/batch_diagnosis/sim_00099_diagnosis.json"
  },
  "system_diagnosis": {
    "probabilities": {
      "正常": 0.036115758115293585,
      "幅度失准": 0.9089272404885372,
      "频率失准": 0.05494545918474954,
      "参考电平失准": 1.1542120527057202e-05
    },
    "predicted_class": "幅度失准",
    "max_prob": 0.9089272404885372,
    "is_normal": false
  },
  "module_diagnosis": {
    "probabilities": {
      "[RF板][RF] 低频通路固定滤波/抑制网络": 0.19285099242708587,
      "[数字中频板][ADC] 数字检波与平均": 0.16790674055593577,
      "[数字中频板][IF] 中频放大/衰减链": 0.16360143951604003,
      "[RF板][Mixer1]": 0.13965071865409667,
      "[数字中频板][DSP] 数字增益/偏置校准": 0.10332722495749895,
      "[RF板][RF] 输入连接/匹配/保护": 0.08866712295498201,
      "[数字中频板][IF] RBW数字滤波器": 0.07749541871812422,
      "[RF板][RF] 输入衰减器组": 0.03325017110811825,
      "[RF板][RF] 高频通路固定滤波/抑制网络": 0.03325017110811825
    },
    "topk": [
      {
        "module": "[RF板][RF] 低频通路固定滤波/抑制网络",
        "probability": 0.19285099242708587
      },
      {
        "module": "[数字中频板][ADC] 数字检波与平均",
        "probability": 0.16790674055593577
      },
      {
        "module": "[数字中频板][IF] 中频放大/衰减链",
        "probability": 0.16360143951604003
      }
    ],
    "disabled_modules": [
      "高频段YTF滤波器",
      "高频段混频器",
      "前置放大器",
      "衰减器"
    ]
  },
  "evidence_detail": {
    "viol_rate": 0.0,
    "envelope_violation": false,
    "violation_max_db": 0.0,
    "violation_energy": 1.569942299093166,
    "baseline_coverage": 1.0
  },
  "config": {
    "mode": "unified_entry",
    "gating_status": "gated_ok",
    "run_name": null,
    "topk": 3
  },
  "uncertainty": {
    "is_uncertain": false,
    "reason": "",
    "top_class": "幅度失准",
    "runner_up": "频率失准",
    "max_prob": 0.9089272404885372,
    "second_prob": 0.05494545918474954,
    "prob_gap": 0.8539817813037877,
    "support_top_features": [],
    "support_runnerup_features": [],
    "conflict_features": [],
    "suggested_actions": []
  },
  "module_validation": {
    "sample_id": "sim_00099",
    "gt_module": "低频段前置低通滤波器",
    "gt_module_v2": "[RF板][RF] 低频通路固定滤波/抑制网络",
    "top1": "[RF板][RF] 低频通路固定滤波/抑制网络",
    "top3": [
      "[RF板][RF] 低频通路固定滤波/抑制网络",
      "[数字中频板][ADC] 数字检波与平均",
      "[数字中频板][IF] 中频放大/衰减链"
    ],
    "top5": [
      "[RF板][RF] 低频通路固定滤波/抑制网络",
      "[数字中频板][ADC] 数字检波与平均",
      "[数字中频板][IF] 中频放大/衰减链",
      "[RF板][Mixer1]",
      "[数字中频板][DSP] 数字增益/偏置校准"
    ],
    "gt_rank": 1,
    "gt_prob": 0.19285099242708587,
    "top1_hit": true,
    "top3_hit": true,
    "top5_hit": true
  },
  "ground_truth": {
    "type": "fault",
    "system_class_en": "amp_error",
    "system_class_cn": "幅度失准",
    "module": "低频段前置低通滤波器",
    "module_v2": "[RF板][RF] 低频通路固定滤波/抑制网络",
    "fault_params": {
      "severity": "mid",
      "tier_target": "mild_oos",
      "type": "lpf_shift",
      "subtype": "amp_error_band",
      "slope_db": -0.0911301599536086,
      "template_id": "T2"
    }
  }
}