{
  "status": "success",
  "meta": {
    "sample_id": "sim_00215",
    "input_file": "/home/runner/work/FMFD-python/FMFD-python/Output/sim_spectrum/raw_curves/sim_00215.csv",
    "operating_condition": {
      "inject_power_dbm": -10.0,
      "freq_start_hz": 10000000.0,
      "freq_end_hz": 8200000000.0,
      "step_hz": 10000000.0,
      "frontend": {
        "low_band_only": true,
        "ac_coupling": true,
        "preamp": false
      }
    }
  },
  "data_points": 820,
  "frequency_range": {
    "min": 10000000.0,
    "max": 8200000000.0
  },
  "features": {
    "X1": -9.984443536585365,
    "X2": 0.0006075863974403466,
    "X3": 0.00028420973161211047,
    "X4": 0.029252052713022496,
    "X5": 0.2691103476969641,
    "X6": 0.0009906249216389041,
    "X7": 0.07929999999999993,
    "X8": 0.025044999999999977,
    "X9": 0.0008556825879254467,
    "X10": 0.015521538305952088,
    "X11": 0.0,
    "X12": 0.0,
    "X13": 0.06426971143624233,
    "X14": 0.0017362637362634181,
    "X15": 0.0025528152256315347,
    "X16": 4.316555513050179e-06,
    "X17": 0.0,
    "X18": 0.0,
    "X19": -7.057110222730297e-05,
    "X20": -0.09930331059250586,
    "X21": 4.0,
    "X22": 0.040269895513506015,
    "X23": 5.828695121951009e-06,
    "X24": 0.007428475153431036,
    "X25": 5.828695121951009e-06,
    "X26": 0.0002967020415391722,
    "X27": 9.483650312792273e-06,
    "X28": -0.08771929823034497,
    "X29": 0.10105328597670085,
    "X30": 0.0009057926829269189,
    "X31": 0.0010421652259214283,
    "X32": -1.1591560771715363,
    "X33": 0.5633974973047329,
    "X34": 0.015053873724242413,
    "X35": 0.0003144409331788821,
    "X36": 0.8154168660428632,
    "X37": 0.029252052713022492,
    "offset_db": -0.05129999999999946,
    "viol_rate_aligned": 0.0,
    "viol_energy_aligned": 0.06426971143624233,
    "global_offset_db": 0.0,
    "shape_rmse": 0.002414269065773533,
    "ripple_hp": 0.002158370244141857,
    "tail_asym": -0.0012950000000023156,
    "compress_ratio": 0.1926829268292683,
    "compress_ratio_high": 0.2,
    "freq_shift_score": 0.0027757267159658205,
    "offset_slope": -0.00040895742107819894,
    "high_low_energy_ratio": 0.9895457983006811,
    "band_offset_db_1": 0.0011999999999989797,
    "band_offset_db_2": 0.0007999999999999119,
    "band_offset_db_3": -0.00020000000000131024,
    "band_offset_db_4": -0.000700000000000145
  },
  "system": {
    "probs": {
      "正常": 0.0058119172652718746,
      "幅度失准": 0.005757150288838119,
      "频率失准": 0.005662273347019429,
      "参考电平失准": 0.9827686590005937
    },
    "decision": "参考电平失准",
    "confidence": 0.9827686590005937,
    "is_normal": false
  },
  "module": {
    "topk": [
      {
        "module_id": "[校准链路][校准源]",
        "gamma": 0.43749999999999994
      },
      {
        "module_id": "[校准链路][校准路径开关/耦合]",
        "gamma": 0.3125
      },
      {
        "module_id": "[校准链路][校准表/存储]",
        "gamma": 0.25000000000000006
      }
    ],
    "gating": {
      "disabled_modules": [
        "高频段YTF滤波器",
        "高频段混频器",
        "前置放大器",
        "衰减器"
      ],
      "topk_k": 3
    }
  },
  "evidence": {
    "global_offset_db": -0.05129999999999946,
    "hf_std_db": 0.0016756781034779108,
    "p95_abs_dev_db": 0.005200000000000404,
    "inside_env_frac": 1.0,
    "peak_freq_mae_hz": 3960.2721245192606,
    "peak_freq_outlier_frac": 0.0
  },
  "artifacts": {
    "output_json": "Output/batch_diagnosis/sim_00215_diagnosis.json"
  },
  "system_diagnosis": {
    "probabilities": {
      "正常": 0.0058119172652718746,
      "幅度失准": 0.005757150288838119,
      "频率失准": 0.005662273347019429,
      "参考电平失准": 0.9827686590005937
    },
    "predicted_class": "参考电平失准",
    "max_prob": 0.9827686590005937,
    "is_normal": false
  },
  "module_diagnosis": {
    "probabilities": {
      "[校准链路][校准源]": 0.43749999999999994,
      "[校准链路][校准路径开关/耦合]": 0.3125,
      "[校准链路][校准表/存储]": 0.25000000000000006,
      "[RF板][RF] 输入衰减器组": 0.0,
      "[RF板][RF] 低频通路固定滤波/抑制网络": 0.0,
      "[RF板][Mixer1]": 0.0
    },
    "topk": [
      {
        "module": "[校准链路][校准源]",
        "probability": 0.43749999999999994
      },
      {
        "module": "[校准链路][校准路径开关/耦合]",
        "probability": 0.3125
      },
      {
        "module": "[校准链路][校准表/存储]",
        "probability": 0.25000000000000006
      }
    ],
    "disabled_modules": [
      "高频段YTF滤波器",
      "高频段混频器",
      "前置放大器",
      "衰减器"
    ]
  },
  "evidence_detail": {
    "viol_rate": 0.0,
    "envelope_violation": false,
    "violation_max_db": 0.0,
    "violation_energy": 0.06426971143624233,
    "baseline_coverage": 1.0
  },
  "config": {
    "mode": "unified_entry",
    "gating_status": "gated_ok",
    "run_name": null,
    "topk": 3
  },
  "uncertainty": {
    "is_uncertain": false,
    "reason": "",
    "top_class": "参考电平失准",
    "runner_up": "正常",
    "max_prob": 0.9827686590005937,
    "second_prob": 0.0058119172652718746,
    "prob_gap": 0.9769567417353219,
    "support_top_features": [],
    "support_runnerup_features": [],
    "conflict_features": [],
    "suggested_actions": []
  },
  "module_validation": {
    "sample_id": "sim_00215",
    "gt_module": "校准信号开关",
    "gt_module_v2": "[校准链路][校准路径开关/耦合]",
    "top1": "[校准链路][校准源]",
    "top3": [
      "[校准链路][校准源]",
      "[校准链路][校准路径开关/耦合]",
      "[校准链路][校准表/存储]"
    ],
    "top5": [
      "[校准链路][校准源]",
      "[校准链路][校准路径开关/耦合]",
      "[校准链路][校准表/存储]",
      "[RF板][RF] 输入衰减器组",
      "[RF板][RF] 低频通路固定滤波/抑制网络"
    ],
    "gt_rank": 2,
    "gt_prob": 0.3125,
    "top1_hit": false,
    "top3_hit": true,
    "top5_hit": true
  },
  "ground_truth": {
    "type": "fault",
    "system_class_en": "ref_error",
    "system_class_cn": "参考电平失准",
    "module": "校准信号开关",
    "module_v2": "[校准链路][校准路径开关/耦合]",
    "fault_params": {
      "severity": "light",
      "tier_target": "in_spec_weak",
      "type": "ref_miscal",
      "subtype": "ref_error_offset",
      "offset_db": -0.09206839573485456,
      "template_id": "T1",
      "mean_offset_db": -0.05136959919345316
    }
  }
}