{
  "status": "success",
  "meta": {
    "sample_id": "sim_00182",
    "input_file": "/home/runner/work/FMFD-python/FMFD-python/Output/sim_spectrum/raw_curves/sim_00182.csv",
    "operating_condition": {
      "inject_power_dbm": -10.0,
      "freq_start_hz": 10000000.0,
      "freq_end_hz": 8200000000.0,
      "step_hz": 10000000.0,
      "frontend": {
        "low_band_only": true,
        "ac_coupling": true,
        "preamp": false
      }
    }
  },
  "data_points": 820,
  "frequency_range": {
    "min": 10000000.0,
    "max": 8200000000.0
  },
  "features": {
    "X1": -9.933073780487806,
    "X2": 0.0006028110081631308,
    "X3": 0.00023601730306205656,
    "X4": 0.028862536121163775,
    "X5": 0.2631871754836036,
    "X6": 0.000948627690585961,
    "X7": 0.07479999999999976,
    "X8": 0.024405243902439016,
    "X9": 0.0008330459913454837,
    "X10": 0.014700052023423232,
    "X11": 0.0,
    "X12": 0.0,
    "X13": 0.11000094288540153,
    "X14": 0.0019857142857141476,
    "X15": 0.0026335081602114133,
    "X16": -0.03606298677463426,
    "X17": 0.0,
    "X18": 0.0,
    "X19": -6.261397668230599e-05,
    "X20": -0.03249692506748891,
    "X21": 4.0,
    "X22": 0.03990344079319929,
    "X23": 7.375207317072608e-06,
    "X24": 0.020548786794256757,
    "X25": 7.375207317072608e-06,
    "X26": 0.000394449438097286,
    "X27": 8.200008450084644e-06,
    "X28": -0.09433962262355017,
    "X29": -0.17405804028926603,
    "X30": 3.945870922980063e-05,
    "X31": 0.00037683676683663924,
    "X32": -0.3519323432592619,
    "X33": 0.5826565044678526,
    "X34": 0.014873291162636854,
    "X35": 0.0003220482887049179,
    "X36": 0.8058985237510802,
    "X37": 0.028862536121163775,
    "offset_db": 0.00019999999999953388,
    "viol_rate_aligned": 0.0,
    "viol_energy_aligned": 0.11000094288540153,
    "global_offset_db": 0.0,
    "shape_rmse": 0.0027157332926987894,
    "ripple_hp": 0.003620411756668119,
    "tail_asym": -0.000499999999998928,
    "compress_ratio": 0.1951219512195122,
    "compress_ratio_high": 0.18983050847457628,
    "freq_shift_score": 0.0038647456207088204,
    "offset_slope": -4.329365414888136e-05,
    "high_low_energy_ratio": 0.49716115272003125,
    "band_offset_db_1": 0.001200000000000756,
    "band_offset_db_2": 0.00019999999999953388,
    "band_offset_db_3": -9.999999999887876e-05,
    "band_offset_db_4": -0.00019999999999775753
  },
  "system": {
    "probs": {
      "正常": 0.9890400043771231,
      "幅度失准": 0.0036119482993634934,
      "频率失准": 0.0023190111403891705,
      "参考电平失准": 0.005029036084220364
    },
    "decision": "正常",
    "confidence": 0.9890400043771231,
    "is_normal": true
  },
  "module": {
    "topk": [
      {
        "module_id": "[RF板][RF] 输入连接/匹配/保护",
        "gamma": 0.058823529411764705
      },
      {
        "module_id": "[RF板][RF] 输入衰减器组",
        "gamma": 0.058823529411764705
      },
      {
        "module_id": "[RF板][RF] 低频通路固定滤波/抑制网络",
        "gamma": 0.058823529411764705
      }
    ],
    "gating": {
      "disabled_modules": [
        "高频段YTF滤波器",
        "高频段混频器",
        "前置放大器",
        "衰减器"
      ],
      "topk_k": 3
    }
  },
  "evidence": {
    "global_offset_db": 0.00019999999999953388,
    "hf_std_db": 0.0026054476729877535,
    "p95_abs_dev_db": 0.0045000000000001705,
    "inside_env_frac": 1.0,
    "peak_freq_mae_hz": 169326.4763777718,
    "peak_freq_outlier_frac": 0.003658536585365854
  },
  "artifacts": {
    "output_json": "Output/batch_diagnosis/sim_00182_diagnosis.json"
  },
  "system_diagnosis": {
    "probabilities": {
      "正常": 0.9890400043771231,
      "幅度失准": 0.0036119482993634934,
      "频率失准": 0.0023190111403891705,
      "参考电平失准": 0.005029036084220364
    },
    "predicted_class": "正常",
    "max_prob": 0.9890400043771231,
    "is_normal": true
  },
  "module_diagnosis": {
    "probabilities": {
      "[RF板][RF] 输入连接/匹配/保护": 0.058823529411764705,
      "[RF板][RF] 输入衰减器组": 0.058823529411764705,
      "[RF板][RF] 低频通路固定滤波/抑制网络": 0.058823529411764705,
      "[RF板][RF] 高频通路固定滤波/抑制网络": 0.058823529411764705,
      "[RF板][Mixer1]": 0.058823529411764705
    },
    "topk": [
      {
        "module": "[RF板][RF] 输入连接/匹配/保护",
        "probability": 0.058823529411764705
      },
      {
        "module": "[RF板][RF] 输入衰减器组",
        "probability": 0.058823529411764705
      },
      {
        "module": "[RF板][RF] 低频通路固定滤波/抑制网络",
        "probability": 0.058823529411764705
      }
    ],
    "disabled_modules": [
      "高频段YTF滤波器",
      "高频段混频器",
      "前置放大器",
      "衰减器"
    ]
  },
  "evidence_detail": {
    "viol_rate": 0.0,
    "envelope_violation": false,
    "violation_max_db": 0.0,
    "violation_energy": 0.11000094288540153,
    "baseline_coverage": 1.0
  },
  "config": {
    "mode": "unified_entry",
    "gating_status": "gated_ok",
    "run_name": null,
    "topk": 3
  },
  "uncertainty": {
    "is_uncertain": false,
    "reason": "",
    "top_class": "正常",
    "runner_up": "参考电平失准",
    "max_prob": 0.9890400043771231,
    "second_prob": 0.005029036084220364,
    "prob_gap": 0.9840109682929028,
    "support_top_features": [],
    "support_runnerup_features": [],
    "conflict_features": [],
    "suggested_actions": []
  },
  "module_validation": {
    "sample_id": "sim_00182",
    "gt_module": "时钟合成与同步网络",
    "gt_module_v2": "[LO/时钟板][LO1] 合成链",
    "top1": "[RF板][RF] 输入连接/匹配/保护",
    "top3": [
      "[RF板][RF] 输入连接/匹配/保护",
      "[RF板][RF] 输入衰减器组",
      "[RF板][RF] 低频通路固定滤波/抑制网络"
    ],
    "top5": [
      "[RF板][RF] 输入连接/匹配/保护",
      "[RF板][RF] 输入衰减器组",
      "[RF板][RF] 低频通路固定滤波/抑制网络",
      "[RF板][RF] 高频通路固定滤波/抑制网络",
      "[RF板][Mixer1]"
    ],
    "gt_rank": -1,
    "gt_prob": 0.0,
    "top1_hit": false,
    "top3_hit": false,
    "top5_hit": false
  },
  "ground_truth": {
    "type": "fault",
    "system_class_en": "freq_error",
    "system_class_cn": "频率失准",
    "module": "时钟合成与同步网络",
    "module_v2": "[LO/时钟板][LO1] 合成链",
    "fault_params": {
      "severity": "mid",
      "tier_target": "in_spec_weak",
      "delta_f_hz": -677395.6641634518,
      "ppm": -82.71009330445077,
      "shift_bins": -0.06773956641634518,
      "bandwidth_hz": 8190000000.0,
      "type": "clock_drift",
      "track_type": "spike",
      "template_id": "T8",
      "forced_peak_track_type": true,
      "peak_track_profile": {
        "bands": [],
        "track_type": "spike"
      },
      "freq_amp_coupling": {
        "bias_db_min": -0.1,
        "bias_db_max": -0.02
      }
    }
  }
}