{
  "status": "success",
  "meta": {
    "sample_id": "sim_00245",
    "input_file": "/home/runner/work/FMFD-python/FMFD-python/Output/sim_spectrum/raw_curves/sim_00245.csv",
    "operating_condition": {
      "inject_power_dbm": -10.0,
      "freq_start_hz": 10000000.0,
      "freq_end_hz": 8200000000.0,
      "step_hz": 10000000.0,
      "frontend": {
        "low_band_only": true,
        "ac_coupling": true,
        "preamp": false
      }
    }
  },
  "data_points": 820,
  "frequency_range": {
    "min": 10000000.0,
    "max": 8200000000.0
  },
  "features": {
    "X1": -9.996535731707317,
    "X2": 0.0005376427686479601,
    "X3": 0.0002352679117979003,
    "X4": 0.028672435906204143,
    "X5": 0.2788601235885987,
    "X6": 0.0011079534427572873,
    "X7": 0.08179999999999943,
    "X8": 0.02646670731707318,
    "X9": 0.0008221085807953847,
    "X10": 0.01939094933024286,
    "X11": 0.0,
    "X12": 0.0,
    "X13": 0.040804946133561885,
    "X14": 0.007474725274725032,
    "X15": 0.00317653767539066,
    "X16": 0.007467402413607081,
    "X17": 0.0,
    "X18": 0.0,
    "X19": -8.662199997213724e-05,
    "X20": -0.05668579931559892,
    "X21": 4.0,
    "X22": 0.03911496081707341,
    "X23": 4.542828048780339e-05,
    "X24": 0.012072746629280262,
    "X25": 4.542828048780339e-05,
    "X26": 0.00030324877231497716,
    "X27": 1.1033948447442285e-05,
    "X28": -0.011925042588834162,
    "X29": 0.4920495194810665,
    "X30": 0.0029243256997455933,
    "X31": 0.006114045188929894,
    "X32": -1.44102695552164,
    "X33": 0.5340502452362241,
    "X34": 0.017625051486634718,
    "X35": 0.00031599902963946885,
    "X36": 0.8068331958641126,
    "X37": 0.028672435906204143,
    "offset_db": -0.06329999999999991,
    "viol_rate_aligned": 0.0,
    "viol_energy_aligned": 0.040804946133561885,
    "global_offset_db": 0.0,
    "shape_rmse": 0.006740050481102006,
    "ripple_hp": 0.0027558665989904463,
    "tail_asym": 0.00020000000000130677,
    "compress_ratio": 0.2,
    "compress_ratio_high": 0.19661016949152543,
    "freq_shift_score": 0.019147857102749022,
    "offset_slope": -0.002643929404720769,
    "high_low_energy_ratio": 0.30995504847397026,
    "band_offset_db_1": 0.012599999999999945,
    "band_offset_db_2": 0.006199999999999761,
    "band_offset_db_3": -0.0006500000000002615,
    "band_offset_db_4": -0.006999999999999673
  },
  "system": {
    "probs": {
      "正常": 0.6360677181711765,
      "幅度失准": 0.017587353571103397,
      "频率失准": 0.009713340463829018,
      "参考电平失准": 0.3366315877302843
    },
    "decision": "正常",
    "confidence": 0.6360677181711765,
    "is_normal": true
  },
  "module": {
    "topk": [
      {
        "module_id": "[校准链路][校准源]",
        "gamma": 0.43749999999999994
      },
      {
        "module_id": "[校准链路][校准路径开关/耦合]",
        "gamma": 0.3125
      },
      {
        "module_id": "[校准链路][校准表/存储]",
        "gamma": 0.25000000000000006
      }
    ],
    "gating": {
      "disabled_modules": [
        "高频段YTF滤波器",
        "高频段混频器",
        "前置放大器",
        "衰减器"
      ],
      "topk_k": 3
    }
  },
  "evidence": {
    "global_offset_db": -0.06329999999999991,
    "hf_std_db": 0.0022338841659961463,
    "p95_abs_dev_db": 0.011804999999999129,
    "inside_env_frac": 1.0,
    "peak_freq_mae_hz": 4081.588846023944,
    "peak_freq_outlier_frac": 0.0
  },
  "artifacts": {
    "output_json": "Output/batch_diagnosis/sim_00245_diagnosis.json"
  },
  "system_diagnosis": {
    "probabilities": {
      "正常": 0.6360677181711765,
      "幅度失准": 0.017587353571103397,
      "频率失准": 0.009713340463829018,
      "参考电平失准": 0.3366315877302843
    },
    "predicted_class": "正常",
    "max_prob": 0.6360677181711765,
    "is_normal": true
  },
  "module_diagnosis": {
    "probabilities": {
      "[校准链路][校准源]": 0.43749999999999994,
      "[校准链路][校准路径开关/耦合]": 0.3125,
      "[校准链路][校准表/存储]": 0.25000000000000006,
      "[RF板][RF] 输入衰减器组": 0.0,
      "[RF板][RF] 低频通路固定滤波/抑制网络": 0.0,
      "[RF板][Mixer1]": 0.0
    },
    "topk": [
      {
        "module": "[校准链路][校准源]",
        "probability": 0.43749999999999994
      },
      {
        "module": "[校准链路][校准路径开关/耦合]",
        "probability": 0.3125
      },
      {
        "module": "[校准链路][校准表/存储]",
        "probability": 0.25000000000000006
      }
    ],
    "disabled_modules": [
      "高频段YTF滤波器",
      "高频段混频器",
      "前置放大器",
      "衰减器"
    ]
  },
  "evidence_detail": {
    "viol_rate": 0.0,
    "envelope_violation": false,
    "violation_max_db": 0.0,
    "violation_energy": 0.040804946133561885,
    "baseline_coverage": 1.0
  },
  "config": {
    "mode": "unified_entry",
    "gating_status": "gated_ok",
    "run_name": null,
    "topk": 3
  },
  "uncertainty": {
    "is_uncertain": false,
    "reason": "",
    "top_class": "正常",
    "runner_up": "参考电平失准",
    "max_prob": 0.6360677181711765,
    "second_prob": 0.3366315877302843,
    "prob_gap": 0.2994361304408922,
    "support_top_features": [],
    "support_runnerup_features": [],
    "conflict_features": [],
    "suggested_actions": []
  },
  "module_validation": {
    "sample_id": "sim_00245",
    "gt_module": "校准信号开关",
    "gt_module_v2": "[校准链路][校准路径开关/耦合]",
    "top1": "[校准链路][校准源]",
    "top3": [
      "[校准链路][校准源]",
      "[校准链路][校准路径开关/耦合]",
      "[校准链路][校准表/存储]"
    ],
    "top5": [
      "[校准链路][校准源]",
      "[校准链路][校准路径开关/耦合]",
      "[校准链路][校准表/存储]",
      "[RF板][RF] 输入衰减器组",
      "[RF板][RF] 低频通路固定滤波/抑制网络"
    ],
    "gt_rank": 2,
    "gt_prob": 0.3125,
    "top1_hit": false,
    "top3_hit": true,
    "top5_hit": true
  },
  "ground_truth": {
    "type": "fault",
    "system_class_en": "ref_error",
    "system_class_cn": "参考电平失准",
    "module": "校准信号开关",
    "module_v2": "[校准链路][校准路径开关/耦合]",
    "fault_params": {
      "severity": "mid",
      "tier_target": "in_spec_weak",
      "type": "ref_miscal",
      "subtype": "ref_error_offset",
      "offset_db": 0.11686991859690823,
      "template_id": "T1",
      "mean_offset_db": -0.06346166808870234
    }
  }
}