{
  "status": "success",
  "meta": {
    "sample_id": "sim_00330",
    "input_file": "/home/runner/work/FMFD-python/FMFD-python/Output/sim_spectrum/raw_curves/sim_00330.csv",
    "operating_condition": {
      "inject_power_dbm": -10.0,
      "freq_start_hz": 10000000.0,
      "freq_end_hz": 8200000000.0,
      "step_hz": 10000000.0,
      "frontend": {
        "low_band_only": true,
        "ac_coupling": true,
        "preamp": false
      }
    }
  },
  "data_points": 820,
  "frequency_range": {
    "min": 10000000.0,
    "max": 8200000000.0
  },
  "features": {
    "X1": -9.93516987804878,
    "X2": 0.0006388089627536532,
    "X3": 0.0004027480853726197,
    "X4": 0.03093135012756189,
    "X5": 0.27039797970241475,
    "X6": 0.0010428807146192756,
    "X7": 0.06759999999999877,
    "X8": 0.024820853658536608,
    "X9": 0.000956748420713823,
    "X10": 0.01553776212710464,
    "X11": 0.0,
    "X12": 0.0,
    "X13": 0.3086615714395763,
    "X14": 0.006047985347985873,
    "X15": 0.013902918141600487,
    "X16": -0.007557126689386906,
    "X17": 0.0,
    "X18": 0.0,
    "X19": -2.3019877143350386e-05,
    "X20": -0.08890224001937819,
    "X21": 5.0,
    "X22": 0.04511125978518271,
    "X23": 9.875469512195889e-05,
    "X24": 0.012378213618826295,
    "X25": 9.875469512195889e-05,
    "X26": 0.00128560989256525,
    "X27": 5.447051102611246e-05,
    "X28": -0.14199914199312397,
    "X29": 1.5999098062349901,
    "X30": 0.00290060975609776,
    "X31": 0.004449353995981786,
    "X32": -4.0313366149296606,
    "X33": 0.5449353372829967,
    "X34": 0.01519587004640885,
    "X35": 0.00030968814394396826,
    "X36": 0.8374058444283771,
    "X37": 0.03093135012756189,
    "offset_db": 1.7763568394002505e-15,
    "viol_rate_aligned": 0.0,
    "viol_energy_aligned": 0.3086615714395763,
    "global_offset_db": 0.0,
    "shape_rmse": 0.009937539691591621,
    "ripple_hp": 0.002775094336418197,
    "tail_asym": -0.010415000000004147,
    "compress_ratio": 0.2,
    "compress_ratio_high": 0.2,
    "freq_shift_score": 0.04631173210314554,
    "offset_slope": 0.0005777713863927087,
    "high_low_energy_ratio": 6.1888790014520145,
    "band_offset_db_1": 0.0022999999999981924,
    "band_offset_db_2": -0.0057000000000009265,
    "band_offset_db_3": 0.001049999999998441,
    "band_offset_db_4": 0.0024999999999995026
  },
  "system": {
    "probs": {
      "正常": 0.9982756130300422,
      "幅度失准": 0.0009230480681015163,
      "频率失准": 0.00040855744941434947,
      "参考电平失准": 0.00039278135261412484
    },
    "decision": "正常",
    "confidence": 0.9982756130300422,
    "is_normal": true
  },
  "module": {
    "topk": [
      {
        "module_id": "[RF板][RF] 输入连接/匹配/保护",
        "gamma": 0.058823529411764705
      },
      {
        "module_id": "[RF板][RF] 输入衰减器组",
        "gamma": 0.058823529411764705
      },
      {
        "module_id": "[RF板][RF] 低频通路固定滤波/抑制网络",
        "gamma": 0.058823529411764705
      }
    ],
    "gating": {
      "disabled_modules": [
        "高频段YTF滤波器",
        "高频段混频器",
        "前置放大器",
        "衰减器"
      ],
      "topk_k": 3
    }
  },
  "evidence": {
    "global_offset_db": 1.7763568394002505e-15,
    "hf_std_db": 0.005435730563931853,
    "p95_abs_dev_db": 0.023515000000002027,
    "inside_env_frac": 1.0,
    "peak_freq_mae_hz": 3926.501869311481,
    "peak_freq_outlier_frac": 0.0
  },
  "artifacts": {
    "output_json": "Output/batch_diagnosis/sim_00330_diagnosis.json"
  },
  "system_diagnosis": {
    "probabilities": {
      "正常": 0.9982756130300422,
      "幅度失准": 0.0009230480681015163,
      "频率失准": 0.00040855744941434947,
      "参考电平失准": 0.00039278135261412484
    },
    "predicted_class": "正常",
    "max_prob": 0.9982756130300422,
    "is_normal": true
  },
  "module_diagnosis": {
    "probabilities": {
      "[RF板][RF] 输入连接/匹配/保护": 0.058823529411764705,
      "[RF板][RF] 输入衰减器组": 0.058823529411764705,
      "[RF板][RF] 低频通路固定滤波/抑制网络": 0.058823529411764705,
      "[RF板][RF] 高频通路固定滤波/抑制网络": 0.058823529411764705,
      "[RF板][Mixer1]": 0.058823529411764705
    },
    "topk": [
      {
        "module": "[RF板][RF] 输入连接/匹配/保护",
        "probability": 0.058823529411764705
      },
      {
        "module": "[RF板][RF] 输入衰减器组",
        "probability": 0.058823529411764705
      },
      {
        "module": "[RF板][RF] 低频通路固定滤波/抑制网络",
        "probability": 0.058823529411764705
      }
    ],
    "disabled_modules": [
      "高频段YTF滤波器",
      "高频段混频器",
      "前置放大器",
      "衰减器"
    ]
  },
  "evidence_detail": {
    "viol_rate": 0.0,
    "envelope_violation": false,
    "violation_max_db": 0.0,
    "violation_energy": 0.3086615714395763,
    "baseline_coverage": 1.0
  },
  "config": {
    "mode": "unified_entry",
    "gating_status": "gated_ok",
    "run_name": null,
    "topk": 3
  },
  "uncertainty": {
    "is_uncertain": false,
    "reason": "",
    "top_class": "正常",
    "runner_up": "幅度失准",
    "max_prob": 0.9982756130300422,
    "second_prob": 0.0009230480681015163,
    "prob_gap": 0.9973525649619407,
    "support_top_features": [],
    "support_runnerup_features": [],
    "conflict_features": [],
    "suggested_actions": []
  },
  "module_validation": {
    "sample_id": "sim_00330",
    "gt_module": null,
    "gt_module_v2": null,
    "top1": "[RF板][RF] 输入连接/匹配/保护",
    "top3": [
      "[RF板][RF] 输入连接/匹配/保护",
      "[RF板][RF] 输入衰减器组",
      "[RF板][RF] 低频通路固定滤波/抑制网络"
    ],
    "top5": [
      "[RF板][RF] 输入连接/匹配/保护",
      "[RF板][RF] 输入衰减器组",
      "[RF板][RF] 低频通路固定滤波/抑制网络",
      "[RF板][RF] 高频通路固定滤波/抑制网络",
      "[RF板][Mixer1]"
    ],
    "gt_rank": -1,
    "gt_prob": 0.0,
    "top1_hit": false,
    "top3_hit": false,
    "top5_hit": false
  },
  "ground_truth": {
    "type": "normal",
    "system_class_en": "normal",
    "system_class_cn": "正常",
    "module": null,
    "module_v2": null,
    "fault_params": {
      "severity": "severe",
      "tier_target": "edge",
      "type": "normal",
      "normal_state": "normal_state_A"
    }
  }
}