{
  "status": "success",
  "meta": {
    "sample_id": "sim_00312",
    "input_file": "/home/runner/work/FMFD-python/FMFD-python/Output/sim_spectrum/raw_curves/sim_00312.csv",
    "operating_condition": {
      "inject_power_dbm": -10.0,
      "freq_start_hz": 10000000.0,
      "freq_end_hz": 8200000000.0,
      "step_hz": 10000000.0,
      "frontend": {
        "low_band_only": true,
        "ac_coupling": true,
        "preamp": false
      }
    }
  },
  "data_points": 820,
  "frequency_range": {
    "min": 10000000.0,
    "max": 8200000000.0
  },
  "features": {
    "X1": -9.922993414634147,
    "X2": 0.0007809559352898411,
    "X3": 0.00047364642988318074,
    "X4": 0.03246838122345457,
    "X5": 0.32310776987009393,
    "X6": 0.001135556054193931,
    "X7": 0.06310000000000038,
    "X8": 0.02639902439024391,
    "X9": 0.0010541957792715773,
    "X10": 0.015946846273411273,
    "X11": 0.0,
    "X12": 0.0,
    "X13": 0.17353223691350228,
    "X14": 0.007328571428571377,
    "X15": 0.016200515177572344,
    "X16": -0.015065227214815624,
    "X17": 0.0,
    "X18": 0.0,
    "X19": -0.00014813932108480337,
    "X20": 0.009795460738055262,
    "X21": 6.0,
    "X22": 0.04410859318627286,
    "X23": 0.000141287926829268,
    "X24": 0.017789001342004673,
    "X25": 0.000141287926829268,
    "X26": 0.00029546296830595595,
    "X27": 0.0001248088686753721,
    "X28": -0.010160603080640622,
    "X29": 1.139488663497137,
    "X30": 0.005542073170731859,
    "X31": 0.004075411487492511,
    "X32": -4.464776725860772,
    "X33": 0.5241080742506634,
    "X34": 0.015455144526042672,
    "X35": 0.0003119250675575962,
    "X36": 0.851738706159516,
    "X37": 0.032468381223454565,
    "offset_db": 0.009999999999999787,
    "viol_rate_aligned": 0.0,
    "viol_energy_aligned": 0.17353223691350228,
    "global_offset_db": 0.0,
    "shape_rmse": 0.011886459810610895,
    "ripple_hp": 0.0033317709890840035,
    "tail_asym": -0.004699999999999711,
    "compress_ratio": 0.2,
    "compress_ratio_high": 0.2,
    "freq_shift_score": 0.06402297347971553,
    "offset_slope": 0.0006879279974553976,
    "high_low_energy_ratio": 12.0751903107533,
    "band_offset_db_1": 0.0013500000000012946,
    "band_offset_db_2": -0.00280000000000058,
    "band_offset_db_3": 0.001749999999998586,
    "band_offset_db_4": 1.7763568394002505e-15
  },
  "system": {
    "probs": {
      "正常": 0.9967287452257935,
      "幅度失准": 0.001857317679551184,
      "频率失准": 0.0010995001595062084,
      "参考电平失准": 0.00031443683547607994
    },
    "decision": "正常",
    "confidence": 0.9967287452257935,
    "is_normal": true
  },
  "module": {
    "topk": [
      {
        "module_id": "[RF板][RF] 输入连接/匹配/保护",
        "gamma": 0.058823529411764705
      },
      {
        "module_id": "[RF板][RF] 输入衰减器组",
        "gamma": 0.058823529411764705
      },
      {
        "module_id": "[RF板][RF] 低频通路固定滤波/抑制网络",
        "gamma": 0.058823529411764705
      }
    ],
    "gating": {
      "disabled_modules": [
        "高频段YTF滤波器",
        "高频段混频器",
        "前置放大器",
        "衰减器"
      ],
      "topk_k": 3
    }
  },
  "evidence": {
    "global_offset_db": 0.009999999999999787,
    "hf_std_db": 0.0068678248911654685,
    "p95_abs_dev_db": 0.02371999999999977,
    "inside_env_frac": 1.0,
    "peak_freq_mae_hz": 4063.45375590102,
    "peak_freq_outlier_frac": 0.0
  },
  "artifacts": {
    "output_json": "Output/batch_diagnosis/sim_00312_diagnosis.json"
  },
  "system_diagnosis": {
    "probabilities": {
      "正常": 0.9967287452257935,
      "幅度失准": 0.001857317679551184,
      "频率失准": 0.0010995001595062084,
      "参考电平失准": 0.00031443683547607994
    },
    "predicted_class": "正常",
    "max_prob": 0.9967287452257935,
    "is_normal": true
  },
  "module_diagnosis": {
    "probabilities": {
      "[RF板][RF] 输入连接/匹配/保护": 0.058823529411764705,
      "[RF板][RF] 输入衰减器组": 0.058823529411764705,
      "[RF板][RF] 低频通路固定滤波/抑制网络": 0.058823529411764705,
      "[RF板][RF] 高频通路固定滤波/抑制网络": 0.058823529411764705,
      "[RF板][Mixer1]": 0.058823529411764705
    },
    "topk": [
      {
        "module": "[RF板][RF] 输入连接/匹配/保护",
        "probability": 0.058823529411764705
      },
      {
        "module": "[RF板][RF] 输入衰减器组",
        "probability": 0.058823529411764705
      },
      {
        "module": "[RF板][RF] 低频通路固定滤波/抑制网络",
        "probability": 0.058823529411764705
      }
    ],
    "disabled_modules": [
      "高频段YTF滤波器",
      "高频段混频器",
      "前置放大器",
      "衰减器"
    ]
  },
  "evidence_detail": {
    "viol_rate": 0.0,
    "envelope_violation": false,
    "violation_max_db": 0.0,
    "violation_energy": 0.17353223691350228,
    "baseline_coverage": 1.0
  },
  "config": {
    "mode": "unified_entry",
    "gating_status": "gated_ok",
    "run_name": null,
    "topk": 3
  },
  "uncertainty": {
    "is_uncertain": false,
    "reason": "",
    "top_class": "正常",
    "runner_up": "幅度失准",
    "max_prob": 0.9967287452257935,
    "second_prob": 0.001857317679551184,
    "prob_gap": 0.9948714275462422,
    "support_top_features": [],
    "support_runnerup_features": [],
    "conflict_features": [],
    "suggested_actions": []
  },
  "module_validation": {
    "sample_id": "sim_00312",
    "gt_module": null,
    "gt_module_v2": null,
    "top1": "[RF板][RF] 输入连接/匹配/保护",
    "top3": [
      "[RF板][RF] 输入连接/匹配/保护",
      "[RF板][RF] 输入衰减器组",
      "[RF板][RF] 低频通路固定滤波/抑制网络"
    ],
    "top5": [
      "[RF板][RF] 输入连接/匹配/保护",
      "[RF板][RF] 输入衰减器组",
      "[RF板][RF] 低频通路固定滤波/抑制网络",
      "[RF板][RF] 高频通路固定滤波/抑制网络",
      "[RF板][Mixer1]"
    ],
    "gt_rank": -1,
    "gt_prob": 0.0,
    "top1_hit": false,
    "top3_hit": false,
    "top5_hit": false
  },
  "ground_truth": {
    "type": "normal",
    "system_class_en": "normal",
    "system_class_cn": "正常",
    "module": null,
    "module_v2": null,
    "fault_params": {
      "severity": "light",
      "tier_target": "in_spec_weak",
      "type": "normal",
      "normal_state": "normal_state_A"
    }
  }
}