{
  "status": "success",
  "meta": {
    "sample_id": "sim_00275",
    "input_file": "/home/runner/work/FMFD-python/FMFD-python/Output/sim_spectrum/raw_curves/sim_00275.csv",
    "operating_condition": {
      "inject_power_dbm": -10.0,
      "freq_start_hz": 10000000.0,
      "freq_end_hz": 8200000000.0,
      "step_hz": 10000000.0,
      "frontend": {
        "low_band_only": true,
        "ac_coupling": true,
        "preamp": false
      }
    }
  },
  "data_points": 820,
  "frequency_range": {
    "min": 10000000.0,
    "max": 8200000000.0
  },
  "features": {
    "X1": -9.866704146341464,
    "X2": 0.0005868574261352371,
    "X3": 0.0002598801572510917,
    "X4": 0.028518851229026664,
    "X5": 0.2621308674154946,
    "X6": 0.000919754495002975,
    "X7": 0.08230000000000004,
    "X8": 0.024091219512195127,
    "X9": 0.0008133248754233556,
    "X10": 0.014549948541421316,
    "X11": 0.0,
    "X12": 0.0,
    "X13": 0.07238812170760404,
    "X14": 0.0029172161172162222,
    "X15": 0.002086528396940252,
    "X16": -0.002324257492290832,
    "X17": 0.0,
    "X18": 0.0,
    "X19": -7.315150924208041e-05,
    "X20": -0.04952265352064522,
    "X21": 6.0,
    "X22": 0.03957753157072052,
    "X23": 9.963878048780356e-06,
    "X24": 0.012881556321676646,
    "X25": 9.963878048780356e-06,
    "X26": 0.0007970599363182342,
    "X27": 2.1796079403587573e-05,
    "X28": -0.2710765239594725,
    "X29": 0.0313175036206933,
    "X30": -0.0008812499999998058,
    "X31": 0.0007057208017971627,
    "X32": -1.5550419682558103,
    "X33": 0.5875941047257346,
    "X34": 0.014195061457294217,
    "X35": 0.00031756072064416407,
    "X36": 0.8039069294871122,
    "X37": 0.02851885122902666,
    "offset_db": 0.06689999999999952,
    "viol_rate_aligned": 0.0,
    "viol_energy_aligned": 0.07238812170760404,
    "global_offset_db": 0.0,
    "shape_rmse": 0.003156561111206364,
    "ripple_hp": 0.0028520797054734175,
    "tail_asym": -0.0023999999999996468,
    "compress_ratio": 0.2,
    "compress_ratio_high": 0.2,
    "freq_shift_score": 0.005055982018471239,
    "offset_slope": 0.00014022771540377936,
    "high_low_energy_ratio": 0.3278455729966668,
    "band_offset_db_1": -0.0008499999999989072,
    "band_offset_db_2": 0.0,
    "band_offset_db_3": -0.0007999999999990237,
    "band_offset_db_4": 0.00020000000000131024
  },
  "system": {
    "probs": {
      "正常": 0.7954087183973167,
      "幅度失准": 0.037233521731351346,
      "频率失准": 0.02052866094621639,
      "参考电平失准": 0.14682909884557466
    },
    "decision": "正常",
    "confidence": 0.7954087183973167,
    "is_normal": true
  },
  "module": {
    "topk": [
      {
        "module_id": "[校准链路][校准源]",
        "gamma": 0.43749999999999994
      },
      {
        "module_id": "[校准链路][校准路径开关/耦合]",
        "gamma": 0.3125
      },
      {
        "module_id": "[校准链路][校准表/存储]",
        "gamma": 0.25000000000000006
      }
    ],
    "gating": {
      "disabled_modules": [
        "高频段YTF滤波器",
        "高频段混频器",
        "前置放大器",
        "衰减器"
      ],
      "topk_k": 3
    }
  },
  "evidence": {
    "global_offset_db": 0.06689999999999952,
    "hf_std_db": 0.002394040119069518,
    "p95_abs_dev_db": 0.006504999999999046,
    "inside_env_frac": 1.0,
    "peak_freq_mae_hz": 3841.826951913152,
    "peak_freq_outlier_frac": 0.0
  },
  "artifacts": {
    "output_json": "Output/batch_diagnosis/sim_00275_diagnosis.json"
  },
  "system_diagnosis": {
    "probabilities": {
      "正常": 0.7954087183973167,
      "幅度失准": 0.037233521731351346,
      "频率失准": 0.02052866094621639,
      "参考电平失准": 0.14682909884557466
    },
    "predicted_class": "正常",
    "max_prob": 0.7954087183973167,
    "is_normal": true
  },
  "module_diagnosis": {
    "probabilities": {
      "[校准链路][校准源]": 0.43749999999999994,
      "[校准链路][校准路径开关/耦合]": 0.3125,
      "[校准链路][校准表/存储]": 0.25000000000000006,
      "[RF板][RF] 输入衰减器组": 0.0,
      "[RF板][RF] 低频通路固定滤波/抑制网络": 0.0,
      "[RF板][Mixer1]": 0.0
    },
    "topk": [
      {
        "module": "[校准链路][校准源]",
        "probability": 0.43749999999999994
      },
      {
        "module": "[校准链路][校准路径开关/耦合]",
        "probability": 0.3125
      },
      {
        "module": "[校准链路][校准表/存储]",
        "probability": 0.25000000000000006
      }
    ],
    "disabled_modules": [
      "高频段YTF滤波器",
      "高频段混频器",
      "前置放大器",
      "衰减器"
    ]
  },
  "evidence_detail": {
    "viol_rate": 0.0,
    "envelope_violation": false,
    "violation_max_db": 0.0,
    "violation_energy": 0.07238812170760404,
    "baseline_coverage": 1.0
  },
  "config": {
    "mode": "unified_entry",
    "gating_status": "gated_ok",
    "run_name": null,
    "topk": 3
  },
  "uncertainty": {
    "is_uncertain": false,
    "reason": "",
    "top_class": "正常",
    "runner_up": "参考电平失准",
    "max_prob": 0.7954087183973167,
    "second_prob": 0.14682909884557466,
    "prob_gap": 0.6485796195517421,
    "support_top_features": [],
    "support_runnerup_features": [],
    "conflict_features": [],
    "suggested_actions": []
  },
  "module_validation": {
    "sample_id": "sim_00275",
    "gt_module": "校准源",
    "gt_module_v2": "[校准链路][校准源]",
    "top1": "[校准链路][校准源]",
    "top3": [
      "[校准链路][校准源]",
      "[校准链路][校准路径开关/耦合]",
      "[校准链路][校准表/存储]"
    ],
    "top5": [
      "[校准链路][校准源]",
      "[校准链路][校准路径开关/耦合]",
      "[校准链路][校准表/存储]",
      "[RF板][RF] 输入衰减器组",
      "[RF板][RF] 低频通路固定滤波/抑制网络"
    ],
    "gt_rank": 1,
    "gt_prob": 0.43749999999999994,
    "top1_hit": true,
    "top3_hit": true,
    "top5_hit": true
  },
  "ground_truth": {
    "type": "fault",
    "system_class_en": "ref_error",
    "system_class_cn": "参考电平失准",
    "module": "校准源",
    "module_v2": "[校准链路][校准源]",
    "fault_params": {
      "severity": "light",
      "tier_target": "mild_oos",
      "type": "ref_miscal",
      "subtype": "ref_error_offset",
      "offset_db": 0.07864754679904087,
      "template_id": "T1",
      "mean_offset_db": 0.06636666675942386
    }
  }
}