{
  "status": "success",
  "meta": {
    "sample_id": "sim_00208",
    "input_file": "/home/runner/work/FMFD-python/FMFD-python/Output/sim_spectrum/raw_curves/sim_00208.csv",
    "operating_condition": {
      "inject_power_dbm": -10.0,
      "freq_start_hz": 10000000.0,
      "freq_end_hz": 8200000000.0,
      "step_hz": 10000000.0,
      "frontend": {
        "low_band_only": true,
        "ac_coupling": true,
        "preamp": false
      }
    }
  },
  "data_points": 820,
  "frequency_range": {
    "min": 10000000.0,
    "max": 8200000000.0
  },
  "features": {
    "X1": -10.007039756097562,
    "X2": 0.0005932665580590265,
    "X3": 0.00027727925673009217,
    "X4": 0.029275885292171903,
    "X5": 0.2648446000304297,
    "X6": 0.0009926266633551457,
    "X7": 0.08259999999999934,
    "X8": 0.024999512195121962,
    "X9": 0.0008570774596404071,
    "X10": 0.015659521261115267,
    "X11": 0.0,
    "X12": 0.0,
    "X13": 0.06042635682844995,
    "X14": 0.001706959706959815,
    "X15": 0.002752868008815938,
    "X16": -0.0027745734965784145,
    "X17": 0.0,
    "X18": 0.0,
    "X19": -6.871000543241062e-05,
    "X20": -0.0760460571758883,
    "X21": 3.0,
    "X22": 0.0410615369125291,
    "X23": 7.887926829267692e-06,
    "X24": 0.010500036053613382,
    "X25": 7.887926829267692e-06,
    "X26": 0.00039708969244600726,
    "X27": 2.8818841098821692e-05,
    "X28": -0.14537444931730975,
    "X29": 0.08464774924696254,
    "X30": 0.000721727276076875,
    "X31": 0.0010889878862042394,
    "X32": -1.2978537920478048,
    "X33": 0.5679218107274692,
    "X34": 0.015867796321478753,
    "X35": 0.00032015702263548507,
    "X36": 0.8123679992027031,
    "X37": 0.029275885292171903,
    "offset_db": -0.07380000000000031,
    "viol_rate_aligned": 0.0,
    "viol_energy_aligned": 0.06042635682844995,
    "global_offset_db": 0.0,
    "shape_rmse": 0.00280854532263015,
    "ripple_hp": 0.00258641338838447,
    "tail_asym": -0.0011049999999992004,
    "compress_ratio": 0.1926829268292683,
    "compress_ratio_high": 0.2,
    "freq_shift_score": 0.003799609357688527,
    "offset_slope": -0.00041997994875205875,
    "high_low_energy_ratio": 0.890313138966217,
    "band_offset_db_1": 0.0014500000000010616,
    "band_offset_db_2": 0.000600000000000378,
    "band_offset_db_3": 0.0007999999999999119,
    "band_offset_db_4": -0.0015999999999998238
  },
  "system": {
    "probs": {
      "正常": 0.04659156426635836,
      "幅度失准": 0.012322310406356039,
      "频率失准": 0.029337424379856435,
      "参考电平失准": 0.9117487008562544
    },
    "decision": "参考电平失准",
    "confidence": 0.9117487008562544,
    "is_normal": false
  },
  "module": {
    "topk": [
      {
        "module_id": "[校准链路][校准源]",
        "gamma": 0.43749999999999994
      },
      {
        "module_id": "[校准链路][校准路径开关/耦合]",
        "gamma": 0.3125
      },
      {
        "module_id": "[校准链路][校准表/存储]",
        "gamma": 0.25000000000000006
      }
    ],
    "gating": {
      "disabled_modules": [
        "高频段YTF滤波器",
        "高频段混频器",
        "前置放大器",
        "衰减器"
      ],
      "topk_k": 3
    }
  },
  "evidence": {
    "global_offset_db": -0.07380000000000031,
    "hf_std_db": 0.0019633935738941283,
    "p95_abs_dev_db": 0.005599999999999383,
    "inside_env_frac": 1.0,
    "peak_freq_mae_hz": 3855.248460752301,
    "peak_freq_outlier_frac": 0.0
  },
  "artifacts": {
    "output_json": "Output/batch_diagnosis/sim_00208_diagnosis.json"
  },
  "system_diagnosis": {
    "probabilities": {
      "正常": 0.04659156426635836,
      "幅度失准": 0.012322310406356039,
      "频率失准": 0.029337424379856435,
      "参考电平失准": 0.9117487008562544
    },
    "predicted_class": "参考电平失准",
    "max_prob": 0.9117487008562544,
    "is_normal": false
  },
  "module_diagnosis": {
    "probabilities": {
      "[校准链路][校准源]": 0.43749999999999994,
      "[校准链路][校准路径开关/耦合]": 0.3125,
      "[校准链路][校准表/存储]": 0.25000000000000006,
      "[RF板][RF] 输入衰减器组": 0.0,
      "[RF板][RF] 低频通路固定滤波/抑制网络": 0.0,
      "[RF板][Mixer1]": 0.0
    },
    "topk": [
      {
        "module": "[校准链路][校准源]",
        "probability": 0.43749999999999994
      },
      {
        "module": "[校准链路][校准路径开关/耦合]",
        "probability": 0.3125
      },
      {
        "module": "[校准链路][校准表/存储]",
        "probability": 0.25000000000000006
      }
    ],
    "disabled_modules": [
      "高频段YTF滤波器",
      "高频段混频器",
      "前置放大器",
      "衰减器"
    ]
  },
  "evidence_detail": {
    "viol_rate": 0.0,
    "envelope_violation": false,
    "violation_max_db": 0.0,
    "violation_energy": 0.06042635682844995,
    "baseline_coverage": 1.0
  },
  "config": {
    "mode": "unified_entry",
    "gating_status": "gated_ok",
    "run_name": null,
    "topk": 3
  },
  "uncertainty": {
    "is_uncertain": false,
    "reason": "",
    "top_class": "参考电平失准",
    "runner_up": "正常",
    "max_prob": 0.9117487008562544,
    "second_prob": 0.04659156426635836,
    "prob_gap": 0.865157136589896,
    "support_top_features": [],
    "support_runnerup_features": [],
    "conflict_features": [],
    "suggested_actions": []
  },
  "module_validation": {
    "sample_id": "sim_00208",
    "gt_module": "校准信号开关",
    "gt_module_v2": "[校准链路][校准路径开关/耦合]",
    "top1": "[校准链路][校准源]",
    "top3": [
      "[校准链路][校准源]",
      "[校准链路][校准路径开关/耦合]",
      "[校准链路][校准表/存储]"
    ],
    "top5": [
      "[校准链路][校准源]",
      "[校准链路][校准路径开关/耦合]",
      "[校准链路][校准表/存储]",
      "[RF板][RF] 输入衰减器组",
      "[RF板][RF] 低频通路固定滤波/抑制网络"
    ],
    "gt_rank": 2,
    "gt_prob": 0.3125,
    "top1_hit": false,
    "top3_hit": true,
    "top5_hit": true
  },
  "ground_truth": {
    "type": "fault",
    "system_class_en": "ref_error",
    "system_class_cn": "参考电平失准",
    "module": "校准信号开关",
    "module_v2": "[校准链路][校准路径开关/耦合]",
    "fault_params": {
      "severity": "mid",
      "tier_target": "in_spec_weak",
      "type": "ref_miscal",
      "subtype": "ref_error_offset",
      "offset_db": -0.12586860463738403,
      "template_id": "T1",
      "mean_offset_db": -0.07396666306626956
    }
  }
}