{
  "status": "success",
  "meta": {
    "sample_id": "sim_00017",
    "input_file": "/home/runner/work/FMFD-python/FMFD-python/Output/sim_spectrum/raw_curves/sim_00017.csv",
    "operating_condition": {
      "inject_power_dbm": -10.0,
      "freq_start_hz": 10000000.0,
      "freq_end_hz": 8200000000.0,
      "step_hz": 10000000.0,
      "frontend": {
        "low_band_only": true,
        "ac_coupling": true,
        "preamp": false
      }
    }
  },
  "data_points": 820,
  "frequency_range": {
    "min": 10000000.0,
    "max": 8200000000.0
  },
  "features": {
    "X1": -9.933074024390244,
    "X2": 0.0022220286253222267,
    "X3": -3.317181995021028e-05,
    "X4": 0.03436691229668841,
    "X5": 0.47819206340395837,
    "X6": 0.00930525709356038,
    "X7": 0.07900000000000063,
    "X8": 0.08212256097560974,
    "X9": 0.0011810846608082733,
    "X10": 0.0865599241916874,
    "X11": 0.15,
    "X12": 0.027842005472162867,
    "X13": 0.0,
    "X14": 0.09280567765567621,
    "X15": 0.02956282021148574,
    "X16": 0.005369388007424152,
    "X17": 0.0,
    "X18": 0.0,
    "X19": -0.0004645901296819953,
    "X20": 0.041809534988082486,
    "X21": 5.0,
    "X22": 0.03866703400530858,
    "X23": 0.006558192987804849,
    "X24": 0.0016193716094349275,
    "X25": 0.006558192987804849,
    "X26": 0.003422051110154655,
    "X27": 7.565227151552365e-05,
    "X28": 0.0014939562678081533,
    "X29": -0.005633798402033786,
    "X30": 0.13557881097560961,
    "X31": 0.07815522081435967,
    "X32": -13.651075339003762,
    "X33": 0.18353100344168663,
    "X34": 0.06148200003294504,
    "X35": 0.0003134348297828892,
    "X36": 0.86616568897778,
    "X37": 0.034366912296688416,
    "offset_db": -0.00014999999999876223,
    "viol_rate_aligned": 0.15,
    "viol_energy_aligned": 0.0,
    "global_offset_db": 0.0,
    "shape_rmse": 0.08098267091054018,
    "ripple_hp": 0.0010071734520215368,
    "tail_asym": 0.0014649999999949148,
    "compress_ratio": 0.2,
    "compress_ratio_high": 0.2,
    "freq_shift_score": 0.3781545151261744,
    "offset_slope": -0.03357890540383625,
    "high_low_energy_ratio": 0.5949265152363048,
    "band_offset_db_1": 0.12114999999999743,
    "band_offset_db_2": 0.08044999999999725,
    "band_offset_db_3": -0.0064000000000010715,
    "band_offset_db_4": -0.0857499999999991
  },
  "system": {
    "probs": {
      "正常": 0.004473207549276602,
      "幅度失准": 0.9816311484808429,
      "频率失准": 0.012458551674706261,
      "参考电平失准": 0.0014370921970112656
    },
    "decision": "幅度失准",
    "confidence": 0.9816311484808429,
    "is_normal": false
  },
  "module": {
    "topk": [
      {
        "module_id": "[RF板][RF] 低频通路固定滤波/抑制网络",
        "gamma": 0.19285099242708584
      },
      {
        "module_id": "[数字中频板][ADC] 数字检波与平均",
        "gamma": 0.16790674055593582
      },
      {
        "module_id": "[数字中频板][IF] 中频放大/衰减链",
        "gamma": 0.16360143951604
      }
    ],
    "gating": {
      "disabled_modules": [
        "高频段YTF滤波器",
        "高频段混频器",
        "前置放大器",
        "衰减器"
      ],
      "topk_k": 3
    }
  },
  "evidence": {
    "global_offset_db": -0.00014999999999876223,
    "hf_std_db": 0.011703034762421247,
    "p95_abs_dev_db": 0.1409650000000001,
    "inside_env_frac": 0.85,
    "peak_freq_mae_hz": 3803.1838392699956,
    "peak_freq_outlier_frac": 0.0
  },
  "artifacts": {
    "output_json": "Output/batch_diagnosis/sim_00017_diagnosis.json"
  },
  "system_diagnosis": {
    "probabilities": {
      "正常": 0.004473207549276602,
      "幅度失准": 0.9816311484808429,
      "频率失准": 0.012458551674706261,
      "参考电平失准": 0.0014370921970112656
    },
    "predicted_class": "幅度失准",
    "max_prob": 0.9816311484808429,
    "is_normal": false
  },
  "module_diagnosis": {
    "probabilities": {
      "[RF板][RF] 低频通路固定滤波/抑制网络": 0.19285099242708584,
      "[数字中频板][ADC] 数字检波与平均": 0.16790674055593582,
      "[数字中频板][IF] 中频放大/衰减链": 0.16360143951604,
      "[RF板][Mixer1]": 0.13965071865409664,
      "[数字中频板][DSP] 数字增益/偏置校准": 0.10332722495749894,
      "[RF板][RF] 输入连接/匹配/保护": 0.08866712295498201,
      "[数字中频板][IF] RBW数字滤波器": 0.07749541871812421,
      "[RF板][RF] 输入衰减器组": 0.03325017110811825,
      "[RF板][RF] 高频通路固定滤波/抑制网络": 0.03325017110811825
    },
    "topk": [
      {
        "module": "[RF板][RF] 低频通路固定滤波/抑制网络",
        "probability": 0.19285099242708584
      },
      {
        "module": "[数字中频板][ADC] 数字检波与平均",
        "probability": 0.16790674055593582
      },
      {
        "module": "[数字中频板][IF] 中频放大/衰减链",
        "probability": 0.16360143951604
      }
    ],
    "disabled_modules": [
      "高频段YTF滤波器",
      "高频段混频器",
      "前置放大器",
      "衰减器"
    ]
  },
  "evidence_detail": {
    "viol_rate": 0.15,
    "envelope_violation": true,
    "violation_max_db": 0.027842005472162867,
    "violation_energy": 0.0,
    "baseline_coverage": 0.85
  },
  "config": {
    "mode": "unified_entry",
    "gating_status": "gated_ok",
    "run_name": null,
    "topk": 3
  },
  "uncertainty": {
    "is_uncertain": false,
    "reason": "",
    "top_class": "幅度失准",
    "runner_up": "频率失准",
    "max_prob": 0.9816311484808429,
    "second_prob": 0.012458551674706261,
    "prob_gap": 0.9691725968061367,
    "support_top_features": [],
    "support_runnerup_features": [],
    "conflict_features": [],
    "suggested_actions": []
  },
  "module_validation": {
    "sample_id": "sim_00017",
    "gt_module": "低频段第一混频器",
    "gt_module_v2": "[RF板][Mixer1]",
    "top1": "[RF板][RF] 低频通路固定滤波/抑制网络",
    "top3": [
      "[RF板][RF] 低频通路固定滤波/抑制网络",
      "[数字中频板][ADC] 数字检波与平均",
      "[数字中频板][IF] 中频放大/衰减链"
    ],
    "top5": [
      "[RF板][RF] 低频通路固定滤波/抑制网络",
      "[数字中频板][ADC] 数字检波与平均",
      "[数字中频板][IF] 中频放大/衰减链",
      "[RF板][Mixer1]",
      "[数字中频板][DSP] 数字增益/偏置校准"
    ],
    "gt_rank": 4,
    "gt_prob": 0.13965071865409664,
    "top1_hit": false,
    "top3_hit": false,
    "top5_hit": true
  },
  "ground_truth": {
    "type": "fault",
    "system_class_en": "amp_error",
    "system_class_cn": "幅度失准",
    "module": "低频段第一混频器",
    "module_v2": "[RF板][Mixer1]",
    "fault_params": {
      "severity": "severe",
      "tier_target": "in_spec_weak",
      "type": "mixer_ripple",
      "subtype": "amp_error_ripple",
      "slope_db": -0.12017769225587743,
      "template_id": "T2"
    }
  }
}