{
  "status": "success",
  "meta": {
    "sample_id": "sim_00375",
    "input_file": "/home/runner/work/FMFD-python/FMFD-python/Output/sim_spectrum/raw_curves/sim_00375.csv",
    "operating_condition": {
      "inject_power_dbm": -10.0,
      "freq_start_hz": 10000000.0,
      "freq_end_hz": 8200000000.0,
      "step_hz": 10000000.0,
      "frontend": {
        "low_band_only": true,
        "ac_coupling": true,
        "preamp": false
      }
    }
  },
  "data_points": 820,
  "frequency_range": {
    "min": 10000000.0,
    "max": 8200000000.0
  },
  "features": {
    "X1": -9.91986231707317,
    "X2": 0.0007897651981294211,
    "X3": 0.0003326089263123268,
    "X4": 0.031468517137953976,
    "X5": 0.2968449803272967,
    "X6": 0.001065484616582393,
    "X7": 0.06530000000000058,
    "X8": 0.0254198780487805,
    "X9": 0.000990267570861703,
    "X10": 0.013251259046396048,
    "X11": 0.0,
    "X12": 0.0,
    "X13": 0.18267232557460644,
    "X14": 0.006595238095238061,
    "X15": 0.009579403059212788,
    "X16": -0.008091867266872202,
    "X17": 0.0,
    "X18": 0.0,
    "X19": 6.924544859418752e-06,
    "X20": 0.5624646641897071,
    "X21": 9.0,
    "X22": 0.041869840998561475,
    "X23": 0.00014514564634146508,
    "X24": 0.013409850531369116,
    "X25": 0.00014514564634146508,
    "X26": 0.00021057896846038795,
    "X27": 8.20385850732146e-05,
    "X28": 0.3182563093963513,
    "X29": 0.319363923850588,
    "X30": 0.007840050890585393,
    "X31": 0.0031440988273351805,
    "X32": -4.520898820821918,
    "X33": 0.5447850145825193,
    "X34": 0.017061699274770043,
    "X35": 0.00031622593812103057,
    "X36": 0.8398501201747669,
    "X37": 0.031468517137953976,
    "offset_db": 0.009999999999999787,
    "viol_rate_aligned": 0.0,
    "viol_energy_aligned": 0.18267232557460644,
    "global_offset_db": 0.0,
    "shape_rmse": 0.012047640696064316,
    "ripple_hp": 0.0029050095280363213,
    "tail_asym": 0.009790000000000278,
    "compress_ratio": 0.19634146341463415,
    "compress_ratio_high": 0.2,
    "freq_shift_score": 0.06536812799969727,
    "offset_slope": 0.0008346103951998668,
    "high_low_energy_ratio": 3.9262434290334958,
    "band_offset_db_1": 0.0032500000000004192,
    "band_offset_db_2": -0.0010999999999992127,
    "band_offset_db_3": 0.008099999999999774,
    "band_offset_db_4": 0.00440000000000218
  },
  "system": {
    "probs": {
      "正常": 0.9965465364915466,
      "幅度失准": 0.0011993630518724217,
      "频率失准": 0.0011637278683115176,
      "参考电平失准": 0.0010903724886148108
    },
    "decision": "正常",
    "confidence": 0.9965465364915466,
    "is_normal": true
  },
  "module": {
    "topk": [
      {
        "module_id": "[RF板][RF] 输入连接/匹配/保护",
        "gamma": 0.058823529411764705
      },
      {
        "module_id": "[RF板][RF] 输入衰减器组",
        "gamma": 0.058823529411764705
      },
      {
        "module_id": "[RF板][RF] 低频通路固定滤波/抑制网络",
        "gamma": 0.058823529411764705
      }
    ],
    "gating": {
      "disabled_modules": [
        "高频段YTF滤波器",
        "高频段混频器",
        "前置放大器",
        "衰减器"
      ],
      "topk_k": 3
    }
  },
  "evidence": {
    "global_offset_db": 0.009999999999999787,
    "hf_std_db": 0.005727277568905298,
    "p95_abs_dev_db": 0.023099999999999454,
    "inside_env_frac": 1.0,
    "peak_freq_mae_hz": 3962.4449450878337,
    "peak_freq_outlier_frac": 0.0
  },
  "artifacts": {
    "output_json": "Output/batch_diagnosis/sim_00375_diagnosis.json"
  },
  "system_diagnosis": {
    "probabilities": {
      "正常": 0.9965465364915466,
      "幅度失准": 0.0011993630518724217,
      "频率失准": 0.0011637278683115176,
      "参考电平失准": 0.0010903724886148108
    },
    "predicted_class": "正常",
    "max_prob": 0.9965465364915466,
    "is_normal": true
  },
  "module_diagnosis": {
    "probabilities": {
      "[RF板][RF] 输入连接/匹配/保护": 0.058823529411764705,
      "[RF板][RF] 输入衰减器组": 0.058823529411764705,
      "[RF板][RF] 低频通路固定滤波/抑制网络": 0.058823529411764705,
      "[RF板][RF] 高频通路固定滤波/抑制网络": 0.058823529411764705,
      "[RF板][Mixer1]": 0.058823529411764705
    },
    "topk": [
      {
        "module": "[RF板][RF] 输入连接/匹配/保护",
        "probability": 0.058823529411764705
      },
      {
        "module": "[RF板][RF] 输入衰减器组",
        "probability": 0.058823529411764705
      },
      {
        "module": "[RF板][RF] 低频通路固定滤波/抑制网络",
        "probability": 0.058823529411764705
      }
    ],
    "disabled_modules": [
      "高频段YTF滤波器",
      "高频段混频器",
      "前置放大器",
      "衰减器"
    ]
  },
  "evidence_detail": {
    "viol_rate": 0.0,
    "envelope_violation": false,
    "violation_max_db": 0.0,
    "violation_energy": 0.18267232557460644,
    "baseline_coverage": 1.0
  },
  "config": {
    "mode": "unified_entry",
    "gating_status": "gated_ok",
    "run_name": null,
    "topk": 3
  },
  "uncertainty": {
    "is_uncertain": false,
    "reason": "",
    "top_class": "正常",
    "runner_up": "幅度失准",
    "max_prob": 0.9965465364915466,
    "second_prob": 0.0011993630518724217,
    "prob_gap": 0.9953471734396742,
    "support_top_features": [],
    "support_runnerup_features": [],
    "conflict_features": [],
    "suggested_actions": []
  },
  "module_validation": {
    "sample_id": "sim_00375",
    "gt_module": null,
    "gt_module_v2": null,
    "top1": "[RF板][RF] 输入连接/匹配/保护",
    "top3": [
      "[RF板][RF] 输入连接/匹配/保护",
      "[RF板][RF] 输入衰减器组",
      "[RF板][RF] 低频通路固定滤波/抑制网络"
    ],
    "top5": [
      "[RF板][RF] 输入连接/匹配/保护",
      "[RF板][RF] 输入衰减器组",
      "[RF板][RF] 低频通路固定滤波/抑制网络",
      "[RF板][RF] 高频通路固定滤波/抑制网络",
      "[RF板][Mixer1]"
    ],
    "gt_rank": -1,
    "gt_prob": 0.0,
    "top1_hit": false,
    "top3_hit": false,
    "top5_hit": false
  },
  "ground_truth": {
    "type": "normal",
    "system_class_en": "normal",
    "system_class_cn": "正常",
    "module": null,
    "module_v2": null,
    "fault_params": {
      "severity": "mid",
      "tier_target": "edge",
      "type": "normal",
      "normal_state": "normal_state_A"
    }
  }
}