{
  "status": "success",
  "meta": {
    "sample_id": "sim_00316",
    "input_file": "/home/runner/work/FMFD-python/FMFD-python/Output/sim_spectrum/raw_curves/sim_00316.csv",
    "operating_condition": {
      "inject_power_dbm": -10.0,
      "freq_start_hz": 10000000.0,
      "freq_end_hz": 8200000000.0,
      "step_hz": 10000000.0,
      "frontend": {
        "low_band_only": true,
        "ac_coupling": true,
        "preamp": false
      }
    }
  },
  "data_points": 820,
  "frequency_range": {
    "min": 10000000.0,
    "max": 8200000000.0
  },
  "features": {
    "X1": -9.954586341463415,
    "X2": 0.0007180871832242698,
    "X3": 0.00023291798729475349,
    "X4": 0.02854003423311652,
    "X5": 0.26626862472996476,
    "X6": 0.0008659083012492551,
    "X7": 0.08829999999999849,
    "X8": 0.023601707317073145,
    "X9": 0.0008145335540274629,
    "X10": 0.012107093986859368,
    "X11": 0.0,
    "X12": 0.0,
    "X13": 0.03948675599468322,
    "X14": 0.008026739926740278,
    "X15": 0.005661810295559133,
    "X16": 0.004085568066936752,
    "X17": 0.0,
    "X18": 0.0,
    "X19": -0.00015462718168013118,
    "X20": 0.09744674531473407,
    "X21": 4.0,
    "X22": 0.035300007810564596,
    "X23": 0.00010703246341463603,
    "X24": 0.012971085936079207,
    "X25": 0.00010703246341463603,
    "X26": 0.0008268086919406173,
    "X27": 4.125653951032663e-05,
    "X28": -0.2167832167756222,
    "X29": -1.0015098910078737,
    "X30": 0.00047454268292685536,
    "X31": 0.004449643232428416,
    "X32": -4.34894639679738,
    "X33": 0.6094147143307729,
    "X34": 0.013513911899286307,
    "X35": 0.00032158647500376414,
    "X36": 0.8015064826669885,
    "X37": 0.02854003423311652,
    "offset_db": -0.019999999999999574,
    "viol_rate_aligned": 0.0,
    "viol_energy_aligned": 0.03948675599468322,
    "global_offset_db": 0.0,
    "shape_rmse": 0.01034564949216027,
    "ripple_hp": 0.002879184584853851,
    "tail_asym": -0.006300000000001216,
    "compress_ratio": 0.2,
    "compress_ratio_high": 0.2,
    "freq_shift_score": 0.056707532939957894,
    "offset_slope": 0.001470467066973454,
    "high_low_energy_ratio": 1.8446303808514215,
    "band_offset_db_1": -0.002650000000000041,
    "band_offset_db_2": -0.003300000000001191,
    "band_offset_db_3": -0.012000000000001343,
    "band_offset_db_4": 0.005000000000000782
  },
  "system": {
    "probs": {
      "正常": 0.9815038984698233,
      "幅度失准": 0.009113450567185953,
      "频率失准": 0.0020943362697999996,
      "参考电平失准": 0.007288314595040028
    },
    "decision": "正常",
    "confidence": 0.9815038984698233,
    "is_normal": true
  },
  "module": {
    "topk": [
      {
        "module_id": "[RF板][RF] 输入连接/匹配/保护",
        "gamma": 0.058823529411764705
      },
      {
        "module_id": "[RF板][RF] 输入衰减器组",
        "gamma": 0.058823529411764705
      },
      {
        "module_id": "[RF板][RF] 低频通路固定滤波/抑制网络",
        "gamma": 0.058823529411764705
      }
    ],
    "gating": {
      "disabled_modules": [
        "高频段YTF滤波器",
        "高频段混频器",
        "前置放大器",
        "衰减器"
      ],
      "topk_k": 3
    }
  },
  "evidence": {
    "global_offset_db": -0.019999999999999574,
    "hf_std_db": 0.0055237610541462555,
    "p95_abs_dev_db": 0.01950000000000074,
    "inside_env_frac": 1.0,
    "peak_freq_mae_hz": 4028.913413296211,
    "peak_freq_outlier_frac": 0.0
  },
  "artifacts": {
    "output_json": "Output/batch_diagnosis/sim_00316_diagnosis.json"
  },
  "system_diagnosis": {
    "probabilities": {
      "正常": 0.9815038984698233,
      "幅度失准": 0.009113450567185953,
      "频率失准": 0.0020943362697999996,
      "参考电平失准": 0.007288314595040028
    },
    "predicted_class": "正常",
    "max_prob": 0.9815038984698233,
    "is_normal": true
  },
  "module_diagnosis": {
    "probabilities": {
      "[RF板][RF] 输入连接/匹配/保护": 0.058823529411764705,
      "[RF板][RF] 输入衰减器组": 0.058823529411764705,
      "[RF板][RF] 低频通路固定滤波/抑制网络": 0.058823529411764705,
      "[RF板][RF] 高频通路固定滤波/抑制网络": 0.058823529411764705,
      "[RF板][Mixer1]": 0.058823529411764705
    },
    "topk": [
      {
        "module": "[RF板][RF] 输入连接/匹配/保护",
        "probability": 0.058823529411764705
      },
      {
        "module": "[RF板][RF] 输入衰减器组",
        "probability": 0.058823529411764705
      },
      {
        "module": "[RF板][RF] 低频通路固定滤波/抑制网络",
        "probability": 0.058823529411764705
      }
    ],
    "disabled_modules": [
      "高频段YTF滤波器",
      "高频段混频器",
      "前置放大器",
      "衰减器"
    ]
  },
  "evidence_detail": {
    "viol_rate": 0.0,
    "envelope_violation": false,
    "violation_max_db": 0.0,
    "violation_energy": 0.03948675599468322,
    "baseline_coverage": 1.0
  },
  "config": {
    "mode": "unified_entry",
    "gating_status": "gated_ok",
    "run_name": null,
    "topk": 3
  },
  "uncertainty": {
    "is_uncertain": false,
    "reason": "",
    "top_class": "正常",
    "runner_up": "幅度失准",
    "max_prob": 0.9815038984698233,
    "second_prob": 0.009113450567185953,
    "prob_gap": 0.9723904479026374,
    "support_top_features": [],
    "support_runnerup_features": [],
    "conflict_features": [],
    "suggested_actions": []
  },
  "module_validation": {
    "sample_id": "sim_00316",
    "gt_module": null,
    "gt_module_v2": null,
    "top1": "[RF板][RF] 输入连接/匹配/保护",
    "top3": [
      "[RF板][RF] 输入连接/匹配/保护",
      "[RF板][RF] 输入衰减器组",
      "[RF板][RF] 低频通路固定滤波/抑制网络"
    ],
    "top5": [
      "[RF板][RF] 输入连接/匹配/保护",
      "[RF板][RF] 输入衰减器组",
      "[RF板][RF] 低频通路固定滤波/抑制网络",
      "[RF板][RF] 高频通路固定滤波/抑制网络",
      "[RF板][Mixer1]"
    ],
    "gt_rank": -1,
    "gt_prob": 0.0,
    "top1_hit": false,
    "top3_hit": false,
    "top5_hit": false
  },
  "ground_truth": {
    "type": "normal",
    "system_class_en": "normal",
    "system_class_cn": "正常",
    "module": null,
    "module_v2": null,
    "fault_params": {
      "severity": "mid",
      "tier_target": "edge",
      "type": "normal",
      "normal_state": "normal_state_A"
    }
  }
}