{
  "status": "success",
  "meta": {
    "sample_id": "sim_00063",
    "input_file": "/home/runner/work/FMFD-python/FMFD-python/Output/sim_spectrum/raw_curves/sim_00063.csv",
    "operating_condition": {
      "inject_power_dbm": -10.0,
      "freq_start_hz": 10000000.0,
      "freq_end_hz": 8200000000.0,
      "step_hz": 10000000.0,
      "frontend": {
        "low_band_only": true,
        "ac_coupling": true,
        "preamp": false
      }
    }
  },
  "data_points": 820,
  "frequency_range": {
    "min": 10000000.0,
    "max": 8200000000.0
  },
  "features": {
    "X1": -9.972515853658535,
    "X2": 0.004840154938363411,
    "X3": -0.0008981196523063907,
    "X4": 0.0696308300706638,
    "X5": 0.3732160089181771,
    "X6": 0.004849199016954198,
    "X7": 0.1391000000000009,
    "X8": 0.057097804878048795,
    "X9": 0.004848452496329658,
    "X10": 0.05150781462400484,
    "X11": 0.22682926829268293,
    "X12": 0.019537309575396122,
    "X13": 2.069337934943135,
    "X14": 0.07553736263736258,
    "X15": 0.06201344590136194,
    "X16": -0.004045079994192624,
    "X17": 0.0,
    "X18": 0.0,
    "X19": 0.0005767787048516013,
    "X20": -0.9669285888554962,
    "X21": 0.0,
    "X22": 0.13079653702732688,
    "X23": 0.005141543780487806,
    "X24": 0.074693431373543,
    "X25": 0.005141543780487806,
    "X26": 4.915903108533885e-05,
    "X27": 0.0013388926897490664,
    "X28": -0.9471299093583946,
    "X29": -0.485079944090791,
    "X30": 0.05028682859125624,
    "X31": 0.05195145325866347,
    "X32": -4.814617033152481,
    "X33": 0.2742747243469603,
    "X34": 0.04141502475360718,
    "X35": 0.00036478887317539224,
    "X36": 0.9615094384247135,
    "X37": 0.0696308300706638,
    "offset_db": 0.0,
    "viol_rate_aligned": 0.22682926829268293,
    "viol_energy_aligned": 2.069337934943135,
    "global_offset_db": 0.0,
    "shape_rmse": 0.07170455899374743,
    "ripple_hp": 0.007242893961757995,
    "tail_asym": -0.12609499999999763,
    "compress_ratio": 0.2,
    "compress_ratio_high": 0.2,
    "freq_shift_score": 0.48435328546687684,
    "offset_slope": 0.004863443993891752,
    "high_low_energy_ratio": 0.3374517811920024,
    "band_offset_db_1": -0.12790000000000035,
    "band_offset_db_2": -0.001900000000000901,
    "band_offset_db_3": 0.001000000000000334,
    "band_offset_db_4": -9.999999999976694e-05
  },
  "system": {
    "probs": {
      "正常": 1.761663737831716e-05,
      "幅度失准": 0.8883289562852491,
      "频率失准": 0.06300873042637914,
      "参考电平失准": 0.04864469656216068
    },
    "decision": "幅度失准",
    "confidence": 0.8883289562852491,
    "is_normal": false
  },
  "module": {
    "topk": [
      {
        "module_id": "[RF板][RF] 低频通路固定滤波/抑制网络",
        "gamma": 0.19285099242708584
      },
      {
        "module_id": "[数字中频板][ADC] 数字检波与平均",
        "gamma": 0.16790674055593582
      },
      {
        "module_id": "[数字中频板][IF] 中频放大/衰减链",
        "gamma": 0.16360143951604
      }
    ],
    "gating": {
      "disabled_modules": [
        "高频段YTF滤波器",
        "高频段混频器",
        "前置放大器",
        "衰减器"
      ],
      "topk_k": 3
    }
  },
  "evidence": {
    "global_offset_db": 0.0,
    "hf_std_db": 0.017425023004954895,
    "p95_abs_dev_db": 0.13049999999999962,
    "inside_env_frac": 0.7731707317073171,
    "peak_freq_mae_hz": 3935.0842274571473,
    "peak_freq_outlier_frac": 0.0
  },
  "artifacts": {
    "output_json": "Output/batch_diagnosis/sim_00063_diagnosis.json"
  },
  "system_diagnosis": {
    "probabilities": {
      "正常": 1.761663737831716e-05,
      "幅度失准": 0.8883289562852491,
      "频率失准": 0.06300873042637914,
      "参考电平失准": 0.04864469656216068
    },
    "predicted_class": "幅度失准",
    "max_prob": 0.8883289562852491,
    "is_normal": false
  },
  "module_diagnosis": {
    "probabilities": {
      "[RF板][RF] 低频通路固定滤波/抑制网络": 0.19285099242708584,
      "[数字中频板][ADC] 数字检波与平均": 0.16790674055593582,
      "[数字中频板][IF] 中频放大/衰减链": 0.16360143951604,
      "[RF板][Mixer1]": 0.13965071865409664,
      "[数字中频板][DSP] 数字增益/偏置校准": 0.10332722495749894,
      "[RF板][RF] 输入连接/匹配/保护": 0.08866712295498201,
      "[数字中频板][IF] RBW数字滤波器": 0.07749541871812422,
      "[RF板][RF] 输入衰减器组": 0.03325017110811825,
      "[RF板][RF] 高频通路固定滤波/抑制网络": 0.03325017110811825
    },
    "topk": [
      {
        "module": "[RF板][RF] 低频通路固定滤波/抑制网络",
        "probability": 0.19285099242708584
      },
      {
        "module": "[数字中频板][ADC] 数字检波与平均",
        "probability": 0.16790674055593582
      },
      {
        "module": "[数字中频板][IF] 中频放大/衰减链",
        "probability": 0.16360143951604
      }
    ],
    "disabled_modules": [
      "高频段YTF滤波器",
      "高频段混频器",
      "前置放大器",
      "衰减器"
    ]
  },
  "evidence_detail": {
    "viol_rate": 0.22682926829268293,
    "envelope_violation": true,
    "violation_max_db": 0.019537309575396122,
    "violation_energy": 2.069337934943135,
    "baseline_coverage": 0.7731707317073171
  },
  "config": {
    "mode": "unified_entry",
    "gating_status": "gated_ok",
    "run_name": null,
    "topk": 3
  },
  "uncertainty": {
    "is_uncertain": false,
    "reason": "",
    "top_class": "幅度失准",
    "runner_up": "频率失准",
    "max_prob": 0.8883289562852491,
    "second_prob": 0.06300873042637914,
    "prob_gap": 0.82532022585887,
    "support_top_features": [],
    "support_runnerup_features": [],
    "conflict_features": [],
    "suggested_actions": []
  },
  "module_validation": {
    "sample_id": "sim_00063",
    "gt_module": "中频放大器",
    "gt_module_v2": "中频放大器",
    "top1": "[RF板][RF] 低频通路固定滤波/抑制网络",
    "top3": [
      "[RF板][RF] 低频通路固定滤波/抑制网络",
      "[数字中频板][ADC] 数字检波与平均",
      "[数字中频板][IF] 中频放大/衰减链"
    ],
    "top5": [
      "[RF板][RF] 低频通路固定滤波/抑制网络",
      "[数字中频板][ADC] 数字检波与平均",
      "[数字中频板][IF] 中频放大/衰减链",
      "[RF板][Mixer1]",
      "[数字中频板][DSP] 数字增益/偏置校准"
    ],
    "gt_rank": -1,
    "gt_prob": 0.0,
    "top1_hit": false,
    "top3_hit": false,
    "top5_hit": false
  },
  "ground_truth": {
    "type": "fault",
    "system_class_en": "amp_error",
    "system_class_cn": "幅度失准",
    "module": "中频放大器",
    "module_v2": "中频放大器",
    "fault_params": {
      "severity": "mid",
      "tier_target": "mild_oos",
      "subtype": "amp_error_band",
      "band_offset_db": 0.12827882054054668,
      "band_start_norm": 0.19498912249971878,
      "band_end_norm": 0.8811492935179649,
      "template_id": "T9",
      "mean_offset_db": -0.03944351662472095
    }
  }
}