{
  "status": "success",
  "meta": {
    "sample_id": "sim_00221",
    "input_file": "/home/runner/work/FMFD-python/FMFD-python/Output/sim_spectrum/raw_curves/sim_00221.csv",
    "operating_condition": {
      "inject_power_dbm": -10.0,
      "freq_start_hz": 10000000.0,
      "freq_end_hz": 8200000000.0,
      "step_hz": 10000000.0,
      "frontend": {
        "low_band_only": true,
        "ac_coupling": true,
        "preamp": false
      }
    }
  },
  "data_points": 820,
  "frequency_range": {
    "min": 10000000.0,
    "max": 8200000000.0
  },
  "features": {
    "X1": -9.871681097560977,
    "X2": 0.0005763803233442405,
    "X3": 0.0003164466148844478,
    "X4": 0.02864932047103777,
    "X5": 0.27368414593796636,
    "X6": 0.000978893337819751,
    "X7": 0.08150000000000013,
    "X8": 0.024762804878048796,
    "X9": 0.0008207835634522238,
    "X10": 0.01631622271426499,
    "X11": 0.0,
    "X12": 0.0,
    "X13": 0.08355575277203793,
    "X14": 0.003390476190476045,
    "X15": 0.005282916291159703,
    "X16": 0.0005246982117580821,
    "X17": 0.0,
    "X18": 0.0,
    "X19": -7.741527489515557e-05,
    "X20": -0.051219905819396505,
    "X21": 5.0,
    "X22": 0.03819507630805397,
    "X23": 3.1882109756097606e-05,
    "X24": 0.03582434688620606,
    "X25": 3.1882109756097606e-05,
    "X26": 0.0005559837569049256,
    "X27": 4.5900715214372824e-05,
    "X28": -0.26388888887056156,
    "X29": -0.14361128496045292,
    "X30": 0.0007652439024391292,
    "X31": 0.0023391899214041992,
    "X32": -1.8456105104796607,
    "X33": 0.5859550060395954,
    "X34": 0.015599886071122317,
    "X35": 0.0003360964387315303,
    "X36": 0.7941879028395219,
    "X37": 0.02864932047103777,
    "offset_db": 0.062300000000000466,
    "viol_rate_aligned": 0.0,
    "viol_energy_aligned": 0.08355575277203793,
    "global_offset_db": 0.0,
    "shape_rmse": 0.005646424510794208,
    "ripple_hp": 0.0048630885051097715,
    "tail_asym": -0.0038949999999998127,
    "compress_ratio": 0.1975609756097561,
    "compress_ratio_high": 0.19661016949152543,
    "freq_shift_score": 0.015991358934618782,
    "offset_slope": -0.0008135405883243961,
    "high_low_energy_ratio": 0.3931087224600719,
    "band_offset_db_1": 0.006149999999999878,
    "band_offset_db_2": 0.001700000000001367,
    "band_offset_db_3": -0.004950000000000898,
    "band_offset_db_4": -0.0014000000000020663
  },
  "system": {
    "probs": {
      "正常": 0.6484674980827195,
      "幅度失准": 0.02068584378031865,
      "频率失准": 0.0282750820676858,
      "参考电平失准": 0.30257157600442924
    },
    "decision": "正常",
    "confidence": 0.6484674980827195,
    "is_normal": true
  },
  "module": {
    "topk": [
      {
        "module_id": "[校准链路][校准源]",
        "gamma": 0.43749999999999994
      },
      {
        "module_id": "[校准链路][校准路径开关/耦合]",
        "gamma": 0.3125
      },
      {
        "module_id": "[校准链路][校准表/存储]",
        "gamma": 0.25000000000000006
      }
    ],
    "gating": {
      "disabled_modules": [
        "高频段YTF滤波器",
        "高频段混频器",
        "前置放大器",
        "衰减器"
      ],
      "topk_k": 3
    }
  },
  "evidence": {
    "global_offset_db": 0.062300000000000466,
    "hf_std_db": 0.0041460321838469654,
    "p95_abs_dev_db": 0.010999999999999321,
    "inside_env_frac": 1.0,
    "peak_freq_mae_hz": 3873.307969874414,
    "peak_freq_outlier_frac": 0.0
  },
  "artifacts": {
    "output_json": "Output/batch_diagnosis/sim_00221_diagnosis.json"
  },
  "system_diagnosis": {
    "probabilities": {
      "正常": 0.6484674980827195,
      "幅度失准": 0.02068584378031865,
      "频率失准": 0.0282750820676858,
      "参考电平失准": 0.30257157600442924
    },
    "predicted_class": "正常",
    "max_prob": 0.6484674980827195,
    "is_normal": true
  },
  "module_diagnosis": {
    "probabilities": {
      "[校准链路][校准源]": 0.43749999999999994,
      "[校准链路][校准路径开关/耦合]": 0.3125,
      "[校准链路][校准表/存储]": 0.25000000000000006,
      "[RF板][RF] 输入衰减器组": 0.0,
      "[RF板][RF] 低频通路固定滤波/抑制网络": 0.0,
      "[RF板][Mixer1]": 0.0
    },
    "topk": [
      {
        "module": "[校准链路][校准源]",
        "probability": 0.43749999999999994
      },
      {
        "module": "[校准链路][校准路径开关/耦合]",
        "probability": 0.3125
      },
      {
        "module": "[校准链路][校准表/存储]",
        "probability": 0.25000000000000006
      }
    ],
    "disabled_modules": [
      "高频段YTF滤波器",
      "高频段混频器",
      "前置放大器",
      "衰减器"
    ]
  },
  "evidence_detail": {
    "viol_rate": 0.0,
    "envelope_violation": false,
    "violation_max_db": 0.0,
    "violation_energy": 0.08355575277203793,
    "baseline_coverage": 1.0
  },
  "config": {
    "mode": "unified_entry",
    "gating_status": "gated_ok",
    "run_name": null,
    "topk": 3
  },
  "uncertainty": {
    "is_uncertain": false,
    "reason": "",
    "top_class": "正常",
    "runner_up": "参考电平失准",
    "max_prob": 0.6484674980827195,
    "second_prob": 0.30257157600442924,
    "prob_gap": 0.3458959220782903,
    "support_top_features": [],
    "support_runnerup_features": [],
    "conflict_features": [],
    "suggested_actions": []
  },
  "module_validation": {
    "sample_id": "sim_00221",
    "gt_module": "校准源",
    "gt_module_v2": "[校准链路][校准源]",
    "top1": "[校准链路][校准源]",
    "top3": [
      "[校准链路][校准源]",
      "[校准链路][校准路径开关/耦合]",
      "[校准链路][校准表/存储]"
    ],
    "top5": [
      "[校准链路][校准源]",
      "[校准链路][校准路径开关/耦合]",
      "[校准链路][校准表/存储]",
      "[RF板][RF] 输入衰减器组",
      "[RF板][RF] 低频通路固定滤波/抑制网络"
    ],
    "gt_rank": 1,
    "gt_prob": 0.43749999999999994,
    "top1_hit": true,
    "top3_hit": true,
    "top5_hit": true
  },
  "ground_truth": {
    "type": "fault",
    "system_class_en": "ref_error",
    "system_class_cn": "参考电平失准",
    "module": "校准源",
    "module_v2": "[校准链路][校准源]",
    "fault_params": {
      "severity": "light",
      "tier_target": "mild_oos",
      "type": "ref_miscal",
      "subtype": "ref_error_offset",
      "offset_db": -0.0757046959901339,
      "template_id": "T1",
      "mean_offset_db": 0.06139091357216391
    }
  }
}