{
  "status": "success",
  "meta": {
    "sample_id": "sim_00011",
    "input_file": "/home/runner/work/FMFD-python/FMFD-python/Output/sim_spectrum/raw_curves/sim_00011.csv",
    "operating_condition": {
      "inject_power_dbm": -10.0,
      "freq_start_hz": 10000000.0,
      "freq_end_hz": 8200000000.0,
      "step_hz": 10000000.0,
      "frontend": {
        "low_band_only": true,
        "ac_coupling": true,
        "preamp": false
      }
    }
  },
  "data_points": 820,
  "frequency_range": {
    "min": 10000000.0,
    "max": 8200000000.0
  },
  "features": {
    "X1": -9.933073780487806,
    "X2": 0.002581740631031466,
    "X3": -0.0005035644035748962,
    "X4": 0.05621288365067857,
    "X5": 0.3471013958435678,
    "X6": 0.004075679349122548,
    "X7": 0.08489999999999931,
    "X8": 0.05275280487804879,
    "X9": 0.003159888288324726,
    "X10": 0.03722304592177894,
    "X11": 0.02804878048780488,
    "X12": 0.015673224540693198,
    "X13": 0.3042478860392417,
    "X14": 0.04696483516483515,
    "X15": 0.06000413315478978,
    "X16": 32.31599854934365,
    "X17": 0.0,
    "X18": 0.0,
    "X19": -0.00019833377442851754,
    "X20": -0.7175901796943154,
    "X21": 0.0,
    "X22": 0.10179271448447492,
    "X23": 0.003207977597560971,
    "X24": 0.018102560424033243,
    "X25": 0.002818967791878164,
    "X26": 0.0004943831106220971,
    "X27": 0.0002832298620229323,
    "X28": 0.10107651181200882,
    "X29": 0.43899491606923297,
    "X30": 0.08424237804878039,
    "X31": 0.020940924562559204,
    "X32": -15.556630990284082,
    "X33": 0.28036500554406474,
    "X34": 0.028697849907077886,
    "X35": 0.0003203668854927462,
    "X36": 0.9484457656230534,
    "X37": 0.05621288365067857,
    "offset_db": 0.0002999999999993008,
    "viol_rate_aligned": 0.02804878048780488,
    "viol_energy_aligned": 0.3042478860392417,
    "global_offset_db": 0.0,
    "shape_rmse": 0.05663901126927421,
    "ripple_hp": 0.0033915027129520292,
    "tail_asym": -0.01590499999999856,
    "compress_ratio": 0.2,
    "compress_ratio_high": 0.2,
    "freq_shift_score": 0.4599232703526371,
    "offset_slope": -0.008285811462336161,
    "high_low_energy_ratio": 1.3845082417931474,
    "band_offset_db_1": 0.05370000000000097,
    "band_offset_db_2": 0.020400000000000418,
    "band_offset_db_3": 0.002300000000001745,
    "band_offset_db_4": -0.026499999999998636
  },
  "system": {
    "probs": {
      "正常": 0.00044085258451409645,
      "幅度失准": 0.995808817221595,
      "频率失准": 0.00374961190199975,
      "参考电平失准": 7.181923101831813e-07
    },
    "decision": "幅度失准",
    "confidence": 0.995808817221595,
    "is_normal": false
  },
  "module": {
    "topk": [
      {
        "module_id": "[RF板][RF] 低频通路固定滤波/抑制网络",
        "gamma": 0.19285099242708584
      },
      {
        "module_id": "[数字中频板][ADC] 数字检波与平均",
        "gamma": 0.16790674055593582
      },
      {
        "module_id": "[数字中频板][IF] 中频放大/衰减链",
        "gamma": 0.16360143951603998
      }
    ],
    "gating": {
      "disabled_modules": [
        "高频段YTF滤波器",
        "高频段混频器",
        "前置放大器",
        "衰减器"
      ],
      "topk_k": 3
    }
  },
  "evidence": {
    "global_offset_db": 0.0002999999999993008,
    "hf_std_db": 0.030289565803111453,
    "p95_abs_dev_db": 0.09650999999999897,
    "inside_env_frac": 0.9719512195121951,
    "peak_freq_mae_hz": 3887.519557290647,
    "peak_freq_outlier_frac": 0.0
  },
  "artifacts": {
    "output_json": "Output/batch_diagnosis/sim_00011_diagnosis.json"
  },
  "system_diagnosis": {
    "probabilities": {
      "正常": 0.00044085258451409645,
      "幅度失准": 0.995808817221595,
      "频率失准": 0.00374961190199975,
      "参考电平失准": 7.181923101831813e-07
    },
    "predicted_class": "幅度失准",
    "max_prob": 0.995808817221595,
    "is_normal": false
  },
  "module_diagnosis": {
    "probabilities": {
      "[RF板][RF] 低频通路固定滤波/抑制网络": 0.19285099242708584,
      "[数字中频板][ADC] 数字检波与平均": 0.16790674055593582,
      "[数字中频板][IF] 中频放大/衰减链": 0.16360143951603998,
      "[RF板][Mixer1]": 0.13965071865409664,
      "[数字中频板][DSP] 数字增益/偏置校准": 0.10332722495749892,
      "[RF板][RF] 输入连接/匹配/保护": 0.08866712295498201,
      "[数字中频板][IF] RBW数字滤波器": 0.07749541871812422,
      "[RF板][RF] 输入衰减器组": 0.03325017110811825,
      "[RF板][RF] 高频通路固定滤波/抑制网络": 0.03325017110811825
    },
    "topk": [
      {
        "module": "[RF板][RF] 低频通路固定滤波/抑制网络",
        "probability": 0.19285099242708584
      },
      {
        "module": "[数字中频板][ADC] 数字检波与平均",
        "probability": 0.16790674055593582
      },
      {
        "module": "[数字中频板][IF] 中频放大/衰减链",
        "probability": 0.16360143951603998
      }
    ],
    "disabled_modules": [
      "高频段YTF滤波器",
      "高频段混频器",
      "前置放大器",
      "衰减器"
    ]
  },
  "evidence_detail": {
    "viol_rate": 0.02804878048780488,
    "envelope_violation": false,
    "violation_max_db": 0.015673224540693198,
    "violation_energy": 0.3042478860392417,
    "baseline_coverage": 0.9719512195121951
  },
  "config": {
    "mode": "unified_entry",
    "gating_status": "gated_ok",
    "run_name": null,
    "topk": 3
  },
  "uncertainty": {
    "is_uncertain": false,
    "reason": "",
    "top_class": "幅度失准",
    "runner_up": "频率失准",
    "max_prob": 0.995808817221595,
    "second_prob": 0.00374961190199975,
    "prob_gap": 0.9920592053195952,
    "support_top_features": [],
    "support_runnerup_features": [],
    "conflict_features": [],
    "suggested_actions": []
  },
  "module_validation": {
    "sample_id": "sim_00011",
    "gt_module": "低频段前置低通滤波器",
    "gt_module_v2": "[RF板][RF] 低频通路固定滤波/抑制网络",
    "top1": "[RF板][RF] 低频通路固定滤波/抑制网络",
    "top3": [
      "[RF板][RF] 低频通路固定滤波/抑制网络",
      "[数字中频板][ADC] 数字检波与平均",
      "[数字中频板][IF] 中频放大/衰减链"
    ],
    "top5": [
      "[RF板][RF] 低频通路固定滤波/抑制网络",
      "[数字中频板][ADC] 数字检波与平均",
      "[数字中频板][IF] 中频放大/衰减链",
      "[RF板][Mixer1]",
      "[数字中频板][DSP] 数字增益/偏置校准"
    ],
    "gt_rank": 1,
    "gt_prob": 0.19285099242708584,
    "top1_hit": true,
    "top3_hit": true,
    "top5_hit": true
  },
  "ground_truth": {
    "type": "fault",
    "system_class_en": "amp_error",
    "system_class_cn": "幅度失准",
    "module": "低频段前置低通滤波器",
    "module_v2": "[RF板][RF] 低频通路固定滤波/抑制网络",
    "fault_params": {
      "severity": "mid",
      "tier_target": "mild_oos",
      "type": "lpf_shift",
      "subtype": "amp_error_band",
      "ripple_amp_db": 0.08437037368829489,
      "period_norm": 0.11398893336667547,
      "template_id": "T3"
    }
  }
}