{
  "status": "success",
  "meta": {
    "sample_id": "sim_00006",
    "input_file": "/home/runner/work/FMFD-python/FMFD-python/Output/sim_spectrum/raw_curves/sim_00006.csv",
    "operating_condition": {
      "inject_power_dbm": -10.0,
      "freq_start_hz": 10000000.0,
      "freq_end_hz": 8200000000.0,
      "step_hz": 10000000.0,
      "frontend": {
        "low_band_only": true,
        "ac_coupling": true,
        "preamp": false
      }
    }
  },
  "data_points": 820,
  "frequency_range": {
    "min": 10000000.0,
    "max": 8200000000.0
  },
  "features": {
    "X1": -9.93307231707317,
    "X2": 0.0022772792106219857,
    "X3": 0.000176973188415627,
    "X4": 0.048185682967621025,
    "X5": 0.3052054765916433,
    "X6": 0.00243642683121654,
    "X7": 0.14830000000000076,
    "X8": 0.03948987804878051,
    "X9": 0.0023218600430560832,
    "X10": 0.013895360754250649,
    "X11": 0.007317073170731708,
    "X12": 0.008184903395463294,
    "X13": 0.4378110605715947,
    "X14": 0.030524358974359123,
    "X15": 0.03598885656559738,
    "X16": 0.06153857278986451,
    "X17": 0.0,
    "X18": 0.0,
    "X19": -3.805490938925824e-07,
    "X20": 0.012997952334673268,
    "X21": 5.0,
    "X22": 0.031239719995135758,
    "X23": 0.0013424487195121974,
    "X24": 0.6008781216152095,
    "X25": 0.0013424487195121974,
    "X26": 0.0005037101143644292,
    "X27": 8.801027718522674e-05,
    "X28": 0.021357985336069692,
    "X29": -0.10615708231849967,
    "X30": 0.04963307926829287,
    "X31": 0.00317098773825593,
    "X32": -0.9140997073210337,
    "X33": 0.8863554226383182,
    "X34": 0.018135757044489453,
    "X35": 0.0019141201079967377,
    "X36": 0.5877456389445835,
    "X37": 0.048185682967621025,
    "offset_db": -0.0006499999999993733,
    "viol_rate_aligned": 0.007317073170731708,
    "viol_energy_aligned": 0.4378110605715947,
    "global_offset_db": 0.0,
    "shape_rmse": 0.0366394421288343,
    "ripple_hp": 0.04011540642148046,
    "tail_asym": 0.00018999999999955858,
    "compress_ratio": 0.2,
    "compress_ratio_high": 0.19661016949152543,
    "freq_shift_score": 0.32809291370097116,
    "offset_slope": -2.3309439636892094e-05,
    "high_low_energy_ratio": 0.8156533224179418,
    "band_offset_db_1": -0.03089999999999904,
    "band_offset_db_2": -0.002149999999998542,
    "band_offset_db_3": -0.00025000000000030553,
    "band_offset_db_4": 0.002649999999999153
  },
  "system": {
    "probs": {
      "正常": 0.0016070006204061396,
      "幅度失准": 0.9411196563336613,
      "频率失准": 0.05726465139441357,
      "参考电平失准": 8.691557406952633e-06
    },
    "decision": "幅度失准",
    "confidence": 0.9411196563336613,
    "is_normal": false
  },
  "module": {
    "topk": [
      {
        "module_id": "[RF板][RF] 低频通路固定滤波/抑制网络",
        "gamma": 0.19285099242708584
      },
      {
        "module_id": "[数字中频板][ADC] 数字检波与平均",
        "gamma": 0.16790674055593582
      },
      {
        "module_id": "[数字中频板][IF] 中频放大/衰减链",
        "gamma": 0.16360143951603998
      }
    ],
    "gating": {
      "disabled_modules": [
        "高频段YTF滤波器",
        "高频段混频器",
        "前置放大器",
        "衰减器"
      ],
      "topk_k": 3
    }
  },
  "evidence": {
    "global_offset_db": -0.0006499999999993733,
    "hf_std_db": 0.03019323036200375,
    "p95_abs_dev_db": 0.07056500000000064,
    "inside_env_frac": 0.9926829268292683,
    "peak_freq_mae_hz": 3840.4700259777765,
    "peak_freq_outlier_frac": 0.0
  },
  "artifacts": {
    "output_json": "Output/batch_diagnosis/sim_00006_diagnosis.json"
  },
  "system_diagnosis": {
    "probabilities": {
      "正常": 0.0016070006204061396,
      "幅度失准": 0.9411196563336613,
      "频率失准": 0.05726465139441357,
      "参考电平失准": 8.691557406952633e-06
    },
    "predicted_class": "幅度失准",
    "max_prob": 0.9411196563336613,
    "is_normal": false
  },
  "module_diagnosis": {
    "probabilities": {
      "[RF板][RF] 低频通路固定滤波/抑制网络": 0.19285099242708584,
      "[数字中频板][ADC] 数字检波与平均": 0.16790674055593582,
      "[数字中频板][IF] 中频放大/衰减链": 0.16360143951603998,
      "[RF板][Mixer1]": 0.13965071865409664,
      "[数字中频板][DSP] 数字增益/偏置校准": 0.10332722495749894,
      "[RF板][RF] 输入连接/匹配/保护": 0.08866712295498201,
      "[数字中频板][IF] RBW数字滤波器": 0.07749541871812424,
      "[RF板][RF] 输入衰减器组": 0.03325017110811825,
      "[RF板][RF] 高频通路固定滤波/抑制网络": 0.03325017110811825
    },
    "topk": [
      {
        "module": "[RF板][RF] 低频通路固定滤波/抑制网络",
        "probability": 0.19285099242708584
      },
      {
        "module": "[数字中频板][ADC] 数字检波与平均",
        "probability": 0.16790674055593582
      },
      {
        "module": "[数字中频板][IF] 中频放大/衰减链",
        "probability": 0.16360143951603998
      }
    ],
    "disabled_modules": [
      "高频段YTF滤波器",
      "高频段混频器",
      "前置放大器",
      "衰减器"
    ]
  },
  "evidence_detail": {
    "viol_rate": 0.007317073170731708,
    "envelope_violation": false,
    "violation_max_db": 0.008184903395463294,
    "violation_energy": 0.4378110605715947,
    "baseline_coverage": 0.9926829268292683
  },
  "config": {
    "mode": "unified_entry",
    "gating_status": "gated_ok",
    "run_name": null,
    "topk": 3
  },
  "uncertainty": {
    "is_uncertain": false,
    "reason": "",
    "top_class": "幅度失准",
    "runner_up": "频率失准",
    "max_prob": 0.9411196563336613,
    "second_prob": 0.05726465139441357,
    "prob_gap": 0.8838550049392477,
    "support_top_features": [],
    "support_runnerup_features": [],
    "conflict_features": [],
    "suggested_actions": []
  },
  "module_validation": {
    "sample_id": "sim_00006",
    "gt_module": "电源模块",
    "gt_module_v2": "[RF板][RF] 输入连接/匹配/保护",
    "top1": "[RF板][RF] 低频通路固定滤波/抑制网络",
    "top3": [
      "[RF板][RF] 低频通路固定滤波/抑制网络",
      "[数字中频板][ADC] 数字检波与平均",
      "[数字中频板][IF] 中频放大/衰减链"
    ],
    "top5": [
      "[RF板][RF] 低频通路固定滤波/抑制网络",
      "[数字中频板][ADC] 数字检波与平均",
      "[数字中频板][IF] 中频放大/衰减链",
      "[RF板][Mixer1]",
      "[数字中频板][DSP] 数字增益/偏置校准"
    ],
    "gt_rank": 6,
    "gt_prob": 0.08866712295498201,
    "top1_hit": false,
    "top3_hit": false,
    "top5_hit": false
  },
  "ground_truth": {
    "type": "fault",
    "system_class_en": "amp_error",
    "system_class_cn": "幅度失准",
    "module": "电源模块",
    "module_v2": "[RF板][RF] 输入连接/匹配/保护",
    "fault_params": {
      "severity": "mid",
      "tier_target": "in_spec_weak",
      "type": "power_noise",
      "subtype": "amp_error_ripple",
      "noise_std": 0.0794579801485881,
      "template_id": "T6"
    }
  }
}