{
  "status": "success",
  "meta": {
    "sample_id": "sim_00212",
    "input_file": "/home/runner/work/FMFD-python/FMFD-python/Output/sim_spectrum/raw_curves/sim_00212.csv",
    "operating_condition": {
      "inject_power_dbm": -10.0,
      "freq_start_hz": 10000000.0,
      "freq_end_hz": 8200000000.0,
      "step_hz": 10000000.0,
      "frontend": {
        "low_band_only": true,
        "ac_coupling": true,
        "preamp": false
      }
    }
  },
  "data_points": 820,
  "frequency_range": {
    "min": 10000000.0,
    "max": 8200000000.0
  },
  "features": {
    "X1": -9.833286707317072,
    "X2": 0.0006057358726204648,
    "X3": 0.0002498816535850428,
    "X4": 0.028894588316400856,
    "X5": 0.27073467169564785,
    "X6": 0.000949453567207021,
    "X7": 0.07640000000000136,
    "X8": 0.02451329268292685,
    "X9": 0.0008348972339742888,
    "X10": 0.0146082932056996,
    "X11": 0.0,
    "X12": 0.0,
    "X13": 0.09677234668189784,
    "X14": 0.0021216117216116505,
    "X15": 0.002668216600735508,
    "X16": -0.004274236805167403,
    "X17": 0.0,
    "X18": 0.0,
    "X19": -6.188477664329512e-05,
    "X20": -0.05238000748334626,
    "X21": 3.0,
    "X22": 0.03931636330031366,
    "X23": 7.700207317072957e-06,
    "X24": 0.02090510193643691,
    "X25": 7.700207317072957e-06,
    "X26": 0.00033693449296432094,
    "X27": 1.38831904462749e-05,
    "X28": 0.032258064510852176,
    "X29": 0.0013793532350437107,
    "X30": 0.00026463414634156357,
    "X31": 0.000373298121090862,
    "X32": -0.6270736844773266,
    "X33": 0.5794639152540267,
    "X34": 0.014330145276924848,
    "X35": 0.00031880602730331725,
    "X36": 0.8084631331181811,
    "X37": 0.028894588316400856,
    "offset_db": 0.09970000000000034,
    "viol_rate_aligned": 0.0,
    "viol_energy_aligned": 0.09677234668189784,
    "global_offset_db": 0.0,
    "shape_rmse": 0.002774924740794416,
    "ripple_hp": 0.0036364801181703577,
    "tail_asym": 0.0005049999999987304,
    "compress_ratio": 0.19878048780487806,
    "compress_ratio_high": 0.2,
    "freq_shift_score": 0.004051545328998873,
    "offset_slope": -2.3103116148426552e-05,
    "high_low_energy_ratio": 0.3838303517326581,
    "band_offset_db_1": -0.0002999999999993008,
    "band_offset_db_2": 0.00039999999999906777,
    "band_offset_db_3": -0.000600000000000378,
    "band_offset_db_4": -1.7763568394002505e-15
  },
  "system": {
    "probs": {
      "正常": 0.39279155538699373,
      "幅度失准": 0.046982244111476314,
      "频率失准": 0.024349786885928006,
      "参考电平失准": 0.5358764135620143
    },
    "decision": "参考电平失准",
    "confidence": 0.5358764135620143,
    "is_normal": false
  },
  "module": {
    "topk": [
      {
        "module_id": "[校准链路][校准源]",
        "gamma": 0.43749999999999994
      },
      {
        "module_id": "[校准链路][校准路径开关/耦合]",
        "gamma": 0.3125
      },
      {
        "module_id": "[校准链路][校准表/存储]",
        "gamma": 0.25000000000000006
      }
    ],
    "gating": {
      "disabled_modules": [
        "高频段YTF滤波器",
        "高频段混频器",
        "前置放大器",
        "衰减器"
      ],
      "topk_k": 3
    }
  },
  "evidence": {
    "global_offset_db": 0.09970000000000034,
    "hf_std_db": 0.00263563133844355,
    "p95_abs_dev_db": 0.0057000000000009265,
    "inside_env_frac": 1.0,
    "peak_freq_mae_hz": 4134.445550538345,
    "peak_freq_outlier_frac": 0.0
  },
  "artifacts": {
    "output_json": "Output/batch_diagnosis/sim_00212_diagnosis.json"
  },
  "system_diagnosis": {
    "probabilities": {
      "正常": 0.39279155538699373,
      "幅度失准": 0.046982244111476314,
      "频率失准": 0.024349786885928006,
      "参考电平失准": 0.5358764135620143
    },
    "predicted_class": "参考电平失准",
    "max_prob": 0.5358764135620143,
    "is_normal": false
  },
  "module_diagnosis": {
    "probabilities": {
      "[校准链路][校准源]": 0.43749999999999994,
      "[校准链路][校准路径开关/耦合]": 0.3125,
      "[校准链路][校准表/存储]": 0.25000000000000006,
      "[RF板][RF] 输入衰减器组": 0.0,
      "[RF板][RF] 低频通路固定滤波/抑制网络": 0.0,
      "[RF板][Mixer1]": 0.0
    },
    "topk": [
      {
        "module": "[校准链路][校准源]",
        "probability": 0.43749999999999994
      },
      {
        "module": "[校准链路][校准路径开关/耦合]",
        "probability": 0.3125
      },
      {
        "module": "[校准链路][校准表/存储]",
        "probability": 0.25000000000000006
      }
    ],
    "disabled_modules": [
      "高频段YTF滤波器",
      "高频段混频器",
      "前置放大器",
      "衰减器"
    ]
  },
  "evidence_detail": {
    "viol_rate": 0.0,
    "envelope_violation": false,
    "violation_max_db": 0.0,
    "violation_energy": 0.09677234668189784,
    "baseline_coverage": 1.0
  },
  "config": {
    "mode": "unified_entry",
    "gating_status": "gated_ok",
    "run_name": null,
    "topk": 3
  },
  "uncertainty": {
    "is_uncertain": true,
    "reason": "max_prob(53.59%) < 55%",
    "top_class": "参考电平失准",
    "runner_up": "正常",
    "max_prob": 0.5358764135620143,
    "second_prob": 0.39279155538699373,
    "prob_gap": 0.1430848581750206,
    "support_top_features": [
      {
        "feature": "X1",
        "contribution": 4.916643353658536
      },
      {
        "feature": "X21",
        "contribution": 0.8999999999999999
      },
      {
        "feature": "X5",
        "contribution": 0.13536733584782393
      },
      {
        "feature": "X13",
        "contribution": 0.06774064267732849
      },
      {
        "feature": "X7",
        "contribution": 0.04584000000000081
      }
    ],
    "support_runnerup_features": [],
    "conflict_features": [
      {
        "feature": "X4",
        "top_contrib": 0.002889458831640086,
        "runnerup_contrib": 0.002889458831640086
      },
      {
        "feature": "X16",
        "top_contrib": 0.0004274236805167403,
        "runnerup_contrib": 0.0004274236805167403
      }
    ],
    "suggested_actions": [
      "复测参考电平校准点",
      "检查 ADC 量化状态",
      "当前诊断为正常，但置信度较低",
      "建议重复测试或更换测试点以提高置信度"
    ]
  },
  "module_validation": {
    "sample_id": "sim_00212",
    "gt_module": "校准信号开关",
    "gt_module_v2": "[校准链路][校准路径开关/耦合]",
    "top1": "[校准链路][校准源]",
    "top3": [
      "[校准链路][校准源]",
      "[校准链路][校准路径开关/耦合]",
      "[校准链路][校准表/存储]"
    ],
    "top5": [
      "[校准链路][校准源]",
      "[校准链路][校准路径开关/耦合]",
      "[校准链路][校准表/存储]",
      "[RF板][RF] 输入衰减器组",
      "[RF板][RF] 低频通路固定滤波/抑制网络"
    ],
    "gt_rank": 2,
    "gt_prob": 0.3125,
    "top1_hit": false,
    "top3_hit": true,
    "top5_hit": true
  },
  "ground_truth": {
    "type": "fault",
    "system_class_en": "ref_error",
    "system_class_cn": "参考电平失准",
    "module": "校准信号开关",
    "module_v2": "[校准链路][校准路径开关/耦合]",
    "fault_params": {
      "severity": "severe",
      "tier_target": "in_spec_weak",
      "type": "ref_miscal",
      "subtype": "ref_error_offset",
      "offset_db": -0.3034210615601208,
      "template_id": "T1",
      "mean_offset_db": 0.09978718019420738
    }
  }
}