{
  "status": "success",
  "meta": {
    "sample_id": "sim_00239",
    "input_file": "/home/runner/work/FMFD-python/FMFD-python/Output/sim_spectrum/raw_curves/sim_00239.csv",
    "operating_condition": {
      "inject_power_dbm": -10.0,
      "freq_start_hz": 10000000.0,
      "freq_end_hz": 8200000000.0,
      "step_hz": 10000000.0,
      "frontend": {
        "low_band_only": true,
        "ac_coupling": true,
        "preamp": false
      }
    }
  },
  "data_points": 820,
  "frequency_range": {
    "min": 10000000.0,
    "max": 8200000000.0
  },
  "features": {
    "X1": -9.982628048780487,
    "X2": 0.000645735567618482,
    "X3": 0.0002472829295498524,
    "X4": 0.02918059796130664,
    "X5": 0.2678455006298174,
    "X6": 0.0009615578474122549,
    "X7": 0.0823999999999998,
    "X8": 0.024721707317073172,
    "X9": 0.0008515072973794133,
    "X10": 0.01473016984587399,
    "X11": 0.0,
    "X12": 0.0,
    "X13": 0.09639973912336317,
    "X14": 0.002826007326007637,
    "X15": 0.00281425061547814,
    "X16": -0.007720779462345729,
    "X17": 0.0,
    "X18": 0.0,
    "X19": -8.546224457100236e-05,
    "X20": -0.0024113708866217998,
    "X21": 5.0,
    "X22": 0.039702005206607535,
    "X23": 1.0422414634146597e-05,
    "X24": 0.022531512808899756,
    "X25": 1.0422414634146597e-05,
    "X26": 0.000364279718930451,
    "X27": 2.268919015719152e-05,
    "X28": -0.040207522692926476,
    "X29": -0.031212873690604923,
    "X30": 0.0008544207317074601,
    "X31": 0.0006185628649107806,
    "X32": -0.5551916046280202,
    "X33": 0.5846098553998387,
    "X34": 0.015935361360832213,
    "X35": 0.0003286303591890402,
    "X36": 0.8059231921407743,
    "X37": 0.02918059796130664,
    "offset_db": -0.04949999999999832,
    "viol_rate_aligned": 0.0,
    "viol_energy_aligned": 0.09639973912336317,
    "global_offset_db": 0.0,
    "shape_rmse": 0.0032283764703247664,
    "ripple_hp": 0.0038268927485037648,
    "tail_asym": -0.0006950000000037135,
    "compress_ratio": 0.2,
    "compress_ratio_high": 0.2,
    "freq_shift_score": 0.005432331759808062,
    "offset_slope": 6.67106083463989e-05,
    "high_low_energy_ratio": 0.17297083652596565,
    "band_offset_db_1": -0.003700000000002035,
    "band_offset_db_2": -0.00020000000000131024,
    "band_offset_db_3": 0.0003999999999981796,
    "band_offset_db_4": -3.552713678800501e-15
  },
  "system": {
    "probs": {
      "正常": 1.8069842497541433e-05,
      "幅度失准": 0.011730878181575088,
      "频率失准": 0.006703774776210836,
      "参考电平失准": 0.9815472771015618
    },
    "decision": "参考电平失准",
    "confidence": 0.9815472771015618,
    "is_normal": false
  },
  "module": {
    "topk": [
      {
        "module_id": "[校准链路][校准源]",
        "gamma": 0.43749999999999994
      },
      {
        "module_id": "[校准链路][校准路径开关/耦合]",
        "gamma": 0.3125
      },
      {
        "module_id": "[校准链路][校准表/存储]",
        "gamma": 0.25000000000000006
      }
    ],
    "gating": {
      "disabled_modules": [
        "高频段YTF滤波器",
        "高频段混频器",
        "前置放大器",
        "衰减器"
      ],
      "topk_k": 3
    }
  },
  "evidence": {
    "global_offset_db": -0.04949999999999832,
    "hf_std_db": 0.002919957799218331,
    "p95_abs_dev_db": 0.00649999999999924,
    "inside_env_frac": 1.0,
    "peak_freq_mae_hz": 3902.2247373587975,
    "peak_freq_outlier_frac": 0.0
  },
  "artifacts": {
    "output_json": "Output/batch_diagnosis/sim_00239_diagnosis.json"
  },
  "system_diagnosis": {
    "probabilities": {
      "正常": 1.8069842497541433e-05,
      "幅度失准": 0.011730878181575088,
      "频率失准": 0.006703774776210836,
      "参考电平失准": 0.9815472771015618
    },
    "predicted_class": "参考电平失准",
    "max_prob": 0.9815472771015618,
    "is_normal": false
  },
  "module_diagnosis": {
    "probabilities": {
      "[校准链路][校准源]": 0.43749999999999994,
      "[校准链路][校准路径开关/耦合]": 0.3125,
      "[校准链路][校准表/存储]": 0.25000000000000006,
      "[RF板][RF] 输入衰减器组": 0.0,
      "[RF板][RF] 低频通路固定滤波/抑制网络": 0.0,
      "[RF板][Mixer1]": 0.0
    },
    "topk": [
      {
        "module": "[校准链路][校准源]",
        "probability": 0.43749999999999994
      },
      {
        "module": "[校准链路][校准路径开关/耦合]",
        "probability": 0.3125
      },
      {
        "module": "[校准链路][校准表/存储]",
        "probability": 0.25000000000000006
      }
    ],
    "disabled_modules": [
      "高频段YTF滤波器",
      "高频段混频器",
      "前置放大器",
      "衰减器"
    ]
  },
  "evidence_detail": {
    "viol_rate": 0.0,
    "envelope_violation": false,
    "violation_max_db": 0.0,
    "violation_energy": 0.09639973912336317,
    "baseline_coverage": 1.0
  },
  "config": {
    "mode": "unified_entry",
    "gating_status": "gated_ok",
    "run_name": null,
    "topk": 3
  },
  "uncertainty": {
    "is_uncertain": false,
    "reason": "",
    "top_class": "参考电平失准",
    "runner_up": "幅度失准",
    "max_prob": 0.9815472771015618,
    "second_prob": 0.011730878181575088,
    "prob_gap": 0.9698163989199866,
    "support_top_features": [],
    "support_runnerup_features": [],
    "conflict_features": [],
    "suggested_actions": []
  },
  "module_validation": {
    "sample_id": "sim_00239",
    "gt_module": "校准信号开关",
    "gt_module_v2": "[校准链路][校准路径开关/耦合]",
    "top1": "[校准链路][校准源]",
    "top3": [
      "[校准链路][校准源]",
      "[校准链路][校准路径开关/耦合]",
      "[校准链路][校准表/存储]"
    ],
    "top5": [
      "[校准链路][校准源]",
      "[校准链路][校准路径开关/耦合]",
      "[校准链路][校准表/存储]",
      "[RF板][RF] 输入衰减器组",
      "[RF板][RF] 低频通路固定滤波/抑制网络"
    ],
    "gt_rank": 2,
    "gt_prob": 0.3125,
    "top1_hit": false,
    "top3_hit": true,
    "top5_hit": true
  },
  "ground_truth": {
    "type": "fault",
    "system_class_en": "ref_error",
    "system_class_cn": "参考电平失准",
    "module": "校准信号开关",
    "module_v2": "[校准链路][校准路径开关/耦合]",
    "fault_params": {
      "severity": "light",
      "tier_target": "edge",
      "type": "ref_miscal",
      "subtype": "ref_error_offset",
      "offset_db": -0.08940560374686757,
      "template_id": "T1",
      "mean_offset_db": -0.049554803979847
    }
  }
}