{
  "status": "success",
  "meta": {
    "sample_id": "sim_00047",
    "input_file": "/home/runner/work/FMFD-python/FMFD-python/Output/sim_spectrum/raw_curves/sim_00047.csv",
    "operating_condition": {
      "inject_power_dbm": -10.0,
      "freq_start_hz": 10000000.0,
      "freq_end_hz": 8200000000.0,
      "step_hz": 10000000.0,
      "frontend": {
        "low_band_only": true,
        "ac_coupling": true,
        "preamp": false
      }
    }
  },
  "data_points": 820,
  "frequency_range": {
    "min": 10000000.0,
    "max": 8200000000.0
  },
  "features": {
    "X1": -9.935997317073172,
    "X2": 0.006980767939553181,
    "X3": 0.0004380296002067705,
    "X4": 0.07625565331591407,
    "X5": 0.3981937138781623,
    "X6": 0.005924346504997028,
    "X7": 0.08530000000000015,
    "X8": 0.06507634146341464,
    "X9": 0.0058149246626368785,
    "X10": 0.015346647983929242,
    "X11": 0.2304878048780488,
    "X12": 0.046178737105501355,
    "X13": 0.0,
    "X14": 0.0807054945054943,
    "X15": 0.04408884687267894,
    "X16": -0.03262246709165238,
    "X17": 0.0,
    "X18": 0.0,
    "X19": -5.257581033832215e-05,
    "X20": -0.8993737976605369,
    "X21": 0.0,
    "X22": 0.1469934056348828,
    "X23": 0.005356272243902426,
    "X24": 0.07715814288636569,
    "X25": 0.005356272243902426,
    "X26": 0.0006310047044234335,
    "X27": 0.0003194780185464904,
    "X28": -0.039780789743898134,
    "X29": -1.6106005375550139,
    "X30": 0.12458887195121932,
    "X31": 0.013636197447052075,
    "X32": -6.767634620683339,
    "X33": 0.2506011489852499,
    "X34": 0.029805334061694704,
    "X35": 0.00037205450495780276,
    "X36": 0.9661390291487896,
    "X37": 0.07625565331591408,
    "offset_db": -8.881784197001252e-16,
    "viol_rate_aligned": 0.2304878048780488,
    "viol_energy_aligned": 0.0,
    "global_offset_db": 8.881784197001252e-16,
    "shape_rmse": 0.07318655780881098,
    "ripple_hp": 0.00743082171168737,
    "tail_asym": -0.006689999999998739,
    "compress_ratio": 0.2,
    "compress_ratio_high": 0.2,
    "freq_shift_score": 0.6782780898176691,
    "offset_slope": 7.93877502829217e-05,
    "high_low_energy_ratio": 0.20963861231584088,
    "band_offset_db_1": 0.09804999999999975,
    "band_offset_db_2": 0.002200000000000202,
    "band_offset_db_3": -0.0034999999999998366,
    "band_offset_db_4": -0.004299999999997084
  },
  "system": {
    "probs": {
      "正常": 1.5690404497004697e-07,
      "幅度失准": 0.9994947494562267,
      "频率失准": 0.0005047627531376034,
      "参考电平失准": 3.3078664107258273e-07
    },
    "decision": "幅度失准",
    "confidence": 0.9994947494562267,
    "is_normal": false
  },
  "module": {
    "topk": [
      {
        "module_id": "[RF板][RF] 低频通路固定滤波/抑制网络",
        "gamma": 0.19285099242708584
      },
      {
        "module_id": "[数字中频板][ADC] 数字检波与平均",
        "gamma": 0.16790674055593582
      },
      {
        "module_id": "[数字中频板][IF] 中频放大/衰减链",
        "gamma": 0.16360143951604
      }
    ],
    "gating": {
      "disabled_modules": [
        "高频段YTF滤波器",
        "高频段混频器",
        "前置放大器",
        "衰减器"
      ],
      "topk_k": 3
    }
  },
  "evidence": {
    "global_offset_db": -8.881784197001252e-16,
    "hf_std_db": 0.03771092928888372,
    "p95_abs_dev_db": 0.1236099999999995,
    "inside_env_frac": 0.7695121951219512,
    "peak_freq_mae_hz": 3994.4240854660866,
    "peak_freq_outlier_frac": 0.0
  },
  "artifacts": {
    "output_json": "Output/batch_diagnosis/sim_00047_diagnosis.json"
  },
  "system_diagnosis": {
    "probabilities": {
      "正常": 1.5690404497004697e-07,
      "幅度失准": 0.9994947494562267,
      "频率失准": 0.0005047627531376034,
      "参考电平失准": 3.3078664107258273e-07
    },
    "predicted_class": "幅度失准",
    "max_prob": 0.9994947494562267,
    "is_normal": false
  },
  "module_diagnosis": {
    "probabilities": {
      "[RF板][RF] 低频通路固定滤波/抑制网络": 0.19285099242708584,
      "[数字中频板][ADC] 数字检波与平均": 0.16790674055593582,
      "[数字中频板][IF] 中频放大/衰减链": 0.16360143951604,
      "[RF板][Mixer1]": 0.13965071865409664,
      "[数字中频板][DSP] 数字增益/偏置校准": 0.10332722495749896,
      "[RF板][RF] 输入连接/匹配/保护": 0.08866712295498201,
      "[数字中频板][IF] RBW数字滤波器": 0.07749541871812421,
      "[RF板][RF] 输入衰减器组": 0.03325017110811825,
      "[RF板][RF] 高频通路固定滤波/抑制网络": 0.03325017110811825
    },
    "topk": [
      {
        "module": "[RF板][RF] 低频通路固定滤波/抑制网络",
        "probability": 0.19285099242708584
      },
      {
        "module": "[数字中频板][ADC] 数字检波与平均",
        "probability": 0.16790674055593582
      },
      {
        "module": "[数字中频板][IF] 中频放大/衰减链",
        "probability": 0.16360143951604
      }
    ],
    "disabled_modules": [
      "高频段YTF滤波器",
      "高频段混频器",
      "前置放大器",
      "衰减器"
    ]
  },
  "evidence_detail": {
    "viol_rate": 0.2304878048780488,
    "envelope_violation": true,
    "violation_max_db": 0.046178737105501355,
    "violation_energy": 0.0,
    "baseline_coverage": 0.7695121951219512
  },
  "config": {
    "mode": "unified_entry",
    "gating_status": "gated_ok",
    "run_name": null,
    "topk": 3
  },
  "uncertainty": {
    "is_uncertain": false,
    "reason": "",
    "top_class": "幅度失准",
    "runner_up": "频率失准",
    "max_prob": 0.9994947494562267,
    "second_prob": 0.0005047627531376034,
    "prob_gap": 0.9989899867030891,
    "support_top_features": [],
    "support_runnerup_features": [],
    "conflict_features": [],
    "suggested_actions": []
  },
  "module_validation": {
    "sample_id": "sim_00047",
    "gt_module": "低频段前置低通滤波器",
    "gt_module_v2": "[RF板][RF] 低频通路固定滤波/抑制网络",
    "top1": "[RF板][RF] 低频通路固定滤波/抑制网络",
    "top3": [
      "[RF板][RF] 低频通路固定滤波/抑制网络",
      "[数字中频板][ADC] 数字检波与平均",
      "[数字中频板][IF] 中频放大/衰减链"
    ],
    "top5": [
      "[RF板][RF] 低频通路固定滤波/抑制网络",
      "[数字中频板][ADC] 数字检波与平均",
      "[数字中频板][IF] 中频放大/衰减链",
      "[RF板][Mixer1]",
      "[数字中频板][DSP] 数字增益/偏置校准"
    ],
    "gt_rank": 1,
    "gt_prob": 0.19285099242708584,
    "top1_hit": true,
    "top3_hit": true,
    "top5_hit": true
  },
  "ground_truth": {
    "type": "fault",
    "system_class_en": "amp_error",
    "system_class_cn": "幅度失准",
    "module": "低频段前置低通滤波器",
    "module_v2": "[RF板][RF] 低频通路固定滤波/抑制网络",
    "fault_params": {
      "severity": "light",
      "tier_target": "in_spec_weak",
      "subtype": "amp_error_ripple",
      "ripple_amp_db": 0.049029927280395125,
      "period_norm": 0.13084544067352366,
      "template_id": "T3",
      "mean_offset_db": -0.002924881819413593
    }
  }
}