{
  "status": "success",
  "meta": {
    "sample_id": "sim_00092",
    "input_file": "/home/runner/work/FMFD-python/FMFD-python/Output/sim_spectrum/raw_curves/sim_00092.csv",
    "operating_condition": {
      "inject_power_dbm": -10.0,
      "freq_start_hz": 10000000.0,
      "freq_end_hz": 8200000000.0,
      "step_hz": 10000000.0,
      "frontend": {
        "low_band_only": true,
        "ac_coupling": true,
        "preamp": false
      }
    }
  },
  "data_points": 820,
  "frequency_range": {
    "min": 10000000.0,
    "max": 8200000000.0
  },
  "features": {
    "X1": -9.933074756097561,
    "X2": 0.0005005849289444114,
    "X3": 7.679866146116054e-06,
    "X4": 0.031445036659269614,
    "X5": 0.3247549903180494,
    "X6": 0.001922833179818563,
    "X7": 0.08009999999999984,
    "X8": 0.03520743902439027,
    "X9": 0.0009887903305028098,
    "X10": 0.0332879746628338,
    "X11": 0.0,
    "X12": 0.0,
    "X13": 0.8524896953299144,
    "X14": 0.013125824175824174,
    "X15": 0.0172547938261965,
    "X16": 0.007376839377204908,
    "X17": 0.0,
    "X18": 0.0,
    "X19": -0.00011119499658731207,
    "X20": -0.13826735425285852,
    "X21": 5.0,
    "X22": 0.058526876696054934,
    "X23": 0.000496083573170725,
    "X24": 1.3053671335860884e-05,
    "X25": 0.000496083573170725,
    "X26": 0.0004374880503726339,
    "X27": 0.00016847696292544376,
    "X28": -0.4837758112014789,
    "X29": 0.9351505210851181,
    "X30": 0.01372149390243917,
    "X31": 0.020629837202849128,
    "X32": -10.250629104188288,
    "X33": 0.4028610583318573,
    "X34": 0.02664829296737589,
    "X35": 0.00031207011874572306,
    "X36": 0.8421552528034361,
    "X37": 0.031445036659269614,
    "offset_db": 0.006149999999999878,
    "viol_rate_aligned": 0.0,
    "viol_energy_aligned": 0.8524896953299144,
    "global_offset_db": 0.0,
    "shape_rmse": 0.02227293364536259,
    "ripple_hp": 9.026676306588375e-05,
    "tail_asym": -0.03589999999999814,
    "compress_ratio": 0.2,
    "compress_ratio_high": 0.2,
    "freq_shift_score": 0.10666228167006697,
    "offset_slope": -0.008412578528885184,
    "high_low_energy_ratio": 3.1687075529399826,
    "band_offset_db_1": 0.019400000000000084,
    "band_offset_db_2": 0.011649999999999494,
    "band_offset_db_3": -0.0007500000000009166,
    "band_offset_db_4": -0.02674999999999983
  },
  "system": {
    "probs": {
      "正常": 0.8402763725891285,
      "幅度失准": 0.12238400745859693,
      "频率失准": 0.03558758372644169,
      "参考电平失准": 0.0017520361418054237
    },
    "decision": "正常",
    "confidence": 0.8402763725891285,
    "is_normal": true
  },
  "module": {
    "topk": [
      {
        "module_id": "[RF板][RF] 低频通路固定滤波/抑制网络",
        "gamma": 0.14940583378658537
      },
      {
        "module_id": "[数字中频板][ADC] 数字检波与平均",
        "gamma": 0.1300809825006848
      },
      {
        "module_id": "[数字中频板][IF] 中频放大/衰减链",
        "gamma": 0.12674557269297496
      }
    ],
    "gating": {
      "disabled_modules": [
        "高频段YTF滤波器",
        "高频段混频器",
        "前置放大器",
        "衰减器"
      ],
      "topk_k": 3
    }
  },
  "evidence": {
    "global_offset_db": 0.006149999999999878,
    "hf_std_db": 0.003518720824139048,
    "p95_abs_dev_db": 0.05355499999999953,
    "inside_env_frac": 1.0,
    "peak_freq_mae_hz": 4008.0631016382404,
    "peak_freq_outlier_frac": 0.0
  },
  "artifacts": {
    "output_json": "Output/batch_diagnosis/sim_00092_diagnosis.json"
  },
  "system_diagnosis": {
    "probabilities": {
      "正常": 0.8402763725891285,
      "幅度失准": 0.12238400745859693,
      "频率失准": 0.03558758372644169,
      "参考电平失准": 0.0017520361418054237
    },
    "predicted_class": "正常",
    "max_prob": 0.8402763725891285,
    "is_normal": true
  },
  "module_diagnosis": {
    "probabilities": {
      "[RF板][RF] 低频通路固定滤波/抑制网络": 0.14940583378658537,
      "[数字中频板][ADC] 数字检波与平均": 0.1300809825006848,
      "[数字中频板][IF] 中频放大/衰减链": 0.12674557269297496,
      "[RF板][Mixer1]": 0.10819043136269975,
      "[数字中频板][DSP] 数字增益/偏置校准": 0.08004983538503681,
      "[时钟板][参考域] 10MHz 基准 OCXO": 0.07884743206558431,
      "[LO/时钟板][LO1] 合成链": 0.07884743206558431,
      "[RF板][RF] 输入连接/匹配/保护": 0.0686923373731427,
      "[时钟板][参考分配]": 0.06758351319907227,
      "[数字中频板][IF] RBW数字滤波器": 0.0600373765387776
    },
    "topk": [
      {
        "module": "[RF板][RF] 低频通路固定滤波/抑制网络",
        "probability": 0.14940583378658537
      },
      {
        "module": "[数字中频板][ADC] 数字检波与平均",
        "probability": 0.1300809825006848
      },
      {
        "module": "[数字中频板][IF] 中频放大/衰减链",
        "probability": 0.12674557269297496
      }
    ],
    "disabled_modules": [
      "高频段YTF滤波器",
      "高频段混频器",
      "前置放大器",
      "衰减器"
    ]
  },
  "evidence_detail": {
    "viol_rate": 0.0,
    "envelope_violation": false,
    "violation_max_db": 0.0,
    "violation_energy": 0.8524896953299144,
    "baseline_coverage": 1.0
  },
  "config": {
    "mode": "unified_entry",
    "gating_status": "gated_ok",
    "run_name": null,
    "topk": 3
  },
  "uncertainty": {
    "is_uncertain": false,
    "reason": "",
    "top_class": "正常",
    "runner_up": "幅度失准",
    "max_prob": 0.8402763725891285,
    "second_prob": 0.12238400745859693,
    "prob_gap": 0.7178923651305316,
    "support_top_features": [],
    "support_runnerup_features": [],
    "conflict_features": [],
    "suggested_actions": []
  },
  "module_validation": {
    "sample_id": "sim_00092",
    "gt_module": "低频段前置低通滤波器",
    "gt_module_v2": "[RF板][RF] 低频通路固定滤波/抑制网络",
    "top1": "[RF板][RF] 低频通路固定滤波/抑制网络",
    "top3": [
      "[RF板][RF] 低频通路固定滤波/抑制网络",
      "[数字中频板][ADC] 数字检波与平均",
      "[数字中频板][IF] 中频放大/衰减链"
    ],
    "top5": [
      "[RF板][RF] 低频通路固定滤波/抑制网络",
      "[数字中频板][ADC] 数字检波与平均",
      "[数字中频板][IF] 中频放大/衰减链",
      "[RF板][Mixer1]",
      "[数字中频板][DSP] 数字增益/偏置校准"
    ],
    "gt_rank": 1,
    "gt_prob": 0.14940583378658537,
    "top1_hit": true,
    "top3_hit": true,
    "top5_hit": true
  },
  "ground_truth": {
    "type": "fault",
    "system_class_en": "amp_error",
    "system_class_cn": "幅度失准",
    "module": "低频段前置低通滤波器",
    "module_v2": "[RF板][RF] 低频通路固定滤波/抑制网络",
    "fault_params": {
      "severity": "light",
      "tier_target": "edge",
      "type": "lpf_shift",
      "subtype": "amp_error_band",
      "slope_db": -0.04614187711794576,
      "template_id": "T2"
    }
  }
}