{
  "status": "success",
  "meta": {
    "sample_id": "sim_00281",
    "input_file": "/home/runner/work/FMFD-python/FMFD-python/Output/sim_spectrum/raw_curves/sim_00281.csv",
    "operating_condition": {
      "inject_power_dbm": -10.0,
      "freq_start_hz": 10000000.0,
      "freq_end_hz": 8200000000.0,
      "step_hz": 10000000.0,
      "frontend": {
        "low_band_only": true,
        "ac_coupling": true,
        "preamp": false
      }
    }
  },
  "data_points": 820,
  "frequency_range": {
    "min": 10000000.0,
    "max": 8200000000.0
  },
  "features": {
    "X1": -9.86719707317073,
    "X2": 0.0006079527229162545,
    "X3": 0.00024165780202137753,
    "X4": 0.02901096248101892,
    "X5": 0.2506476057768884,
    "X6": 0.0009582561621653779,
    "X7": 0.08169999999999966,
    "X8": 0.024549024390243895,
    "X9": 0.0008416359440750873,
    "X10": 0.014488607274322517,
    "X11": 0.0,
    "X12": 0.0,
    "X13": 0.08114817042746222,
    "X14": 0.0019454212454212921,
    "X15": 0.002691205537472894,
    "X16": 0.0005935891172059757,
    "X17": 0.0,
    "X18": 0.0,
    "X19": -6.399465114009597e-05,
    "X20": -0.0424890853807951,
    "X21": 5.0,
    "X22": 0.0389454072928973,
    "X23": 6.618756097560613e-06,
    "X24": 0.016926858990978233,
    "X25": 6.618756097560613e-06,
    "X26": 0.00032369137814118576,
    "X27": 2.3022116784027714e-05,
    "X28": -0.018612521147369096,
    "X29": -0.007866935077515028,
    "X30": 0.0005100609756098495,
    "X31": 0.0005264075491412962,
    "X32": -0.36535205610945665,
    "X33": 0.583567601174205,
    "X34": 0.014635944957119113,
    "X35": 0.00032633523338417193,
    "X36": 0.8052503809808058,
    "X37": 0.029010962481018917,
    "offset_db": 0.06589999999999918,
    "viol_rate_aligned": 0.0,
    "viol_energy_aligned": 0.08114817042746222,
    "global_offset_db": 0.0,
    "shape_rmse": 0.0025726943264913174,
    "ripple_hp": 0.003311007379763748,
    "tail_asym": -0.0003999999999972914,
    "compress_ratio": 0.19878048780487806,
    "compress_ratio_high": 0.2,
    "freq_shift_score": 0.00345853176410138,
    "offset_slope": -6.365210203473965e-05,
    "high_low_energy_ratio": 0.3546312613601309,
    "band_offset_db_1": -0.0008999999999987907,
    "band_offset_db_2": 0.0004000000000008441,
    "band_offset_db_3": -0.00039999999999995595,
    "band_offset_db_4": 0.0
  },
  "system": {
    "probs": {
      "正常": 0.1595773319896644,
      "幅度失准": 0.05522276453432734,
      "频率失准": 0.025215664230246522,
      "参考电平失准": 0.7599842391697633
    },
    "decision": "参考电平失准",
    "confidence": 0.7599842391697633,
    "is_normal": false
  },
  "module": {
    "topk": [
      {
        "module_id": "[校准链路][校准源]",
        "gamma": 0.43749999999999994
      },
      {
        "module_id": "[校准链路][校准路径开关/耦合]",
        "gamma": 0.3125
      },
      {
        "module_id": "[校准链路][校准表/存储]",
        "gamma": 0.25000000000000006
      }
    ],
    "gating": {
      "disabled_modules": [
        "高频段YTF滤波器",
        "高频段混频器",
        "前置放大器",
        "衰减器"
      ],
      "topk_k": 3
    }
  },
  "evidence": {
    "global_offset_db": 0.06589999999999918,
    "hf_std_db": 0.002440803980625739,
    "p95_abs_dev_db": 0.005105000000000533,
    "inside_env_frac": 1.0,
    "peak_freq_mae_hz": 4105.773784753873,
    "peak_freq_outlier_frac": 0.0
  },
  "artifacts": {
    "output_json": "Output/batch_diagnosis/sim_00281_diagnosis.json"
  },
  "system_diagnosis": {
    "probabilities": {
      "正常": 0.1595773319896644,
      "幅度失准": 0.05522276453432734,
      "频率失准": 0.025215664230246522,
      "参考电平失准": 0.7599842391697633
    },
    "predicted_class": "参考电平失准",
    "max_prob": 0.7599842391697633,
    "is_normal": false
  },
  "module_diagnosis": {
    "probabilities": {
      "[校准链路][校准源]": 0.43749999999999994,
      "[校准链路][校准路径开关/耦合]": 0.3125,
      "[校准链路][校准表/存储]": 0.25000000000000006,
      "[RF板][RF] 输入衰减器组": 0.0,
      "[RF板][RF] 低频通路固定滤波/抑制网络": 0.0,
      "[RF板][Mixer1]": 0.0
    },
    "topk": [
      {
        "module": "[校准链路][校准源]",
        "probability": 0.43749999999999994
      },
      {
        "module": "[校准链路][校准路径开关/耦合]",
        "probability": 0.3125
      },
      {
        "module": "[校准链路][校准表/存储]",
        "probability": 0.25000000000000006
      }
    ],
    "disabled_modules": [
      "高频段YTF滤波器",
      "高频段混频器",
      "前置放大器",
      "衰减器"
    ]
  },
  "evidence_detail": {
    "viol_rate": 0.0,
    "envelope_violation": false,
    "violation_max_db": 0.0,
    "violation_energy": 0.08114817042746222,
    "baseline_coverage": 1.0
  },
  "config": {
    "mode": "unified_entry",
    "gating_status": "gated_ok",
    "run_name": null,
    "topk": 3
  },
  "uncertainty": {
    "is_uncertain": false,
    "reason": "",
    "top_class": "参考电平失准",
    "runner_up": "正常",
    "max_prob": 0.7599842391697633,
    "second_prob": 0.1595773319896644,
    "prob_gap": 0.6004069071800989,
    "support_top_features": [],
    "support_runnerup_features": [],
    "conflict_features": [],
    "suggested_actions": []
  },
  "module_validation": {
    "sample_id": "sim_00281",
    "gt_module": "校准源",
    "gt_module_v2": "[校准链路][校准源]",
    "top1": "[校准链路][校准源]",
    "top3": [
      "[校准链路][校准源]",
      "[校准链路][校准路径开关/耦合]",
      "[校准链路][校准表/存储]"
    ],
    "top5": [
      "[校准链路][校准源]",
      "[校准链路][校准路径开关/耦合]",
      "[校准链路][校准表/存储]",
      "[RF板][RF] 输入衰减器组",
      "[RF板][RF] 低频通路固定滤波/抑制网络"
    ],
    "gt_rank": 1,
    "gt_prob": 0.43749999999999994,
    "top1_hit": true,
    "top3_hit": true,
    "top5_hit": true
  },
  "ground_truth": {
    "type": "fault",
    "system_class_en": "ref_error",
    "system_class_cn": "参考电平失准",
    "module": "校准源",
    "module_v2": "[校准链路][校准源]",
    "fault_params": {
      "severity": "mid",
      "tier_target": "edge",
      "type": "ref_miscal",
      "subtype": "ref_error_offset",
      "offset_db": -0.16072792757464457,
      "template_id": "T1",
      "mean_offset_db": 0.06587533622038601
    }
  }
}