{
  "status": "success",
  "meta": {
    "sample_id": "sim_00367",
    "input_file": "/home/runner/work/FMFD-python/FMFD-python/Output/sim_spectrum/raw_curves/sim_00367.csv",
    "operating_condition": {
      "inject_power_dbm": -10.0,
      "freq_start_hz": 10000000.0,
      "freq_end_hz": 8200000000.0,
      "step_hz": 10000000.0,
      "frontend": {
        "low_band_only": true,
        "ac_coupling": true,
        "preamp": false
      }
    }
  },
  "data_points": 820,
  "frequency_range": {
    "min": 10000000.0,
    "max": 8200000000.0
  },
  "features": {
    "X1": -9.95372024390244,
    "X2": 0.0006866133430828221,
    "X3": 0.0003559336443894237,
    "X4": 0.03162546803819121,
    "X5": 0.2842398748780087,
    "X6": 0.0011264732975014868,
    "X7": 0.06519999999999904,
    "X8": 0.026565365853658526,
    "X9": 0.001000170228634654,
    "X10": 0.01718130031076931,
    "X11": 0.0,
    "X12": 0.0,
    "X13": 0.1127092095224342,
    "X14": 0.004505860805860839,
    "X15": 0.011669524261920269,
    "X16": 0.00010111920915671173,
    "X17": 0.0,
    "X18": 0.0,
    "X19": -6.602401415216034e-05,
    "X20": -0.15684057505034144,
    "X21": 1.0,
    "X22": 0.0435341646139216,
    "X23": 8.455985365853514e-05,
    "X24": 0.014952902158468895,
    "X25": 8.455985365853514e-05,
    "X26": 0.0009323903906888108,
    "X27": 0.0001375102040509437,
    "X28": 0.019514137792961447,
    "X29": 0.28396460102001647,
    "X30": 0.005933079268292785,
    "X31": 0.00258212243053685,
    "X32": -3.887937173371284,
    "X33": 0.532318513833234,
    "X34": 0.014861855060299967,
    "X35": 0.0003192008532100105,
    "X36": 0.8392715340486253,
    "X37": 0.03162546803819121,
    "offset_db": -0.020000000000000462,
    "viol_rate_aligned": 0.0,
    "viol_energy_aligned": 0.1127092095224342,
    "global_offset_db": 0.0,
    "shape_rmse": 0.00919564318895286,
    "ripple_hp": 0.0030788140786853083,
    "tail_asym": -0.0031149999999998453,
    "compress_ratio": 0.2,
    "compress_ratio_high": 0.2,
    "freq_shift_score": 0.037020555924631715,
    "offset_slope": -0.0002492688084916162,
    "high_low_energy_ratio": 11.169533340765929,
    "band_offset_db_1": 0.000900000000000567,
    "band_offset_db_2": -0.0003000000000010772,
    "band_offset_db_3": 0.0016999999999995907,
    "band_offset_db_4": -0.0024999999999995026
  },
  "system": {
    "probs": {
      "正常": 0.9985597284609604,
      "幅度失准": 0.000735503050059594,
      "频率失准": 0.0003422762234391639,
      "参考电平失准": 0.00036249216568480606
    },
    "decision": "正常",
    "confidence": 0.9985597284609604,
    "is_normal": true
  },
  "module": {
    "topk": [
      {
        "module_id": "[RF板][RF] 输入连接/匹配/保护",
        "gamma": 0.058823529411764705
      },
      {
        "module_id": "[RF板][RF] 输入衰减器组",
        "gamma": 0.058823529411764705
      },
      {
        "module_id": "[RF板][RF] 低频通路固定滤波/抑制网络",
        "gamma": 0.058823529411764705
      }
    ],
    "gating": {
      "disabled_modules": [
        "高频段YTF滤波器",
        "高频段混频器",
        "前置放大器",
        "衰减器"
      ],
      "topk_k": 3
    }
  },
  "evidence": {
    "global_offset_db": -0.020000000000000462,
    "hf_std_db": 0.005949997366742105,
    "p95_abs_dev_db": 0.017699999999998006,
    "inside_env_frac": 1.0,
    "peak_freq_mae_hz": 4244.560471545044,
    "peak_freq_outlier_frac": 0.0
  },
  "artifacts": {
    "output_json": "Output/batch_diagnosis/sim_00367_diagnosis.json"
  },
  "system_diagnosis": {
    "probabilities": {
      "正常": 0.9985597284609604,
      "幅度失准": 0.000735503050059594,
      "频率失准": 0.0003422762234391639,
      "参考电平失准": 0.00036249216568480606
    },
    "predicted_class": "正常",
    "max_prob": 0.9985597284609604,
    "is_normal": true
  },
  "module_diagnosis": {
    "probabilities": {
      "[RF板][RF] 输入连接/匹配/保护": 0.058823529411764705,
      "[RF板][RF] 输入衰减器组": 0.058823529411764705,
      "[RF板][RF] 低频通路固定滤波/抑制网络": 0.058823529411764705,
      "[RF板][RF] 高频通路固定滤波/抑制网络": 0.058823529411764705,
      "[RF板][Mixer1]": 0.058823529411764705
    },
    "topk": [
      {
        "module": "[RF板][RF] 输入连接/匹配/保护",
        "probability": 0.058823529411764705
      },
      {
        "module": "[RF板][RF] 输入衰减器组",
        "probability": 0.058823529411764705
      },
      {
        "module": "[RF板][RF] 低频通路固定滤波/抑制网络",
        "probability": 0.058823529411764705
      }
    ],
    "disabled_modules": [
      "高频段YTF滤波器",
      "高频段混频器",
      "前置放大器",
      "衰减器"
    ]
  },
  "evidence_detail": {
    "viol_rate": 0.0,
    "envelope_violation": false,
    "violation_max_db": 0.0,
    "violation_energy": 0.1127092095224342,
    "baseline_coverage": 1.0
  },
  "config": {
    "mode": "unified_entry",
    "gating_status": "gated_ok",
    "run_name": null,
    "topk": 3
  },
  "uncertainty": {
    "is_uncertain": false,
    "reason": "",
    "top_class": "正常",
    "runner_up": "幅度失准",
    "max_prob": 0.9985597284609604,
    "second_prob": 0.000735503050059594,
    "prob_gap": 0.9978242254109008,
    "support_top_features": [],
    "support_runnerup_features": [],
    "conflict_features": [],
    "suggested_actions": []
  },
  "module_validation": {
    "sample_id": "sim_00367",
    "gt_module": null,
    "gt_module_v2": null,
    "top1": "[RF板][RF] 输入连接/匹配/保护",
    "top3": [
      "[RF板][RF] 输入连接/匹配/保护",
      "[RF板][RF] 输入衰减器组",
      "[RF板][RF] 低频通路固定滤波/抑制网络"
    ],
    "top5": [
      "[RF板][RF] 输入连接/匹配/保护",
      "[RF板][RF] 输入衰减器组",
      "[RF板][RF] 低频通路固定滤波/抑制网络",
      "[RF板][RF] 高频通路固定滤波/抑制网络",
      "[RF板][Mixer1]"
    ],
    "gt_rank": -1,
    "gt_prob": 0.0,
    "top1_hit": false,
    "top3_hit": false,
    "top5_hit": false
  },
  "ground_truth": {
    "type": "normal",
    "system_class_en": "normal",
    "system_class_cn": "正常",
    "module": null,
    "module_v2": null,
    "fault_params": {
      "severity": "severe",
      "tier_target": "in_spec_weak",
      "type": "normal",
      "normal_state": "normal_state_A"
    }
  }
}