{
  "status": "success",
  "meta": {
    "sample_id": "sim_00382",
    "input_file": "/home/runner/work/FMFD-python/FMFD-python/Output/sim_spectrum/raw_curves/sim_00382.csv",
    "operating_condition": {
      "inject_power_dbm": -10.0,
      "freq_start_hz": 10000000.0,
      "freq_end_hz": 8200000000.0,
      "step_hz": 10000000.0,
      "frontend": {
        "low_band_only": true,
        "ac_coupling": true,
        "preamp": false
      }
    }
  },
  "data_points": 820,
  "frequency_range": {
    "min": 10000000.0,
    "max": 8200000000.0
  },
  "features": {
    "X1": -9.943168170731708,
    "X2": 0.0007239241055258116,
    "X3": 0.00027086270455564356,
    "X4": 0.03009529484307512,
    "X5": 0.24061389935809047,
    "X6": 0.0009624135112879249,
    "X7": 0.08960000000000079,
    "X8": 0.024104512195121938,
    "X9": 0.0009057267716916244,
    "X10": 0.01044355497978109,
    "X11": 0.0,
    "X12": 0.0,
    "X13": 0.019392568225915938,
    "X14": 0.008434432234432377,
    "X15": 0.009944915550341552,
    "X16": -0.0009244920375012037,
    "X17": 0.0,
    "X18": 0.0,
    "X19": -4.860107812956644e-05,
    "X20": 0.432621832461646,
    "X21": 6.0,
    "X22": 0.04171634146778258,
    "X23": 0.00010811240243902546,
    "X24": 0.013505360276132805,
    "X25": 0.00010811240243902546,
    "X26": 0.0006466896358379182,
    "X27": 0.00011694920000566125,
    "X28": 0.010980966324609088,
    "X29": -0.4163308042483111,
    "X30": 0.004701829268292819,
    "X31": 0.005230537526277991,
    "X32": -4.279903778095209,
    "X33": 0.5804979847831528,
    "X34": 0.017946746244240933,
    "X35": 0.0003243120939350979,
    "X36": 0.8198155791047705,
    "X37": 0.03009529484307512,
    "offset_db": -0.009999999999999787,
    "viol_rate_aligned": 0.0,
    "viol_energy_aligned": 0.019392568225915938,
    "global_offset_db": 0.0,
    "shape_rmse": 0.010397711403911221,
    "ripple_hp": 0.0029513734898291926,
    "tail_asym": 0.001200000000000749,
    "compress_ratio": 0.2,
    "compress_ratio_high": 0.2,
    "freq_shift_score": 0.05652601201192964,
    "offset_slope": 0.0013177753888072097,
    "high_low_energy_ratio": 4.896184980820583,
    "band_offset_db_1": 0.0024999999999995026,
    "band_offset_db_2": -0.004600000000001714,
    "band_offset_db_3": -0.0011999999999998678,
    "band_offset_db_4": 0.003300000000001191
  },
  "system": {
    "probs": {
      "正常": 0.9817137712885976,
      "幅度失准": 0.010618212285923996,
      "频率失准": 0.0035800587174615686,
      "参考电平失准": 0.004087957609845508
    },
    "decision": "正常",
    "confidence": 0.9817137712885976,
    "is_normal": true
  },
  "module": {
    "topk": [
      {
        "module_id": "[RF板][RF] 低频通路固定滤波/抑制网络",
        "gamma": 0.19285099242708584
      },
      {
        "module_id": "[数字中频板][ADC] 数字检波与平均",
        "gamma": 0.16790674055593582
      },
      {
        "module_id": "[数字中频板][IF] 中频放大/衰减链",
        "gamma": 0.16360143951604
      }
    ],
    "gating": {
      "disabled_modules": [
        "高频段YTF滤波器",
        "高频段混频器",
        "前置放大器",
        "衰减器"
      ],
      "topk_k": 3
    }
  },
  "evidence": {
    "global_offset_db": -0.009999999999999787,
    "hf_std_db": 0.005793215446519557,
    "p95_abs_dev_db": 0.018805000000000578,
    "inside_env_frac": 1.0,
    "peak_freq_mae_hz": 4135.0270268265,
    "peak_freq_outlier_frac": 0.0
  },
  "artifacts": {
    "output_json": "Output/batch_diagnosis/sim_00382_diagnosis.json"
  },
  "system_diagnosis": {
    "probabilities": {
      "正常": 0.9817137712885976,
      "幅度失准": 0.010618212285923996,
      "频率失准": 0.0035800587174615686,
      "参考电平失准": 0.004087957609845508
    },
    "predicted_class": "正常",
    "max_prob": 0.9817137712885976,
    "is_normal": true
  },
  "module_diagnosis": {
    "probabilities": {
      "[RF板][RF] 低频通路固定滤波/抑制网络": 0.19285099242708584,
      "[数字中频板][ADC] 数字检波与平均": 0.16790674055593582,
      "[数字中频板][IF] 中频放大/衰减链": 0.16360143951604,
      "[RF板][Mixer1]": 0.13965071865409664,
      "[数字中频板][DSP] 数字增益/偏置校准": 0.10332722495749894,
      "[RF板][RF] 输入连接/匹配/保护": 0.08866712295498201,
      "[数字中频板][IF] RBW数字滤波器": 0.07749541871812422,
      "[RF板][RF] 输入衰减器组": 0.03325017110811825,
      "[RF板][RF] 高频通路固定滤波/抑制网络": 0.03325017110811825
    },
    "topk": [
      {
        "module": "[RF板][RF] 低频通路固定滤波/抑制网络",
        "probability": 0.19285099242708584
      },
      {
        "module": "[数字中频板][ADC] 数字检波与平均",
        "probability": 0.16790674055593582
      },
      {
        "module": "[数字中频板][IF] 中频放大/衰减链",
        "probability": 0.16360143951604
      }
    ],
    "disabled_modules": [
      "高频段YTF滤波器",
      "高频段混频器",
      "前置放大器",
      "衰减器"
    ]
  },
  "evidence_detail": {
    "viol_rate": 0.0,
    "envelope_violation": false,
    "violation_max_db": 0.0,
    "violation_energy": 0.019392568225915938,
    "baseline_coverage": 1.0
  },
  "config": {
    "mode": "unified_entry",
    "gating_status": "gated_ok",
    "run_name": null,
    "topk": 3
  },
  "uncertainty": {
    "is_uncertain": false,
    "reason": "",
    "top_class": "正常",
    "runner_up": "幅度失准",
    "max_prob": 0.9817137712885976,
    "second_prob": 0.010618212285923996,
    "prob_gap": 0.9710955590026736,
    "support_top_features": [],
    "support_runnerup_features": [],
    "conflict_features": [],
    "suggested_actions": []
  },
  "module_validation": {
    "sample_id": "sim_00382",
    "gt_module": null,
    "gt_module_v2": null,
    "top1": "[RF板][RF] 低频通路固定滤波/抑制网络",
    "top3": [
      "[RF板][RF] 低频通路固定滤波/抑制网络",
      "[数字中频板][ADC] 数字检波与平均",
      "[数字中频板][IF] 中频放大/衰减链"
    ],
    "top5": [
      "[RF板][RF] 低频通路固定滤波/抑制网络",
      "[数字中频板][ADC] 数字检波与平均",
      "[数字中频板][IF] 中频放大/衰减链",
      "[RF板][Mixer1]",
      "[数字中频板][DSP] 数字增益/偏置校准"
    ],
    "gt_rank": -1,
    "gt_prob": 0.0,
    "top1_hit": false,
    "top3_hit": false,
    "top5_hit": false
  },
  "ground_truth": {
    "type": "normal",
    "system_class_en": "normal",
    "system_class_cn": "正常",
    "module": null,
    "module_v2": null,
    "fault_params": {
      "severity": "mid",
      "tier_target": "in_spec_weak",
      "type": "normal",
      "normal_state": "normal_state_A"
    }
  }
}