{
  "status": "success",
  "meta": {
    "sample_id": "sim_00171",
    "input_file": "/home/runner/work/FMFD-python/FMFD-python/Output/sim_spectrum/raw_curves/sim_00171.csv",
    "operating_condition": {
      "inject_power_dbm": -10.0,
      "freq_start_hz": 10000000.0,
      "freq_end_hz": 8200000000.0,
      "step_hz": 10000000.0,
      "frontend": {
        "low_band_only": true,
        "ac_coupling": true,
        "preamp": false
      }
    }
  },
  "data_points": 820,
  "frequency_range": {
    "min": 10000000.0,
    "max": 8200000000.0
  },
  "features": {
    "X1": -9.93307219512195,
    "X2": 0.0005850930105674545,
    "X3": 0.00023233836192235703,
    "X4": 0.030428308143018473,
    "X5": 0.2951851144766088,
    "X6": 0.0010779922512790022,
    "X7": 0.06320000000000014,
    "X8": 0.026001707317073176,
    "X9": 0.0009258819364464843,
    "X10": 0.015171753004600282,
    "X11": 0.0,
    "X12": 0.0,
    "X13": 0.607296898003137,
    "X14": 0.0023336996336996217,
    "X15": 0.011229297833870073,
    "X16": -0.06327240281231811,
    "X17": 0.0004999999999999449,
    "X18": 0.0,
    "X19": -6.641863186192248e-05,
    "X20": 0.05156142182016277,
    "X21": 6.0,
    "X22": 0.04234214980315697,
    "X23": 6.0963475745044094e-05,
    "X24": 0.06769158680811205,
    "X25": 6.492892682926725e-05,
    "X26": 0.00037412181219256395,
    "X27": 0.00011012922950814295,
    "X28": -0.22286821703262955,
    "X29": 1.1722560957964039,
    "X30": 0.0019950738734757197,
    "X31": 0.0037282642054610664,
    "X32": -1.6637423947471777,
    "X33": 0.5019610926883274,
    "X34": 0.016864030997572887,
    "X35": 0.0002716162513920778,
    "X36": 0.8524064084289295,
    "X37": 0.030428308143018473,
    "offset_db": 0.0015000000000000568,
    "viol_rate_aligned": 0.0,
    "viol_energy_aligned": 0.607296898003137,
    "global_offset_db": 0.0,
    "shape_rmse": 0.00805784877180425,
    "ripple_hp": 0.006389234662644129,
    "tail_asym": -0.005529999999997858,
    "compress_ratio": 0.2,
    "compress_ratio_high": 0.2,
    "freq_shift_score": 0.028960426501170256,
    "offset_slope": -0.0007117846949105114,
    "high_low_energy_ratio": 4.394663599707409,
    "band_offset_db_1": 0.0028999999999994586,
    "band_offset_db_2": 0.0005999999999986017,
    "band_offset_db_3": 0.0005499999999996064,
    "band_offset_db_4": -0.002100000000000435
  },
  "system": {
    "probs": {
      "正常": 0.788714366599913,
      "幅度失准": 0.013822400981516235,
      "频率失准": 0.18709548094609563,
      "参考电平失准": 0.010367751393603755
    },
    "decision": "正常",
    "confidence": 0.788714366599913,
    "is_normal": true
  },
  "module": {
    "topk": [
      {
        "module_id": "[LO/时钟板][LO1] 合成链",
        "gamma": 0.35
      },
      {
        "module_id": "[时钟板][参考域] 10MHz 基准 OCXO",
        "gamma": 0.35
      },
      {
        "module_id": "[时钟板][参考分配]",
        "gamma": 0.3
      }
    ],
    "gating": {
      "disabled_modules": [
        "高频段YTF滤波器",
        "高频段混频器",
        "前置放大器",
        "衰减器"
      ],
      "topk_k": 3
    }
  },
  "evidence": {
    "global_offset_db": 0.0015000000000000568,
    "hf_std_db": 0.005294926624238629,
    "p95_abs_dev_db": 0.01261999999999908,
    "inside_env_frac": 1.0,
    "peak_freq_mae_hz": 3207031.354332595,
    "peak_freq_outlier_frac": 0.05609756097560976
  },
  "artifacts": {
    "output_json": "Output/batch_diagnosis/sim_00171_diagnosis.json"
  },
  "system_diagnosis": {
    "probabilities": {
      "正常": 0.788714366599913,
      "幅度失准": 0.013822400981516235,
      "频率失准": 0.18709548094609563,
      "参考电平失准": 0.010367751393603755
    },
    "predicted_class": "正常",
    "max_prob": 0.788714366599913,
    "is_normal": true
  },
  "module_diagnosis": {
    "probabilities": {
      "[LO/时钟板][LO1] 合成链": 0.35,
      "[时钟板][参考域] 10MHz 基准 OCXO": 0.35,
      "[时钟板][参考分配]": 0.3
    },
    "topk": [
      {
        "module": "[LO/时钟板][LO1] 合成链",
        "probability": 0.35
      },
      {
        "module": "[时钟板][参考域] 10MHz 基准 OCXO",
        "probability": 0.35
      },
      {
        "module": "[时钟板][参考分配]",
        "probability": 0.3
      }
    ],
    "disabled_modules": [
      "高频段YTF滤波器",
      "高频段混频器",
      "前置放大器",
      "衰减器"
    ]
  },
  "evidence_detail": {
    "viol_rate": 0.0,
    "envelope_violation": false,
    "violation_max_db": 0.0,
    "violation_energy": 0.607296898003137,
    "baseline_coverage": 1.0
  },
  "config": {
    "mode": "unified_entry",
    "gating_status": "gated_ok",
    "run_name": null,
    "topk": 3
  },
  "uncertainty": {
    "is_uncertain": false,
    "reason": "",
    "top_class": "正常",
    "runner_up": "频率失准",
    "max_prob": 0.788714366599913,
    "second_prob": 0.18709548094609563,
    "prob_gap": 0.6016188856538174,
    "support_top_features": [],
    "support_runnerup_features": [],
    "conflict_features": [],
    "suggested_actions": []
  },
  "module_validation": {
    "sample_id": "sim_00171",
    "gt_module": "时钟合成与同步网络",
    "gt_module_v2": "[LO/时钟板][LO1] 合成链",
    "top1": "[LO/时钟板][LO1] 合成链",
    "top3": [
      "[LO/时钟板][LO1] 合成链",
      "[时钟板][参考域] 10MHz 基准 OCXO",
      "[时钟板][参考分配]"
    ],
    "top5": [
      "[LO/时钟板][LO1] 合成链",
      "[时钟板][参考域] 10MHz 基准 OCXO",
      "[时钟板][参考分配]"
    ],
    "gt_rank": 1,
    "gt_prob": 0.35,
    "top1_hit": true,
    "top3_hit": true,
    "top5_hit": true
  },
  "ground_truth": {
    "type": "fault",
    "system_class_en": "freq_error",
    "system_class_cn": "频率失准",
    "module": "时钟合成与同步网络",
    "module_v2": "[LO/时钟板][LO1] 合成链",
    "fault_params": {
      "severity": "mid",
      "tier_target": "edge",
      "delta_f_hz": 163800.0,
      "ppm": 20.0,
      "shift_bins": 0.01638,
      "bandwidth_hz": 8190000000.0,
      "warp_scale": 0.9996077424235414,
      "warp_bias": 1.997560975609756e-05,
      "type": "freq_miscal",
      "track_type": "hole",
      "template_id": "T8",
      "forced_peak_track_type": true,
      "peak_track_profile": {
        "bands": [
          {
            "start_hz": 5395006865.730332,
            "end_hz": 5880772397.355285,
            "center_hz": 5637889631.542809,
            "width_hz": 485765531.6249529,
            "amplitude_hz": 57431928.78975205,
            "ramp_hz": 34824001.574778
          }
        ],
        "track_type": "hole"
      },
      "freq_amp_coupling": {
        "bias_db_min": -0.1,
        "bias_db_max": -0.02
      }
    }
  }
}