{
  "status": "success",
  "meta": {
    "sample_id": "sim_00070",
    "input_file": "/home/runner/work/FMFD-python/FMFD-python/Output/sim_spectrum/raw_curves/sim_00070.csv",
    "operating_condition": {
      "inject_power_dbm": -10.0,
      "freq_start_hz": 10000000.0,
      "freq_end_hz": 8200000000.0,
      "step_hz": 10000000.0,
      "frontend": {
        "low_band_only": true,
        "ac_coupling": true,
        "preamp": false
      }
    }
  },
  "data_points": 820,
  "frequency_range": {
    "min": 10000000.0,
    "max": 8200000000.0
  },
  "features": {
    "X1": -9.93307280487805,
    "X2": 0.003311903412114151,
    "X3": -7.73740698951656e-07,
    "X4": 0.05640339352903266,
    "X5": 0.28560793486096625,
    "X6": 0.00327178305310827,
    "X7": 0.14779999999999838,
    "X8": 0.04644060975609757,
    "X9": 0.0031813428015909236,
    "X10": 0.014608310606348896,
    "X11": 0.020731707317073172,
    "X12": 0.06502306196884078,
    "X13": 0.5071495447715425,
    "X14": 0.041549450549450584,
    "X15": 0.04608917614018087,
    "X16": 0.03152688312021288,
    "X17": 0.0,
    "X18": 0.0,
    "X19": 0.0001112016826621749,
    "X20": 0.045930766775411414,
    "X21": 8.0,
    "X22": 0.05499029697903051,
    "X23": 0.002160178012195129,
    "X24": 0.5293943062742228,
    "X25": 0.002160178012195129,
    "X26": 5.3529961453473445e-05,
    "X27": 0.00026430682241756906,
    "X28": 0.036822366177665364,
    "X29": -0.13215892105187582,
    "X30": 0.06610625000000006,
    "X31": 0.006812396369055045,
    "X32": -2.1181071805262195,
    "X33": 0.65277028004754,
    "X34": 0.019639621618226164,
    "X35": 0.0013941363310329639,
    "X36": 0.7805863074452651,
    "X37": 0.05640339352903266,
    "offset_db": -0.001700000000000479,
    "viol_rate_aligned": 0.020731707317073172,
    "viol_energy_aligned": 0.5071495447715425,
    "global_offset_db": 8.881784197001252e-16,
    "shape_rmse": 0.04647771522133081,
    "ripple_hp": 0.0329452015748387,
    "tail_asym": 0.0074100000000003885,
    "compress_ratio": 0.2,
    "compress_ratio_high": 0.2,
    "freq_shift_score": 0.4144782994834094,
    "offset_slope": 0.00048092035510714814,
    "high_low_energy_ratio": 0.5582050330961597,
    "band_offset_db_1": -0.06170000000000009,
    "band_offset_db_2": -0.005300000000000082,
    "band_offset_db_3": 0.0009000000000014552,
    "band_offset_db_4": 0.009800000000000253
  },
  "system": {
    "probs": {
      "正常": 0.001615088781902576,
      "幅度失准": 0.9839014545770692,
      "频率失准": 0.014479463449712918,
      "参考电平失准": 3.993092925031098e-06
    },
    "decision": "幅度失准",
    "confidence": 0.9839014545770692,
    "is_normal": false
  },
  "module": {
    "topk": [
      {
        "module_id": "[RF板][RF] 低频通路固定滤波/抑制网络",
        "gamma": 0.19285099242708584
      },
      {
        "module_id": "[数字中频板][ADC] 数字检波与平均",
        "gamma": 0.16790674055593582
      },
      {
        "module_id": "[数字中频板][IF] 中频放大/衰减链",
        "gamma": 0.16360143951603998
      }
    ],
    "gating": {
      "disabled_modules": [
        "高频段YTF滤波器",
        "高频段混频器",
        "前置放大器",
        "衰减器"
      ],
      "topk_k": 3
    }
  },
  "evidence": {
    "global_offset_db": -0.001700000000000479,
    "hf_std_db": 0.03077056578464201,
    "p95_abs_dev_db": 0.07780999999999824,
    "inside_env_frac": 0.9792682926829268,
    "peak_freq_mae_hz": 4072.8385258102926,
    "peak_freq_outlier_frac": 0.0
  },
  "artifacts": {
    "output_json": "Output/batch_diagnosis/sim_00070_diagnosis.json"
  },
  "system_diagnosis": {
    "probabilities": {
      "正常": 0.001615088781902576,
      "幅度失准": 0.9839014545770692,
      "频率失准": 0.014479463449712918,
      "参考电平失准": 3.993092925031098e-06
    },
    "predicted_class": "幅度失准",
    "max_prob": 0.9839014545770692,
    "is_normal": false
  },
  "module_diagnosis": {
    "probabilities": {
      "[RF板][RF] 低频通路固定滤波/抑制网络": 0.19285099242708584,
      "[数字中频板][ADC] 数字检波与平均": 0.16790674055593582,
      "[数字中频板][IF] 中频放大/衰减链": 0.16360143951603998,
      "[RF板][Mixer1]": 0.13965071865409664,
      "[数字中频板][DSP] 数字增益/偏置校准": 0.10332722495749894,
      "[RF板][RF] 输入连接/匹配/保护": 0.08866712295498201,
      "[数字中频板][IF] RBW数字滤波器": 0.07749541871812422,
      "[RF板][RF] 输入衰减器组": 0.03325017110811825,
      "[RF板][RF] 高频通路固定滤波/抑制网络": 0.03325017110811825
    },
    "topk": [
      {
        "module": "[RF板][RF] 低频通路固定滤波/抑制网络",
        "probability": 0.19285099242708584
      },
      {
        "module": "[数字中频板][ADC] 数字检波与平均",
        "probability": 0.16790674055593582
      },
      {
        "module": "[数字中频板][IF] 中频放大/衰减链",
        "probability": 0.16360143951603998
      }
    ],
    "disabled_modules": [
      "高频段YTF滤波器",
      "高频段混频器",
      "前置放大器",
      "衰减器"
    ]
  },
  "evidence_detail": {
    "viol_rate": 0.020731707317073172,
    "envelope_violation": false,
    "violation_max_db": 0.06502306196884078,
    "violation_energy": 0.5071495447715425,
    "baseline_coverage": 0.9792682926829268
  },
  "config": {
    "mode": "unified_entry",
    "gating_status": "gated_ok",
    "run_name": null,
    "topk": 3
  },
  "uncertainty": {
    "is_uncertain": false,
    "reason": "",
    "top_class": "幅度失准",
    "runner_up": "频率失准",
    "max_prob": 0.9839014545770692,
    "second_prob": 0.014479463449712918,
    "prob_gap": 0.9694219911273563,
    "support_top_features": [],
    "support_runnerup_features": [],
    "conflict_features": [],
    "suggested_actions": []
  },
  "module_validation": {
    "sample_id": "sim_00070",
    "gt_module": "电源模块",
    "gt_module_v2": "[RF板][RF] 输入连接/匹配/保护",
    "top1": "[RF板][RF] 低频通路固定滤波/抑制网络",
    "top3": [
      "[RF板][RF] 低频通路固定滤波/抑制网络",
      "[数字中频板][ADC] 数字检波与平均",
      "[数字中频板][IF] 中频放大/衰减链"
    ],
    "top5": [
      "[RF板][RF] 低频通路固定滤波/抑制网络",
      "[数字中频板][ADC] 数字检波与平均",
      "[数字中频板][IF] 中频放大/衰减链",
      "[RF板][Mixer1]",
      "[数字中频板][DSP] 数字增益/偏置校准"
    ],
    "gt_rank": 6,
    "gt_prob": 0.08866712295498201,
    "top1_hit": false,
    "top3_hit": false,
    "top5_hit": false
  },
  "ground_truth": {
    "type": "fault",
    "system_class_en": "amp_error",
    "system_class_cn": "幅度失准",
    "module": "电源模块",
    "module_v2": "[RF板][RF] 输入连接/匹配/保护",
    "fault_params": {
      "severity": "mid",
      "tier_target": "in_spec_weak",
      "type": "power_noise",
      "subtype": "amp_error_ripple",
      "spike_count": 9.0,
      "spike_amp_db": 0.1776838212663201,
      "template_id": "T5"
    }
  }
}