{
  "status": "success",
  "meta": {
    "sample_id": "sim_00289",
    "input_file": "/home/runner/work/FMFD-python/FMFD-python/Output/sim_spectrum/raw_curves/sim_00289.csv",
    "operating_condition": {
      "inject_power_dbm": -10.0,
      "freq_start_hz": 10000000.0,
      "freq_end_hz": 8200000000.0,
      "step_hz": 10000000.0,
      "frontend": {
        "low_band_only": true,
        "ac_coupling": true,
        "preamp": false
      }
    }
  },
  "data_points": 820,
  "frequency_range": {
    "min": 10000000.0,
    "max": 8200000000.0
  },
  "features": {
    "X1": -9.86147731707317,
    "X2": 0.0005878428499487748,
    "X3": 0.00021829145865358577,
    "X4": 0.0284507950526112,
    "X5": 0.2600670999576869,
    "X6": 0.0009341448513384893,
    "X7": 0.0843999999999987,
    "X8": 0.024264878048780504,
    "X9": 0.0008094477391256858,
    "X10": 0.014858365570416482,
    "X11": 0.0,
    "X12": 0.0,
    "X13": 0.06296300749037793,
    "X14": 0.0012769230769231136,
    "X15": 0.0022943232905835104,
    "X16": 0.001777318078568886,
    "X17": 0.0,
    "X18": 0.0,
    "X19": -6.652351966122548e-05,
    "X20": 0.010154270600092996,
    "X21": 5.0,
    "X22": 0.03988614836240696,
    "X23": 4.235878048780044e-06,
    "X24": 0.00594457362807721,
    "X25": 4.235878048780044e-06,
    "X26": 0.0002903876959594407,
    "X27": 3.8187956526101576e-05,
    "X28": -0.22448979587234594,
    "X29": -0.035226520652088804,
    "X30": -0.00045839463335634045,
    "X31": 0.0010203085348296148,
    "X32": -0.8485125683113374,
    "X33": 0.5798393303669922,
    "X34": 0.014941418324722915,
    "X35": 0.00031407224922140657,
    "X36": 0.8049228810455491,
    "X37": 0.0284507950526112,
    "offset_db": 0.07189999999999941,
    "viol_rate_aligned": 0.0,
    "viol_energy_aligned": 0.06296300749037793,
    "global_offset_db": 0.0,
    "shape_rmse": 0.0020581248865848847,
    "ripple_hp": 0.0019301289232249524,
    "tail_asym": -0.0013949999999986187,
    "compress_ratio": 0.18658536585365854,
    "compress_ratio_high": 0.1864406779661017,
    "freq_shift_score": 0.002167704306784146,
    "offset_slope": -0.0002189884425111512,
    "high_low_energy_ratio": 0.7620555757190064,
    "band_offset_db_1": 0.000600000000000378,
    "band_offset_db_2": 0.00019999999999953388,
    "band_offset_db_3": -0.0008499999999997954,
    "band_offset_db_4": 9.999999999976694e-05
  },
  "system": {
    "probs": {
      "正常": 0.8577617532396846,
      "幅度失准": 0.018619866636197392,
      "频率失准": 0.01745887985536435,
      "参考电平失准": 0.10615950018297743
    },
    "decision": "正常",
    "confidence": 0.8577617532396846,
    "is_normal": true
  },
  "module": {
    "topk": [
      {
        "module_id": "[校准链路][校准源]",
        "gamma": 0.37221523489022434
      },
      {
        "module_id": "[校准链路][校准路径开关/耦合]",
        "gamma": 0.26586802492158884
      },
      {
        "module_id": "[校准链路][校准表/存储]",
        "gamma": 0.21269441993727115
      }
    ],
    "gating": {
      "disabled_modules": [
        "高频段YTF滤波器",
        "高频段混频器",
        "前置放大器",
        "衰减器"
      ],
      "topk_k": 3
    }
  },
  "evidence": {
    "global_offset_db": 0.07189999999999941,
    "hf_std_db": 0.0015560555792522475,
    "p95_abs_dev_db": 0.004315000000000499,
    "inside_env_frac": 1.0,
    "peak_freq_mae_hz": 3944.2061195524047,
    "peak_freq_outlier_frac": 0.0
  },
  "artifacts": {
    "output_json": "Output/batch_diagnosis/sim_00289_diagnosis.json"
  },
  "system_diagnosis": {
    "probabilities": {
      "正常": 0.8577617532396846,
      "幅度失准": 0.018619866636197392,
      "频率失准": 0.01745887985536435,
      "参考电平失准": 0.10615950018297743
    },
    "predicted_class": "正常",
    "max_prob": 0.8577617532396846,
    "is_normal": true
  },
  "module_diagnosis": {
    "probabilities": {
      "[校准链路][校准源]": 0.37221523489022434,
      "[校准链路][校准路径开关/耦合]": 0.26586802492158884,
      "[校准链路][校准表/存储]": 0.21269441993727115,
      "[RF板][RF] 低频通路固定滤波/抑制网络": 0.02877767255266153,
      "[数字中频板][ADC] 数字检波与平均": 0.025055433411525274,
      "[数字中频板][IF] 中频放大/衰减链": 0.02441298640097334,
      "[RF板][Mixer1]": 0.02083900426227214,
      "[数字中频板][DSP] 数字增益/偏置校准": 0.015418728253246318,
      "[RF板][RF] 输入连接/匹配/保护": 0.013231113817315647,
      "[数字中频板][IF] RBW数字滤波器": 0.011564046189934741
    },
    "topk": [
      {
        "module": "[校准链路][校准源]",
        "probability": 0.37221523489022434
      },
      {
        "module": "[校准链路][校准路径开关/耦合]",
        "probability": 0.26586802492158884
      },
      {
        "module": "[校准链路][校准表/存储]",
        "probability": 0.21269441993727115
      }
    ],
    "disabled_modules": [
      "高频段YTF滤波器",
      "高频段混频器",
      "前置放大器",
      "衰减器"
    ]
  },
  "evidence_detail": {
    "viol_rate": 0.0,
    "envelope_violation": false,
    "violation_max_db": 0.0,
    "violation_energy": 0.06296300749037793,
    "baseline_coverage": 1.0
  },
  "config": {
    "mode": "unified_entry",
    "gating_status": "gated_ok",
    "run_name": null,
    "topk": 3
  },
  "uncertainty": {
    "is_uncertain": false,
    "reason": "",
    "top_class": "正常",
    "runner_up": "参考电平失准",
    "max_prob": 0.8577617532396846,
    "second_prob": 0.10615950018297743,
    "prob_gap": 0.7516022530567072,
    "support_top_features": [],
    "support_runnerup_features": [],
    "conflict_features": [],
    "suggested_actions": []
  },
  "module_validation": {
    "sample_id": "sim_00289",
    "gt_module": "校准信号开关",
    "gt_module_v2": "[校准链路][校准路径开关/耦合]",
    "top1": "[校准链路][校准源]",
    "top3": [
      "[校准链路][校准源]",
      "[校准链路][校准路径开关/耦合]",
      "[校准链路][校准表/存储]"
    ],
    "top5": [
      "[校准链路][校准源]",
      "[校准链路][校准路径开关/耦合]",
      "[校准链路][校准表/存储]",
      "[RF板][RF] 低频通路固定滤波/抑制网络",
      "[数字中频板][ADC] 数字检波与平均"
    ],
    "gt_rank": 2,
    "gt_prob": 0.26586802492158884,
    "top1_hit": false,
    "top3_hit": true,
    "top5_hit": true
  },
  "ground_truth": {
    "type": "fault",
    "system_class_en": "ref_error",
    "system_class_cn": "参考电平失准",
    "module": "校准信号开关",
    "module_v2": "[校准链路][校准路径开关/耦合]",
    "fault_params": {
      "severity": "mid",
      "tier_target": "mild_oos",
      "type": "ref_miscal",
      "subtype": "ref_error_offset",
      "offset_db": 0.13755593407254302,
      "template_id": "T1",
      "mean_offset_db": 0.07159612010431723
    }
  }
}