{
  "status": "success",
  "meta": {
    "sample_id": "sim_00090",
    "input_file": "/home/runner/work/FMFD-python/FMFD-python/Output/sim_spectrum/raw_curves/sim_00090.csv",
    "operating_condition": {
      "inject_power_dbm": -10.0,
      "freq_start_hz": 10000000.0,
      "freq_end_hz": 8200000000.0,
      "step_hz": 10000000.0,
      "frontend": {
        "low_band_only": true,
        "ac_coupling": true,
        "preamp": false
      }
    }
  },
  "data_points": 820,
  "frequency_range": {
    "min": 10000000.0,
    "max": 8200000000.0
  },
  "features": {
    "X1": -9.933073536585367,
    "X2": 0.0008198384414039257,
    "X3": 0.00024592140165682067,
    "X4": 0.03217583964490525,
    "X5": 0.2535630068656414,
    "X6": 0.0011428901899315875,
    "X7": 0.08199999999999896,
    "X8": 0.0266223170731707,
    "X9": 0.0010352846568546566,
    "X10": 0.014478008778029561,
    "X11": 0.0,
    "X12": 0.0,
    "X13": 0.0,
    "X14": 0.011535531135531046,
    "X15": 0.013536333832882826,
    "X16": 0.006451723128014541,
    "X17": 0.0,
    "X18": 0.0,
    "X19": -7.088994442197951e-05,
    "X20": 0.2574046621001296,
    "X21": 4.0,
    "X22": 0.03747771891594913,
    "X23": 0.0001817365243902422,
    "X24": 0.006200184088741345,
    "X25": 0.0001817365243902422,
    "X26": 0.00028613104401408753,
    "X27": 1.0818802065267428e-05,
    "X28": -0.010746910262947119,
    "X29": 0.03221649738531266,
    "X30": 0.010234451219512334,
    "X31": 0.0008517215480889282,
    "X32": -9.314548817432037,
    "X33": 0.5258152157414259,
    "X34": 0.017700613755307824,
    "X35": 0.00031598815533401536,
    "X36": 0.8467047452316478,
    "X37": 0.03217583964490525,
    "offset_db": 9.999999999976694e-05,
    "viol_rate_aligned": 0.0,
    "viol_energy_aligned": 0.0,
    "global_offset_db": 0.0,
    "shape_rmse": 0.013480968970746954,
    "ripple_hp": 0.001976416523886761,
    "tail_asym": -0.0003049999999975121,
    "compress_ratio": 0.19878048780487806,
    "compress_ratio_high": 0.2,
    "freq_shift_score": 0.08292512090541371,
    "offset_slope": 0.00011621747235668659,
    "high_low_energy_ratio": 0.7567519885472579,
    "band_offset_db_1": -0.014499999999999957,
    "band_offset_db_2": 0.0005000000000006111,
    "band_offset_db_3": -0.0012499999999988631,
    "band_offset_db_4": 0.0010000000000012221
  },
  "system": {
    "probs": {
      "正常": 0.9942621975735183,
      "幅度失准": 0.004537954384967535,
      "频率失准": 0.0005524687689226938,
      "参考电平失准": 0.000647379173165145
    },
    "decision": "正常",
    "confidence": 0.9942621975735183,
    "is_normal": true
  },
  "module": {
    "topk": [
      {
        "module_id": "[RF板][RF] 输入连接/匹配/保护",
        "gamma": 0.058823529411764705
      },
      {
        "module_id": "[RF板][RF] 输入衰减器组",
        "gamma": 0.058823529411764705
      },
      {
        "module_id": "[RF板][RF] 低频通路固定滤波/抑制网络",
        "gamma": 0.058823529411764705
      }
    ],
    "gating": {
      "disabled_modules": [
        "高频段YTF滤波器",
        "高频段混频器",
        "前置放大器",
        "衰减器"
      ],
      "topk_k": 3
    }
  },
  "evidence": {
    "global_offset_db": 9.999999999976694e-05,
    "hf_std_db": 0.01604852189649424,
    "p95_abs_dev_db": 0.022105000000001592,
    "inside_env_frac": 1.0,
    "peak_freq_mae_hz": 4006.116936972367,
    "peak_freq_outlier_frac": 0.0
  },
  "artifacts": {
    "output_json": "Output/batch_diagnosis/sim_00090_diagnosis.json"
  },
  "system_diagnosis": {
    "probabilities": {
      "正常": 0.9942621975735183,
      "幅度失准": 0.004537954384967535,
      "频率失准": 0.0005524687689226938,
      "参考电平失准": 0.000647379173165145
    },
    "predicted_class": "正常",
    "max_prob": 0.9942621975735183,
    "is_normal": true
  },
  "module_diagnosis": {
    "probabilities": {
      "[RF板][RF] 输入连接/匹配/保护": 0.058823529411764705,
      "[RF板][RF] 输入衰减器组": 0.058823529411764705,
      "[RF板][RF] 低频通路固定滤波/抑制网络": 0.058823529411764705,
      "[RF板][RF] 高频通路固定滤波/抑制网络": 0.058823529411764705,
      "[RF板][Mixer1]": 0.058823529411764705
    },
    "topk": [
      {
        "module": "[RF板][RF] 输入连接/匹配/保护",
        "probability": 0.058823529411764705
      },
      {
        "module": "[RF板][RF] 输入衰减器组",
        "probability": 0.058823529411764705
      },
      {
        "module": "[RF板][RF] 低频通路固定滤波/抑制网络",
        "probability": 0.058823529411764705
      }
    ],
    "disabled_modules": [
      "高频段YTF滤波器",
      "高频段混频器",
      "前置放大器",
      "衰减器"
    ]
  },
  "evidence_detail": {
    "viol_rate": 0.0,
    "envelope_violation": false,
    "violation_max_db": 0.0,
    "violation_energy": 0.0,
    "baseline_coverage": 1.0
  },
  "config": {
    "mode": "unified_entry",
    "gating_status": "gated_ok",
    "run_name": null,
    "topk": 3
  },
  "uncertainty": {
    "is_uncertain": false,
    "reason": "",
    "top_class": "正常",
    "runner_up": "幅度失准",
    "max_prob": 0.9942621975735183,
    "second_prob": 0.004537954384967535,
    "prob_gap": 0.9897242431885508,
    "support_top_features": [],
    "support_runnerup_features": [],
    "conflict_features": [],
    "suggested_actions": []
  },
  "module_validation": {
    "sample_id": "sim_00090",
    "gt_module": "ADC",
    "gt_module_v2": "[数字中频板][ADC]",
    "top1": "[RF板][RF] 输入连接/匹配/保护",
    "top3": [
      "[RF板][RF] 输入连接/匹配/保护",
      "[RF板][RF] 输入衰减器组",
      "[RF板][RF] 低频通路固定滤波/抑制网络"
    ],
    "top5": [
      "[RF板][RF] 输入连接/匹配/保护",
      "[RF板][RF] 输入衰减器组",
      "[RF板][RF] 低频通路固定滤波/抑制网络",
      "[RF板][RF] 高频通路固定滤波/抑制网络",
      "[RF板][Mixer1]"
    ],
    "gt_rank": -1,
    "gt_prob": 0.0,
    "top1_hit": false,
    "top3_hit": false,
    "top5_hit": false
  },
  "ground_truth": {
    "type": "fault",
    "system_class_en": "amp_error",
    "system_class_cn": "幅度失准",
    "module": "ADC",
    "module_v2": "[数字中频板][ADC]",
    "fault_params": {
      "severity": "light",
      "tier_target": "in_spec_weak",
      "type": "adc_bias",
      "subtype": "amp_error_offset",
      "offset_db": -0.050707078944228996,
      "template_id": "T1"
    }
  }
}