{
  "status": "success",
  "meta": {
    "sample_id": "sim_00261",
    "input_file": "/home/runner/work/FMFD-python/FMFD-python/Output/sim_spectrum/raw_curves/sim_00261.csv",
    "operating_condition": {
      "inject_power_dbm": -10.0,
      "freq_start_hz": 10000000.0,
      "freq_end_hz": 8200000000.0,
      "step_hz": 10000000.0,
      "frontend": {
        "low_band_only": true,
        "ac_coupling": true,
        "preamp": false
      }
    }
  },
  "data_points": 820,
  "frequency_range": {
    "min": 10000000.0,
    "max": 8200000000.0
  },
  "features": {
    "X1": -9.983815609756098,
    "X2": 0.0006653649168401768,
    "X3": 0.00023917824058329566,
    "X4": 0.02938352775708632,
    "X5": 0.2668597433485998,
    "X6": 0.0009074734148721008,
    "X7": 0.08740000000000059,
    "X8": 0.023808536585365858,
    "X9": 0.0008633917034514624,
    "X10": 0.012535001907211024,
    "X11": 0.0,
    "X12": 0.0,
    "X13": 0.12482643023125375,
    "X14": 0.004651648351648514,
    "X15": 0.004536928898111859,
    "X16": -0.006213395375477908,
    "X17": 0.0,
    "X18": 0.0,
    "X19": -3.032218523210193e-05,
    "X20": -0.019759265511759327,
    "X21": 5.0,
    "X22": 0.040299863193939245,
    "X23": 3.1918682926830146e-05,
    "X24": 0.03240169347979649,
    "X25": 3.1918682926830146e-05,
    "X26": 0.0007425046117010701,
    "X27": 1.6066035724689383e-05,
    "X28": 0.13024602025099313,
    "X29": -0.37819454197296853,
    "X30": 0.0004272865853661295,
    "X31": 0.004019327610165106,
    "X32": -0.7526602410605254,
    "X33": 0.6069947403062406,
    "X34": 0.013523658731149602,
    "X35": 0.0003343518778223535,
    "X36": 0.8057180743092109,
    "X37": 0.029383527757086324,
    "offset_db": -0.05109999999999992,
    "viol_rate_aligned": 0.0,
    "viol_energy_aligned": 0.12482643023125375,
    "global_offset_db": 0.0,
    "shape_rmse": 0.005649662195815795,
    "ripple_hp": 0.0046170139315834845,
    "tail_asym": 0.0011900000000006905,
    "compress_ratio": 0.1975609756097561,
    "compress_ratio_high": 0.19661016949152543,
    "freq_shift_score": 0.01687234021759998,
    "offset_slope": 0.001693611143122507,
    "high_low_energy_ratio": 0.3204046100689816,
    "band_offset_db_1": -0.007349999999999746,
    "band_offset_db_2": -0.0023999999999997357,
    "band_offset_db_3": 0.000300000000000189,
    "band_offset_db_4": 0.005499999999999616
  },
  "system": {
    "probs": {
      "正常": 0.42678417531978186,
      "幅度失准": 0.012291863187653159,
      "频率失准": 0.02874591469509165,
      "参考电平失准": 0.5321780467442555
    },
    "decision": "参考电平失准",
    "confidence": 0.5321780467442555,
    "is_normal": false
  },
  "module": {
    "topk": [
      {
        "module_id": "[校准链路][校准源]",
        "gamma": 0.43749999999999994
      },
      {
        "module_id": "[校准链路][校准路径开关/耦合]",
        "gamma": 0.3125
      },
      {
        "module_id": "[校准链路][校准表/存储]",
        "gamma": 0.25000000000000006
      }
    ],
    "gating": {
      "disabled_modules": [
        "高频段YTF滤波器",
        "高频段混频器",
        "前置放大器",
        "衰减器"
      ],
      "topk_k": 3
    }
  },
  "evidence": {
    "global_offset_db": -0.05109999999999992,
    "hf_std_db": 0.003532530376122783,
    "p95_abs_dev_db": 0.011400000000000077,
    "inside_env_frac": 1.0,
    "peak_freq_mae_hz": 4064.2858407649323,
    "peak_freq_outlier_frac": 0.0
  },
  "artifacts": {
    "output_json": "Output/batch_diagnosis/sim_00261_diagnosis.json"
  },
  "system_diagnosis": {
    "probabilities": {
      "正常": 0.42678417531978186,
      "幅度失准": 0.012291863187653159,
      "频率失准": 0.02874591469509165,
      "参考电平失准": 0.5321780467442555
    },
    "predicted_class": "参考电平失准",
    "max_prob": 0.5321780467442555,
    "is_normal": false
  },
  "module_diagnosis": {
    "probabilities": {
      "[校准链路][校准源]": 0.43749999999999994,
      "[校准链路][校准路径开关/耦合]": 0.3125,
      "[校准链路][校准表/存储]": 0.25000000000000006,
      "[RF板][RF] 输入衰减器组": 0.0,
      "[RF板][RF] 低频通路固定滤波/抑制网络": 0.0,
      "[RF板][Mixer1]": 0.0
    },
    "topk": [
      {
        "module": "[校准链路][校准源]",
        "probability": 0.43749999999999994
      },
      {
        "module": "[校准链路][校准路径开关/耦合]",
        "probability": 0.3125
      },
      {
        "module": "[校准链路][校准表/存储]",
        "probability": 0.25000000000000006
      }
    ],
    "disabled_modules": [
      "高频段YTF滤波器",
      "高频段混频器",
      "前置放大器",
      "衰减器"
    ]
  },
  "evidence_detail": {
    "viol_rate": 0.0,
    "envelope_violation": false,
    "violation_max_db": 0.0,
    "violation_energy": 0.12482643023125375,
    "baseline_coverage": 1.0
  },
  "config": {
    "mode": "unified_entry",
    "gating_status": "gated_ok",
    "run_name": null,
    "topk": 3
  },
  "uncertainty": {
    "is_uncertain": true,
    "reason": "max_prob(53.22%) < 55%",
    "top_class": "参考电平失准",
    "runner_up": "正常",
    "max_prob": 0.5321780467442555,
    "second_prob": 0.42678417531978186,
    "prob_gap": 0.10539387142447365,
    "support_top_features": [
      {
        "feature": "X1",
        "contribution": 4.991907804878049
      },
      {
        "feature": "X21",
        "contribution": 1.5
      },
      {
        "feature": "X5",
        "contribution": 0.1334298716742999
      },
      {
        "feature": "X13",
        "contribution": 0.08737850116187762
      },
      {
        "feature": "X7",
        "contribution": 0.052440000000000354
      }
    ],
    "support_runnerup_features": [],
    "conflict_features": [
      {
        "feature": "X4",
        "top_contrib": 0.0029383527757086323,
        "runnerup_contrib": 0.0029383527757086323
      },
      {
        "feature": "X16",
        "top_contrib": 0.0006213395375477908,
        "runnerup_contrib": 0.0006213395375477908
      }
    ],
    "suggested_actions": [
      "复测参考电平校准点",
      "检查 ADC 量化状态",
      "当前诊断为正常，但置信度较低",
      "建议重复测试或更换测试点以提高置信度"
    ]
  },
  "module_validation": {
    "sample_id": "sim_00261",
    "gt_module": "校准信号开关",
    "gt_module_v2": "[校准链路][校准路径开关/耦合]",
    "top1": "[校准链路][校准源]",
    "top3": [
      "[校准链路][校准源]",
      "[校准链路][校准路径开关/耦合]",
      "[校准链路][校准表/存储]"
    ],
    "top5": [
      "[校准链路][校准源]",
      "[校准链路][校准路径开关/耦合]",
      "[校准链路][校准表/存储]",
      "[RF板][RF] 输入衰减器组",
      "[RF板][RF] 低频通路固定滤波/抑制网络"
    ],
    "gt_rank": 2,
    "gt_prob": 0.3125,
    "top1_hit": false,
    "top3_hit": true,
    "top5_hit": true
  },
  "ground_truth": {
    "type": "fault",
    "system_class_en": "ref_error",
    "system_class_cn": "参考电平失准",
    "module": "校准信号开关",
    "module_v2": "[校准链路][校准路径开关/耦合]",
    "fault_params": {
      "severity": "light",
      "tier_target": "mild_oos",
      "type": "ref_miscal",
      "subtype": "ref_error_offset",
      "offset_db": -0.059305560157880674,
      "template_id": "T1",
      "mean_offset_db": -0.05074213302961717
    }
  }
}