{
  "status": "success",
  "meta": {
    "sample_id": "sim_00077",
    "input_file": "/home/runner/work/FMFD-python/FMFD-python/Output/sim_spectrum/raw_curves/sim_00077.csv",
    "operating_condition": {
      "inject_power_dbm": -10.0,
      "freq_start_hz": 10000000.0,
      "freq_end_hz": 8200000000.0,
      "step_hz": 10000000.0,
      "frontend": {
        "low_band_only": true,
        "ac_coupling": true,
        "preamp": false
      }
    }
  },
  "data_points": 820,
  "frequency_range": {
    "min": 10000000.0,
    "max": 8200000000.0
  },
  "features": {
    "X1": -10.011021585365855,
    "X2": 0.01163196678151232,
    "X3": 0.0002100391767442593,
    "X4": 0.0680696863706973,
    "X5": 0.5744724483775548,
    "X6": 0.009994122107242709,
    "X7": 0.18590000000000018,
    "X8": 0.08958158536585364,
    "X9": 0.004633482202605093,
    "X10": 0.0795420455387719,
    "X11": 0.4219512195121951,
    "X12": 0.12767873710550326,
    "X13": 0.6335613816969314,
    "X14": 0.19418498168498272,
    "X15": 0.007163877937560581,
    "X16": -534.6005070675761,
    "X17": 0.0,
    "X18": 0.0,
    "X19": -3.164129208395947e-05,
    "X20": -0.28706187973629715,
    "X21": 0.0,
    "X22": 0.08004582011002602,
    "X23": 0.015976262695122107,
    "X24": 0.14965210555412034,
    "X25": 0.027919916701754595,
    "X26": 0.0024732218638013857,
    "X27": 0.0017772555051217514,
    "X28": -0.8718557190276783,
    "X29": -6.20799821021473,
    "X30": 0.11034862804878055,
    "X31": 0.09518193570646948,
    "X32": -4.53075173865934,
    "X33": 0.19684173572794225,
    "X34": 0.07194451288747698,
    "X35": 0.0003872389404869979,
    "X36": 0.9575787236786614,
    "X37": 0.0680696863706973,
    "offset_db": 8.881784197001252e-16,
    "viol_rate_aligned": 0.4219512195121951,
    "viol_energy_aligned": 0.6335613816969314,
    "global_offset_db": -8.881784197001252e-16,
    "shape_rmse": 0.12639724164364494,
    "ripple_hp": 0.010397099524117454,
    "tail_asym": -0.19030500000000067,
    "compress_ratio": 0.2,
    "compress_ratio_high": 0.19661016949152543,
    "freq_shift_score": 0.9272694508718236,
    "offset_slope": 0.03542883074759733,
    "high_low_energy_ratio": 0.0021018646476910065,
    "band_offset_db_1": -0.1932500000000017,
    "band_offset_db_2": -0.1924000000000028,
    "band_offset_db_3": 0.008799999999999919,
    "band_offset_db_4": 0.005099999999998772
  },
  "system": {
    "probs": {
      "正常": 0.02023717165024741,
      "幅度失准": 0.3733987414738952,
      "频率失准": 0.19873987742006638,
      "参考电平失准": 0.4076242094150286
    },
    "decision": "参考电平失准",
    "confidence": 0.4076242094150286,
    "is_normal": false
  },
  "module": {
    "topk": [
      {
        "module_id": "[校准链路][校准源]",
        "gamma": 0.22833591691012634
      },
      {
        "module_id": "[校准链路][校准路径开关/耦合]",
        "gamma": 0.16309708350723312
      },
      {
        "module_id": "[校准链路][校准表/存储]",
        "gamma": 0.13047766680578654
      }
    ],
    "gating": {
      "disabled_modules": [
        "高频段YTF滤波器",
        "高频段混频器",
        "前置放大器",
        "衰减器"
      ],
      "topk_k": 3
    }
  },
  "evidence": {
    "global_offset_db": 8.881784197001252e-16,
    "hf_std_db": 0.02024478810874223,
    "p95_abs_dev_db": 0.20571000000000036,
    "inside_env_frac": 0.5780487804878048,
    "peak_freq_mae_hz": 4072.969453819203,
    "peak_freq_outlier_frac": 0.0
  },
  "artifacts": {
    "output_json": "Output/batch_diagnosis/sim_00077_diagnosis.json"
  },
  "system_diagnosis": {
    "probabilities": {
      "正常": 0.02023717165024741,
      "幅度失准": 0.3733987414738952,
      "频率失准": 0.19873987742006638,
      "参考电平失准": 0.4076242094150286
    },
    "predicted_class": "参考电平失准",
    "max_prob": 0.4076242094150286,
    "is_normal": false
  },
  "module_diagnosis": {
    "probabilities": {
      "[校准链路][校准源]": 0.22833591691012634,
      "[校准链路][校准路径开关/耦合]": 0.16309708350723312,
      "[校准链路][校准表/存储]": 0.13047766680578654,
      "[RF板][RF] 低频通路固定滤波/抑制网络": 0.0922000022948196,
      "[数字中频板][ADC] 数字检波与平均": 0.0802744215611237,
      "[数字中频板][IF] 中频放大/衰减链": 0.07821610305955641,
      "[RF板][Mixer1]": 0.06676551890314522,
      "[数字中频板][DSP] 数字增益/偏置校准": 0.04939964403761457,
      "[RF板][RF] 输入连接/匹配/保护": 0.04239080565279063,
      "[数字中频板][IF] RBW数字滤波器": 0.037049733028210935
    },
    "topk": [
      {
        "module": "[校准链路][校准源]",
        "probability": 0.22833591691012634
      },
      {
        "module": "[校准链路][校准路径开关/耦合]",
        "probability": 0.16309708350723312
      },
      {
        "module": "[校准链路][校准表/存储]",
        "probability": 0.13047766680578654
      }
    ],
    "disabled_modules": [
      "高频段YTF滤波器",
      "高频段混频器",
      "前置放大器",
      "衰减器"
    ]
  },
  "evidence_detail": {
    "viol_rate": 0.4219512195121951,
    "envelope_violation": true,
    "violation_max_db": 0.12767873710550326,
    "violation_energy": 0.6335613816969314,
    "baseline_coverage": 0.578048780487805
  },
  "config": {
    "mode": "unified_entry",
    "gating_status": "gated_ok",
    "run_name": null,
    "topk": 3
  },
  "uncertainty": {
    "is_uncertain": true,
    "reason": "max_prob(40.76%) < 55% && prob_gap(3.42%) < 10%",
    "top_class": "参考电平失准",
    "runner_up": "幅度失准",
    "max_prob": 0.4076242094150286,
    "second_prob": 0.3733987414738952,
    "prob_gap": 0.0342254679411334,
    "support_top_features": [
      {
        "feature": "X13",
        "contribution": 0.44349296718785197
      },
      {
        "feature": "X8",
        "contribution": 0.04479079268292682
      }
    ],
    "support_runnerup_features": [
      {
        "feature": "X1",
        "contribution": 8.008817268292685
      },
      {
        "feature": "X20",
        "contribution": 0.200943315815408
      },
      {
        "feature": "X12",
        "contribution": 0.08937511597385228
      },
      {
        "feature": "X10",
        "contribution": 0.06363363643101752
      },
      {
        "feature": "X22",
        "contribution": 0.05603207407701821
      }
    ],
    "conflict_features": [
      {
        "feature": "X16",
        "top_contrib": 53.46005070675761,
        "runnerup_contrib": 53.46005070675761
      },
      {
        "feature": "X5",
        "top_contrib": 0.2872362241887774,
        "runnerup_contrib": 0.4021307138642884
      },
      {
        "feature": "X11",
        "top_contrib": 0.21097560975609755,
        "runnerup_contrib": 0.2531707317073171
      }
    ],
    "suggested_actions": [
      "复测参考电平校准点",
      "检查 ADC 量化状态",
      "复测全频段幅度响应",
      "建议重复测试或更换测试点以提高置信度"
    ]
  },
  "module_validation": {
    "sample_id": "sim_00077",
    "gt_module": "本振混频组件",
    "gt_module_v2": "[RF板][Mixer1]",
    "top1": "[校准链路][校准源]",
    "top3": [
      "[校准链路][校准源]",
      "[校准链路][校准路径开关/耦合]",
      "[校准链路][校准表/存储]"
    ],
    "top5": [
      "[校准链路][校准源]",
      "[校准链路][校准路径开关/耦合]",
      "[校准链路][校准表/存储]",
      "[RF板][RF] 低频通路固定滤波/抑制网络",
      "[数字中频板][ADC] 数字检波与平均"
    ],
    "gt_rank": 7,
    "gt_prob": 0.06676551890314522,
    "top1_hit": false,
    "top3_hit": false,
    "top5_hit": false
  },
  "ground_truth": {
    "type": "fault",
    "system_class_en": "amp_error",
    "system_class_cn": "幅度失准",
    "module": "本振混频组件",
    "module_v2": "[RF板][Mixer1]",
    "fault_params": {
      "severity": "severe",
      "tier_target": "mild_oos",
      "subtype": "amp_error_band",
      "band_offset_db": -0.20213273997194503,
      "band_start_norm": 0.0,
      "band_end_norm": 0.4216420152160005,
      "template_id": "T9",
      "mean_offset_db": -0.07794671995968923
    }
  }
}