{
  "status": "success",
  "meta": {
    "sample_id": "sim_00172",
    "input_file": "/home/runner/work/FMFD-python/FMFD-python/Output/sim_spectrum/raw_curves/sim_00172.csv",
    "operating_condition": {
      "inject_power_dbm": -10.0,
      "freq_start_hz": 10000000.0,
      "freq_end_hz": 8200000000.0,
      "step_hz": 10000000.0,
      "frontend": {
        "low_band_only": true,
        "ac_coupling": true,
        "preamp": false
      }
    }
  },
  "data_points": 820,
  "frequency_range": {
    "min": 10000000.0,
    "max": 8200000000.0
  },
  "features": {
    "X1": -9.933073536585367,
    "X2": 0.0006642336843148923,
    "X3": 0.0002436649300123954,
    "X4": 0.029640403793142422,
    "X5": 0.2735606280954214,
    "X6": 0.0009798512143218327,
    "X7": 0.07690000000000019,
    "X8": 0.025026951219512192,
    "X9": 0.0008785535370205318,
    "X10": 0.014526534282476708,
    "X11": 0.0,
    "X12": 0.0,
    "X13": 0.11248666770935097,
    "X14": 0.0030190476190476235,
    "X15": 0.0028654639016251517,
    "X16": -0.04147990502766177,
    "X17": 0.0,
    "X18": 0.0,
    "X19": -6.116727723530499e-05,
    "X20": -0.10462830541920809,
    "X21": 4.0,
    "X22": 0.04095205620194221,
    "X23": 1.193379268292656e-05,
    "X24": 0.02472908027278653,
    "X25": 1.193379268292656e-05,
    "X26": 0.00032331456260671003,
    "X27": 1.4757421196229395e-05,
    "X28": -0.10371318820689843,
    "X29": -0.6118097937376474,
    "X30": 0.0012070121951220788,
    "X31": 0.0007299626150655852,
    "X32": -0.8851202553766045,
    "X33": 0.5768935839235879,
    "X34": 0.01465285756473414,
    "X35": 0.0003261005662523607,
    "X36": 0.8136672548096511,
    "X37": 0.029640403793142422,
    "offset_db": 0.0002999999999993008,
    "viol_rate_aligned": 0.0,
    "viol_energy_aligned": 0.11248666770935097,
    "global_offset_db": 0.0,
    "shape_rmse": 0.003454532194512965,
    "ripple_hp": 0.003991476414139334,
    "tail_asym": -0.0015099999999999445,
    "compress_ratio": 0.19146341463414634,
    "compress_ratio_high": 0.2,
    "freq_shift_score": 0.006014628461826543,
    "offset_slope": 0.0002466004233332011,
    "high_low_energy_ratio": 0.1278163141967936,
    "band_offset_db_1": -0.005049999999999777,
    "band_offset_db_2": -9.999999999976694e-05,
    "band_offset_db_3": 0.00020000000000131024,
    "band_offset_db_4": 0.00020000000000131024
  },
  "system": {
    "probs": {
      "正常": 0.7445444244857761,
      "幅度失准": 0.12481425128827053,
      "频率失准": 0.047718351239831515,
      "参考电平失准": 0.08292297291166732
    },
    "decision": "正常",
    "confidence": 0.7445444244857761,
    "is_normal": true
  },
  "module": {
    "topk": [
      {
        "module_id": "[校准链路][校准源]",
        "gamma": 0.1746379388122454
      },
      {
        "module_id": "[校准链路][校准路径开关/耦合]",
        "gamma": 0.12474138486588959
      },
      {
        "module_id": "[RF板][RF] 低频通路固定滤波/抑制网络",
        "gamma": 0.11587019284911507
      }
    ],
    "gating": {
      "disabled_modules": [
        "高频段YTF滤波器",
        "高频段混频器",
        "前置放大器",
        "衰减器"
      ],
      "topk_k": 3
    }
  },
  "evidence": {
    "global_offset_db": 0.0002999999999993008,
    "hf_std_db": 0.002993687539388606,
    "p95_abs_dev_db": 0.007199999999999207,
    "inside_env_frac": 1.0,
    "peak_freq_mae_hz": 187059.0935179612,
    "peak_freq_outlier_frac": 0.0024390243902439024
  },
  "artifacts": {
    "output_json": "Output/batch_diagnosis/sim_00172_diagnosis.json"
  },
  "system_diagnosis": {
    "probabilities": {
      "正常": 0.7445444244857761,
      "幅度失准": 0.12481425128827053,
      "频率失准": 0.047718351239831515,
      "参考电平失准": 0.08292297291166732
    },
    "predicted_class": "正常",
    "max_prob": 0.7445444244857761,
    "is_normal": true
  },
  "module_diagnosis": {
    "probabilities": {
      "[校准链路][校准源]": 0.1746379388122454,
      "[校准链路][校准路径开关/耦合]": 0.12474138486588959,
      "[RF板][RF] 低频通路固定滤波/抑制网络": 0.11587019284911507,
      "[数字中频板][ADC] 数字检波与平均": 0.10088299865108764,
      "[校准链路][校准表/存储]": 0.09979310789271169,
      "[数字中频板][IF] 中频放大/衰减链": 0.09829625509593153,
      "[RF板][Mixer1]": 0.0839060017183247,
      "[数字中频板][DSP] 数字增益/偏置校准": 0.062081845323746235,
      "[RF板][RF] 输入连接/匹配/保护": 0.053273651884650615,
      "[数字中频板][IF] RBW数字滤波器": 0.04656138399280967
    },
    "topk": [
      {
        "module": "[校准链路][校准源]",
        "probability": 0.1746379388122454
      },
      {
        "module": "[校准链路][校准路径开关/耦合]",
        "probability": 0.12474138486588959
      },
      {
        "module": "[RF板][RF] 低频通路固定滤波/抑制网络",
        "probability": 0.11587019284911507
      }
    ],
    "disabled_modules": [
      "高频段YTF滤波器",
      "高频段混频器",
      "前置放大器",
      "衰减器"
    ]
  },
  "evidence_detail": {
    "viol_rate": 0.0,
    "envelope_violation": false,
    "violation_max_db": 0.0,
    "violation_energy": 0.11248666770935097,
    "baseline_coverage": 1.0
  },
  "config": {
    "mode": "unified_entry",
    "gating_status": "gated_ok",
    "run_name": null,
    "topk": 3
  },
  "uncertainty": {
    "is_uncertain": false,
    "reason": "",
    "top_class": "正常",
    "runner_up": "幅度失准",
    "max_prob": 0.7445444244857761,
    "second_prob": 0.12481425128827053,
    "prob_gap": 0.6197301731975056,
    "support_top_features": [],
    "support_runnerup_features": [],
    "conflict_features": [],
    "suggested_actions": []
  },
  "module_validation": {
    "sample_id": "sim_00172",
    "gt_module": "时钟合成与同步网络",
    "gt_module_v2": "[LO/时钟板][LO1] 合成链",
    "top1": "[校准链路][校准源]",
    "top3": [
      "[校准链路][校准源]",
      "[校准链路][校准路径开关/耦合]",
      "[RF板][RF] 低频通路固定滤波/抑制网络"
    ],
    "top5": [
      "[校准链路][校准源]",
      "[校准链路][校准路径开关/耦合]",
      "[RF板][RF] 低频通路固定滤波/抑制网络",
      "[数字中频板][ADC] 数字检波与平均",
      "[校准链路][校准表/存储]"
    ],
    "gt_rank": -1,
    "gt_prob": 0.0,
    "top1_hit": false,
    "top3_hit": false,
    "top5_hit": false
  },
  "ground_truth": {
    "type": "fault",
    "system_class_en": "freq_error",
    "system_class_cn": "频率失准",
    "module": "时钟合成与同步网络",
    "module_v2": "[LO/时钟板][LO1] 合成链",
    "fault_params": {
      "severity": "mid",
      "tier_target": "in_spec_weak",
      "delta_f_hz": -666301.5595244498,
      "ppm": -81.35550177343708,
      "shift_bins": -0.06663015595244498,
      "bandwidth_hz": 8190000000.0,
      "type": "clock_drift",
      "track_type": "spike",
      "template_id": "T8",
      "forced_peak_track_type": true,
      "peak_track_profile": {
        "bands": [],
        "track_type": "spike"
      },
      "freq_amp_coupling": {
        "bias_db_min": -0.1,
        "bias_db_max": -0.02
      }
    }
  }
}