{
  "status": "success",
  "meta": {
    "sample_id": "sim_00186",
    "input_file": "/home/runner/work/FMFD-python/FMFD-python/Output/sim_spectrum/raw_curves/sim_00186.csv",
    "operating_condition": {
      "inject_power_dbm": -10.0,
      "freq_start_hz": 10000000.0,
      "freq_end_hz": 8200000000.0,
      "step_hz": 10000000.0,
      "frontend": {
        "low_band_only": true,
        "ac_coupling": true,
        "preamp": false
      }
    }
  },
  "data_points": 820,
  "frequency_range": {
    "min": 10000000.0,
    "max": 8200000000.0
  },
  "features": {
    "X1": -9.933073414634146,
    "X2": 0.0006866599606715573,
    "X3": 0.0002820282126970607,
    "X4": 0.03088823530320968,
    "X5": 0.30102159624552466,
    "X6": 0.001157594683462224,
    "X7": 0.0862999999999996,
    "X8": 0.02641585365853657,
    "X9": 0.0009540830801464487,
    "X10": 0.017152239892022407,
    "X11": 0.004878048780487805,
    "X12": 0.01874638107001836,
    "X13": 1.315069235732181,
    "X14": 0.0017505494505493204,
    "X15": 0.014744010022967113,
    "X16": -0.07629931728466163,
    "X17": 0.0,
    "X18": 0.0,
    "X19": -6.675669652182142e-05,
    "X20": 0.09289574506048304,
    "X21": 6.0,
    "X22": 0.035405625222858644,
    "X23": 0.00024365434146341456,
    "X24": 0.10283813177406609,
    "X25": 0.00024365434146341456,
    "X26": 0.00013691685793926407,
    "X27": 8.778994899477967e-05,
    "X28": -0.7203471552207765,
    "X29": 2.203538490806731,
    "X30": 0.005905030487804975,
    "X31": 0.006090097488398843,
    "X32": -2.802010438065131,
    "X33": 0.5570059409792196,
    "X34": 0.015981131652648767,
    "X35": 0.0003591502542634395,
    "X36": 0.8108020225137882,
    "X37": 0.03088823530320968,
    "offset_db": 0.0045000000000001705,
    "viol_rate_aligned": 0.004878048780487805,
    "viol_energy_aligned": 1.315069235732181,
    "global_offset_db": 0.0,
    "shape_rmse": 0.0156094311703987,
    "ripple_hp": 0.008397088714917142,
    "tail_asym": -0.03401500000000057,
    "compress_ratio": 0.2,
    "compress_ratio_high": 0.2,
    "freq_shift_score": 0.10163285326630711,
    "offset_slope": -0.0015281508050587348,
    "high_low_energy_ratio": 41.473441656281615,
    "band_offset_db_1": -0.00025000000000030553,
    "band_offset_db_2": 0.0005999999999986017,
    "band_offset_db_3": -0.0001499999999996504,
    "band_offset_db_4": -0.0007999999999999119
  },
  "system": {
    "probs": {
      "正常": 0.4999656008893728,
      "幅度失准": 0.051692110190997995,
      "频率失准": 0.42696987736822345,
      "参考电平失准": 0.021372411501409193
    },
    "decision": "正常",
    "confidence": 0.4999656008893728,
    "is_normal": true
  },
  "module": {
    "topk": [
      {
        "module_id": "[LO/时钟板][LO1] 合成链",
        "gamma": 0.35
      },
      {
        "module_id": "[时钟板][参考域] 10MHz 基准 OCXO",
        "gamma": 0.35
      },
      {
        "module_id": "[时钟板][参考分配]",
        "gamma": 0.3
      }
    ],
    "gating": {
      "disabled_modules": [
        "高频段YTF滤波器",
        "高频段混频器",
        "前置放大器",
        "衰减器"
      ],
      "topk_k": 3
    }
  },
  "evidence": {
    "global_offset_db": 0.0045000000000001705,
    "hf_std_db": 0.011032396953705191,
    "p95_abs_dev_db": 0.03771499999999913,
    "inside_env_frac": 0.9951219512195122,
    "peak_freq_mae_hz": 3000195.3130135834,
    "peak_freq_outlier_frac": 0.03414634146341464
  },
  "artifacts": {
    "output_json": "Output/batch_diagnosis/sim_00186_diagnosis.json"
  },
  "system_diagnosis": {
    "probabilities": {
      "正常": 0.4999656008893728,
      "幅度失准": 0.051692110190997995,
      "频率失准": 0.42696987736822345,
      "参考电平失准": 0.021372411501409193
    },
    "predicted_class": "正常",
    "max_prob": 0.4999656008893728,
    "is_normal": true
  },
  "module_diagnosis": {
    "probabilities": {
      "[LO/时钟板][LO1] 合成链": 0.35,
      "[时钟板][参考域] 10MHz 基准 OCXO": 0.35,
      "[时钟板][参考分配]": 0.3
    },
    "topk": [
      {
        "module": "[LO/时钟板][LO1] 合成链",
        "probability": 0.35
      },
      {
        "module": "[时钟板][参考域] 10MHz 基准 OCXO",
        "probability": 0.35
      },
      {
        "module": "[时钟板][参考分配]",
        "probability": 0.3
      }
    ],
    "disabled_modules": [
      "高频段YTF滤波器",
      "高频段混频器",
      "前置放大器",
      "衰减器"
    ]
  },
  "evidence_detail": {
    "viol_rate": 0.004878048780487805,
    "envelope_violation": false,
    "violation_max_db": 0.01874638107001836,
    "violation_energy": 1.315069235732181,
    "baseline_coverage": 0.9951219512195122
  },
  "config": {
    "mode": "unified_entry",
    "gating_status": "gated_ok",
    "run_name": null,
    "topk": 3
  },
  "uncertainty": {
    "is_uncertain": true,
    "reason": "max_prob(50.00%) < 55% && prob_gap(7.30%) < 10%",
    "top_class": "正常",
    "runner_up": "频率失准",
    "max_prob": 0.4999656008893728,
    "second_prob": 0.42696987736822345,
    "prob_gap": 0.07299572352114936,
    "support_top_features": [],
    "support_runnerup_features": [
      {
        "feature": "X21",
        "contribution": 1.2000000000000002
      },
      {
        "feature": "X16",
        "contribution": 0.06866938555619548
      },
      {
        "feature": "X4",
        "contribution": 0.02779941177288871
      },
      {
        "feature": "X20",
        "contribution": 0.018579149012096608
      },
      {
        "feature": "X7",
        "contribution": 0.01725999999999992
      }
    ],
    "conflict_features": [
      {
        "feature": "X1",
        "top_contrib": 0.9933073414634146,
        "runnerup_contrib": 0.9933073414634146
      },
      {
        "feature": "X13",
        "top_contrib": 0.1315069235732181,
        "runnerup_contrib": 0.1315069235732181
      },
      {
        "feature": "X5",
        "top_contrib": 0.03010215962455247,
        "runnerup_contrib": 0.03010215962455247
      }
    ],
    "suggested_actions": [
      "当前诊断为正常，但置信度较低",
      "建议增加测试样本或更换测试信号",
      "复测频率标度线性度",
      "建议重复测试或更换测试点以提高置信度"
    ]
  },
  "module_validation": {
    "sample_id": "sim_00186",
    "gt_module": "本振混频组件",
    "gt_module_v2": "[RF板][LO1] LO1 注入链",
    "top1": "[LO/时钟板][LO1] 合成链",
    "top3": [
      "[LO/时钟板][LO1] 合成链",
      "[时钟板][参考域] 10MHz 基准 OCXO",
      "[时钟板][参考分配]"
    ],
    "top5": [
      "[LO/时钟板][LO1] 合成链",
      "[时钟板][参考域] 10MHz 基准 OCXO",
      "[时钟板][参考分配]"
    ],
    "gt_rank": -1,
    "gt_prob": 0.0,
    "top1_hit": false,
    "top3_hit": false,
    "top5_hit": false
  },
  "ground_truth": {
    "type": "fault",
    "system_class_en": "freq_error",
    "system_class_cn": "频率失准",
    "module": "本振混频组件",
    "module_v2": "[RF板][LO1] LO1 注入链",
    "fault_params": {
      "severity": "mid",
      "tier_target": "mild_oos",
      "type": "lo_path_error",
      "track_type": "dense",
      "template_id": "T8",
      "forced_peak_track_type": true,
      "peak_track_profile": {
        "bands": [
          {
            "start_hz": 3725582009.427329,
            "end_hz": 4030950193.373266,
            "center_hz": 3878266101.4002976,
            "width_hz": 305368183.94593734,
            "amplitude_hz": 44572584.56530211,
            "ramp_hz": 47545238.48017574
          },
          {
            "start_hz": 7553549327.72752,
            "end_hz": 8052261119.506063,
            "center_hz": 7802905223.616792,
            "width_hz": 498711791.77854264,
            "amplitude_hz": 13467523.204977367,
            "ramp_hz": 47545238.48017574
          },
          {
            "start_hz": 6526777595.794441,
            "end_hz": 6953802375.759495,
            "center_hz": 6740289985.776968,
            "width_hz": 427024779.9650531,
            "amplitude_hz": 16742178.151261853,
            "ramp_hz": 47545238.48017574
          }
        ],
        "track_type": "dense"
      },
      "freq_amp_coupling": {
        "bias_db_min": -0.1,
        "bias_db_max": -0.02
      }
    }
  }
}