{
  "status": "success",
  "meta": {
    "sample_id": "sim_00229",
    "input_file": "/home/runner/work/FMFD-python/FMFD-python/Output/sim_spectrum/raw_curves/sim_00229.csv",
    "operating_condition": {
      "inject_power_dbm": -10.0,
      "freq_start_hz": 10000000.0,
      "freq_end_hz": 8200000000.0,
      "step_hz": 10000000.0,
      "frontend": {
        "low_band_only": true,
        "ac_coupling": true,
        "preamp": false
      }
    }
  },
  "data_points": 820,
  "frequency_range": {
    "min": 10000000.0,
    "max": 8200000000.0
  },
  "features": {
    "X1": -9.871236707317074,
    "X2": 0.0005978412216190786,
    "X3": 0.00022561832601034426,
    "X4": 0.028723651243324693,
    "X5": 0.2616090380403883,
    "X6": 0.0009394823476948281,
    "X7": 0.08030000000000115,
    "X8": 0.024143536585365905,
    "X9": 0.0008250481407481482,
    "X10": 0.014514163073677448,
    "X11": 0.0,
    "X12": 0.0,
    "X13": 0.07034366635317471,
    "X14": 0.002091941391941384,
    "X15": 0.002302819528863244,
    "X16": 0.0012425640615148451,
    "X17": 0.0,
    "X18": 0.0,
    "X19": -5.17652630552827e-05,
    "X20": 0.03285093826605667,
    "X21": 6.0,
    "X22": 0.03989076613123505,
    "X23": 6.245060975609706e-06,
    "X24": 0.01498970117799081,
    "X25": 6.245060975609706e-06,
    "X26": 0.00046040864949014926,
    "X27": 2.176003258238414e-05,
    "X28": -0.017543859646001195,
    "X29": -0.01562858744775738,
    "X30": 3.3259310664154884e-05,
    "X31": 0.0004864041474391577,
    "X32": -0.5475275487024459,
    "X33": 0.5820117408961574,
    "X34": 0.01506528798763331,
    "X35": 0.000318238058235349,
    "X36": 0.8062037158721311,
    "X37": 0.028723651243324693,
    "offset_db": 0.06189999999999962,
    "viol_rate_aligned": 0.0,
    "viol_energy_aligned": 0.07034366635317471,
    "global_offset_db": 0.0,
    "shape_rmse": 0.002499011999893099,
    "ripple_hp": 0.003078633621474733,
    "tail_asym": -0.0005949999999969304,
    "compress_ratio": 0.19634146341463415,
    "compress_ratio_high": 0.2,
    "freq_shift_score": 0.0032909013089617023,
    "offset_slope": -2.0692308889286417e-05,
    "high_low_energy_ratio": 0.3060396546573747,
    "band_offset_db_1": -0.0015499999999990521,
    "band_offset_db_2": 0.0001000000000015433,
    "band_offset_db_3": -0.000600000000000378,
    "band_offset_db_4": 0.0001000000000015433
  },
  "system": {
    "probs": {
      "正常": 0.8811234311728957,
      "幅度失准": 0.030890573808792135,
      "频率失准": 0.01320958661660203,
      "参考电平失准": 0.07477640831359793
    },
    "decision": "正常",
    "confidence": 0.8811234311728957,
    "is_normal": true
  },
  "module": {
    "topk": [
      {
        "module_id": "[校准链路][校准源]",
        "gamma": 0.30960171266467057
      },
      {
        "module_id": "[校准链路][校准路径开关/耦合]",
        "gamma": 0.22114408047476472
      },
      {
        "module_id": "[校准链路][校准表/存储]",
        "gamma": 0.1769152643798118
      }
    ],
    "gating": {
      "disabled_modules": [
        "高频段YTF滤波器",
        "高频段混频器",
        "前置放大器",
        "衰减器"
      ],
      "topk_k": 3
    }
  },
  "evidence": {
    "global_offset_db": 0.06189999999999962,
    "hf_std_db": 0.0022849362634332613,
    "p95_abs_dev_db": 0.004900000000001015,
    "inside_env_frac": 1.0,
    "peak_freq_mae_hz": 3927.306445535731,
    "peak_freq_outlier_frac": 0.0
  },
  "artifacts": {
    "output_json": "Output/batch_diagnosis/sim_00229_diagnosis.json"
  },
  "system_diagnosis": {
    "probabilities": {
      "正常": 0.8811234311728957,
      "幅度失准": 0.030890573808792135,
      "频率失准": 0.01320958661660203,
      "参考电平失准": 0.07477640831359793
    },
    "predicted_class": "正常",
    "max_prob": 0.8811234311728957,
    "is_normal": true
  },
  "module_diagnosis": {
    "probabilities": {
      "[校准链路][校准源]": 0.30960171266467057,
      "[校准链路][校准路径开关/耦合]": 0.22114408047476472,
      "[校准链路][校准表/存储]": 0.1769152643798118,
      "[RF板][RF] 低频通路固定滤波/抑制网络": 0.056377855182497966,
      "[数字中频板][ADC] 数字检波与平均": 0.04908567896951242,
      "[数字中频板][IF] 中频放大/衰减链": 0.04782707181644799,
      "[RF板][Mixer1]": 0.04082534340801576,
      "[数字中频板][DSP] 数字增益/偏置校准": 0.0302065716735461,
      "[RF板][RF] 输入连接/匹配/保护": 0.02592085295747033,
      "[数字中频板][IF] RBW数字滤波器": 0.022654928755159582
    },
    "topk": [
      {
        "module": "[校准链路][校准源]",
        "probability": 0.30960171266467057
      },
      {
        "module": "[校准链路][校准路径开关/耦合]",
        "probability": 0.22114408047476472
      },
      {
        "module": "[校准链路][校准表/存储]",
        "probability": 0.1769152643798118
      }
    ],
    "disabled_modules": [
      "高频段YTF滤波器",
      "高频段混频器",
      "前置放大器",
      "衰减器"
    ]
  },
  "evidence_detail": {
    "viol_rate": 0.0,
    "envelope_violation": false,
    "violation_max_db": 0.0,
    "violation_energy": 0.07034366635317471,
    "baseline_coverage": 1.0
  },
  "config": {
    "mode": "unified_entry",
    "gating_status": "gated_ok",
    "run_name": null,
    "topk": 3
  },
  "uncertainty": {
    "is_uncertain": false,
    "reason": "",
    "top_class": "正常",
    "runner_up": "参考电平失准",
    "max_prob": 0.8811234311728957,
    "second_prob": 0.07477640831359793,
    "prob_gap": 0.8063470228592978,
    "support_top_features": [],
    "support_runnerup_features": [],
    "conflict_features": [],
    "suggested_actions": []
  },
  "module_validation": {
    "sample_id": "sim_00229",
    "gt_module": "校准信号开关",
    "gt_module_v2": "[校准链路][校准路径开关/耦合]",
    "top1": "[校准链路][校准源]",
    "top3": [
      "[校准链路][校准源]",
      "[校准链路][校准路径开关/耦合]",
      "[校准链路][校准表/存储]"
    ],
    "top5": [
      "[校准链路][校准源]",
      "[校准链路][校准路径开关/耦合]",
      "[校准链路][校准表/存储]",
      "[RF板][RF] 低频通路固定滤波/抑制网络",
      "[数字中频板][ADC] 数字检波与平均"
    ],
    "gt_rank": 2,
    "gt_prob": 0.22114408047476472,
    "top1_hit": false,
    "top3_hit": true,
    "top5_hit": true
  },
  "ground_truth": {
    "type": "fault",
    "system_class_en": "ref_error",
    "system_class_cn": "参考电平失准",
    "module": "校准信号开关",
    "module_v2": "[校准链路][校准路径开关/耦合]",
    "fault_params": {
      "severity": "severe",
      "tier_target": "edge",
      "type": "ref_miscal",
      "subtype": "ref_error_offset",
      "offset_db": 0.32933288826885326,
      "template_id": "T1",
      "mean_offset_db": 0.06183742911703574
    }
  }
}