{
  "status": "success",
  "meta": {
    "sample_id": "sim_00097",
    "input_file": "/home/runner/work/FMFD-python/FMFD-python/Output/sim_spectrum/raw_curves/sim_00097.csv",
    "operating_condition": {
      "inject_power_dbm": -10.0,
      "freq_start_hz": 10000000.0,
      "freq_end_hz": 8200000000.0,
      "step_hz": 10000000.0,
      "frontend": {
        "low_band_only": true,
        "ac_coupling": true,
        "preamp": false
      }
    }
  },
  "data_points": 820,
  "frequency_range": {
    "min": 10000000.0,
    "max": 8200000000.0
  },
  "features": {
    "X1": -9.933072560975608,
    "X2": 0.0005213665392210336,
    "X3": -3.819038809462845e-05,
    "X4": 0.03300482845951293,
    "X5": 0.32281732883936476,
    "X6": 0.002043336869051162,
    "X7": 0.08020000000000138,
    "X8": 0.03584353658536588,
    "X9": 0.0010893187016418743,
    "X10": 0.034722783528109355,
    "X11": 0.0,
    "X12": 0.0,
    "X13": 1.3887397426419401,
    "X14": 0.009402014652014446,
    "X15": 0.021312789296864924,
    "X16": 0.008894598547580648,
    "X17": 0.0,
    "X18": 0.0,
    "X19": -9.755568246712757e-05,
    "X20": -0.20550958194440305,
    "X21": 5.0,
    "X22": 0.06583890230759394,
    "X23": 0.0006049903048780475,
    "X24": 2.1448463692119724e-05,
    "X25": 0.0006049903048780475,
    "X26": 0.00035541317742001906,
    "X27": 0.00023270683095351436,
    "X28": -0.6502409451165854,
    "X29": 1.3020832433289606,
    "X30": 0.014663256997455621,
    "X31": 0.02201260146574467,
    "X32": -10.518957526920584,
    "X33": 0.3907509436216819,
    "X34": 0.027735049732213756,
    "X35": 0.00031198954608273327,
    "X36": 0.8568699777125971,
    "X37": 0.03300482845951293,
    "offset_db": 0.008750000000000036,
    "viol_rate_aligned": 0.0,
    "viol_energy_aligned": 1.3887397426419401,
    "global_offset_db": 0.0,
    "shape_rmse": 0.024596550670328707,
    "ripple_hp": 0.00011573404203573157,
    "tail_asym": -0.04990999999999914,
    "compress_ratio": 0.2,
    "compress_ratio_high": 0.2,
    "freq_shift_score": 0.11534399481454394,
    "offset_slope": -0.00854990487464266,
    "high_low_energy_ratio": 8.213340779487497,
    "band_offset_db_1": 0.01389999999999958,
    "band_offset_db_2": 0.00835000000000008,
    "band_offset_db_3": -0.0005500000000013827,
    "band_offset_db_4": -0.029949999999999477
  },
  "system": {
    "probs": {
      "正常": 0.8925841350726708,
      "幅度失准": 0.07835884414089235,
      "频率失准": 0.02899490855837092,
      "参考电平失准": 6.211213880753107e-05
    },
    "decision": "正常",
    "confidence": 0.8925841350726708,
    "is_normal": true
  },
  "module": {
    "topk": [
      {
        "module_id": "[RF板][RF] 低频通路固定滤波/抑制网络",
        "gamma": 0.14076434663950163
      },
      {
        "module_id": "[数字中频板][ADC] 数字检波与平均",
        "gamma": 0.12255722583154856
      },
      {
        "module_id": "[数字中频板][IF] 中频放大/衰减链",
        "gamma": 0.11941473286150882
      }
    ],
    "gating": {
      "disabled_modules": [
        "高频段YTF滤波器",
        "高频段混频器",
        "前置放大器",
        "衰减器"
      ],
      "topk_k": 3
    }
  },
  "evidence": {
    "global_offset_db": 0.008750000000000036,
    "hf_std_db": 0.003924264216002071,
    "p95_abs_dev_db": 0.06255999999999994,
    "inside_env_frac": 1.0,
    "peak_freq_mae_hz": 3949.7153388345955,
    "peak_freq_outlier_frac": 0.0
  },
  "artifacts": {
    "output_json": "Output/batch_diagnosis/sim_00097_diagnosis.json"
  },
  "system_diagnosis": {
    "probabilities": {
      "正常": 0.8925841350726708,
      "幅度失准": 0.07835884414089235,
      "频率失准": 0.02899490855837092,
      "参考电平失准": 6.211213880753107e-05
    },
    "predicted_class": "正常",
    "max_prob": 0.8925841350726708,
    "is_normal": true
  },
  "module_diagnosis": {
    "probabilities": {
      "[RF板][RF] 低频通路固定滤波/抑制网络": 0.14076434663950163,
      "[数字中频板][ADC] 数字检波与平均": 0.12255722583154856,
      "[数字中频板][IF] 中频放大/衰减链": 0.11941473286150882,
      "[RF板][Mixer1]": 0.10193280273894947,
      "[LO/时钟板][LO1] 合成链": 0.09453063111690799,
      "[时钟板][参考域] 10MHz 基准 OCXO": 0.09453063111690799,
      "[时钟板][参考分配]": 0.08102625524306398,
      "[数字中频板][DSP] 数字增益/偏置校准": 0.07541983128095296,
      "[RF板][RF] 输入连接/匹配/保护": 0.06471923983425364,
      "[数字中频板][IF] RBW数字滤波器": 0.056564873460714704
    },
    "topk": [
      {
        "module": "[RF板][RF] 低频通路固定滤波/抑制网络",
        "probability": 0.14076434663950163
      },
      {
        "module": "[数字中频板][ADC] 数字检波与平均",
        "probability": 0.12255722583154856
      },
      {
        "module": "[数字中频板][IF] 中频放大/衰减链",
        "probability": 0.11941473286150882
      }
    ],
    "disabled_modules": [
      "高频段YTF滤波器",
      "高频段混频器",
      "前置放大器",
      "衰减器"
    ]
  },
  "evidence_detail": {
    "viol_rate": 0.0,
    "envelope_violation": false,
    "violation_max_db": 0.0,
    "violation_energy": 1.3887397426419401,
    "baseline_coverage": 1.0
  },
  "config": {
    "mode": "unified_entry",
    "gating_status": "gated_ok",
    "run_name": null,
    "topk": 3
  },
  "uncertainty": {
    "is_uncertain": false,
    "reason": "",
    "top_class": "正常",
    "runner_up": "幅度失准",
    "max_prob": 0.8925841350726708,
    "second_prob": 0.07835884414089235,
    "prob_gap": 0.8142252909317784,
    "support_top_features": [],
    "support_runnerup_features": [],
    "conflict_features": [],
    "suggested_actions": []
  },
  "module_validation": {
    "sample_id": "sim_00097",
    "gt_module": "低频段前置低通滤波器",
    "gt_module_v2": "[RF板][RF] 低频通路固定滤波/抑制网络",
    "top1": "[RF板][RF] 低频通路固定滤波/抑制网络",
    "top3": [
      "[RF板][RF] 低频通路固定滤波/抑制网络",
      "[数字中频板][ADC] 数字检波与平均",
      "[数字中频板][IF] 中频放大/衰减链"
    ],
    "top5": [
      "[RF板][RF] 低频通路固定滤波/抑制网络",
      "[数字中频板][ADC] 数字检波与平均",
      "[数字中频板][IF] 中频放大/衰减链",
      "[RF板][Mixer1]",
      "[LO/时钟板][LO1] 合成链"
    ],
    "gt_rank": 1,
    "gt_prob": 0.14076434663950163,
    "top1_hit": true,
    "top3_hit": true,
    "top5_hit": true
  },
  "ground_truth": {
    "type": "fault",
    "system_class_en": "amp_error",
    "system_class_cn": "幅度失准",
    "module": "低频段前置低通滤波器",
    "module_v2": "[RF板][RF] 低频通路固定滤波/抑制网络",
    "fault_params": {
      "severity": "light",
      "tier_target": "edge",
      "type": "lpf_shift",
      "subtype": "amp_error_band",
      "slope_db": -0.03298715032721008,
      "template_id": "T2"
    }
  }
}