{
  "status": "success",
  "meta": {
    "sample_id": "sim_00023",
    "input_file": "/home/runner/work/FMFD-python/FMFD-python/Output/sim_spectrum/raw_curves/sim_00023.csv",
    "operating_condition": {
      "inject_power_dbm": -10.0,
      "freq_start_hz": 10000000.0,
      "freq_end_hz": 8200000000.0,
      "step_hz": 10000000.0,
      "frontend": {
        "low_band_only": true,
        "ac_coupling": true,
        "preamp": false
      }
    }
  },
  "data_points": 820,
  "frequency_range": {
    "min": 10000000.0,
    "max": 8200000000.0
  },
  "features": {
    "X1": -9.933073902439025,
    "X2": 0.002074529536320976,
    "X3": 0.0004298370356263241,
    "X4": 0.05021028431527105,
    "X5": 0.3425772741829702,
    "X6": 0.0026697468798929217,
    "X7": 0.10749999999999993,
    "X8": 0.04226292682926829,
    "X9": 0.002521072651020354,
    "X10": 0.014417907409709295,
    "X11": 0.004878048780487805,
    "X12": 0.01727259152926308,
    "X13": 0.15209571203056793,
    "X14": 0.033940659340659395,
    "X15": 0.04071351717934069,
    "X16": -0.03724285713590523,
    "X17": -0.0004999999999999449,
    "X18": 0.0005,
    "X19": -0.00026287584794751286,
    "X20": -0.4462059570495813,
    "X21": 2.0,
    "X22": 0.052079198423440505,
    "X23": 0.0016564744373056375,
    "X24": 0.5633852919044278,
    "X25": 0.0016574456097560959,
    "X26": 0.0001625919482487688,
    "X27": 0.00018054168137571967,
    "X28": -0.03203855968212365,
    "X29": 0.03309961098380805,
    "X30": 0.05721585365853666,
    "X31": 0.006186106429755417,
    "X32": -1.9963371340896487,
    "X33": 0.6422782496067562,
    "X34": 0.014223955732023232,
    "X35": 0.0011013275868752088,
    "X36": 0.7814704673244074,
    "X37": 0.05021028431527105,
    "offset_db": 0.0013999999999994017,
    "viol_rate_aligned": 0.004878048780487805,
    "viol_energy_aligned": 0.15209571203056793,
    "global_offset_db": 0.0,
    "shape_rmse": 0.04071173798496075,
    "ripple_hp": 0.03002448142199897,
    "tail_asym": -0.001525000000001775,
    "compress_ratio": 0.2,
    "compress_ratio_high": 0.2,
    "freq_shift_score": 0.3832939896547404,
    "offset_slope": -0.0006526005410767109,
    "high_low_energy_ratio": 1.1922364339520555,
    "band_offset_db_1": 0.007000000000000561,
    "band_offset_db_2": 0.00280000000000058,
    "band_offset_db_3": 0.001400000000001178,
    "band_offset_db_4": -0.0030999999999981043
  },
  "system": {
    "probs": {
      "正常": 0.005187545530680286,
      "幅度失准": 0.9639250631398147,
      "频率失准": 0.03088133025994104,
      "参考电平失准": 6.060973171277315e-06
    },
    "decision": "幅度失准",
    "confidence": 0.9639250631398147,
    "is_normal": false
  },
  "module": {
    "topk": [
      {
        "module_id": "[RF板][RF] 低频通路固定滤波/抑制网络",
        "gamma": 0.19285099242708587
      },
      {
        "module_id": "[数字中频板][ADC] 数字检波与平均",
        "gamma": 0.16790674055593577
      },
      {
        "module_id": "[数字中频板][IF] 中频放大/衰减链",
        "gamma": 0.16360143951604003
      }
    ],
    "gating": {
      "disabled_modules": [
        "高频段YTF滤波器",
        "高频段混频器",
        "前置放大器",
        "衰减器"
      ],
      "topk_k": 3
    }
  },
  "evidence": {
    "global_offset_db": 0.0013999999999994017,
    "hf_std_db": 0.027765896696526335,
    "p95_abs_dev_db": 0.07386000000000198,
    "inside_env_frac": 0.9951219512195122,
    "peak_freq_mae_hz": 3854.2368553110964,
    "peak_freq_outlier_frac": 0.0
  },
  "artifacts": {
    "output_json": "Output/batch_diagnosis/sim_00023_diagnosis.json"
  },
  "system_diagnosis": {
    "probabilities": {
      "正常": 0.005187545530680286,
      "幅度失准": 0.9639250631398147,
      "频率失准": 0.03088133025994104,
      "参考电平失准": 6.060973171277315e-06
    },
    "predicted_class": "幅度失准",
    "max_prob": 0.9639250631398147,
    "is_normal": false
  },
  "module_diagnosis": {
    "probabilities": {
      "[RF板][RF] 低频通路固定滤波/抑制网络": 0.19285099242708587,
      "[数字中频板][ADC] 数字检波与平均": 0.16790674055593577,
      "[数字中频板][IF] 中频放大/衰减链": 0.16360143951604003,
      "[RF板][Mixer1]": 0.13965071865409667,
      "[数字中频板][DSP] 数字增益/偏置校准": 0.10332722495749895,
      "[RF板][RF] 输入连接/匹配/保护": 0.08866712295498201,
      "[数字中频板][IF] RBW数字滤波器": 0.07749541871812422,
      "[RF板][RF] 输入衰减器组": 0.03325017110811825,
      "[RF板][RF] 高频通路固定滤波/抑制网络": 0.03325017110811825
    },
    "topk": [
      {
        "module": "[RF板][RF] 低频通路固定滤波/抑制网络",
        "probability": 0.19285099242708587
      },
      {
        "module": "[数字中频板][ADC] 数字检波与平均",
        "probability": 0.16790674055593577
      },
      {
        "module": "[数字中频板][IF] 中频放大/衰减链",
        "probability": 0.16360143951604003
      }
    ],
    "disabled_modules": [
      "高频段YTF滤波器",
      "高频段混频器",
      "前置放大器",
      "衰减器"
    ]
  },
  "evidence_detail": {
    "viol_rate": 0.004878048780487805,
    "envelope_violation": false,
    "violation_max_db": 0.01727259152926308,
    "violation_energy": 0.15209571203056793,
    "baseline_coverage": 0.9951219512195122
  },
  "config": {
    "mode": "unified_entry",
    "gating_status": "gated_ok",
    "run_name": null,
    "topk": 3
  },
  "uncertainty": {
    "is_uncertain": false,
    "reason": "",
    "top_class": "幅度失准",
    "runner_up": "频率失准",
    "max_prob": 0.9639250631398147,
    "second_prob": 0.03088133025994104,
    "prob_gap": 0.9330437328798737,
    "support_top_features": [],
    "support_runnerup_features": [],
    "conflict_features": [],
    "suggested_actions": []
  },
  "module_validation": {
    "sample_id": "sim_00023",
    "gt_module": "电源模块",
    "gt_module_v2": "[RF板][RF] 输入连接/匹配/保护",
    "top1": "[RF板][RF] 低频通路固定滤波/抑制网络",
    "top3": [
      "[RF板][RF] 低频通路固定滤波/抑制网络",
      "[数字中频板][ADC] 数字检波与平均",
      "[数字中频板][IF] 中频放大/衰减链"
    ],
    "top5": [
      "[RF板][RF] 低频通路固定滤波/抑制网络",
      "[数字中频板][ADC] 数字检波与平均",
      "[数字中频板][IF] 中频放大/衰减链",
      "[RF板][Mixer1]",
      "[数字中频板][DSP] 数字增益/偏置校准"
    ],
    "gt_rank": 6,
    "gt_prob": 0.08866712295498201,
    "top1_hit": false,
    "top3_hit": false,
    "top5_hit": false
  },
  "ground_truth": {
    "type": "fault",
    "system_class_en": "amp_error",
    "system_class_cn": "幅度失准",
    "module": "电源模块",
    "module_v2": "[RF板][RF] 输入连接/匹配/保护",
    "fault_params": {
      "severity": "light",
      "tier_target": "in_spec_weak",
      "type": "power_noise",
      "subtype": "amp_error_ripple",
      "noise_std": 0.025608398865673315,
      "template_id": "T6"
    }
  }
}