{
  "status": "success",
  "meta": {
    "sample_id": "sim_00254",
    "input_file": "/home/runner/work/FMFD-python/FMFD-python/Output/sim_spectrum/raw_curves/sim_00254.csv",
    "operating_condition": {
      "inject_power_dbm": -10.0,
      "freq_start_hz": 10000000.0,
      "freq_end_hz": 8200000000.0,
      "step_hz": 10000000.0,
      "frontend": {
        "low_band_only": true,
        "ac_coupling": true,
        "preamp": false
      }
    }
  },
  "data_points": 820,
  "frequency_range": {
    "min": 10000000.0,
    "max": 8200000000.0
  },
  "features": {
    "X1": -9.881552926829269,
    "X2": 0.0005714194055704276,
    "X3": 0.0001972792567301033,
    "X4": 0.028661579208530998,
    "X5": 0.27240152722048205,
    "X6": 0.0010675749792385487,
    "X7": 0.08370000000000033,
    "X8": 0.02589902439024392,
    "X9": 0.0008214861227268961,
    "X10": 0.01829974856876337,
    "X11": 0.0,
    "X12": 0.0,
    "X13": 0.11386716745807343,
    "X14": 0.0059113553113538,
    "X15": 0.003288860852364921,
    "X16": -0.0004884249505241353,
    "X17": 0.0,
    "X18": 0.0,
    "X19": -9.977657366522337e-05,
    "X20": 0.07125676786469048,
    "X21": 5.0,
    "X22": 0.03871947932136033,
    "X23": 3.802263414634088e-05,
    "X24": 0.023152506243815818,
    "X25": 3.802263414634088e-05,
    "X26": 0.00013879115560912875,
    "X27": 3.21587429316184e-05,
    "X28": -0.07382550335082118,
    "X29": -0.44366544914446526,
    "X30": 0.0031431634796066713,
    "X31": 0.004883484858223508,
    "X32": -1.2031417933766726,
    "X33": 0.5553052770590651,
    "X34": 0.01666340886637679,
    "X35": 0.00032920163831826846,
    "X36": 0.798904420572715,
    "X37": 0.028661579208530998,
    "offset_db": 0.05160000000000142,
    "viol_rate_aligned": 0.0,
    "viol_energy_aligned": 0.11386716745807343,
    "global_offset_db": 0.0,
    "shape_rmse": 0.006166249601365557,
    "ripple_hp": 0.003882080038493642,
    "tail_asym": 0.0007049999999949735,
    "compress_ratio": 0.2,
    "compress_ratio_high": 0.18983050847457628,
    "freq_shift_score": 0.017157521594269975,
    "offset_slope": -0.002128653359454525,
    "high_low_energy_ratio": 0.35852160108390074,
    "band_offset_db_1": 0.008999999999998565,
    "band_offset_db_2": 0.00429999999999886,
    "band_offset_db_3": -0.0005000000000006111,
    "band_offset_db_4": -0.004200000000002646
  },
  "system": {
    "probs": {
      "正常": 0.8747482977322508,
      "幅度失准": 0.012860315486788159,
      "频率失准": 0.011585761050039344,
      "参考电平失准": 0.10080562564344686
    },
    "decision": "正常",
    "confidence": 0.8747482977322508,
    "is_normal": true
  },
  "module": {
    "topk": [
      {
        "module_id": "[校准链路][校准源]",
        "gamma": 0.3880006691580261
      },
      {
        "module_id": "[校准链路][校准路径开关/耦合]",
        "gamma": 0.27714333511287587
      },
      {
        "module_id": "[校准链路][校准表/存储]",
        "gamma": 0.22171466809030074
      }
    ],
    "gating": {
      "disabled_modules": [
        "高频段YTF滤波器",
        "高频段混频器",
        "前置放大器",
        "衰减器"
      ],
      "topk_k": 3
    }
  },
  "evidence": {
    "global_offset_db": 0.05160000000000142,
    "hf_std_db": 0.0029927363481751994,
    "p95_abs_dev_db": 0.012099999999998445,
    "inside_env_frac": 1.0,
    "peak_freq_mae_hz": 3980.877146168269,
    "peak_freq_outlier_frac": 0.0
  },
  "artifacts": {
    "output_json": "Output/batch_diagnosis/sim_00254_diagnosis.json"
  },
  "system_diagnosis": {
    "probabilities": {
      "正常": 0.8747482977322508,
      "幅度失准": 0.012860315486788159,
      "频率失准": 0.011585761050039344,
      "参考电平失准": 0.10080562564344686
    },
    "predicted_class": "正常",
    "max_prob": 0.8747482977322508,
    "is_normal": true
  },
  "module_diagnosis": {
    "probabilities": {
      "[校准链路][校准源]": 0.3880006691580261,
      "[校准链路][校准路径开关/耦合]": 0.27714333511287587,
      "[校准链路][校准表/存储]": 0.22171466809030074,
      "[RF板][RF] 低频通路固定滤波/抑制网络": 0.02181941731966013,
      "[数字中频板][ADC] 数字检波与平均": 0.018997191546001657,
      "[数字中频板][IF] 中频放大/衰减链": 0.01851008407046315,
      "[RF板][Mixer1]": 0.015800267714236645,
      "[数字中频板][DSP] 数字增益/偏置校准": 0.011690579412924096,
      "[RF板][RF] 输入连接/匹配/保护": 0.01003191600903914,
      "[数字中频板][IF] RBW数字滤波器": 0.008767934559693073
    },
    "topk": [
      {
        "module": "[校准链路][校准源]",
        "probability": 0.3880006691580261
      },
      {
        "module": "[校准链路][校准路径开关/耦合]",
        "probability": 0.27714333511287587
      },
      {
        "module": "[校准链路][校准表/存储]",
        "probability": 0.22171466809030074
      }
    ],
    "disabled_modules": [
      "高频段YTF滤波器",
      "高频段混频器",
      "前置放大器",
      "衰减器"
    ]
  },
  "evidence_detail": {
    "viol_rate": 0.0,
    "envelope_violation": false,
    "violation_max_db": 0.0,
    "violation_energy": 0.11386716745807343,
    "baseline_coverage": 1.0
  },
  "config": {
    "mode": "unified_entry",
    "gating_status": "gated_ok",
    "run_name": null,
    "topk": 3
  },
  "uncertainty": {
    "is_uncertain": false,
    "reason": "",
    "top_class": "正常",
    "runner_up": "参考电平失准",
    "max_prob": 0.8747482977322508,
    "second_prob": 0.10080562564344686,
    "prob_gap": 0.773942672088804,
    "support_top_features": [],
    "support_runnerup_features": [],
    "conflict_features": [],
    "suggested_actions": []
  },
  "module_validation": {
    "sample_id": "sim_00254",
    "gt_module": "校准信号开关",
    "gt_module_v2": "[校准链路][校准路径开关/耦合]",
    "top1": "[校准链路][校准源]",
    "top3": [
      "[校准链路][校准源]",
      "[校准链路][校准路径开关/耦合]",
      "[校准链路][校准表/存储]"
    ],
    "top5": [
      "[校准链路][校准源]",
      "[校准链路][校准路径开关/耦合]",
      "[校准链路][校准表/存储]",
      "[RF板][RF] 低频通路固定滤波/抑制网络",
      "[数字中频板][ADC] 数字检波与平均"
    ],
    "gt_rank": 2,
    "gt_prob": 0.27714333511287587,
    "top1_hit": false,
    "top3_hit": true,
    "top5_hit": true
  },
  "ground_truth": {
    "type": "fault",
    "system_class_en": "ref_error",
    "system_class_cn": "参考电平失准",
    "module": "校准信号开关",
    "module_v2": "[校准链路][校准路径开关/耦合]",
    "fault_params": {
      "severity": "light",
      "tier_target": "in_spec_weak",
      "type": "ref_miscal",
      "subtype": "ref_error_offset",
      "offset_db": -0.052306895261979,
      "template_id": "T1",
      "mean_offset_db": 0.051520340393814805
    }
  }
}