{
  "status": "success",
  "meta": {
    "sample_id": "sim_00155",
    "input_file": "/home/runner/work/FMFD-python/FMFD-python/Output/sim_spectrum/raw_curves/sim_00155.csv",
    "operating_condition": {
      "inject_power_dbm": -10.0,
      "freq_start_hz": 10000000.0,
      "freq_end_hz": 8200000000.0,
      "step_hz": 10000000.0,
      "frontend": {
        "low_band_only": true,
        "ac_coupling": true,
        "preamp": false
      }
    }
  },
  "data_points": 820,
  "frequency_range": {
    "min": 10000000.0,
    "max": 8200000000.0
  },
  "features": {
    "X1": -9.933073536585367,
    "X2": 0.0006427375989820861,
    "X3": 0.00023077197230418633,
    "X4": 0.029279819274266816,
    "X5": 0.26559950273943816,
    "X6": 0.000964450946029148,
    "X7": 0.07830000000000048,
    "X8": 0.024558170731707317,
    "X9": 0.0008573078167337265,
    "X10": 0.014350750391824213,
    "X11": 0.0,
    "X12": 0.0,
    "X13": 0.07574363986656023,
    "X14": 0.0022205128205128573,
    "X15": 0.003501470277180246,
    "X16": -0.028775069319241713,
    "X17": 0.0,
    "X18": 0.0,
    "X19": -8.761307127630534e-05,
    "X20": 0.06025286225724846,
    "X21": 4.0,
    "X22": 0.039317252846337365,
    "X23": 9.926134146342402e-06,
    "X24": 0.019985398326782255,
    "X25": 9.926134146342402e-06,
    "X26": 0.00043224337326640787,
    "X27": 1.1406313308875269e-05,
    "X28": -0.13043478259026217,
    "X29": 0.4343534871205593,
    "X30": 0.0006437500000001189,
    "X31": 0.000708388444275747,
    "X32": -0.73998759421167,
    "X33": 0.5840393630731506,
    "X34": 0.015313905501514187,
    "X35": 0.00032897612502813946,
    "X36": 0.8071954000980796,
    "X37": 0.029279819274266816,
    "offset_db": 0.00020000000000131024,
    "viol_rate_aligned": 0.0,
    "viol_energy_aligned": 0.07574363986656023,
    "global_offset_db": 0.0,
    "shape_rmse": 0.0031505767958172996,
    "ripple_hp": 0.0036096989633140723,
    "tail_asym": -0.0007000000000018328,
    "compress_ratio": 0.2,
    "compress_ratio_high": 0.19661016949152543,
    "freq_shift_score": 0.005134637266129283,
    "offset_slope": 0.0001256432782234803,
    "high_low_energy_ratio": 1.087821275784269,
    "band_offset_db_1": 0.0009499999999986741,
    "band_offset_db_2": -0.0001000000000015433,
    "band_offset_db_3": -5.000000000165983e-05,
    "band_offset_db_4": 0.00029999999999752447
  },
  "system": {
    "probs": {
      "正常": 0.9824945786594274,
      "幅度失准": 0.0057554231637535055,
      "频率失准": 0.003064244886640059,
      "参考电平失准": 0.008685753191929569
    },
    "decision": "正常",
    "confidence": 0.9824945786594274,
    "is_normal": true
  },
  "module": {
    "topk": [
      {
        "module_id": "[RF板][RF] 输入连接/匹配/保护",
        "gamma": 0.058823529411764705
      },
      {
        "module_id": "[RF板][RF] 输入衰减器组",
        "gamma": 0.058823529411764705
      },
      {
        "module_id": "[RF板][RF] 低频通路固定滤波/抑制网络",
        "gamma": 0.058823529411764705
      }
    ],
    "gating": {
      "disabled_modules": [
        "高频段YTF滤波器",
        "高频段混频器",
        "前置放大器",
        "衰减器"
      ],
      "topk_k": 3
    }
  },
  "evidence": {
    "global_offset_db": 0.00020000000000131024,
    "hf_std_db": 0.0026811628930498324,
    "p95_abs_dev_db": 0.005405000000001521,
    "inside_env_frac": 1.0,
    "peak_freq_mae_hz": 44192.670509804666,
    "peak_freq_outlier_frac": 0.0012195121951219512
  },
  "artifacts": {
    "output_json": "Output/batch_diagnosis/sim_00155_diagnosis.json"
  },
  "system_diagnosis": {
    "probabilities": {
      "正常": 0.9824945786594274,
      "幅度失准": 0.0057554231637535055,
      "频率失准": 0.003064244886640059,
      "参考电平失准": 0.008685753191929569
    },
    "predicted_class": "正常",
    "max_prob": 0.9824945786594274,
    "is_normal": true
  },
  "module_diagnosis": {
    "probabilities": {
      "[RF板][RF] 输入连接/匹配/保护": 0.058823529411764705,
      "[RF板][RF] 输入衰减器组": 0.058823529411764705,
      "[RF板][RF] 低频通路固定滤波/抑制网络": 0.058823529411764705,
      "[RF板][RF] 高频通路固定滤波/抑制网络": 0.058823529411764705,
      "[RF板][Mixer1]": 0.058823529411764705
    },
    "topk": [
      {
        "module": "[RF板][RF] 输入连接/匹配/保护",
        "probability": 0.058823529411764705
      },
      {
        "module": "[RF板][RF] 输入衰减器组",
        "probability": 0.058823529411764705
      },
      {
        "module": "[RF板][RF] 低频通路固定滤波/抑制网络",
        "probability": 0.058823529411764705
      }
    ],
    "disabled_modules": [
      "高频段YTF滤波器",
      "高频段混频器",
      "前置放大器",
      "衰减器"
    ]
  },
  "evidence_detail": {
    "viol_rate": 0.0,
    "envelope_violation": false,
    "violation_max_db": 0.0,
    "violation_energy": 0.07574363986656023,
    "baseline_coverage": 1.0
  },
  "config": {
    "mode": "unified_entry",
    "gating_status": "gated_ok",
    "run_name": null,
    "topk": 3
  },
  "uncertainty": {
    "is_uncertain": false,
    "reason": "",
    "top_class": "正常",
    "runner_up": "参考电平失准",
    "max_prob": 0.9824945786594274,
    "second_prob": 0.008685753191929569,
    "prob_gap": 0.9738088254674978,
    "support_top_features": [],
    "support_runnerup_features": [],
    "conflict_features": [],
    "suggested_actions": []
  },
  "module_validation": {
    "sample_id": "sim_00155",
    "gt_module": "时钟合成与同步网络",
    "gt_module_v2": "[LO/时钟板][LO1] 合成链",
    "top1": "[RF板][RF] 输入连接/匹配/保护",
    "top3": [
      "[RF板][RF] 输入连接/匹配/保护",
      "[RF板][RF] 输入衰减器组",
      "[RF板][RF] 低频通路固定滤波/抑制网络"
    ],
    "top5": [
      "[RF板][RF] 输入连接/匹配/保护",
      "[RF板][RF] 输入衰减器组",
      "[RF板][RF] 低频通路固定滤波/抑制网络",
      "[RF板][RF] 高频通路固定滤波/抑制网络",
      "[RF板][Mixer1]"
    ],
    "gt_rank": -1,
    "gt_prob": 0.0,
    "top1_hit": false,
    "top3_hit": false,
    "top5_hit": false
  },
  "ground_truth": {
    "type": "fault",
    "system_class_en": "freq_error",
    "system_class_cn": "频率失准",
    "module": "时钟合成与同步网络",
    "module_v2": "[LO/时钟板][LO1] 合成链",
    "fault_params": {
      "severity": "light",
      "tier_target": "edge",
      "delta_f_hz": -513456.07186996966,
      "ppm": -62.69304906837236,
      "shift_bins": -0.05134560718699697,
      "bandwidth_hz": 8190000000.0,
      "type": "clock_drift",
      "track_type": "spike",
      "template_id": "T8",
      "forced_peak_track_type": true,
      "peak_track_profile": {
        "bands": [],
        "track_type": "spike"
      },
      "freq_amp_coupling": {
        "bias_db_min": -0.1,
        "bias_db_max": -0.02
      }
    }
  }
}