{
  "status": "success",
  "meta": {
    "sample_id": "sim_00379",
    "input_file": "/home/runner/work/FMFD-python/FMFD-python/Output/sim_spectrum/raw_curves/sim_00379.csv",
    "operating_condition": {
      "inject_power_dbm": -10.0,
      "freq_start_hz": 10000000.0,
      "freq_end_hz": 8200000000.0,
      "step_hz": 10000000.0,
      "frontend": {
        "low_band_only": true,
        "ac_coupling": true,
        "preamp": false
      }
    }
  },
  "data_points": 820,
  "frequency_range": {
    "min": 10000000.0,
    "max": 8200000000.0
  },
  "features": {
    "X1": -9.91167304878049,
    "X2": 0.0007360600192924176,
    "X3": 0.00015523458435922588,
    "X4": 0.031170950495978397,
    "X5": 0.2826739311641869,
    "X6": 0.0010905801882659138,
    "X7": 0.08039999999999914,
    "X8": 0.026449390243902447,
    "X9": 0.0009716281548227359,
    "X10": 0.01807585542212352,
    "X11": 0.0,
    "X12": 0.0,
    "X13": 0.2505084138094143,
    "X14": 0.008854945054945208,
    "X15": 0.007403633299276523,
    "X16": -0.0040630047349560225,
    "X17": 0.0,
    "X18": 0.0,
    "X19": -2.856402613139831e-05,
    "X20": -0.055730673476991566,
    "X21": 6.0,
    "X22": 0.0517577390579284,
    "X23": 9.749330487804647e-05,
    "X24": 0.011439411817514178,
    "X25": 9.749330487804647e-05,
    "X26": 0.00013582724961622042,
    "X27": 0.00011202647760139696,
    "X28": 0.1720067453552827,
    "X29": -0.31235885867883406,
    "X30": 0.00654998380754113,
    "X31": 0.00542265220718997,
    "X32": -4.18835658811001,
    "X33": 0.5375133230668224,
    "X34": 0.018381594401182536,
    "X35": 0.0003150910523420419,
    "X36": 0.8376943283082614,
    "X37": 0.031170950495978397,
    "offset_db": 0.020000000000000462,
    "viol_rate_aligned": 0.0,
    "viol_energy_aligned": 0.2505084138094143,
    "global_offset_db": -8.881784197001252e-16,
    "shape_rmse": 0.009873869802567227,
    "ripple_hp": 0.0026798706755099475,
    "tail_asym": 0.008000000000000809,
    "compress_ratio": 0.2,
    "compress_ratio_high": 0.2,
    "freq_shift_score": 0.04453823806839419,
    "offset_slope": -0.00010903576088802228,
    "high_low_energy_ratio": 4.745126486880357,
    "band_offset_db_1": -0.0010500000000002174,
    "band_offset_db_2": -0.0009000000000014552,
    "band_offset_db_3": 0.008099999999999774,
    "band_offset_db_4": -0.0006999999999983686
  },
  "system": {
    "probs": {
      "正常": 0.9971789000263701,
      "幅度失准": 0.0007566718348340351,
      "频率失准": 0.0008284889655961125,
      "参考电平失准": 0.0012359390734818453
    },
    "decision": "正常",
    "confidence": 0.9971789000263701,
    "is_normal": true
  },
  "module": {
    "topk": [
      {
        "module_id": "[RF板][RF] 输入连接/匹配/保护",
        "gamma": 0.058823529411764705
      },
      {
        "module_id": "[RF板][RF] 输入衰减器组",
        "gamma": 0.058823529411764705
      },
      {
        "module_id": "[RF板][RF] 低频通路固定滤波/抑制网络",
        "gamma": 0.058823529411764705
      }
    ],
    "gating": {
      "disabled_modules": [
        "高频段YTF滤波器",
        "高频段混频器",
        "前置放大器",
        "衰减器"
      ],
      "topk_k": 3
    }
  },
  "evidence": {
    "global_offset_db": 0.020000000000000462,
    "hf_std_db": 0.005599957937462966,
    "p95_abs_dev_db": 0.023204999999999292,
    "inside_env_frac": 1.0,
    "peak_freq_mae_hz": 3962.7316118671993,
    "peak_freq_outlier_frac": 0.0
  },
  "artifacts": {
    "output_json": "Output/batch_diagnosis/sim_00379_diagnosis.json"
  },
  "system_diagnosis": {
    "probabilities": {
      "正常": 0.9971789000263701,
      "幅度失准": 0.0007566718348340351,
      "频率失准": 0.0008284889655961125,
      "参考电平失准": 0.0012359390734818453
    },
    "predicted_class": "正常",
    "max_prob": 0.9971789000263701,
    "is_normal": true
  },
  "module_diagnosis": {
    "probabilities": {
      "[RF板][RF] 输入连接/匹配/保护": 0.058823529411764705,
      "[RF板][RF] 输入衰减器组": 0.058823529411764705,
      "[RF板][RF] 低频通路固定滤波/抑制网络": 0.058823529411764705,
      "[RF板][RF] 高频通路固定滤波/抑制网络": 0.058823529411764705,
      "[RF板][Mixer1]": 0.058823529411764705
    },
    "topk": [
      {
        "module": "[RF板][RF] 输入连接/匹配/保护",
        "probability": 0.058823529411764705
      },
      {
        "module": "[RF板][RF] 输入衰减器组",
        "probability": 0.058823529411764705
      },
      {
        "module": "[RF板][RF] 低频通路固定滤波/抑制网络",
        "probability": 0.058823529411764705
      }
    ],
    "disabled_modules": [
      "高频段YTF滤波器",
      "高频段混频器",
      "前置放大器",
      "衰减器"
    ]
  },
  "evidence_detail": {
    "viol_rate": 0.0,
    "envelope_violation": false,
    "violation_max_db": 0.0,
    "violation_energy": 0.2505084138094143,
    "baseline_coverage": 1.0
  },
  "config": {
    "mode": "unified_entry",
    "gating_status": "gated_ok",
    "run_name": null,
    "topk": 3
  },
  "uncertainty": {
    "is_uncertain": false,
    "reason": "",
    "top_class": "正常",
    "runner_up": "参考电平失准",
    "max_prob": 0.9971789000263701,
    "second_prob": 0.0012359390734818453,
    "prob_gap": 0.9959429609528883,
    "support_top_features": [],
    "support_runnerup_features": [],
    "conflict_features": [],
    "suggested_actions": []
  },
  "module_validation": {
    "sample_id": "sim_00379",
    "gt_module": null,
    "gt_module_v2": null,
    "top1": "[RF板][RF] 输入连接/匹配/保护",
    "top3": [
      "[RF板][RF] 输入连接/匹配/保护",
      "[RF板][RF] 输入衰减器组",
      "[RF板][RF] 低频通路固定滤波/抑制网络"
    ],
    "top5": [
      "[RF板][RF] 输入连接/匹配/保护",
      "[RF板][RF] 输入衰减器组",
      "[RF板][RF] 低频通路固定滤波/抑制网络",
      "[RF板][RF] 高频通路固定滤波/抑制网络",
      "[RF板][Mixer1]"
    ],
    "gt_rank": -1,
    "gt_prob": 0.0,
    "top1_hit": false,
    "top3_hit": false,
    "top5_hit": false
  },
  "ground_truth": {
    "type": "normal",
    "system_class_en": "normal",
    "system_class_cn": "正常",
    "module": null,
    "module_v2": null,
    "fault_params": {
      "severity": "light",
      "tier_target": "in_spec_weak",
      "type": "normal",
      "normal_state": "normal_state_A"
    }
  }
}