{
  "status": "success",
  "meta": {
    "sample_id": "sim_00294",
    "input_file": "/home/runner/work/FMFD-python/FMFD-python/Output/sim_spectrum/raw_curves/sim_00294.csv",
    "operating_condition": {
      "inject_power_dbm": -10.0,
      "freq_start_hz": 10000000.0,
      "freq_end_hz": 8200000000.0,
      "step_hz": 10000000.0,
      "frontend": {
        "low_band_only": true,
        "ac_coupling": true,
        "preamp": false
      }
    }
  },
  "data_points": 820,
  "frequency_range": {
    "min": 10000000.0,
    "max": 8200000000.0
  },
  "features": {
    "X1": -9.875886585365853,
    "X2": 0.0006023696290237277,
    "X3": 0.00023528015453047233,
    "X4": 0.028818437912650666,
    "X5": 0.2626183812461191,
    "X6": 0.0009427117712671023,
    "X7": 0.08170000000000144,
    "X8": 0.024325609756097544,
    "X9": 0.0008305023637253013,
    "X10": 0.01451087927422343,
    "X11": 0.0,
    "X12": 0.0,
    "X13": 0.06302836772617154,
    "X14": 0.0015417582417581622,
    "X15": 0.0013981035407207975,
    "X16": 0.0017005766285912933,
    "X17": 0.0,
    "X18": 0.0,
    "X19": -6.675850733378342e-05,
    "X20": -0.02672038381829367,
    "X21": 5.0,
    "X22": 0.03998805877942908,
    "X23": 3.5863414634146112e-06,
    "X24": 0.0103664049886385,
    "X25": 3.5863414634146112e-06,
    "X26": 0.00045741475423063005,
    "X27": 1.969685188152356e-05,
    "X28": -0.09523809521517781,
    "X29": -0.0040144803352833176,
    "X30": -6.935975609748818e-05,
    "X31": 0.00018603977301797104,
    "X32": -0.25901988268238757,
    "X33": 0.5779282791942232,
    "X34": 0.014606832503910289,
    "X35": 0.00031486676473438396,
    "X36": 0.8096729943070937,
    "X37": 0.028818437912650662,
    "offset_db": 0.05719999999999992,
    "viol_rate_aligned": 0.0,
    "viol_energy_aligned": 0.06302836772617154,
    "global_offset_db": 0.0,
    "shape_rmse": 0.001893763835174442,
    "ripple_hp": 0.002550567941733141,
    "tail_asym": 0.0001999999999996228,
    "compress_ratio": 0.2,
    "compress_ratio_high": 0.2,
    "freq_shift_score": 0.0018894633810064843,
    "offset_slope": 2.3453191392403916e-05,
    "high_low_energy_ratio": 0.255984433406664,
    "band_offset_db_1": 0.0011999999999998678,
    "band_offset_db_2": 0.0,
    "band_offset_db_3": -0.0002999999999993008,
    "band_offset_db_4": 9.999999999976694e-05
  },
  "system": {
    "probs": {
      "正常": 0.7226749152204118,
      "幅度失准": 0.04712497557511,
      "频率失准": 0.026657335011720785,
      "参考电平失准": 0.2035427741204899
    },
    "decision": "正常",
    "confidence": 0.7226749152204118,
    "is_normal": true
  },
  "module": {
    "topk": [
      {
        "module_id": "[校准链路][校准源]",
        "gamma": 0.43749999999999994
      },
      {
        "module_id": "[校准链路][校准路径开关/耦合]",
        "gamma": 0.3125
      },
      {
        "module_id": "[校准链路][校准表/存储]",
        "gamma": 0.25000000000000006
      }
    ],
    "gating": {
      "disabled_modules": [
        "高频段YTF滤波器",
        "高频段混频器",
        "前置放大器",
        "衰减器"
      ],
      "topk_k": 3
    }
  },
  "evidence": {
    "global_offset_db": 0.05719999999999992,
    "hf_std_db": 0.0017473027793222177,
    "p95_abs_dev_db": 0.0039050000000014637,
    "inside_env_frac": 1.0,
    "peak_freq_mae_hz": 3839.996341429801,
    "peak_freq_outlier_frac": 0.0
  },
  "artifacts": {
    "output_json": "Output/batch_diagnosis/sim_00294_diagnosis.json"
  },
  "system_diagnosis": {
    "probabilities": {
      "正常": 0.7226749152204118,
      "幅度失准": 0.04712497557511,
      "频率失准": 0.026657335011720785,
      "参考电平失准": 0.2035427741204899
    },
    "predicted_class": "正常",
    "max_prob": 0.7226749152204118,
    "is_normal": true
  },
  "module_diagnosis": {
    "probabilities": {
      "[校准链路][校准源]": 0.43749999999999994,
      "[校准链路][校准路径开关/耦合]": 0.3125,
      "[校准链路][校准表/存储]": 0.25000000000000006,
      "[RF板][RF] 输入衰减器组": 0.0,
      "[RF板][RF] 低频通路固定滤波/抑制网络": 0.0,
      "[RF板][Mixer1]": 0.0
    },
    "topk": [
      {
        "module": "[校准链路][校准源]",
        "probability": 0.43749999999999994
      },
      {
        "module": "[校准链路][校准路径开关/耦合]",
        "probability": 0.3125
      },
      {
        "module": "[校准链路][校准表/存储]",
        "probability": 0.25000000000000006
      }
    ],
    "disabled_modules": [
      "高频段YTF滤波器",
      "高频段混频器",
      "前置放大器",
      "衰减器"
    ]
  },
  "evidence_detail": {
    "viol_rate": 0.0,
    "envelope_violation": false,
    "violation_max_db": 0.0,
    "violation_energy": 0.06302836772617154,
    "baseline_coverage": 1.0
  },
  "config": {
    "mode": "unified_entry",
    "gating_status": "gated_ok",
    "run_name": null,
    "topk": 3
  },
  "uncertainty": {
    "is_uncertain": false,
    "reason": "",
    "top_class": "正常",
    "runner_up": "参考电平失准",
    "max_prob": 0.7226749152204118,
    "second_prob": 0.2035427741204899,
    "prob_gap": 0.5191321410999219,
    "support_top_features": [],
    "support_runnerup_features": [],
    "conflict_features": [],
    "suggested_actions": []
  },
  "module_validation": {
    "sample_id": "sim_00294",
    "gt_module": "存储器",
    "gt_module_v2": "[校准链路][校准表/存储]",
    "top1": "[校准链路][校准源]",
    "top3": [
      "[校准链路][校准源]",
      "[校准链路][校准路径开关/耦合]",
      "[校准链路][校准表/存储]"
    ],
    "top5": [
      "[校准链路][校准源]",
      "[校准链路][校准路径开关/耦合]",
      "[校准链路][校准表/存储]",
      "[RF板][RF] 输入衰减器组",
      "[RF板][RF] 低频通路固定滤波/抑制网络"
    ],
    "gt_rank": 3,
    "gt_prob": 0.25000000000000006,
    "top1_hit": false,
    "top3_hit": true,
    "top5_hit": true
  },
  "ground_truth": {
    "type": "fault",
    "system_class_en": "ref_error",
    "system_class_cn": "参考电平失准",
    "module": "存储器",
    "module_v2": "[校准链路][校准表/存储]",
    "fault_params": {
      "severity": "mid",
      "tier_target": "edge",
      "type": "ref_miscal",
      "subtype": "ref_error_offset",
      "offset_db": 0.12431888961024472,
      "template_id": "T1",
      "mean_offset_db": 0.0571868283876587
    }
  }
}