{
  "status": "success",
  "meta": {
    "sample_id": "sim_00085",
    "input_file": "/home/runner/work/FMFD-python/FMFD-python/Output/sim_spectrum/raw_curves/sim_00085.csv",
    "operating_condition": {
      "inject_power_dbm": -10.0,
      "freq_start_hz": 10000000.0,
      "freq_end_hz": 8200000000.0,
      "step_hz": 10000000.0,
      "frontend": {
        "low_band_only": true,
        "ac_coupling": true,
        "preamp": false
      }
    }
  },
  "data_points": 820,
  "frequency_range": {
    "min": 10000000.0,
    "max": 8200000000.0
  },
  "features": {
    "X1": -9.933073902439025,
    "X2": 0.0006101803920863908,
    "X3": 0.00034173003414361436,
    "X4": 0.02977947287295186,
    "X5": 0.3343869607583004,
    "X6": 0.0010428413189173121,
    "X7": 0.054700000000000415,
    "X8": 0.026253902439024413,
    "X9": 0.0008868170045908758,
    "X10": 0.017549830136916668,
    "X11": 0.0,
    "X12": 0.0,
    "X13": 0.5429666688337357,
    "X14": 0.006152014652014571,
    "X15": 0.01701457375909034,
    "X16": -0.42580821144482245,
    "X17": 0.0,
    "X18": 0.0005,
    "X19": -4.7836219024688185e-05,
    "X20": -0.24167587283243597,
    "X21": 3.0,
    "X22": 0.04916058887654755,
    "X23": 9.642842465130095e-05,
    "X24": 0.28089333414680084,
    "X25": 0.00016163068292683136,
    "X26": 0.00022460839118806973,
    "X27": 6.46257636738665e-05,
    "X28": -0.08217716114987829,
    "X29": 1.7164066389564592,
    "X30": 0.005220994679620722,
    "X31": 0.0025258675540601604,
    "X32": -1.4435681559259463,
    "X33": 0.44803123859472477,
    "X34": 0.01763213632138353,
    "X35": 0.00020933161400260342,
    "X36": 0.8805345127584483,
    "X37": 0.029779472872951865,
    "offset_db": 0.0010000000000021103,
    "viol_rate_aligned": 0.0,
    "viol_energy_aligned": 0.5429666688337357,
    "global_offset_db": 0.0,
    "shape_rmse": 0.012713405638412997,
    "ripple_hp": 0.012402374385360177,
    "tail_asym": -0.0035300000000043005,
    "compress_ratio": 0.2,
    "compress_ratio_high": 0.2,
    "freq_shift_score": 0.07961648203413085,
    "offset_slope": -0.0007783919238717938,
    "high_low_energy_ratio": 6.622230249020399,
    "band_offset_db_1": -0.0026000000000037105,
    "band_offset_db_2": 0.0007999999999981355,
    "band_offset_db_3": 0.0013499999999968537,
    "band_offset_db_4": -0.0019000000000026773
  },
  "system": {
    "probs": {
      "正常": 0.03642687734786582,
      "幅度失准": 0.031501173664503404,
      "频率失准": 0.9219753031773674,
      "参考电平失准": 0.010096645718065839
    },
    "decision": "频率失准",
    "confidence": 0.9219753031773674,
    "is_normal": false
  },
  "module": {
    "topk": [
      {
        "module_id": "[RF板][Mixer1]",
        "gamma": 0.2855250282952092
      },
      {
        "module_id": "[时钟板][参考域] 10MHz 基准 OCXO",
        "gamma": 0.19264339258471946
      },
      {
        "module_id": "[时钟板][参考分配]",
        "gamma": 0.19264339258471946
      }
    ],
    "gating": {
      "disabled_modules": [
        "高频段YTF滤波器",
        "高频段混频器",
        "前置放大器",
        "衰减器"
      ],
      "topk_k": 3
    }
  },
  "evidence": {
    "global_offset_db": 0.0010000000000021103,
    "hf_std_db": 0.01094756823611829,
    "p95_abs_dev_db": 0.022704999999997085,
    "inside_env_frac": 1.0,
    "peak_freq_mae_hz": 907153.5377652007,
    "peak_freq_outlier_frac": 0.02926829268292683
  },
  "artifacts": {
    "output_json": "Output/diagnosis/batch/sim_00085_diagnosis.json"
  },
  "system_diagnosis": {
    "probabilities": {
      "正常": 0.03642687734786582,
      "幅度失准": 0.031501173664503404,
      "频率失准": 0.9219753031773674,
      "参考电平失准": 0.010096645718065839
    },
    "predicted_class": "频率失准",
    "max_prob": 0.9219753031773674,
    "is_normal": false
  },
  "module_diagnosis": {
    "probabilities": {
      "[RF板][Mixer1]": 0.2855250282952092,
      "[时钟板][参考域] 10MHz 基准 OCXO": 0.19264339258471946,
      "[时钟板][参考分配]": 0.19264339258471946,
      "[RF板][RF] 低频通路固定滤波/抑制网络": 0.17200302909349954,
      "[LO/时钟板][LO1] 合成链": 0.08256145396487978,
      "[电源板] 电源管理模块": 0.07462370347697263,
      "[RF板][RF] 输入衰减器组": 0.0,
      "前置放大器": 0.0,
      "[RF板][YTF]": 0.0,
      "[RF板][Mixer2]": 0.0
    },
    "topk": [
      {
        "module": "[RF板][Mixer1]",
        "probability": 0.2855250282952092
      },
      {
        "module": "[时钟板][参考域] 10MHz 基准 OCXO",
        "probability": 0.19264339258471946
      },
      {
        "module": "[时钟板][参考分配]",
        "probability": 0.19264339258471946
      }
    ],
    "disabled_modules": [
      "高频段YTF滤波器",
      "高频段混频器",
      "前置放大器",
      "衰减器"
    ]
  },
  "evidence_detail": {
    "viol_rate": 0.0,
    "envelope_violation": false,
    "violation_max_db": 0.0,
    "violation_energy": 0.5429666688337357,
    "baseline_coverage": 1.0
  },
  "config": {
    "mode": "unified_entry",
    "gating_status": "gated_ok",
    "run_name": null,
    "topk": 3
  },
  "uncertainty": {
    "is_uncertain": false,
    "reason": "",
    "top_class": "频率失准",
    "runner_up": "正常",
    "max_prob": 0.9219753031773674,
    "second_prob": 0.03642687734786582,
    "prob_gap": 0.8855484258295016,
    "support_top_features": [],
    "support_runnerup_features": [],
    "conflict_features": [],
    "suggested_actions": []
  },
  "module_validation": {
    "sample_id": "sim_00085",
    "gt_module": "本振源（谐波发生器）",
    "gt_module_v2": "[LO/时钟板][LO1] 合成链",
    "top1": "[RF板][Mixer1]",
    "top3": [
      "[RF板][Mixer1]",
      "[时钟板][参考域] 10MHz 基准 OCXO",
      "[时钟板][参考分配]"
    ],
    "top5": [
      "[RF板][Mixer1]",
      "[时钟板][参考域] 10MHz 基准 OCXO",
      "[时钟板][参考分配]",
      "[RF板][RF] 低频通路固定滤波/抑制网络",
      "[LO/时钟板][LO1] 合成链"
    ],
    "gt_rank": 5,
    "gt_prob": 0.08256145396487978,
    "top1_hit": false,
    "top3_hit": false,
    "top5_hit": true
  },
  "ground_truth": {
    "type": "fault",
    "system_class_en": "freq_error",
    "system_class_cn": "频率失准",
    "module": "本振源（谐波发生器）",
    "module_v2": "[LO/时钟板][LO1] 合成链",
    "fault_params": {
      "severity": "mid",
      "tier_target": "edge",
      "delta_f_hz": -1534815.0730101664,
      "ppm": -187.40110781564914,
      "shift_bins": -0.15348150730101665,
      "bandwidth_hz": 8190000000.0,
      "warp_scale": 0.9995649502765833,
      "warp_bias": -0.0001871725698792886,
      "type": "freq_miscal",
      "track_type": "hole",
      "template_id": "T8",
      "forced_peak_track_type": true,
      "peak_track_profile": {
        "bands": [
          {
            "start_hz": 6320071947.926992,
            "end_hz": 6766970461.1820545,
            "center_hz": 6543521204.554523,
            "width_hz": 446898513.2550628,
            "amplitude_hz": -21777192.29388219,
            "ramp_hz": 104953004.39796703
          }
        ],
        "track_type": "hole"
      },
      "freq_amp_coupling": {
        "bias_db_min": -0.1,
        "bias_db_max": -0.02
      }
    }
  }
}