{
  "status": "success",
  "meta": {
    "sample_id": "sim_00017",
    "input_file": "/home/runner/work/FMFD-python/FMFD-python/Output/sim_spectrum/raw_curves/sim_00017.csv",
    "operating_condition": {
      "inject_power_dbm": -10.0,
      "freq_start_hz": 10000000.0,
      "freq_end_hz": 8200000000.0,
      "step_hz": 10000000.0,
      "frontend": {
        "low_band_only": true,
        "ac_coupling": true,
        "preamp": false
      }
    }
  },
  "data_points": 820,
  "frequency_range": {
    "min": 10000000.0,
    "max": 8200000000.0
  },
  "features": {
    "X1": -9.933075731707318,
    "X2": 0.0004878268512046409,
    "X3": -5.650510794011954e-05,
    "X4": 0.03171773160967746,
    "X5": 0.3492489521312498,
    "X6": 0.002841302106171919,
    "X7": 0.0801999999999996,
    "X8": 0.043339878048780485,
    "X9": 0.0010060144984635323,
    "X10": 0.04420355859060551,
    "X11": 0.0,
    "X12": 0.0,
    "X13": 0.6197341402400918,
    "X14": 0.02651446886446899,
    "X15": 0.02219371277415024,
    "X16": 0.009887476761228215,
    "X17": 0.0,
    "X18": 0.0,
    "X19": -0.0001601970999150338,
    "X20": -0.15000640129248177,
    "X21": 5.0,
    "X22": 0.05996410588185452,
    "X23": 0.0011525608658536433,
    "X24": 1.2605599651660526e-05,
    "X25": 0.0011525608658536433,
    "X26": 0.0009663307985838771,
    "X27": 0.0001820859762822048,
    "X28": -0.33445096395288926,
    "X29": 0.6139967507521336,
    "X30": 0.02786299878412741,
    "X31": 0.03231884749477971,
    "X32": -12.168267547770885,
    "X33": 0.33143913221300497,
    "X34": 0.03403284989796198,
    "X35": 0.00031212243019495715,
    "X36": 0.8448640246023074,
    "X37": 0.03171773160967745,
    "offset_db": 0.006649999999999601,
    "viol_rate_aligned": 0.0,
    "viol_energy_aligned": 0.6197341402400918,
    "global_offset_db": 0.0,
    "shape_rmse": 0.03394938682588602,
    "ripple_hp": 8.870891089931048e-05,
    "tail_asym": -0.038704999999998525,
    "compress_ratio": 0.2,
    "compress_ratio_high": 0.2,
    "freq_shift_score": 0.1833853388654998,
    "offset_slope": -0.013599500971385285,
    "high_low_energy_ratio": 1.5923330869943808,
    "band_offset_db_1": 0.03930000000000167,
    "band_offset_db_2": 0.023550000000001958,
    "band_offset_db_3": -0.001500000000000945,
    "band_offset_db_4": -0.040749999999999176
  },
  "system": {
    "probs": {
      "正常": 0.5491188597158303,
      "幅度失准": 0.07318166832841728,
      "频率失准": 0.2685252517282784,
      "参考电平失准": 0.10917422022692488
    },
    "decision": "正常",
    "confidence": 0.5491188597158303,
    "is_normal": true
  },
  "module": {
    "topk": [
      {
        "module_id": "[RF板][Mixer1]",
        "gamma": 0.24164371928407746
      },
      {
        "module_id": "[电源板] 电源管理模块",
        "gamma": 0.21684143991064053
      },
      {
        "module_id": "[时钟板][参考域] 10MHz 基准 OCXO",
        "gamma": 0.16303672626395588
      }
    ],
    "gating": {
      "disabled_modules": [
        "高频段YTF滤波器",
        "高频段混频器",
        "前置放大器",
        "衰减器"
      ],
      "topk_k": 3
    }
  },
  "evidence": {
    "global_offset_db": 0.006649999999999601,
    "hf_std_db": 0.005190925485598239,
    "p95_abs_dev_db": 0.07446000000000046,
    "inside_env_frac": 1.0,
    "peak_freq_mae_hz": 3993.2032833421763,
    "peak_freq_outlier_frac": 0.0
  },
  "artifacts": {
    "output_json": "Output/diagnosis/batch/sim_00017_diagnosis.json"
  },
  "system_diagnosis": {
    "probabilities": {
      "正常": 0.5491188597158303,
      "幅度失准": 0.07318166832841728,
      "频率失准": 0.2685252517282784,
      "参考电平失准": 0.10917422022692488
    },
    "predicted_class": "正常",
    "max_prob": 0.5491188597158303,
    "is_normal": true
  },
  "module_diagnosis": {
    "probabilities": {
      "[RF板][Mixer1]": 0.24164371928407746,
      "[电源板] 电源管理模块": 0.21684143991064053,
      "[时钟板][参考域] 10MHz 基准 OCXO": 0.16303672626395588,
      "[时钟板][参考分配]": 0.16303672626395588,
      "[RF板][RF] 低频通路固定滤波/抑制网络": 0.14556850559281773,
      "[LO/时钟板][LO1] 合成链": 0.06987288268455252,
      "[RF板][RF] 输入衰减器组": 0.0,
      "前置放大器": 0.0,
      "[RF板][YTF]": 0.0,
      "[RF板][Mixer2]": 0.0
    },
    "topk": [
      {
        "module": "[RF板][Mixer1]",
        "probability": 0.24164371928407746
      },
      {
        "module": "[电源板] 电源管理模块",
        "probability": 0.21684143991064053
      },
      {
        "module": "[时钟板][参考域] 10MHz 基准 OCXO",
        "probability": 0.16303672626395588
      }
    ],
    "disabled_modules": [
      "高频段YTF滤波器",
      "高频段混频器",
      "前置放大器",
      "衰减器"
    ]
  },
  "evidence_detail": {
    "viol_rate": 0.0,
    "envelope_violation": false,
    "violation_max_db": 0.0,
    "violation_energy": 0.6197341402400918,
    "baseline_coverage": 1.0
  },
  "config": {
    "mode": "unified_entry",
    "gating_status": "fallback_brb_only",
    "run_name": null,
    "topk": 3
  },
  "uncertainty": {
    "is_uncertain": true,
    "reason": "max_prob(54.91%) < 55%",
    "top_class": "正常",
    "runner_up": "频率失准",
    "max_prob": 0.5491188597158303,
    "second_prob": 0.2685252517282784,
    "prob_gap": 0.2805936079875519,
    "support_top_features": [],
    "support_runnerup_features": [
      {
        "feature": "X21",
        "contribution": 1.0
      },
      {
        "feature": "X20",
        "contribution": 0.030001280258496354
      },
      {
        "feature": "X4",
        "contribution": 0.028545958448709715
      },
      {
        "feature": "X7",
        "contribution": 0.016039999999999922
      },
      {
        "feature": "X14",
        "contribution": 0.01590868131868139
      }
    ],
    "conflict_features": [
      {
        "feature": "X1",
        "top_contrib": 0.9933075731707318,
        "runnerup_contrib": 0.9933075731707318
      },
      {
        "feature": "X13",
        "top_contrib": 0.06197341402400918,
        "runnerup_contrib": 0.06197341402400918
      },
      {
        "feature": "X5",
        "top_contrib": 0.03492489521312498,
        "runnerup_contrib": 0.03492489521312498
      }
    ],
    "suggested_actions": [
      "当前诊断为正常，但置信度较低",
      "建议增加测试样本或更换测试信号",
      "复测频率标度线性度",
      "建议重复测试或更换测试点以提高置信度"
    ]
  },
  "module_validation": {
    "sample_id": "sim_00017",
    "gt_module": "低频段前置低通滤波器",
    "gt_module_v2": "[RF板][RF] 低频通路固定滤波/抑制网络",
    "top1": "[RF板][Mixer1]",
    "top3": [
      "[RF板][Mixer1]",
      "[电源板] 电源管理模块",
      "[时钟板][参考域] 10MHz 基准 OCXO"
    ],
    "top5": [
      "[RF板][Mixer1]",
      "[电源板] 电源管理模块",
      "[时钟板][参考域] 10MHz 基准 OCXO",
      "[时钟板][参考分配]",
      "[RF板][RF] 低频通路固定滤波/抑制网络"
    ],
    "gt_rank": 5,
    "gt_prob": 0.14556850559281773,
    "top1_hit": false,
    "top3_hit": false,
    "top5_hit": true
  },
  "ground_truth": {
    "type": "fault",
    "system_class_en": "amp_error",
    "system_class_cn": "幅度失准",
    "module": "低频段前置低通滤波器",
    "module_v2": "[RF板][RF] 低频通路固定滤波/抑制网络",
    "fault_params": {
      "severity": "light",
      "tier_target": "in_spec_weak",
      "type": "lpf_shift",
      "subtype": "amp_error_band",
      "slope_db": -0.07934704465070251,
      "template_id": "T2"
    }
  }
}