{
  "status": "success",
  "meta": {
    "sample_id": "sim_00139",
    "input_file": "/home/runner/work/FMFD-python/FMFD-python/Output/sim_spectrum/raw_curves/sim_00139.csv",
    "operating_condition": {
      "inject_power_dbm": -10.0,
      "freq_start_hz": 10000000.0,
      "freq_end_hz": 8200000000.0,
      "step_hz": 10000000.0,
      "frontend": {
        "low_band_only": true,
        "ac_coupling": true,
        "preamp": false
      }
    }
  },
  "data_points": 820,
  "frequency_range": {
    "min": 10000000.0,
    "max": 8200000000.0
  },
  "features": {
    "X1": -9.993455975609756,
    "X2": 0.000659253197005749,
    "X3": 0.00020470733067617355,
    "X4": 0.02978393345413566,
    "X5": 0.2689077870191704,
    "X6": 0.0010025002935603797,
    "X7": 0.08549999999999969,
    "X8": 0.025091829268292655,
    "X9": 0.0008870826920003817,
    "X10": 0.014280776758131808,
    "X11": 0.0,
    "X12": 0.0,
    "X13": 0.12694524877796992,
    "X14": 0.004916849816849868,
    "X15": 0.006203165188154762,
    "X16": 0.004212324666039908,
    "X17": 0.0,
    "X18": 0.0,
    "X19": -7.580044852419605e-05,
    "X20": -0.016430379279251728,
    "X21": 4.0,
    "X22": 0.03616881136879014,
    "X23": 5.2437865853659515e-05,
    "X24": 0.12684034818048784,
    "X25": 5.2437865853659515e-05,
    "X26": 0.0003932522805186755,
    "X27": 2.9556906811500702e-05,
    "X28": -0.06644700713541385,
    "X29": -0.004695957951228806,
    "X30": 0.0032346036585367346,
    "X31": 0.0013290742977707392,
    "X32": -0.16621361698893572,
    "X33": 0.6232769510302048,
    "X34": 0.014128821056067031,
    "X35": 0.00038944545714494325,
    "X36": 0.7800140743764802,
    "X37": 0.029783933454135665,
    "offset_db": -0.060099999999999376,
    "viol_rate_aligned": 0.0,
    "viol_energy_aligned": 0.12694524877796992,
    "global_offset_db": 0.0,
    "shape_rmse": 0.007241399440278068,
    "ripple_hp": 0.0096290378698399,
    "tail_asym": -0.000589999999998812,
    "compress_ratio": 0.2,
    "compress_ratio_high": 0.2,
    "freq_shift_score": 0.02646378308249797,
    "offset_slope": -4.0068434976433416e-05,
    "high_low_energy_ratio": 5.860049958834486,
    "band_offset_db_1": 0.0015499999999999403,
    "band_offset_db_2": -0.00030000000000285354,
    "band_offset_db_3": 0.0011499999999999844,
    "band_offset_db_4": -0.0001000000000015433
  },
  "system": {
    "probs": {
      "正常": 2.891524348350326e-06,
      "幅度失准": 0.00047901068142461745,
      "频率失准": 0.005572347616001985,
      "参考电平失准": 0.9939457500788303
    },
    "decision": "参考电平失准",
    "confidence": 0.9939457500788303,
    "is_normal": false
  },
  "module": {
    "topk": [
      {
        "module_id": "[校准链路][校准源]",
        "gamma": 0.37870455393877345
      },
      {
        "module_id": "[校准链路][校准路径开关/耦合]",
        "gamma": 0.2735088445113364
      },
      {
        "module_id": "[校准链路][校准表/存储]",
        "gamma": 0.24195013168310525
      }
    ],
    "gating": {
      "disabled_modules": [
        "高频段YTF滤波器",
        "高频段混频器",
        "前置放大器",
        "衰减器"
      ],
      "topk_k": 3
    }
  },
  "evidence": {
    "global_offset_db": -0.060099999999999376,
    "hf_std_db": 0.006971968649472654,
    "p95_abs_dev_db": 0.014204999999997265,
    "inside_env_frac": 1.0,
    "peak_freq_mae_hz": 4046.386671835209,
    "peak_freq_outlier_frac": 0.0
  },
  "artifacts": {
    "output_json": "Output/diagnosis/batch/sim_00139_diagnosis.json"
  },
  "system_diagnosis": {
    "probabilities": {
      "正常": 2.891524348350326e-06,
      "幅度失准": 0.00047901068142461745,
      "频率失准": 0.005572347616001985,
      "参考电平失准": 0.9939457500788303
    },
    "predicted_class": "参考电平失准",
    "max_prob": 0.9939457500788303,
    "is_normal": false
  },
  "module_diagnosis": {
    "probabilities": {
      "[校准链路][校准源]": 0.37870455393877345,
      "[校准链路][校准路径开关/耦合]": 0.2735088445113364,
      "[校准链路][校准表/存储]": 0.24195013168310525,
      "[电源板] 电源管理模块": 0.10583646986678492,
      "[RF板][RF] 输入衰减器组": 0.0,
      "前置放大器": 0.0,
      "[RF板][RF] 低频通路固定滤波/抑制网络": 0.0,
      "[RF板][Mixer1]": 0.0,
      "[RF板][YTF]": 0.0,
      "[RF板][Mixer2]": 0.0
    },
    "topk": [
      {
        "module": "[校准链路][校准源]",
        "probability": 0.37870455393877345
      },
      {
        "module": "[校准链路][校准路径开关/耦合]",
        "probability": 0.2735088445113364
      },
      {
        "module": "[校准链路][校准表/存储]",
        "probability": 0.24195013168310525
      }
    ],
    "disabled_modules": [
      "高频段YTF滤波器",
      "高频段混频器",
      "前置放大器",
      "衰减器"
    ]
  },
  "evidence_detail": {
    "viol_rate": 0.0,
    "envelope_violation": false,
    "violation_max_db": 0.0,
    "violation_energy": 0.12694524877796992,
    "baseline_coverage": 1.0
  },
  "config": {
    "mode": "unified_entry",
    "gating_status": "gated_ok",
    "run_name": null,
    "topk": 3
  },
  "uncertainty": {
    "is_uncertain": false,
    "reason": "",
    "top_class": "参考电平失准",
    "runner_up": "频率失准",
    "max_prob": 0.9939457500788303,
    "second_prob": 0.005572347616001985,
    "prob_gap": 0.9883734024628283,
    "support_top_features": [],
    "support_runnerup_features": [],
    "conflict_features": [],
    "suggested_actions": []
  },
  "module_validation": {
    "sample_id": "sim_00139",
    "gt_module": "校准源",
    "gt_module_v2": "[校准链路][校准源]",
    "top1": "[校准链路][校准源]",
    "top3": [
      "[校准链路][校准源]",
      "[校准链路][校准路径开关/耦合]",
      "[校准链路][校准表/存储]"
    ],
    "top5": [
      "[校准链路][校准源]",
      "[校准链路][校准路径开关/耦合]",
      "[校准链路][校准表/存储]",
      "[电源板] 电源管理模块",
      "[RF板][RF] 输入衰减器组"
    ],
    "gt_rank": 1,
    "gt_prob": 0.37870455393877345,
    "top1_hit": true,
    "top3_hit": true,
    "top5_hit": true
  },
  "ground_truth": {
    "type": "fault",
    "system_class_en": "ref_error",
    "system_class_cn": "参考电平失准",
    "module": "校准源",
    "module_v2": "[校准链路][校准源]",
    "fault_params": {
      "severity": "light",
      "tier_target": "edge",
      "type": "ref_miscal",
      "subtype": "ref_error_offset",
      "offset_db": -0.051860048246649304,
      "template_id": "T1",
      "mean_offset_db": -0.06038232072226639
    }
  }
}