{
  "status": "success",
  "meta": {
    "sample_id": "sim_00073",
    "input_file": "/home/runner/work/FMFD-python/FMFD-python/Output/sim_spectrum/raw_curves/sim_00073.csv",
    "operating_condition": {
      "inject_power_dbm": -10.0,
      "freq_start_hz": 10000000.0,
      "freq_end_hz": 8200000000.0,
      "step_hz": 10000000.0,
      "frontend": {
        "low_band_only": true,
        "ac_coupling": true,
        "preamp": false
      }
    }
  },
  "data_points": 820,
  "frequency_range": {
    "min": 10000000.0,
    "max": 8200000000.0
  },
  "features": {
    "X1": -9.876056341463416,
    "X2": 0.0006223400593231544,
    "X3": 0.00024793465101411404,
    "X4": 0.029086360542509376,
    "X5": 0.2614935759449832,
    "X6": 0.0009592806305175481,
    "X7": 0.08410000000000117,
    "X8": 0.024627073170731675,
    "X9": 0.0008460163696088463,
    "X10": 0.015063545689671016,
    "X11": 0.0,
    "X12": 0.0,
    "X13": 0.06960885879499518,
    "X14": 0.0033846153846153566,
    "X15": 0.0035196506767814183,
    "X16": -0.004353074424552239,
    "X17": 0.0,
    "X18": 0.0,
    "X19": -3.1328718084440064e-05,
    "X20": -0.027200856378143623,
    "X21": 4.0,
    "X22": 0.04052918239252126,
    "X23": 1.718039024390222e-05,
    "X24": 0.044125434480768666,
    "X25": 1.718039024390222e-05,
    "X26": 0.0004466248255495527,
    "X27": 3.483340832632696e-05,
    "X28": 0.02857142856862214,
    "X29": -0.005313957957114557,
    "X30": 0.001095579268292804,
    "X31": 0.0007975647609367115,
    "X32": -0.11076487932943306,
    "X33": 0.5943143797713436,
    "X34": 0.016011023782245466,
    "X35": 0.0003388271105505537,
    "X36": 0.7990567799521284,
    "X37": 0.029086360542509376,
    "offset_db": 0.057000000000000384,
    "viol_rate_aligned": 0.0,
    "viol_energy_aligned": 0.06960885879499518,
    "global_offset_db": 0.0,
    "shape_rmse": 0.004144923430402812,
    "ripple_hp": 0.005408062034645887,
    "tail_asym": 0.0001949999999996347,
    "compress_ratio": 0.1975609756097561,
    "compress_ratio_high": 0.19661016949152543,
    "freq_shift_score": 0.008988042712047561,
    "offset_slope": 2.4682644332128867e-06,
    "high_low_energy_ratio": 0.4229227899631245,
    "band_offset_db_1": -0.005349999999999966,
    "band_offset_db_2": 0.0004000000000008441,
    "band_offset_db_3": -0.0006999999999992568,
    "band_offset_db_4": 0.0
  },
  "system": {
    "probs": {
      "正常": 0.9824131162544255,
      "幅度失准": 0.005885030412881953,
      "频率失准": 0.002922419615402668,
      "参考电平失准": 0.008779433716307294
    },
    "decision": "正常",
    "confidence": 0.9824131162544255,
    "is_normal": true
  },
  "module": {
    "topk": [
      {
        "module_id": "[电源板] 电源管理模块",
        "gamma": 0.9305570095323105
      },
      {
        "module_id": "[校准链路][校准源]",
        "gamma": 0.029411148903962604
      },
      {
        "module_id": "[校准链路][校准路径开关/耦合]",
        "gamma": 0.021241385319528547
      }
    ],
    "gating": {
      "disabled_modules": [
        "高频段YTF滤波器",
        "高频段混频器",
        "前置放大器",
        "衰减器"
      ],
      "topk_k": 3
    }
  },
  "evidence": {
    "global_offset_db": 0.057000000000000384,
    "hf_std_db": 0.003876011086253168,
    "p95_abs_dev_db": 0.00820000000000043,
    "inside_env_frac": 1.0,
    "peak_freq_mae_hz": 3956.524872284637,
    "peak_freq_outlier_frac": 0.0
  },
  "artifacts": {
    "output_json": "Output/diagnosis/batch/sim_00073_diagnosis.json"
  },
  "system_diagnosis": {
    "probabilities": {
      "正常": 0.9824131162544255,
      "幅度失准": 0.005885030412881953,
      "频率失准": 0.002922419615402668,
      "参考电平失准": 0.008779433716307294
    },
    "predicted_class": "正常",
    "max_prob": 0.9824131162544255,
    "is_normal": true
  },
  "module_diagnosis": {
    "probabilities": {
      "[电源板] 电源管理模块": 0.9305570095323105,
      "[校准链路][校准源]": 0.029411148903962604,
      "[校准链路][校准路径开关/耦合]": 0.021241385319528547,
      "[校准链路][校准表/存储]": 0.01879045624419833,
      "[RF板][RF] 输入衰减器组": 0.0,
      "前置放大器": 0.0,
      "[RF板][RF] 低频通路固定滤波/抑制网络": 0.0,
      "[RF板][Mixer1]": 0.0,
      "[RF板][YTF]": 0.0,
      "[RF板][Mixer2]": 0.0
    },
    "topk": [
      {
        "module": "[电源板] 电源管理模块",
        "probability": 0.9305570095323105
      },
      {
        "module": "[校准链路][校准源]",
        "probability": 0.029411148903962604
      },
      {
        "module": "[校准链路][校准路径开关/耦合]",
        "probability": 0.021241385319528547
      }
    ],
    "disabled_modules": [
      "高频段YTF滤波器",
      "高频段混频器",
      "前置放大器",
      "衰减器"
    ]
  },
  "evidence_detail": {
    "viol_rate": 0.0,
    "envelope_violation": false,
    "violation_max_db": 0.0,
    "violation_energy": 0.06960885879499518,
    "baseline_coverage": 1.0
  },
  "config": {
    "mode": "unified_entry",
    "gating_status": "fallback_brb_only",
    "run_name": null,
    "topk": 3
  },
  "uncertainty": {
    "is_uncertain": false,
    "reason": "",
    "top_class": "正常",
    "runner_up": "参考电平失准",
    "max_prob": 0.9824131162544255,
    "second_prob": 0.008779433716307294,
    "prob_gap": 0.9736336825381182,
    "support_top_features": [],
    "support_runnerup_features": [],
    "conflict_features": [],
    "suggested_actions": []
  },
  "module_validation": {
    "sample_id": "sim_00073",
    "gt_module": "存储器",
    "gt_module_v2": "[校准链路][校准表/存储]",
    "top1": "[电源板] 电源管理模块",
    "top3": [
      "[电源板] 电源管理模块",
      "[校准链路][校准源]",
      "[校准链路][校准路径开关/耦合]"
    ],
    "top5": [
      "[电源板] 电源管理模块",
      "[校准链路][校准源]",
      "[校准链路][校准路径开关/耦合]",
      "[校准链路][校准表/存储]",
      "[RF板][RF] 输入衰减器组"
    ],
    "gt_rank": 4,
    "gt_prob": 0.01879045624419833,
    "top1_hit": false,
    "top3_hit": false,
    "top5_hit": true
  },
  "ground_truth": {
    "type": "fault",
    "system_class_en": "ref_error",
    "system_class_cn": "参考电平失准",
    "module": "存储器",
    "module_v2": "[校准链路][校准表/存储]",
    "fault_params": {
      "severity": "light",
      "tier_target": "in_spec_weak",
      "type": "ref_miscal",
      "subtype": "ref_error_offset",
      "offset_db": 0.06465038107664817,
      "template_id": "T1",
      "mean_offset_db": 0.05701676620954037
    }
  }
}