{
  "status": "success",
  "meta": {
    "sample_id": "sim_00099",
    "input_file": "/home/runner/work/FMFD-python/FMFD-python/Output/sim_spectrum/raw_curves/sim_00099.csv",
    "operating_condition": {
      "inject_power_dbm": -10.0,
      "freq_start_hz": 10000000.0,
      "freq_end_hz": 8200000000.0,
      "step_hz": 10000000.0,
      "frontend": {
        "low_band_only": true,
        "ac_coupling": true,
        "preamp": false
      }
    }
  },
  "data_points": 820,
  "frequency_range": {
    "min": 10000000.0,
    "max": 8200000000.0
  },
  "features": {
    "X1": -9.933727926829269,
    "X2": 0.0007712066547689862,
    "X3": 0.00031652850516234186,
    "X4": 0.03104610726643799,
    "X5": 0.29430023631317476,
    "X6": 0.001068540476189768,
    "X7": 0.08140000000000036,
    "X8": 0.025218170731707314,
    "X9": 0.0009638607763991736,
    "X10": 0.015053931155455409,
    "X11": 0.0,
    "X12": 0.0,
    "X13": 0.22358847774983254,
    "X14": 0.006961172161172179,
    "X15": 0.011004011790290156,
    "X16": 0.012864762572493006,
    "X17": 0.0,
    "X18": 0.0,
    "X19": -5.348915602233205e-05,
    "X20": 0.26183730436998465,
    "X21": 8.0,
    "X22": 0.03951726312604049,
    "X23": 0.00012255986585365877,
    "X24": 0.04872157562084101,
    "X25": 0.00012255986585365877,
    "X26": 0.0007403297887568428,
    "X27": 0.00013815710995745994,
    "X28": -0.09246697607665033,
    "X29": 0.6587911480217601,
    "X30": 0.007479268292683059,
    "X31": 0.0033070019140797203,
    "X32": -2.794059029216015,
    "X33": 0.5739423881067173,
    "X34": 0.01682703110341611,
    "X35": 0.0003519877738866758,
    "X36": 0.8170202291003955,
    "X37": 0.03104610726643799,
    "offset_db": 0.0,
    "viol_rate_aligned": 0.0,
    "viol_energy_aligned": 0.22358847774983254,
    "global_offset_db": 0.0,
    "shape_rmse": 0.011070675943846373,
    "ripple_hp": 0.005787576338255141,
    "tail_asym": -0.0025949999999992923,
    "compress_ratio": 0.2,
    "compress_ratio_high": 0.19661016949152543,
    "freq_shift_score": 0.05888111445380617,
    "offset_slope": 0.00017620515606321291,
    "high_low_energy_ratio": 55.13435379420173,
    "band_offset_db_1": 0.0007500000000009166,
    "band_offset_db_2": -0.001200000000000756,
    "band_offset_db_3": 0.0016999999999995907,
    "band_offset_db_4": 0.0004000000000008441
  },
  "system": {
    "probs": {
      "正常": 0.979725522664307,
      "幅度失准": 0.004947971609312747,
      "频率失准": 0.007960523142122292,
      "参考电平失准": 0.00736598258327809
    },
    "decision": "正常",
    "confidence": 0.979725522664307,
    "is_normal": true
  },
  "module": {
    "topk": [
      {
        "module_id": "[电源板] 电源管理模块",
        "gamma": 0.9032860347868588
      },
      {
        "module_id": "[RF板][Mixer1]",
        "gamma": 0.02984111194308818
      },
      {
        "module_id": "[时钟板][参考域] 10MHz 基准 OCXO",
        "gamma": 0.020133762274854677
      }
    ],
    "gating": {
      "disabled_modules": [
        "高频段YTF滤波器",
        "高频段混频器",
        "前置放大器",
        "衰减器"
      ],
      "topk_k": 3
    }
  },
  "evidence": {
    "global_offset_db": 0.0,
    "hf_std_db": 0.008776254139138726,
    "p95_abs_dev_db": 0.022400000000001086,
    "inside_env_frac": 1.0,
    "peak_freq_mae_hz": 3814.6416971084254,
    "peak_freq_outlier_frac": 0.0
  },
  "artifacts": {
    "output_json": "Output/diagnosis/batch/sim_00099_diagnosis.json"
  },
  "system_diagnosis": {
    "probabilities": {
      "正常": 0.979725522664307,
      "幅度失准": 0.004947971609312747,
      "频率失准": 0.007960523142122292,
      "参考电平失准": 0.00736598258327809
    },
    "predicted_class": "正常",
    "max_prob": 0.979725522664307,
    "is_normal": true
  },
  "module_diagnosis": {
    "probabilities": {
      "[电源板] 电源管理模块": 0.9032860347868588,
      "[RF板][Mixer1]": 0.02984111194308818,
      "[时钟板][参考域] 10MHz 基准 OCXO": 0.020133762274854677,
      "[时钟板][参考分配]": 0.020133762274854677,
      "[RF板][RF] 低频通路固定滤波/抑制网络": 0.017976573459691676,
      "[LO/时钟板][LO1] 合成链": 0.008628755260652005,
      "[RF板][RF] 输入衰减器组": 0.0,
      "前置放大器": 0.0,
      "[RF板][YTF]": 0.0,
      "[RF板][Mixer2]": 0.0
    },
    "topk": [
      {
        "module": "[电源板] 电源管理模块",
        "probability": 0.9032860347868588
      },
      {
        "module": "[RF板][Mixer1]",
        "probability": 0.02984111194308818
      },
      {
        "module": "[时钟板][参考域] 10MHz 基准 OCXO",
        "probability": 0.020133762274854677
      }
    ],
    "disabled_modules": [
      "高频段YTF滤波器",
      "高频段混频器",
      "前置放大器",
      "衰减器"
    ]
  },
  "evidence_detail": {
    "viol_rate": 0.0,
    "envelope_violation": false,
    "violation_max_db": 0.0,
    "violation_energy": 0.22358847774983254,
    "baseline_coverage": 1.0
  },
  "config": {
    "mode": "unified_entry",
    "gating_status": "fallback_brb_only",
    "run_name": null,
    "topk": 3
  },
  "uncertainty": {
    "is_uncertain": false,
    "reason": "",
    "top_class": "正常",
    "runner_up": "频率失准",
    "max_prob": 0.979725522664307,
    "second_prob": 0.007960523142122292,
    "prob_gap": 0.9717649995221848,
    "support_top_features": [],
    "support_runnerup_features": [],
    "conflict_features": [],
    "suggested_actions": []
  },
  "module_validation": {
    "sample_id": "sim_00099",
    "gt_module": null,
    "gt_module_v2": null,
    "top1": "[电源板] 电源管理模块",
    "top3": [
      "[电源板] 电源管理模块",
      "[RF板][Mixer1]",
      "[时钟板][参考域] 10MHz 基准 OCXO"
    ],
    "top5": [
      "[电源板] 电源管理模块",
      "[RF板][Mixer1]",
      "[时钟板][参考域] 10MHz 基准 OCXO",
      "[时钟板][参考分配]",
      "[RF板][RF] 低频通路固定滤波/抑制网络"
    ],
    "gt_rank": -1,
    "gt_prob": 0.0,
    "top1_hit": false,
    "top3_hit": false,
    "top5_hit": false
  },
  "ground_truth": {
    "type": "normal",
    "system_class_en": "normal",
    "system_class_cn": "正常",
    "module": null,
    "module_v2": null,
    "fault_params": {
      "severity": "mid",
      "tier_target": "in_spec_weak",
      "type": "normal",
      "normal_state": "normal_state_A"
    }
  }
}