{
  "status": "success",
  "meta": {
    "sample_id": "sim_00070",
    "input_file": "/home/runner/work/FMFD-python/FMFD-python/Output/sim_spectrum/raw_curves/sim_00070.csv",
    "operating_condition": {
      "inject_power_dbm": -10.0,
      "freq_start_hz": 10000000.0,
      "freq_end_hz": 8200000000.0,
      "step_hz": 10000000.0,
      "frontend": {
        "low_band_only": true,
        "ac_coupling": true,
        "preamp": false
      }
    }
  },
  "data_points": 820,
  "frequency_range": {
    "min": 10000000.0,
    "max": 8200000000.0
  },
  "features": {
    "X1": -9.933072682926829,
    "X2": 0.0006209793272440347,
    "X3": 0.0003052446506059843,
    "X4": 0.02775225382404897,
    "X5": 0.3088554187535926,
    "X6": 0.000855974692801904,
    "X7": 0.059499999999999886,
    "X8": 0.02319926829268294,
    "X9": 0.0007701875923144405,
    "X10": 0.012171662181549225,
    "X11": 0.0,
    "X12": 0.0,
    "X13": 0.16489148531988393,
    "X14": 0.005846886446886478,
    "X15": 0.009113990069529327,
    "X16": -0.1135632026501174,
    "X17": 0.0004999999999999449,
    "X18": 0.0,
    "X19": -6.20327060494684e-05,
    "X20": 0.15576909052760612,
    "X21": 6.0,
    "X22": 0.037665585597291155,
    "X23": 8.153091995236083e-05,
    "X24": 0.14916518698926828,
    "X25": 9.617792682926662e-05,
    "X26": 0.00020439171730547918,
    "X27": 0.00013344500904845425,
    "X28": -0.09839278713834013,
    "X29": 0.7053116546706677,
    "X30": 0.0009071646341464315,
    "X31": 0.003082473757808704,
    "X32": -1.1004161371823085,
    "X33": 0.568075218928153,
    "X34": 0.01376356870784211,
    "X35": 0.0002762311260791844,
    "X36": 0.8195389131233048,
    "X37": 0.027752253824048966,
    "offset_db": 0.0005999999999986017,
    "viol_rate_aligned": 0.0,
    "viol_energy_aligned": 0.16489148531988393,
    "global_offset_db": 0.0,
    "shape_rmse": 0.009807034558380359,
    "ripple_hp": 0.009417457068221452,
    "tail_asym": -0.002404999999996174,
    "compress_ratio": 0.2,
    "compress_ratio_high": 0.19661016949152543,
    "freq_shift_score": 0.05180971375594301,
    "offset_slope": 0.0005856357282637498,
    "high_low_energy_ratio": 10.595501358045171,
    "band_offset_db_1": -0.0011499999999990962,
    "band_offset_db_2": -0.0011999999999972033,
    "band_offset_db_3": -0.0034499999999981767,
    "band_offset_db_4": 0.0020000000000024443
  },
  "system": {
    "probs": {
      "正常": 0.1427874258231807,
      "幅度失准": 0.023833090318355878,
      "频率失准": 0.7907020472705852,
      "参考电平失准": 0.04267743650880792
    },
    "decision": "频率失准",
    "confidence": 0.7907020472705852,
    "is_normal": false
  },
  "module": {
    "topk": [
      {
        "module_id": "[RF板][Mixer1]",
        "gamma": 0.2820309155871823
      },
      {
        "module_id": "[时钟板][参考域] 10MHz 基准 OCXO",
        "gamma": 0.19028591895038804
      },
      {
        "module_id": "[时钟板][参考分配]",
        "gamma": 0.19028591895038804
      }
    ],
    "gating": {
      "disabled_modules": [
        "高频段YTF滤波器",
        "高频段混频器",
        "前置放大器",
        "衰减器"
      ],
      "topk_k": 3
    }
  },
  "evidence": {
    "global_offset_db": 0.0005999999999986017,
    "hf_std_db": 0.007787339630669273,
    "p95_abs_dev_db": 0.018805000000002178,
    "inside_env_frac": 1.0,
    "peak_freq_mae_hz": 51317.29535825212,
    "peak_freq_outlier_frac": 0.0012195121951219512
  },
  "artifacts": {
    "output_json": "Output/diagnosis/batch/sim_00070_diagnosis.json"
  },
  "system_diagnosis": {
    "probabilities": {
      "正常": 0.1427874258231807,
      "幅度失准": 0.023833090318355878,
      "频率失准": 0.7907020472705852,
      "参考电平失准": 0.04267743650880792
    },
    "predicted_class": "频率失准",
    "max_prob": 0.7907020472705852,
    "is_normal": false
  },
  "module_diagnosis": {
    "probabilities": {
      "[RF板][Mixer1]": 0.2820309155871823,
      "[时钟板][参考域] 10MHz 基准 OCXO": 0.19028591895038804,
      "[时钟板][参考分配]": 0.19028591895038804,
      "[RF板][RF] 低频通路固定滤波/抑制网络": 0.16989814191998934,
      "[电源板] 电源管理模块": 0.08594799647045745,
      "[LO/时钟板][LO1] 合成链": 0.08155110812159488,
      "[RF板][RF] 输入衰减器组": 0.0,
      "前置放大器": 0.0,
      "[RF板][YTF]": 0.0,
      "[RF板][Mixer2]": 0.0
    },
    "topk": [
      {
        "module": "[RF板][Mixer1]",
        "probability": 0.2820309155871823
      },
      {
        "module": "[时钟板][参考域] 10MHz 基准 OCXO",
        "probability": 0.19028591895038804
      },
      {
        "module": "[时钟板][参考分配]",
        "probability": 0.19028591895038804
      }
    ],
    "disabled_modules": [
      "高频段YTF滤波器",
      "高频段混频器",
      "前置放大器",
      "衰减器"
    ]
  },
  "evidence_detail": {
    "viol_rate": 0.0,
    "envelope_violation": false,
    "violation_max_db": 0.0,
    "violation_energy": 0.16489148531988393,
    "baseline_coverage": 1.0
  },
  "config": {
    "mode": "unified_entry",
    "gating_status": "gated_ok",
    "run_name": null,
    "topk": 3
  },
  "uncertainty": {
    "is_uncertain": false,
    "reason": "",
    "top_class": "频率失准",
    "runner_up": "正常",
    "max_prob": 0.7907020472705852,
    "second_prob": 0.1427874258231807,
    "prob_gap": 0.6479146214474045,
    "support_top_features": [],
    "support_runnerup_features": [],
    "conflict_features": [],
    "suggested_actions": []
  },
  "module_validation": {
    "sample_id": "sim_00070",
    "gt_module": "本振源（谐波发生器）",
    "gt_module_v2": "[LO/时钟板][LO1] 合成链",
    "top1": "[RF板][Mixer1]",
    "top3": [
      "[RF板][Mixer1]",
      "[时钟板][参考域] 10MHz 基准 OCXO",
      "[时钟板][参考分配]"
    ],
    "top5": [
      "[RF板][Mixer1]",
      "[时钟板][参考域] 10MHz 基准 OCXO",
      "[时钟板][参考分配]",
      "[RF板][RF] 低频通路固定滤波/抑制网络",
      "[电源板] 电源管理模块"
    ],
    "gt_rank": 6,
    "gt_prob": 0.08155110812159488,
    "top1_hit": false,
    "top3_hit": false,
    "top5_hit": false
  },
  "ground_truth": {
    "type": "fault",
    "system_class_en": "freq_error",
    "system_class_cn": "频率失准",
    "module": "本振源（谐波发生器）",
    "module_v2": "[LO/时钟板][LO1] 合成链",
    "fault_params": {
      "severity": "light",
      "tier_target": "edge",
      "delta_f_hz": 186031.13378918622,
      "ppm": 22.71442415008379,
      "shift_bins": 0.018603113378918623,
      "bandwidth_hz": 8190000000.0,
      "warp_scale": 0.9995011304695693,
      "warp_bias": 2.268672363282759e-05,
      "type": "freq_miscal",
      "track_type": "spike",
      "template_id": "T8",
      "forced_peak_track_type": true,
      "peak_track_profile": {
        "bands": [],
        "track_type": "spike"
      },
      "freq_amp_coupling": {
        "bias_db_min": -0.1,
        "bias_db_max": -0.02
      },
      "peak_track_warning": "peak_freq mismatch too weak"
    }
  }
}