{
  "status": "success",
  "meta": {
    "sample_id": "sim_00116",
    "input_file": "/home/runner/work/FMFD-python/FMFD-python/Output/sim_spectrum/raw_curves/sim_00116.csv",
    "operating_condition": {
      "inject_power_dbm": -10.0,
      "freq_start_hz": 10000000.0,
      "freq_end_hz": 8200000000.0,
      "step_hz": 10000000.0,
      "frontend": {
        "low_band_only": true,
        "ac_coupling": true,
        "preamp": false
      }
    }
  },
  "data_points": 820,
  "frequency_range": {
    "min": 10000000.0,
    "max": 8200000000.0
  },
  "features": {
    "X1": -9.997074024390242,
    "X2": 0.0006559441189107006,
    "X3": 0.0002474950008841828,
    "X4": 0.028779749914474698,
    "X5": 0.261049221384598,
    "X6": 0.0008829326301457467,
    "X7": 0.08070000000000022,
    "X8": 0.02364865853658537,
    "X9": 0.0008282740051397064,
    "X10": 0.012565181267872436,
    "X11": 0.0,
    "X12": 0.0,
    "X13": 0.057045838381204875,
    "X14": 0.004115018315018166,
    "X15": 0.003465008172372903,
    "X16": 0.0049733414292161505,
    "X17": 0.0,
    "X18": 0.0,
    "X19": -6.258946107448575e-05,
    "X20": -0.027913814892971622,
    "X21": 5.0,
    "X22": 0.03880779757177114,
    "X23": 2.4223134146343334e-05,
    "X24": 0.037934677800937955,
    "X25": 2.4223134146343334e-05,
    "X26": 0.0007038059432148875,
    "X27": 1.00660181381545e-06,
    "X28": 0.06451612902689803,
    "X29": -0.2590930486533571,
    "X30": -0.0006955792682925149,
    "X31": 0.0031344549198002855,
    "X32": -0.2807465247363007,
    "X33": 0.6123957952002084,
    "X34": 0.013760279877743769,
    "X35": 0.000331124997010857,
    "X36": 0.7993570142156493,
    "X37": 0.028779749914474698,
    "offset_db": -0.06420000000000048,
    "viol_rate_aligned": 0.0,
    "viol_energy_aligned": 0.057045838381204875,
    "global_offset_db": 0.0,
    "shape_rmse": 0.0049217003308148835,
    "ripple_hp": 0.004967013250285524,
    "tail_asym": 0.0005950000000004788,
    "compress_ratio": 0.1975609756097561,
    "compress_ratio_high": 0.2,
    "freq_shift_score": 0.012551226279607475,
    "offset_slope": 0.0013751918639771789,
    "high_low_energy_ratio": 1.3223675099035832,
    "band_offset_db_1": -0.004649999999999821,
    "band_offset_db_2": -0.0032999999999994145,
    "band_offset_db_3": -0.00039999999999906777,
    "band_offset_db_4": 0.004300000000002413
  },
  "system": {
    "probs": {
      "正常": 0.052519030947226444,
      "幅度失准": 0.007822976678088848,
      "频率失准": 0.00794751125294033,
      "参考电平失准": 0.9317104810285732
    },
    "decision": "参考电平失准",
    "confidence": 0.9317104810285732,
    "is_normal": false
  },
  "module": {
    "topk": [
      {
        "module_id": "[校准链路][校准源]",
        "gamma": 0.3760460824636177
      },
      {
        "module_id": "[校准链路][校准路径开关/耦合]",
        "gamma": 0.271588837334835
      },
      {
        "module_id": "[校准链路][校准表/存储]",
        "gamma": 0.24025166379620017
      }
    ],
    "gating": {
      "disabled_modules": [
        "高频段YTF滤波器",
        "高频段混频器",
        "前置放大器",
        "衰减器"
      ],
      "topk_k": 3
    }
  },
  "evidence": {
    "global_offset_db": -0.06420000000000048,
    "hf_std_db": 0.0036145879332503974,
    "p95_abs_dev_db": 0.009000000000002206,
    "inside_env_frac": 1.0,
    "peak_freq_mae_hz": 4037.638261439488,
    "peak_freq_outlier_frac": 0.0
  },
  "artifacts": {
    "output_json": "Output/diagnosis/batch/sim_00116_diagnosis.json"
  },
  "system_diagnosis": {
    "probabilities": {
      "正常": 0.052519030947226444,
      "幅度失准": 0.007822976678088848,
      "频率失准": 0.00794751125294033,
      "参考电平失准": 0.9317104810285732
    },
    "predicted_class": "参考电平失准",
    "max_prob": 0.9317104810285732,
    "is_normal": false
  },
  "module_diagnosis": {
    "probabilities": {
      "[校准链路][校准源]": 0.3760460824636177,
      "[校准链路][校准路径开关/耦合]": 0.271588837334835,
      "[校准链路][校准表/存储]": 0.24025166379620017,
      "[电源板] 电源管理模块": 0.11211341640534711,
      "[RF板][RF] 输入衰减器组": 0.0,
      "前置放大器": 0.0,
      "[RF板][RF] 低频通路固定滤波/抑制网络": 0.0,
      "[RF板][Mixer1]": 0.0,
      "[RF板][YTF]": 0.0,
      "[RF板][Mixer2]": 0.0
    },
    "topk": [
      {
        "module": "[校准链路][校准源]",
        "probability": 0.3760460824636177
      },
      {
        "module": "[校准链路][校准路径开关/耦合]",
        "probability": 0.271588837334835
      },
      {
        "module": "[校准链路][校准表/存储]",
        "probability": 0.24025166379620017
      }
    ],
    "disabled_modules": [
      "高频段YTF滤波器",
      "高频段混频器",
      "前置放大器",
      "衰减器"
    ]
  },
  "evidence_detail": {
    "viol_rate": 0.0,
    "envelope_violation": false,
    "violation_max_db": 0.0,
    "violation_energy": 0.057045838381204875,
    "baseline_coverage": 1.0
  },
  "config": {
    "mode": "unified_entry",
    "gating_status": "gated_ok",
    "run_name": null,
    "topk": 3
  },
  "uncertainty": {
    "is_uncertain": false,
    "reason": "",
    "top_class": "参考电平失准",
    "runner_up": "正常",
    "max_prob": 0.9317104810285732,
    "second_prob": 0.052519030947226444,
    "prob_gap": 0.8791914500813468,
    "support_top_features": [],
    "support_runnerup_features": [],
    "conflict_features": [],
    "suggested_actions": []
  },
  "module_validation": {
    "sample_id": "sim_00116",
    "gt_module": "存储器",
    "gt_module_v2": "[校准链路][校准表/存储]",
    "top1": "[校准链路][校准源]",
    "top3": [
      "[校准链路][校准源]",
      "[校准链路][校准路径开关/耦合]",
      "[校准链路][校准表/存储]"
    ],
    "top5": [
      "[校准链路][校准源]",
      "[校准链路][校准路径开关/耦合]",
      "[校准链路][校准表/存储]",
      "[电源板] 电源管理模块",
      "[RF板][RF] 输入衰减器组"
    ],
    "gt_rank": 3,
    "gt_prob": 0.24025166379620017,
    "top1_hit": false,
    "top3_hit": true,
    "top5_hit": true
  },
  "ground_truth": {
    "type": "fault",
    "system_class_en": "ref_error",
    "system_class_cn": "参考电平失准",
    "module": "存储器",
    "module_v2": "[校准链路][校准表/存储]",
    "fault_params": {
      "severity": "light",
      "tier_target": "in_spec_weak",
      "type": "ref_miscal",
      "subtype": "ref_error_offset",
      "offset_db": -0.09560744113684161,
      "template_id": "T1",
      "mean_offset_db": -0.06400094709642998
    }
  }
}