{
  "status": "success",
  "meta": {
    "sample_id": "sim_00092",
    "input_file": "/home/runner/work/FMFD-python/FMFD-python/Output/sim_spectrum/raw_curves/sim_00092.csv",
    "operating_condition": {
      "inject_power_dbm": -10.0,
      "freq_start_hz": 10000000.0,
      "freq_end_hz": 8200000000.0,
      "step_hz": 10000000.0,
      "frontend": {
        "low_band_only": true,
        "ac_coupling": true,
        "preamp": false
      }
    }
  },
  "data_points": 820,
  "frequency_range": {
    "min": 10000000.0,
    "max": 8200000000.0
  },
  "features": {
    "X1": -9.93307304878049,
    "X2": 0.000555442779554167,
    "X3": 0.00029135744698213556,
    "X4": 0.027846029075741945,
    "X5": 0.2302578822042622,
    "X6": 0.0008840214565585975,
    "X7": 0.0669000000000004,
    "X8": 0.023295731707317073,
    "X9": 0.0007754013352870658,
    "X10": 0.014497686735721797,
    "X11": 0.0,
    "X12": 0.0,
    "X13": 0.3096469646563234,
    "X14": 0.00571758241758236,
    "X15": 0.011135830464029509,
    "X16": -0.363447501144597,
    "X17": 0.0,
    "X18": 0.0005,
    "X19": -6.196514883482206e-05,
    "X20": 0.18571042623203704,
    "X21": 5.0,
    "X22": 0.04202885958130809,
    "X23": 3.82179597122712e-05,
    "X24": 0.27359923888940085,
    "X25": 9.191801219512006e-05,
    "X26": 0.0005902710997485585,
    "X27": 1.4081431449637813e-05,
    "X28": -0.0502035278131532,
    "X29": 0.6082800375975729,
    "X30": -0.00029969512195106534,
    "X31": 0.0007109132089923576,
    "X32": -0.4926882240801826,
    "X33": 0.5258020890886306,
    "X34": 0.014510802280256923,
    "X35": 0.0002444034998755146,
    "X36": 0.8413059181970929,
    "X37": 0.027846029075741945,
    "offset_db": 0.0004999999999988347,
    "viol_rate_aligned": 0.0,
    "viol_energy_aligned": 0.3096469646563234,
    "global_offset_db": 0.0,
    "shape_rmse": 0.009587388184230368,
    "ripple_hp": 0.012460292482711252,
    "tail_asym": -0.002299999999996416,
    "compress_ratio": 0.2,
    "compress_ratio_high": 0.2,
    "freq_shift_score": 0.049398825863338325,
    "offset_slope": 9.560645231010713e-05,
    "high_low_energy_ratio": 0.3762690044139181,
    "band_offset_db_1": 0.002900000000001235,
    "band_offset_db_2": -0.000700000000000145,
    "band_offset_db_3": -0.0006499999999984851,
    "band_offset_db_4": 0.0018000000000029104
  },
  "system": {
    "probs": {
      "正常": 0.06635769379298881,
      "幅度失准": 0.027322397148431047,
      "频率失准": 0.8605755628233354,
      "参考电平失准": 0.045744346149187154
    },
    "decision": "频率失准",
    "confidence": 0.8605755628233354,
    "is_normal": false
  },
  "module": {
    "topk": [
      {
        "module_id": "[RF板][Mixer1]",
        "gamma": 0.28401288701215727
      },
      {
        "module_id": "[时钟板][参考域] 10MHz 基准 OCXO",
        "gamma": 0.19162315268290134
      },
      {
        "module_id": "[时钟板][参考分配]",
        "gamma": 0.19162315268290134
      }
    ],
    "gating": {
      "disabled_modules": [
        "高频段YTF滤波器",
        "高频段混频器",
        "前置放大器",
        "衰减器"
      ],
      "topk_k": 3
    }
  },
  "evidence": {
    "global_offset_db": 0.0004999999999988347,
    "hf_std_db": 0.009141834705932286,
    "p95_abs_dev_db": 0.0179050000000009,
    "inside_env_frac": 1.0,
    "peak_freq_mae_hz": 208179.2732638013,
    "peak_freq_outlier_frac": 0.003658536585365854
  },
  "artifacts": {
    "output_json": "Output/diagnosis/batch/sim_00092_diagnosis.json"
  },
  "system_diagnosis": {
    "probabilities": {
      "正常": 0.06635769379298881,
      "幅度失准": 0.027322397148431047,
      "频率失准": 0.8605755628233354,
      "参考电平失准": 0.045744346149187154
    },
    "predicted_class": "频率失准",
    "max_prob": 0.8605755628233354,
    "is_normal": false
  },
  "module_diagnosis": {
    "probabilities": {
      "[RF板][Mixer1]": 0.28401288701215727,
      "[时钟板][参考域] 10MHz 基准 OCXO": 0.19162315268290134,
      "[时钟板][参考分配]": 0.19162315268290134,
      "[RF板][RF] 低频通路固定滤波/抑制网络": 0.17109210060973332,
      "[LO/时钟板][LO1] 合成链": 0.08212420829267199,
      "[电源板] 电源管理模块": 0.0795244987196348,
      "[RF板][RF] 输入衰减器组": 0.0,
      "前置放大器": 0.0,
      "[RF板][YTF]": 0.0,
      "[RF板][Mixer2]": 0.0
    },
    "topk": [
      {
        "module": "[RF板][Mixer1]",
        "probability": 0.28401288701215727
      },
      {
        "module": "[时钟板][参考域] 10MHz 基准 OCXO",
        "probability": 0.19162315268290134
      },
      {
        "module": "[时钟板][参考分配]",
        "probability": 0.19162315268290134
      }
    ],
    "disabled_modules": [
      "高频段YTF滤波器",
      "高频段混频器",
      "前置放大器",
      "衰减器"
    ]
  },
  "evidence_detail": {
    "viol_rate": 0.0,
    "envelope_violation": false,
    "violation_max_db": 0.0,
    "violation_energy": 0.3096469646563234,
    "baseline_coverage": 1.0
  },
  "config": {
    "mode": "unified_entry",
    "gating_status": "gated_ok",
    "run_name": null,
    "topk": 3
  },
  "uncertainty": {
    "is_uncertain": false,
    "reason": "",
    "top_class": "频率失准",
    "runner_up": "正常",
    "max_prob": 0.8605755628233354,
    "second_prob": 0.06635769379298881,
    "prob_gap": 0.7942178690303465,
    "support_top_features": [],
    "support_runnerup_features": [],
    "conflict_features": [],
    "suggested_actions": []
  },
  "module_validation": {
    "sample_id": "sim_00092",
    "gt_module": "时钟合成与同步网络",
    "gt_module_v2": "[LO/时钟板][LO1] 合成链",
    "top1": "[RF板][Mixer1]",
    "top3": [
      "[RF板][Mixer1]",
      "[时钟板][参考域] 10MHz 基准 OCXO",
      "[时钟板][参考分配]"
    ],
    "top5": [
      "[RF板][Mixer1]",
      "[时钟板][参考域] 10MHz 基准 OCXO",
      "[时钟板][参考分配]",
      "[RF板][RF] 低频通路固定滤波/抑制网络",
      "[LO/时钟板][LO1] 合成链"
    ],
    "gt_rank": 5,
    "gt_prob": 0.08212420829267199,
    "top1_hit": false,
    "top3_hit": false,
    "top5_hit": true
  },
  "ground_truth": {
    "type": "fault",
    "system_class_en": "freq_error",
    "system_class_cn": "频率失准",
    "module": "时钟合成与同步网络",
    "module_v2": "[LO/时钟板][LO1] 合成链",
    "fault_params": {
      "severity": "severe",
      "tier_target": "edge",
      "delta_f_hz": -1636085.2201239401,
      "ppm": -199.76620514333823,
      "shift_bins": -0.163608522012394,
      "bandwidth_hz": 8190000000.0,
      "warp_scale": 0.9997238633846068,
      "warp_bias": -0.0001995225878199927,
      "type": "freq_miscal",
      "track_type": "spike",
      "template_id": "T8",
      "forced_peak_track_type": true,
      "peak_track_profile": {
        "bands": [],
        "track_type": "spike"
      },
      "freq_amp_coupling": {
        "bias_db_min": -0.1,
        "bias_db_max": -0.02
      },
      "peak_track_warning": "peak_freq mismatch too weak"
    }
  }
}