{
  "status": "success",
  "meta": {
    "sample_id": "sim_00122",
    "input_file": "/home/runner/work/FMFD-python/FMFD-python/Output/sim_spectrum/raw_curves/sim_00122.csv",
    "operating_condition": {
      "inject_power_dbm": -10.0,
      "freq_start_hz": 10000000.0,
      "freq_end_hz": 8200000000.0,
      "step_hz": 10000000.0,
      "frontend": {
        "low_band_only": true,
        "ac_coupling": true,
        "preamp": false
      }
    }
  },
  "data_points": 820,
  "frequency_range": {
    "min": 10000000.0,
    "max": 8200000000.0
  },
  "features": {
    "X1": -9.883499268292685,
    "X2": 0.0006338221731442924,
    "X3": 0.0002689131174077705,
    "X4": 0.029515007634313358,
    "X5": 0.25680286441513955,
    "X6": 0.0009783618775133839,
    "X7": 0.08990000000000009,
    "X8": 0.024656341463414624,
    "X9": 0.0008711356756535757,
    "X10": 0.014497115614979655,
    "X11": 0.0,
    "X12": 0.0,
    "X13": 0.1359309003326583,
    "X14": 0.004415018315018247,
    "X15": 0.005737628802673245,
    "X16": 0.004051032549602686,
    "X17": 0.0,
    "X18": 0.0,
    "X19": -6.600674179211778e-05,
    "X20": 0.17084601653024967,
    "X21": 5.0,
    "X22": 0.03648550705648806,
    "X23": 3.902190243902477e-05,
    "X24": 0.09867114404933208,
    "X25": 3.902190243902477e-05,
    "X26": 0.0005649677085039165,
    "X27": 1.522999971297276e-06,
    "X28": 0.005656819610151153,
    "X29": 0.006442080173632328,
    "X30": 0.0018245426829269704,
    "X31": 0.0006183019915593506,
    "X32": -0.0698889840264551,
    "X33": 0.6395845616382191,
    "X34": 0.01520373283503755,
    "X35": 0.0004002169391184045,
    "X36": 0.7693439376516599,
    "X37": 0.029515007634313358,
    "offset_db": 0.049399999999999444,
    "viol_rate_aligned": 0.0,
    "viol_energy_aligned": 0.1359309003326583,
    "global_offset_db": 0.0,
    "shape_rmse": 0.006246751350824265,
    "ripple_hp": 0.008672753219354724,
    "tail_asym": 8.999999999996858e-05,
    "compress_ratio": 0.2,
    "compress_ratio_high": 0.2,
    "freq_shift_score": 0.02011616025565066,
    "offset_slope": 0.0001239484004108566,
    "high_low_energy_ratio": 5.028041102460462,
    "band_offset_db_1": 0.0008000000000008001,
    "band_offset_db_2": -0.00020000000000131024,
    "band_offset_db_3": -4.999999999988347e-05,
    "band_offset_db_4": 0.00020000000000131024
  },
  "system": {
    "probs": {
      "正常": 0.06934535236054207,
      "幅度失准": 0.014946115903988363,
      "频率失准": 0.0141898263479384,
      "参考电平失准": 0.9015187052973793
    },
    "decision": "参考电平失准",
    "confidence": 0.9015187052973793,
    "is_normal": false
  },
  "module": {
    "topk": [
      {
        "module_id": "[校准链路][校准源]",
        "gamma": 0.3746394358908049
      },
      {
        "module_id": "[校准链路][校准路径开关/耦合]",
        "gamma": 0.2705729259211368
      },
      {
        "module_id": "[校准链路][校准表/存储]",
        "gamma": 0.2393529729302364
      }
    ],
    "gating": {
      "disabled_modules": [
        "高频段YTF滤波器",
        "高频段混频器",
        "前置放大器",
        "衰减器"
      ],
      "topk_k": 3
    }
  },
  "evidence": {
    "global_offset_db": 0.049399999999999444,
    "hf_std_db": 0.006043313169344485,
    "p95_abs_dev_db": 0.012204999999999884,
    "inside_env_frac": 1.0,
    "peak_freq_mae_hz": 3958.4127457274535,
    "peak_freq_outlier_frac": 0.0
  },
  "artifacts": {
    "output_json": "Output/diagnosis/batch/sim_00122_diagnosis.json"
  },
  "system_diagnosis": {
    "probabilities": {
      "正常": 0.06934535236054207,
      "幅度失准": 0.014946115903988363,
      "频率失准": 0.0141898263479384,
      "参考电平失准": 0.9015187052973793
    },
    "predicted_class": "参考电平失准",
    "max_prob": 0.9015187052973793,
    "is_normal": false
  },
  "module_diagnosis": {
    "probabilities": {
      "[校准链路][校准源]": 0.3746394358908049,
      "[校准链路][校准路径开关/耦合]": 0.2705729259211368,
      "[校准链路][校准表/存储]": 0.2393529729302364,
      "[电源板] 电源管理模块": 0.11543466525782194,
      "[RF板][RF] 输入衰减器组": 0.0,
      "前置放大器": 0.0,
      "[RF板][RF] 低频通路固定滤波/抑制网络": 0.0,
      "[RF板][Mixer1]": 0.0,
      "[RF板][YTF]": 0.0,
      "[RF板][Mixer2]": 0.0
    },
    "topk": [
      {
        "module": "[校准链路][校准源]",
        "probability": 0.3746394358908049
      },
      {
        "module": "[校准链路][校准路径开关/耦合]",
        "probability": 0.2705729259211368
      },
      {
        "module": "[校准链路][校准表/存储]",
        "probability": 0.2393529729302364
      }
    ],
    "disabled_modules": [
      "高频段YTF滤波器",
      "高频段混频器",
      "前置放大器",
      "衰减器"
    ]
  },
  "evidence_detail": {
    "viol_rate": 0.0,
    "envelope_violation": false,
    "violation_max_db": 0.0,
    "violation_energy": 0.1359309003326583,
    "baseline_coverage": 1.0
  },
  "config": {
    "mode": "unified_entry",
    "gating_status": "gated_ok",
    "run_name": null,
    "topk": 3
  },
  "uncertainty": {
    "is_uncertain": false,
    "reason": "",
    "top_class": "参考电平失准",
    "runner_up": "正常",
    "max_prob": 0.9015187052973793,
    "second_prob": 0.06934535236054207,
    "prob_gap": 0.8321733529368373,
    "support_top_features": [],
    "support_runnerup_features": [],
    "conflict_features": [],
    "suggested_actions": []
  },
  "module_validation": {
    "sample_id": "sim_00122",
    "gt_module": "校准源",
    "gt_module_v2": "[校准链路][校准源]",
    "top1": "[校准链路][校准源]",
    "top3": [
      "[校准链路][校准源]",
      "[校准链路][校准路径开关/耦合]",
      "[校准链路][校准表/存储]"
    ],
    "top5": [
      "[校准链路][校准源]",
      "[校准链路][校准路径开关/耦合]",
      "[校准链路][校准表/存储]",
      "[电源板] 电源管理模块",
      "[RF板][RF] 输入衰减器组"
    ],
    "gt_rank": 1,
    "gt_prob": 0.3746394358908049,
    "top1_hit": true,
    "top3_hit": true,
    "top5_hit": true
  },
  "ground_truth": {
    "type": "fault",
    "system_class_en": "ref_error",
    "system_class_cn": "参考电平失准",
    "module": "校准源",
    "module_v2": "[校准链路][校准源]",
    "fault_params": {
      "severity": "mid",
      "tier_target": "edge",
      "type": "ref_miscal",
      "subtype": "ref_error_offset",
      "offset_db": 0.119078860745156,
      "template_id": "T1",
      "mean_offset_db": 0.04957425875892218
    }
  }
}