{
  "status": "success",
  "meta": {
    "sample_id": "sim_00119",
    "input_file": "/home/runner/work/FMFD-python/FMFD-python/Output/sim_spectrum/raw_curves/sim_00119.csv",
    "operating_condition": {
      "inject_power_dbm": -10.0,
      "freq_start_hz": 10000000.0,
      "freq_end_hz": 8200000000.0,
      "step_hz": 10000000.0,
      "frontend": {
        "low_band_only": true,
        "ac_coupling": true,
        "preamp": false
      }
    }
  },
  "data_points": 820,
  "frequency_range": {
    "min": 10000000.0,
    "max": 8200000000.0
  },
  "features": {
    "X1": -9.988087804878049,
    "X2": 0.0007038156710621972,
    "X3": 0.000256595704161144,
    "X4": 0.03026001768093013,
    "X5": 0.2919606645697917,
    "X6": 0.001022288924449732,
    "X7": 0.07450000000000045,
    "X8": 0.025292682926829253,
    "X9": 0.000915668670050204,
    "X10": 0.014878883863009984,
    "X11": 0.0,
    "X12": 0.0,
    "X13": 0.18379028252149213,
    "X14": 0.005414285714285791,
    "X15": 0.006981642706936224,
    "X16": -0.010729513609890542,
    "X17": 0.0,
    "X18": 0.0,
    "X19": -5.408533103034639e-05,
    "X20": -0.09067660537197231,
    "X21": 2.0,
    "X22": 0.03740059059660846,
    "X23": 6.259029268292653e-05,
    "X24": 0.1538236211549051,
    "X25": 6.259029268292653e-05,
    "X26": 5.8769554143126316e-05,
    "X27": 3.9329079893949714e-05,
    "X28": 0.015544041449927984,
    "X29": -0.005482827667220462,
    "X30": 0.004633384146341575,
    "X31": 0.0011068903631463794,
    "X32": -0.08181264479696804,
    "X33": 0.648572918769998,
    "X34": 0.014408927841539186,
    "X35": 0.0004300225964240607,
    "X36": 0.7641391846223283,
    "X37": 0.03026001768093013,
    "offset_db": -0.05509999999999948,
    "viol_rate_aligned": 0.0,
    "viol_energy_aligned": 0.18379028252149213,
    "global_offset_db": 0.0,
    "shape_rmse": 0.007911402700085904,
    "ripple_hp": 0.011051441828476989,
    "tail_asym": 0.0008999999999979025,
    "compress_ratio": 0.19878048780487806,
    "compress_ratio_high": 0.2,
    "freq_shift_score": 0.031078271239637356,
    "offset_slope": 0.00013632628623276515,
    "high_low_energy_ratio": 2.030855536346179,
    "band_offset_db_1": -0.0014500000000001734,
    "band_offset_db_2": -0.0008000000000016882,
    "band_offset_db_3": 0.00024999999999941735,
    "band_offset_db_4": 0.0009000000000014552
  },
  "system": {
    "probs": {
      "正常": 1.8310705074056701e-06,
      "幅度失准": 0.0009758056443175079,
      "频率失准": 0.006640896188432164,
      "参考电平失准": 0.9923814669975047
    },
    "decision": "参考电平失准",
    "confidence": 0.9923814669975047,
    "is_normal": false
  },
  "module": {
    "topk": [
      {
        "module_id": "[校准链路][校准源]",
        "gamma": 0.3786413855020271
      },
      {
        "module_id": "[校准链路][校准路径开关/耦合]",
        "gamma": 0.2734632228625752
      },
      {
        "module_id": "[校准链路][校准表/存储]",
        "gamma": 0.24190977407073955
      }
    ],
    "gating": {
      "disabled_modules": [
        "高频段YTF滤波器",
        "高频段混频器",
        "前置放大器",
        "衰减器"
      ],
      "topk_k": 3
    }
  },
  "evidence": {
    "global_offset_db": -0.05509999999999948,
    "hf_std_db": 0.0077466847382070035,
    "p95_abs_dev_db": 0.015505000000001075,
    "inside_env_frac": 1.0,
    "peak_freq_mae_hz": 3939.253727708398,
    "peak_freq_outlier_frac": 0.0
  },
  "artifacts": {
    "output_json": "Output/diagnosis/batch/sim_00119_diagnosis.json"
  },
  "system_diagnosis": {
    "probabilities": {
      "正常": 1.8310705074056701e-06,
      "幅度失准": 0.0009758056443175079,
      "频率失准": 0.006640896188432164,
      "参考电平失准": 0.9923814669975047
    },
    "predicted_class": "参考电平失准",
    "max_prob": 0.9923814669975047,
    "is_normal": false
  },
  "module_diagnosis": {
    "probabilities": {
      "[校准链路][校准源]": 0.3786413855020271,
      "[校准链路][校准路径开关/耦合]": 0.2734632228625752,
      "[校准链路][校准表/存储]": 0.24190977407073955,
      "[电源板] 电源管理模块": 0.10598561756465816,
      "[RF板][RF] 输入衰减器组": 0.0,
      "前置放大器": 0.0,
      "[RF板][RF] 低频通路固定滤波/抑制网络": 0.0,
      "[RF板][Mixer1]": 0.0,
      "[RF板][YTF]": 0.0,
      "[RF板][Mixer2]": 0.0
    },
    "topk": [
      {
        "module": "[校准链路][校准源]",
        "probability": 0.3786413855020271
      },
      {
        "module": "[校准链路][校准路径开关/耦合]",
        "probability": 0.2734632228625752
      },
      {
        "module": "[校准链路][校准表/存储]",
        "probability": 0.24190977407073955
      }
    ],
    "disabled_modules": [
      "高频段YTF滤波器",
      "高频段混频器",
      "前置放大器",
      "衰减器"
    ]
  },
  "evidence_detail": {
    "viol_rate": 0.0,
    "envelope_violation": false,
    "violation_max_db": 0.0,
    "violation_energy": 0.18379028252149213,
    "baseline_coverage": 1.0
  },
  "config": {
    "mode": "unified_entry",
    "gating_status": "gated_ok",
    "run_name": null,
    "topk": 3
  },
  "uncertainty": {
    "is_uncertain": false,
    "reason": "",
    "top_class": "参考电平失准",
    "runner_up": "频率失准",
    "max_prob": 0.9923814669975047,
    "second_prob": 0.006640896188432164,
    "prob_gap": 0.9857405708090726,
    "support_top_features": [],
    "support_runnerup_features": [],
    "conflict_features": [],
    "suggested_actions": []
  },
  "module_validation": {
    "sample_id": "sim_00119",
    "gt_module": "校准信号开关",
    "gt_module_v2": "[校准链路][校准路径开关/耦合]",
    "top1": "[校准链路][校准源]",
    "top3": [
      "[校准链路][校准源]",
      "[校准链路][校准路径开关/耦合]",
      "[校准链路][校准表/存储]"
    ],
    "top5": [
      "[校准链路][校准源]",
      "[校准链路][校准路径开关/耦合]",
      "[校准链路][校准表/存储]",
      "[电源板] 电源管理模块",
      "[RF板][RF] 输入衰减器组"
    ],
    "gt_rank": 2,
    "gt_prob": 0.2734632228625752,
    "top1_hit": false,
    "top3_hit": true,
    "top5_hit": true
  },
  "ground_truth": {
    "type": "fault",
    "system_class_en": "ref_error",
    "system_class_cn": "参考电平失准",
    "module": "校准信号开关",
    "module_v2": "[校准链路][校准路径开关/耦合]",
    "fault_params": {
      "severity": "light",
      "tier_target": "in_spec_weak",
      "type": "ref_miscal",
      "subtype": "ref_error_offset",
      "offset_db": 0.09159713908316885,
      "template_id": "T1",
      "mean_offset_db": -0.05501414446468317
    }
  }
}