{
  "status": "success",
  "meta": {
    "sample_id": "sim_00007",
    "input_file": "/home/runner/work/FMFD-python/FMFD-python/Output/sim_spectrum/raw_curves/sim_00007.csv",
    "operating_condition": {
      "inject_power_dbm": -10.0,
      "freq_start_hz": 10000000.0,
      "freq_end_hz": 8200000000.0,
      "step_hz": 10000000.0,
      "frontend": {
        "low_band_only": true,
        "ac_coupling": true,
        "preamp": false
      }
    }
  },
  "data_points": 820,
  "frequency_range": {
    "min": 10000000.0,
    "max": 8200000000.0
  },
  "features": {
    "X1": -9.933073292682927,
    "X2": 0.001639736366704674,
    "X3": -2.9624012079486743e-05,
    "X4": 0.039875464811772336,
    "X5": 0.3526222772715231,
    "X6": 0.005840423737938726,
    "X7": 0.10679999999999978,
    "X8": 0.06290890243902439,
    "X9": 0.001590052693954894,
    "X10": 0.06590401390616621,
    "X11": 0.03536585365853658,
    "X12": 0.07143505134531125,
    "X13": 0.13353857223847476,
    "X14": 0.06203498168498094,
    "X15": 0.036159353343885606,
    "X16": 0.02925834566419286,
    "X17": 0.0,
    "X18": 0.0,
    "X19": -0.0002031764427295596,
    "X20": -0.42821665494135086,
    "X21": 3.0,
    "X22": 0.056316745722860405,
    "X23": 0.003952602036585345,
    "X24": 0.1460389924400345,
    "X25": 0.003952602036585345,
    "X26": 0.0029254682526437654,
    "X27": 0.00014336366960651908,
    "X28": 0.007488245196434061,
    "X29": -0.020165991647796738,
    "X30": 0.10070823170731681,
    "X31": 0.053325865565785766,
    "X32": -4.2131979247648275,
    "X33": 0.26948526456787114,
    "X34": 0.048321700470657,
    "X35": 0.0004241450505023393,
    "X36": 0.8650260321808129,
    "X37": 0.039875464811772336,
    "offset_db": -0.00024999999999941735,
    "viol_rate_aligned": 0.03536585365853658,
    "viol_energy_aligned": 0.13353857223847476,
    "global_offset_db": 0.0,
    "shape_rmse": 0.06286972273348551,
    "ripple_hp": 0.01071651871161062,
    "tail_asym": 0.0027499999999970465,
    "compress_ratio": 0.2,
    "compress_ratio_high": 0.2,
    "freq_shift_score": 0.39753153848764866,
    "offset_slope": -0.02304324588199095,
    "high_low_energy_ratio": 0.2986428630576885,
    "band_offset_db_1": 0.13049999999999873,
    "band_offset_db_2": 0.05725000000000158,
    "band_offset_db_3": -0.006099999999999994,
    "band_offset_db_4": -0.06204999999999927
  },
  "system": {
    "probs": {
      "正常": 0.000783380580799618,
      "幅度失准": 0.9980894266168203,
      "频率失准": 0.0011266184196425228,
      "参考电平失准": 5.742829284510058e-07
    },
    "decision": "幅度失准",
    "confidence": 0.9980894266168203,
    "is_normal": false
  },
  "module": {
    "topk": [
      {
        "module_id": "[数字中频板][ADC] 数字检波与平均",
        "gamma": 0.27079733551648244
      },
      {
        "module_id": "[数字中频板][IF] 中频放大/衰减链",
        "gamma": 0.2638538140929829
      },
      {
        "module_id": "[数字中频板][DSP] 数字增益/偏置校准",
        "gamma": 0.16664451416398923
      }
    ],
    "gating": {
      "disabled_modules": [
        "高频段YTF滤波器",
        "高频段混频器",
        "前置放大器",
        "衰减器"
      ],
      "topk_k": 3
    }
  },
  "evidence": {
    "global_offset_db": -0.00024999999999941735,
    "hf_std_db": 0.021462864844511344,
    "p95_abs_dev_db": 0.11624999999999908,
    "inside_env_frac": 0.9646341463414634,
    "peak_freq_mae_hz": 3982.065473642355,
    "peak_freq_outlier_frac": 0.0
  },
  "artifacts": {
    "output_json": "Output/diagnosis/batch/sim_00007_diagnosis.json"
  },
  "system_diagnosis": {
    "probabilities": {
      "正常": 0.000783380580799618,
      "幅度失准": 0.9980894266168203,
      "频率失准": 0.0011266184196425228,
      "参考电平失准": 5.742829284510058e-07
    },
    "predicted_class": "幅度失准",
    "max_prob": 0.9980894266168203,
    "is_normal": false
  },
  "module_diagnosis": {
    "probabilities": {
      "[数字中频板][ADC] 数字检波与平均": 0.27079733551648244,
      "[数字中频板][IF] 中频放大/衰减链": 0.2638538140929829,
      "[数字中频板][DSP] 数字增益/偏置校准": 0.16664451416398923,
      "[数字中频板][IF] RBW数字滤波器": 0.12498338562299191,
      "[数字中频板][VBW]": 0.10415282135249328,
      "[电源板] 电源管理模块": 0.06956812925106018,
      "[RF板][RF] 输入衰减器组": 0.0,
      "前置放大器": 0.0,
      "[RF板][RF] 低频通路固定滤波/抑制网络": 0.0,
      "[RF板][Mixer1]": 0.0
    },
    "topk": [
      {
        "module": "[数字中频板][ADC] 数字检波与平均",
        "probability": 0.27079733551648244
      },
      {
        "module": "[数字中频板][IF] 中频放大/衰减链",
        "probability": 0.2638538140929829
      },
      {
        "module": "[数字中频板][DSP] 数字增益/偏置校准",
        "probability": 0.16664451416398923
      }
    ],
    "disabled_modules": [
      "高频段YTF滤波器",
      "高频段混频器",
      "前置放大器",
      "衰减器"
    ]
  },
  "evidence_detail": {
    "viol_rate": 0.03536585365853658,
    "envelope_violation": false,
    "violation_max_db": 0.07143505134531125,
    "violation_energy": 0.13353857223847476,
    "baseline_coverage": 0.9646341463414634
  },
  "config": {
    "mode": "unified_entry",
    "gating_status": "gated_ok",
    "run_name": null,
    "topk": 3
  },
  "uncertainty": {
    "is_uncertain": false,
    "reason": "",
    "top_class": "幅度失准",
    "runner_up": "频率失准",
    "max_prob": 0.9980894266168203,
    "second_prob": 0.0011266184196425228,
    "prob_gap": 0.9969628081971778,
    "support_top_features": [],
    "support_runnerup_features": [],
    "conflict_features": [],
    "suggested_actions": []
  },
  "module_validation": {
    "sample_id": "sim_00007",
    "gt_module": "低频段第一混频器",
    "gt_module_v2": "[RF板][Mixer1]",
    "top1": "[数字中频板][ADC] 数字检波与平均",
    "top3": [
      "[数字中频板][ADC] 数字检波与平均",
      "[数字中频板][IF] 中频放大/衰减链",
      "[数字中频板][DSP] 数字增益/偏置校准"
    ],
    "top5": [
      "[数字中频板][ADC] 数字检波与平均",
      "[数字中频板][IF] 中频放大/衰减链",
      "[数字中频板][DSP] 数字增益/偏置校准",
      "[数字中频板][IF] RBW数字滤波器",
      "[数字中频板][VBW]"
    ],
    "gt_rank": 9,
    "gt_prob": 0.0,
    "top1_hit": false,
    "top3_hit": false,
    "top5_hit": false
  },
  "ground_truth": {
    "type": "fault",
    "system_class_en": "amp_error",
    "system_class_cn": "幅度失准",
    "module": "低频段第一混频器",
    "module_v2": "[RF板][Mixer1]",
    "fault_params": {
      "severity": "mid",
      "tier_target": "mild_oos",
      "type": "mixer_ripple",
      "subtype": "amp_error_ripple",
      "spike_count": 9.0,
      "spike_amp_db": 0.15847138100876113,
      "template_id": "T5"
    }
  }
}