{
  "status": "success",
  "meta": {
    "sample_id": "sim_00042",
    "input_file": "/home/runner/work/FMFD-python/FMFD-python/Output/sim_spectrum/raw_curves/sim_00042.csv",
    "operating_condition": {
      "inject_power_dbm": -10.0,
      "freq_start_hz": 10000000.0,
      "freq_end_hz": 8200000000.0,
      "step_hz": 10000000.0,
      "frontend": {
        "low_band_only": true,
        "ac_coupling": true,
        "preamp": false
      }
    }
  },
  "data_points": 820,
  "frequency_range": {
    "min": 10000000.0,
    "max": 8200000000.0
  },
  "features": {
    "X1": -9.93307256097561,
    "X2": 0.00258830049024225,
    "X3": 0.00030629072408961213,
    "X4": 0.04444498594480526,
    "X5": 0.3831445180220916,
    "X6": 0.001979679698319453,
    "X7": 0.08869999999999933,
    "X8": 0.036600853658536596,
    "X9": 0.0019753567756339374,
    "X10": 0.02059626373010657,
    "X11": 0.00975609756097561,
    "X12": 0.01813103000649008,
    "X13": 1.982065453249385,
    "X14": 0.04143644688644683,
    "X15": 0.016632410825922282,
    "X16": 0.016639639946104876,
    "X17": 0.0,
    "X18": 0.0,
    "X19": -0.00017313855497204747,
    "X20": -0.659542252695164,
    "X21": 0.0,
    "X22": 0.04354878456626786,
    "X23": 0.0014769021585365966,
    "X24": 0.20897515802786493,
    "X25": 0.0014769021585365966,
    "X26": 0.0008586196771641588,
    "X27": 0.000171326342399578,
    "X28": -0.6551061786292365,
    "X29": -2.0021452164754767,
    "X30": 0.025579268292683113,
    "X31": 0.020416101941143204,
    "X32": -3.0732632237320834,
    "X33": 0.48699025363477416,
    "X34": 0.018954630189363473,
    "X35": 0.0004694998615602291,
    "X36": 0.8798275110508358,
    "X37": 0.04444498594480526,
    "offset_db": 0.014350000000000307,
    "viol_rate_aligned": 0.00975609756097561,
    "viol_energy_aligned": 1.982065453249385,
    "global_offset_db": 0.0,
    "shape_rmse": 0.03843048475542036,
    "ripple_hp": 0.013266546535937607,
    "tail_asym": -0.0735049999999994,
    "compress_ratio": 0.19878048780487806,
    "compress_ratio_high": 0.19661016949152543,
    "freq_shift_score": 0.3952854633229075,
    "offset_slope": 0.00537678608291489,
    "high_low_energy_ratio": 4.184948039843829,
    "band_offset_db_1": 0.007500000000000284,
    "band_offset_db_2": -0.014749999999999375,
    "band_offset_db_3": 0.0021500000000003183,
    "band_offset_db_4": 0.0015499999999999403
  },
  "system": {
    "probs": {
      "正常": 0.058002113053712716,
      "幅度失准": 0.11680191220092265,
      "频率失准": 0.65094799739165,
      "参考电平失准": 0.17424797735306366
    },
    "decision": "频率失准",
    "confidence": 0.65094799739165,
    "is_normal": false
  },
  "module": {
    "topk": [
      {
        "module_id": "[RF板][Mixer1]",
        "gamma": 0.27692104587147937
      },
      {
        "module_id": "[时钟板][参考域] 10MHz 基准 OCXO",
        "gamma": 0.18683829600967286
      },
      {
        "module_id": "[时钟板][参考分配]",
        "gamma": 0.18683829600967286
      }
    ],
    "gating": {
      "disabled_modules": [
        "高频段YTF滤波器",
        "高频段混频器",
        "前置放大器",
        "衰减器"
      ],
      "topk_k": 3
    }
  },
  "evidence": {
    "global_offset_db": 0.014350000000000307,
    "hf_std_db": 0.015534398516644917,
    "p95_abs_dev_db": 0.09226,
    "inside_env_frac": 0.9902439024390244,
    "peak_freq_mae_hz": 9139866.72589056,
    "peak_freq_outlier_frac": 0.1951219512195122
  },
  "artifacts": {
    "output_json": "Output/diagnosis/batch/sim_00042_diagnosis.json"
  },
  "system_diagnosis": {
    "probabilities": {
      "正常": 0.058002113053712716,
      "幅度失准": 0.11680191220092265,
      "频率失准": 0.65094799739165,
      "参考电平失准": 0.17424797735306366
    },
    "predicted_class": "频率失准",
    "max_prob": 0.65094799739165,
    "is_normal": false
  },
  "module_diagnosis": {
    "probabilities": {
      "[RF板][Mixer1]": 0.27692104587147937,
      "[时钟板][参考域] 10MHz 基准 OCXO": 0.18683829600967286,
      "[时钟板][参考分配]": 0.18683829600967286,
      "[RF板][RF] 低频通路固定滤波/抑制网络": 0.1668199071514936,
      "[电源板] 电源管理模块": 0.10250889952496442,
      "[LO/时钟板][LO1] 合成链": 0.08007355543271694,
      "[RF板][RF] 输入衰减器组": 0.0,
      "前置放大器": 0.0,
      "[RF板][YTF]": 0.0,
      "[RF板][Mixer2]": 0.0
    },
    "topk": [
      {
        "module": "[RF板][Mixer1]",
        "probability": 0.27692104587147937
      },
      {
        "module": "[时钟板][参考域] 10MHz 基准 OCXO",
        "probability": 0.18683829600967286
      },
      {
        "module": "[时钟板][参考分配]",
        "probability": 0.18683829600967286
      }
    ],
    "disabled_modules": [
      "高频段YTF滤波器",
      "高频段混频器",
      "前置放大器",
      "衰减器"
    ]
  },
  "evidence_detail": {
    "viol_rate": 0.00975609756097561,
    "envelope_violation": false,
    "violation_max_db": 0.01813103000649008,
    "violation_energy": 1.982065453249385,
    "baseline_coverage": 0.9902439024390244
  },
  "config": {
    "mode": "unified_entry",
    "gating_status": "fallback_brb_only",
    "run_name": null,
    "topk": 3
  },
  "uncertainty": {
    "is_uncertain": false,
    "reason": "",
    "top_class": "频率失准",
    "runner_up": "参考电平失准",
    "max_prob": 0.65094799739165,
    "second_prob": 0.17424797735306366,
    "prob_gap": 0.47670002003858636,
    "support_top_features": [],
    "support_runnerup_features": [],
    "conflict_features": [],
    "suggested_actions": []
  },
  "module_validation": {
    "sample_id": "sim_00042",
    "gt_module": "时钟合成与同步网络",
    "gt_module_v2": "[LO/时钟板][LO1] 合成链",
    "top1": "[RF板][Mixer1]",
    "top3": [
      "[RF板][Mixer1]",
      "[时钟板][参考域] 10MHz 基准 OCXO",
      "[时钟板][参考分配]"
    ],
    "top5": [
      "[RF板][Mixer1]",
      "[时钟板][参考域] 10MHz 基准 OCXO",
      "[时钟板][参考分配]",
      "[RF板][RF] 低频通路固定滤波/抑制网络",
      "[电源板] 电源管理模块"
    ],
    "gt_rank": 6,
    "gt_prob": 0.08007355543271694,
    "top1_hit": false,
    "top3_hit": false,
    "top5_hit": false
  },
  "ground_truth": {
    "type": "fault",
    "system_class_en": "freq_error",
    "system_class_cn": "频率失准",
    "module": "时钟合成与同步网络",
    "module_v2": "[LO/时钟板][LO1] 合成链",
    "fault_params": {
      "severity": "severe",
      "tier_target": "in_spec_weak",
      "delta_f_hz": 595164.0444325076,
      "ppm": 72.66960249481167,
      "shift_bins": 0.05951640444325076,
      "bandwidth_hz": 8190000000.0,
      "warp_scale": 0.9998306564468276,
      "warp_bias": 7.258098102835458e-05,
      "type": "freq_miscal",
      "track_type": "dense",
      "template_id": "T8",
      "forced_peak_track_type": true,
      "peak_track_profile": {
        "bands": [
          {
            "start_hz": 474935067.62754846,
            "end_hz": 1727436052.6958911,
            "center_hz": 1101185560.1617198,
            "width_hz": 1252500985.0683427,
            "amplitude_hz": 44064074.83655677,
            "ramp_hz": 114297788.58486366
          },
          {
            "start_hz": 6142344351.5510845,
            "end_hz": 6993562495.750267,
            "center_hz": 6567953423.650676,
            "width_hz": 851218144.1991827,
            "amplitude_hz": 12400521.213594897,
            "ramp_hz": 114297788.58486366
          },
          {
            "start_hz": 2770032622.584739,
            "end_hz": 3365287107.19609,
            "center_hz": 3067659864.8904147,
            "width_hz": 595254484.6113507,
            "amplitude_hz": 32545861.019279107,
            "ramp_hz": 114297788.58486366
          }
        ],
        "track_type": "dense"
      },
      "freq_amp_coupling": {
        "bias_db_min": -0.1,
        "bias_db_max": -0.02
      }
    }
  }
}