{
  "status": "success",
  "meta": {
    "sample_id": "sim_00126",
    "input_file": "/home/runner/work/FMFD-python/FMFD-python/Output/sim_spectrum/raw_curves/sim_00126.csv",
    "operating_condition": {
      "inject_power_dbm": -10.0,
      "freq_start_hz": 10000000.0,
      "freq_end_hz": 8200000000.0,
      "step_hz": 10000000.0,
      "frontend": {
        "low_band_only": true,
        "ac_coupling": true,
        "preamp": false
      }
    }
  },
  "data_points": 820,
  "frequency_range": {
    "min": 10000000.0,
    "max": 8200000000.0
  },
  "features": {
    "X1": -9.978553414634145,
    "X2": 0.0005973651554960676,
    "X3": 0.00020749404867165922,
    "X4": 0.02938977213372869,
    "X5": 0.2803644272801636,
    "X6": 0.0010860900980963716,
    "X7": 0.07509999999999906,
    "X8": 0.026039512195121964,
    "X9": 0.0008637587060724953,
    "X10": 0.01808470962577576,
    "X11": 0.0,
    "X12": 0.0,
    "X13": 0.06756429865109743,
    "X14": 0.00547032967032875,
    "X15": 0.005268245785916253,
    "X16": 0.00085460302936092,
    "X17": 0.0,
    "X18": 0.0,
    "X19": -9.023763424380251e-05,
    "X20": -0.05663424966296349,
    "X21": 4.0,
    "X22": 0.03991187523968356,
    "X23": 4.376648780487657e-05,
    "X24": 0.0698057240146539,
    "X25": 4.376648780487657e-05,
    "X26": 0.00022780338663755352,
    "X27": 1.3057638582966329e-05,
    "X28": -0.006505026611272605,
    "X29": 0.4476205429305159,
    "X30": 0.003681859756097708,
    "X31": 0.004185272676488393,
    "X32": -0.15558517030301433,
    "X33": 0.5795434085200294,
    "X34": 0.016133570947233875,
    "X35": 0.00036478569204232244,
    "X36": 0.788230254484432,
    "X37": 0.02938977213372869,
    "offset_db": -0.045499999999998764,
    "viol_rate_aligned": 0.0,
    "viol_energy_aligned": 0.06756429865109743,
    "global_offset_db": 0.0,
    "shape_rmse": 0.006615624521152676,
    "ripple_hp": 0.007011469471903029,
    "tail_asym": -0.00010000000000331966,
    "compress_ratio": 0.1951219512195122,
    "compress_ratio_high": 0.2,
    "freq_shift_score": 0.01928512270467897,
    "offset_slope": -0.0018006455879364495,
    "high_low_energy_ratio": 0.5853640514540697,
    "band_offset_db_1": 0.009499999999998288,
    "band_offset_db_2": 0.004099999999999326,
    "band_offset_db_3": -0.0001000000000015433,
    "band_offset_db_4": -0.004799999999999471
  },
  "system": {
    "probs": {
      "正常": 0.02303953365811155,
      "幅度失准": 0.0014790594336400015,
      "频率失准": 0.0015529812807862705,
      "参考电平失准": 0.9739284255300693
    },
    "decision": "参考电平失准",
    "confidence": 0.9739284255300693,
    "is_normal": false
  },
  "module": {
    "topk": [
      {
        "module_id": "[校准链路][校准源]",
        "gamma": 0.3778825551491203
      },
      {
        "module_id": "[校准链路][校准路径开关/耦合]",
        "gamma": 0.2729151787188091
      },
      {
        "module_id": "[校准链路][校准表/存储]",
        "gamma": 0.24142496578971567
      }
    ],
    "gating": {
      "disabled_modules": [
        "高频段YTF滤波器",
        "高频段混频器",
        "前置放大器",
        "衰减器"
      ],
      "topk_k": 3
    }
  },
  "evidence": {
    "global_offset_db": -0.045499999999998764,
    "hf_std_db": 0.00496070960322405,
    "p95_abs_dev_db": 0.012504999999997586,
    "inside_env_frac": 1.0,
    "peak_freq_mae_hz": 3915.055580199505,
    "peak_freq_outlier_frac": 0.0
  },
  "artifacts": {
    "output_json": "Output/diagnosis/batch/sim_00126_diagnosis.json"
  },
  "system_diagnosis": {
    "probabilities": {
      "正常": 0.02303953365811155,
      "幅度失准": 0.0014790594336400015,
      "频率失准": 0.0015529812807862705,
      "参考电平失准": 0.9739284255300693
    },
    "predicted_class": "参考电平失准",
    "max_prob": 0.9739284255300693,
    "is_normal": false
  },
  "module_diagnosis": {
    "probabilities": {
      "[校准链路][校准源]": 0.3778825551491203,
      "[校准链路][校准路径开关/耦合]": 0.2729151787188091,
      "[校准链路][校准表/存储]": 0.24142496578971567,
      "[电源板] 电源管理模块": 0.10777730034235497,
      "[RF板][RF] 输入衰减器组": 0.0,
      "前置放大器": 0.0,
      "[RF板][RF] 低频通路固定滤波/抑制网络": 0.0,
      "[RF板][Mixer1]": 0.0,
      "[RF板][YTF]": 0.0,
      "[RF板][Mixer2]": 0.0
    },
    "topk": [
      {
        "module": "[校准链路][校准源]",
        "probability": 0.3778825551491203
      },
      {
        "module": "[校准链路][校准路径开关/耦合]",
        "probability": 0.2729151787188091
      },
      {
        "module": "[校准链路][校准表/存储]",
        "probability": 0.24142496578971567
      }
    ],
    "disabled_modules": [
      "高频段YTF滤波器",
      "高频段混频器",
      "前置放大器",
      "衰减器"
    ]
  },
  "evidence_detail": {
    "viol_rate": 0.0,
    "envelope_violation": false,
    "violation_max_db": 0.0,
    "violation_energy": 0.06756429865109743,
    "baseline_coverage": 1.0
  },
  "config": {
    "mode": "unified_entry",
    "gating_status": "gated_ok",
    "run_name": null,
    "topk": 3
  },
  "uncertainty": {
    "is_uncertain": false,
    "reason": "",
    "top_class": "参考电平失准",
    "runner_up": "正常",
    "max_prob": 0.9739284255300693,
    "second_prob": 0.02303953365811155,
    "prob_gap": 0.9508888918719578,
    "support_top_features": [],
    "support_runnerup_features": [],
    "conflict_features": [],
    "suggested_actions": []
  },
  "module_validation": {
    "sample_id": "sim_00126",
    "gt_module": "校准信号开关",
    "gt_module_v2": "[校准链路][校准路径开关/耦合]",
    "top1": "[校准链路][校准源]",
    "top3": [
      "[校准链路][校准源]",
      "[校准链路][校准路径开关/耦合]",
      "[校准链路][校准表/存储]"
    ],
    "top5": [
      "[校准链路][校准源]",
      "[校准链路][校准路径开关/耦合]",
      "[校准链路][校准表/存储]",
      "[电源板] 电源管理模块",
      "[RF板][RF] 输入衰减器组"
    ],
    "gt_rank": 2,
    "gt_prob": 0.2729151787188091,
    "top1_hit": false,
    "top3_hit": true,
    "top5_hit": true
  },
  "ground_truth": {
    "type": "fault",
    "system_class_en": "ref_error",
    "system_class_cn": "参考电平失准",
    "module": "校准信号开关",
    "module_v2": "[校准链路][校准路径开关/耦合]",
    "fault_params": {
      "severity": "light",
      "tier_target": "in_spec_weak",
      "type": "ref_miscal",
      "subtype": "ref_error_offset",
      "offset_db": -0.05730683356373305,
      "template_id": "T1",
      "mean_offset_db": -0.045480049162430744
    }
  }
}