{
  "status": "success",
  "meta": {
    "sample_id": "sim_00092",
    "input_file": "/home/runner/work/FMFD-python/FMFD-python/Output/sim_spectrum/raw_curves/sim_00092.csv",
    "operating_condition": {
      "inject_power_dbm": -10.0,
      "freq_start_hz": 10000000.0,
      "freq_end_hz": 8200000000.0,
      "step_hz": 10000000.0,
      "frontend": {
        "low_band_only": true,
        "ac_coupling": true,
        "preamp": false
      }
    }
  },
  "data_points": 820,
  "frequency_range": {
    "min": 10000000.0,
    "max": 8200000000.0
  },
  "features": {
    "X1": -9.912535365853659,
    "X2": 0.0008171186862978401,
    "X3": 6.685973909374156e-05,
    "X4": 0.029148681002559015,
    "X5": 0.27203304040302356,
    "X6": 0.0008915961395002974,
    "X7": 0.08639999999999937,
    "X8": 0.02315024390243902,
    "X9": 0.0008496456041889451,
    "X10": 0.011567234101507479,
    "X11": 0.0,
    "X12": 0.0,
    "X13": 0.14046575728071192,
    "X14": 0.007759706959706906,
    "X15": 0.013489545015959434,
    "X16": 0.018582859357522057,
    "X17": 0.0,
    "X18": 0.0,
    "X19": -0.00016186471841875995,
    "X20": 0.3589116728278383,
    "X21": 6.0,
    "X22": 0.03433629854518651,
    "X23": 0.00019139312195122,
    "X24": 0.04295827977042099,
    "X25": 0.00019139312195122,
    "X26": 0.0010576620374634796,
    "X27": 0.0003503906282639553,
    "X28": 0.06026058631759991,
    "X29": 0.8965223250684936,
    "X30": 0.004790349294471502,
    "X31": 0.007388557774727319,
    "X32": -2.980400148990589,
    "X33": 0.6197652191729924,
    "X34": 0.01449344736938668,
    "X35": 0.0003424700363915022,
    "X36": 0.7973676191810175,
    "X37": 0.029148681002559015,
    "offset_db": 0.019999999999999574,
    "viol_rate_aligned": 0.0,
    "viol_energy_aligned": 0.14046575728071192,
    "global_offset_db": 0.0,
    "shape_rmse": 0.013834490303268132,
    "ripple_hp": 0.005365990464741772,
    "tail_asym": 0.004305000000000704,
    "compress_ratio": 0.19878048780487806,
    "compress_ratio_high": 0.19661016949152543,
    "freq_shift_score": 0.10337039733118336,
    "offset_slope": 0.0017622522254589624,
    "high_low_energy_ratio": 2.5881204923758534,
    "band_offset_db_1": 0.009649999999999714,
    "band_offset_db_2": -0.006399999999999295,
    "band_offset_db_3": 0.0009999999999994458,
    "band_offset_db_4": 0.007400000000002294
  },
  "system": {
    "probs": {
      "正常": 0.9589930081565904,
      "幅度失准": 0.006655767580503841,
      "频率失准": 0.02442198580359094,
      "参考电平失准": 0.009929238458355716
    },
    "decision": "正常",
    "confidence": 0.9589930081565904,
    "is_normal": true
  },
  "module": {
    "topk": [
      {
        "module_id": "[电源板] 电源管理模块",
        "gamma": 0.7527424048339273
      },
      {
        "module_id": "[RF板][Mixer1]",
        "gamma": 0.07629137694715257
      },
      {
        "module_id": "[时钟板][参考域] 10MHz 基准 OCXO",
        "gamma": 0.051473700108922216
      }
    ],
    "gating": {
      "disabled_modules": [
        "高频段YTF滤波器",
        "高频段混频器",
        "前置放大器",
        "衰减器"
      ],
      "topk_k": 3
    }
  },
  "evidence": {
    "global_offset_db": 0.019999999999999574,
    "hf_std_db": 0.008806285897460128,
    "p95_abs_dev_db": 0.026610000000001834,
    "inside_env_frac": 1.0,
    "peak_freq_mae_hz": 3739.707138021063,
    "peak_freq_outlier_frac": 0.0
  },
  "artifacts": {
    "output_json": "Output/diagnosis/batch/sim_00092_diagnosis.json"
  },
  "system_diagnosis": {
    "probabilities": {
      "正常": 0.9589930081565904,
      "幅度失准": 0.006655767580503841,
      "频率失准": 0.02442198580359094,
      "参考电平失准": 0.009929238458355716
    },
    "predicted_class": "正常",
    "max_prob": 0.9589930081565904,
    "is_normal": true
  },
  "module_diagnosis": {
    "probabilities": {
      "[电源板] 电源管理模块": 0.7527424048339273,
      "[RF板][Mixer1]": 0.07629137694715257,
      "[时钟板][参考域] 10MHz 基准 OCXO": 0.051473700108922216,
      "[时钟板][参考分配]": 0.051473700108922216,
      "[RF板][RF] 低频通路固定滤波/抑制网络": 0.0459586608115377,
      "[LO/时钟板][LO1] 合成链": 0.02206015718953809,
      "[RF板][RF] 输入衰减器组": 0.0,
      "前置放大器": 0.0,
      "[RF板][YTF]": 0.0,
      "[RF板][Mixer2]": 0.0
    },
    "topk": [
      {
        "module": "[电源板] 电源管理模块",
        "probability": 0.7527424048339273
      },
      {
        "module": "[RF板][Mixer1]",
        "probability": 0.07629137694715257
      },
      {
        "module": "[时钟板][参考域] 10MHz 基准 OCXO",
        "probability": 0.051473700108922216
      }
    ],
    "disabled_modules": [
      "高频段YTF滤波器",
      "高频段混频器",
      "前置放大器",
      "衰减器"
    ]
  },
  "evidence_detail": {
    "viol_rate": 0.0,
    "envelope_violation": false,
    "violation_max_db": 0.0,
    "violation_energy": 0.14046575728071192,
    "baseline_coverage": 1.0
  },
  "config": {
    "mode": "unified_entry",
    "gating_status": "fallback_brb_only",
    "run_name": null,
    "topk": 3
  },
  "uncertainty": {
    "is_uncertain": false,
    "reason": "",
    "top_class": "正常",
    "runner_up": "频率失准",
    "max_prob": 0.9589930081565904,
    "second_prob": 0.02442198580359094,
    "prob_gap": 0.9345710223529995,
    "support_top_features": [],
    "support_runnerup_features": [],
    "conflict_features": [],
    "suggested_actions": []
  },
  "module_validation": {
    "sample_id": "sim_00092",
    "gt_module": null,
    "gt_module_v2": null,
    "top1": "[电源板] 电源管理模块",
    "top3": [
      "[电源板] 电源管理模块",
      "[RF板][Mixer1]",
      "[时钟板][参考域] 10MHz 基准 OCXO"
    ],
    "top5": [
      "[电源板] 电源管理模块",
      "[RF板][Mixer1]",
      "[时钟板][参考域] 10MHz 基准 OCXO",
      "[时钟板][参考分配]",
      "[RF板][RF] 低频通路固定滤波/抑制网络"
    ],
    "gt_rank": -1,
    "gt_prob": 0.0,
    "top1_hit": false,
    "top3_hit": false,
    "top5_hit": false
  },
  "ground_truth": {
    "type": "normal",
    "system_class_en": "normal",
    "system_class_cn": "正常",
    "module": null,
    "module_v2": null,
    "fault_params": {
      "severity": "light",
      "tier_target": "in_spec_weak",
      "type": "normal",
      "normal_state": "normal_state_A"
    }
  }
}