{
  "status": "success",
  "meta": {
    "sample_id": "sim_00074",
    "input_file": "/home/runner/work/FMFD-python/FMFD-python/Output/sim_spectrum/raw_curves/sim_00074.csv",
    "operating_condition": {
      "inject_power_dbm": -10.0,
      "freq_start_hz": 10000000.0,
      "freq_end_hz": 8200000000.0,
      "step_hz": 10000000.0,
      "frontend": {
        "low_band_only": true,
        "ac_coupling": true,
        "preamp": false
      }
    }
  },
  "data_points": 820,
  "frequency_range": {
    "min": 10000000.0,
    "max": 8200000000.0
  },
  "features": {
    "X1": -9.933074999999999,
    "X2": 0.0006933972342438344,
    "X3": 0.00020517990015369138,
    "X4": 0.029946354172695686,
    "X5": 0.27306360784364847,
    "X6": 0.00102463250914634,
    "X7": 0.08039999999999914,
    "X8": 0.025385243902439018,
    "X9": 0.0008967841282365285,
    "X10": 0.015095217519272895,
    "X11": 0.0,
    "X12": 0.0,
    "X13": 0.21735815228081182,
    "X14": 0.004947252747252774,
    "X15": 0.007025657976189846,
    "X16": 0.08301344366050183,
    "X17": 0.0,
    "X18": 0.0,
    "X19": -5.402362413114721e-05,
    "X20": 0.024561954008962772,
    "X21": 2.0,
    "X22": 0.036686254430470085,
    "X23": 6.611313414634175e-05,
    "X24": 0.13355527219209695,
    "X25": 6.611313414634175e-05,
    "X26": 0.0003588698326558034,
    "X27": 3.8301023579319756e-05,
    "X28": 0.006276150627356161,
    "X29": 0.41780143242954293,
    "X30": 0.004326219512195207,
    "X31": 0.0012048112082773002,
    "X32": -0.5818895687308796,
    "X33": 0.6199126296426686,
    "X34": 0.01680951684254266,
    "X35": 0.00039375773645158163,
    "X36": 0.7801392314259724,
    "X37": 0.029946354172695686,
    "offset_db": 0.0,
    "viol_rate_aligned": 0.0,
    "viol_energy_aligned": 0.21735815228081182,
    "global_offset_db": 0.0,
    "shape_rmse": 0.008130998348686448,
    "ripple_hp": 0.00991852522397393,
    "tail_asym": -0.0005049999999988224,
    "compress_ratio": 0.19878048780487806,
    "compress_ratio_high": 0.19322033898305085,
    "freq_shift_score": 0.03278853207184396,
    "offset_slope": -0.0002782245036782442,
    "high_low_energy_ratio": 3.6099408533350834,
    "band_offset_db_1": 0.0013499999999995183,
    "band_offset_db_2": 0.0007999999999999119,
    "band_offset_db_3": 0.000300000000000189,
    "band_offset_db_4": -0.0005000000000006111
  },
  "system": {
    "probs": {
      "正常": 0.05692278422556185,
      "幅度失准": 0.03493731221239984,
      "频率失准": 0.8256956129037559,
      "参考电平失准": 0.08244429057571281
    },
    "decision": "频率失准",
    "confidence": 0.8256956129037559,
    "is_normal": false
  },
  "module": {
    "topk": [
      {
        "module_id": "[RF板][Mixer1]",
        "gamma": 0.28306197933211896
      },
      {
        "module_id": "[时钟板][参考域] 10MHz 基准 OCXO",
        "gamma": 0.19098157641685132
      },
      {
        "module_id": "[时钟板][参考分配]",
        "gamma": 0.19098157641685132
      }
    ],
    "gating": {
      "disabled_modules": [
        "高频段YTF滤波器",
        "高频段混频器",
        "前置放大器",
        "衰减器"
      ],
      "topk_k": 3
    }
  },
  "evidence": {
    "global_offset_db": 0.0,
    "hf_std_db": 0.0077990298566650955,
    "p95_abs_dev_db": 0.016204999999999532,
    "inside_env_frac": 1.0,
    "peak_freq_mae_hz": 490430.1874786637,
    "peak_freq_outlier_frac": 0.007317073170731708
  },
  "artifacts": {
    "output_json": "Output/diagnosis/batch/sim_00074_diagnosis.json"
  },
  "system_diagnosis": {
    "probabilities": {
      "正常": 0.05692278422556185,
      "幅度失准": 0.03493731221239984,
      "频率失准": 0.8256956129037559,
      "参考电平失准": 0.08244429057571281
    },
    "predicted_class": "频率失准",
    "max_prob": 0.8256956129037559,
    "is_normal": false
  },
  "module_diagnosis": {
    "probabilities": {
      "[RF板][Mixer1]": 0.28306197933211896,
      "[时钟板][参考域] 10MHz 基准 OCXO": 0.19098157641685132,
      "[时钟板][参考分配]": 0.19098157641685132,
      "[RF板][RF] 低频通路固定滤波/抑制网络": 0.17051926465790299,
      "[电源板] 电源管理模块": 0.08260635614048197,
      "[LO/时钟板][LO1] 合成链": 0.08184924703579344,
      "[RF板][RF] 输入衰减器组": 0.0,
      "前置放大器": 0.0,
      "[RF板][YTF]": 0.0,
      "[RF板][Mixer2]": 0.0
    },
    "topk": [
      {
        "module": "[RF板][Mixer1]",
        "probability": 0.28306197933211896
      },
      {
        "module": "[时钟板][参考域] 10MHz 基准 OCXO",
        "probability": 0.19098157641685132
      },
      {
        "module": "[时钟板][参考分配]",
        "probability": 0.19098157641685132
      }
    ],
    "disabled_modules": [
      "高频段YTF滤波器",
      "高频段混频器",
      "前置放大器",
      "衰减器"
    ]
  },
  "evidence_detail": {
    "viol_rate": 0.0,
    "envelope_violation": false,
    "violation_max_db": 0.0,
    "violation_energy": 0.21735815228081182,
    "baseline_coverage": 1.0
  },
  "config": {
    "mode": "unified_entry",
    "gating_status": "gated_ok",
    "run_name": null,
    "topk": 3
  },
  "uncertainty": {
    "is_uncertain": false,
    "reason": "",
    "top_class": "频率失准",
    "runner_up": "参考电平失准",
    "max_prob": 0.8256956129037559,
    "second_prob": 0.08244429057571281,
    "prob_gap": 0.7432513223280431,
    "support_top_features": [],
    "support_runnerup_features": [],
    "conflict_features": [],
    "suggested_actions": []
  },
  "module_validation": {
    "sample_id": "sim_00074",
    "gt_module": "本振混频组件",
    "gt_module_v2": "[RF板][LO1] LO1 注入链",
    "top1": "[RF板][Mixer1]",
    "top3": [
      "[RF板][Mixer1]",
      "[时钟板][参考域] 10MHz 基准 OCXO",
      "[时钟板][参考分配]"
    ],
    "top5": [
      "[RF板][Mixer1]",
      "[时钟板][参考域] 10MHz 基准 OCXO",
      "[时钟板][参考分配]",
      "[RF板][RF] 低频通路固定滤波/抑制网络",
      "[电源板] 电源管理模块"
    ],
    "gt_rank": -1,
    "gt_prob": 0.0,
    "top1_hit": false,
    "top3_hit": false,
    "top5_hit": false
  },
  "ground_truth": {
    "type": "fault",
    "system_class_en": "freq_error",
    "system_class_cn": "频率失准",
    "module": "本振混频组件",
    "module_v2": "[RF板][LO1] LO1 注入链",
    "fault_params": {
      "severity": "mid",
      "tier_target": "edge",
      "type": "lo_path_error",
      "track_type": "dense",
      "template_id": "T8",
      "forced_peak_track_type": true,
      "peak_track_profile": {
        "bands": [
          {
            "start_hz": 4676806974.11995,
            "end_hz": 4941861877.025832,
            "center_hz": 4809334425.572891,
            "width_hz": 265054902.90588182,
            "amplitude_hz": 19821471.565509416,
            "ramp_hz": 73615452.20192635
          }
        ],
        "track_type": "dense"
      },
      "freq_amp_coupling": {
        "bias_db_min": -0.1,
        "bias_db_max": -0.02
      }
    }
  }
}