{
  "status": "success",
  "meta": {
    "sample_id": "sim_00164",
    "input_file": "/home/runner/work/FMFD-python/FMFD-python/Output/sim_spectrum/raw_curves/sim_00164.csv",
    "operating_condition": {
      "inject_power_dbm": -10.0,
      "freq_start_hz": 10000000.0,
      "freq_end_hz": 8200000000.0,
      "step_hz": 10000000.0,
      "frontend": {
        "low_band_only": true,
        "ac_coupling": true,
        "preamp": false
      }
    }
  },
  "data_points": 820,
  "frequency_range": {
    "min": 10000000.0,
    "max": 8200000000.0
  },
  "features": {
    "X1": -9.92269475609756,
    "X2": 0.0009093172302779447,
    "X3": 9.186810496102003e-05,
    "X4": 0.03200151387947262,
    "X5": 0.28189297634466665,
    "X6": 0.0011424701554283174,
    "X7": 0.10449999999999982,
    "X8": 0.027144268292682933,
    "X9": 0.0010240968905780787,
    "X10": 0.016813595453476257,
    "X11": 0.0,
    "X12": 0.0,
    "X13": 0.11821908279391591,
    "X14": 0.009822710622710718,
    "X15": 0.013372337160727709,
    "X16": -0.0004648610670275581,
    "X17": 0.0,
    "X18": 0.0,
    "X19": -3.630385424352675e-05,
    "X20": -0.05971811993435461,
    "X21": 5.0,
    "X22": 0.04409412133055948,
    "X23": 0.00014594162195122014,
    "X24": 0.04926825032692883,
    "X25": 0.00014594162195122014,
    "X26": 0.0007630825897368007,
    "X27": 0.00011862878920135419,
    "X28": 0.06399235911927408,
    "X29": 0.07562731386219665,
    "X30": 0.009186439972241663,
    "X31": 0.004637656494743518,
    "X32": -2.7739508057176847,
    "X33": 0.5535672504009521,
    "X34": 0.016864045990583127,
    "X35": 0.00035009478511720206,
    "X36": 0.8289686102650623,
    "X37": 0.03200151387947262,
    "offset_db": 0.010000000000000675,
    "viol_rate_aligned": 0.0,
    "viol_energy_aligned": 0.11821908279391591,
    "global_offset_db": -8.881784197001252e-16,
    "shape_rmse": 0.01208063003122026,
    "ripple_hp": 0.005801929502045661,
    "tail_asym": 0.00048499999999887175,
    "compress_ratio": 0.19878048780487806,
    "compress_ratio_high": 0.2,
    "freq_shift_score": 0.06570852603786148,
    "offset_slope": -9.781311248879351e-05,
    "high_low_energy_ratio": 1.0938638728029513,
    "band_offset_db_1": -0.011350000000000193,
    "band_offset_db_2": -0.0015999999999998238,
    "band_offset_db_3": 0.0035000000000007248,
    "band_offset_db_4": -0.00019999999999953388
  },
  "system": {
    "probs": {
      "正常": 0.9907811608140111,
      "幅度失准": 0.0062369255108172044,
      "频率失准": 0.0029800526506810316,
      "参考电平失准": 1.8609254127295424e-06
    },
    "decision": "正常",
    "confidence": 0.9907811608140111,
    "is_normal": true
  },
  "module": {
    "topk": [
      {
        "module_id": "[电源板] 电源管理模块",
        "gamma": 0.9228712206091801
      },
      {
        "module_id": "[数字中频板][ADC] 数字检波与平均",
        "gamma": 0.022447928330163985
      },
      {
        "module_id": "[数字中频板][IF] 中频放大/衰减链",
        "gamma": 0.021872340424262348
      }
    ],
    "gating": {
      "disabled_modules": [
        "高频段YTF滤波器",
        "高频段混频器",
        "前置放大器",
        "衰减器"
      ],
      "topk_k": 3
    }
  },
  "evidence": {
    "global_offset_db": 0.010000000000000675,
    "hf_std_db": 0.00896660309065659,
    "p95_abs_dev_db": 0.022520000000002476,
    "inside_env_frac": 1.0,
    "peak_freq_mae_hz": 4070.230978726784,
    "peak_freq_outlier_frac": 0.0
  },
  "artifacts": {
    "output_json": "Output/diagnosis/batch/sim_00164_diagnosis.json"
  },
  "system_diagnosis": {
    "probabilities": {
      "正常": 0.9907811608140111,
      "幅度失准": 0.0062369255108172044,
      "频率失准": 0.0029800526506810316,
      "参考电平失准": 1.8609254127295424e-06
    },
    "predicted_class": "正常",
    "max_prob": 0.9907811608140111,
    "is_normal": true
  },
  "module_diagnosis": {
    "probabilities": {
      "[电源板] 电源管理模块": 0.9228712206091801,
      "[数字中频板][ADC] 数字检波与平均": 0.022447928330163985,
      "[数字中频板][IF] 中频放大/衰减链": 0.021872340424262348,
      "[数字中频板][DSP] 数字增益/偏置校准": 0.013814109741639376,
      "[数字中频板][IF] RBW数字滤波器": 0.010360582306229531,
      "[数字中频板][VBW]": 0.008633818588524609,
      "[RF板][RF] 输入衰减器组": 0.0,
      "前置放大器": 0.0,
      "[RF板][RF] 低频通路固定滤波/抑制网络": 0.0,
      "[RF板][Mixer1]": 0.0
    },
    "topk": [
      {
        "module": "[电源板] 电源管理模块",
        "probability": 0.9228712206091801
      },
      {
        "module": "[数字中频板][ADC] 数字检波与平均",
        "probability": 0.022447928330163985
      },
      {
        "module": "[数字中频板][IF] 中频放大/衰减链",
        "probability": 0.021872340424262348
      }
    ],
    "disabled_modules": [
      "高频段YTF滤波器",
      "高频段混频器",
      "前置放大器",
      "衰减器"
    ]
  },
  "evidence_detail": {
    "viol_rate": 0.0,
    "envelope_violation": false,
    "violation_max_db": 0.0,
    "violation_energy": 0.11821908279391591,
    "baseline_coverage": 1.0
  },
  "config": {
    "mode": "unified_entry",
    "gating_status": "gated_ok",
    "run_name": null,
    "topk": 3
  },
  "uncertainty": {
    "is_uncertain": false,
    "reason": "",
    "top_class": "正常",
    "runner_up": "幅度失准",
    "max_prob": 0.9907811608140111,
    "second_prob": 0.0062369255108172044,
    "prob_gap": 0.9845442353031939,
    "support_top_features": [],
    "support_runnerup_features": [],
    "conflict_features": [],
    "suggested_actions": []
  },
  "module_validation": {
    "sample_id": "sim_00164",
    "gt_module": null,
    "gt_module_v2": null,
    "top1": "[电源板] 电源管理模块",
    "top3": [
      "[电源板] 电源管理模块",
      "[数字中频板][ADC] 数字检波与平均",
      "[数字中频板][IF] 中频放大/衰减链"
    ],
    "top5": [
      "[电源板] 电源管理模块",
      "[数字中频板][ADC] 数字检波与平均",
      "[数字中频板][IF] 中频放大/衰减链",
      "[数字中频板][DSP] 数字增益/偏置校准",
      "[数字中频板][IF] RBW数字滤波器"
    ],
    "gt_rank": -1,
    "gt_prob": 0.0,
    "top1_hit": false,
    "top3_hit": false,
    "top5_hit": false
  },
  "ground_truth": {
    "type": "normal",
    "system_class_en": "normal",
    "system_class_cn": "正常",
    "module": null,
    "module_v2": null,
    "fault_params": {
      "severity": "light",
      "tier_target": "in_spec_weak",
      "type": "normal",
      "normal_state": "normal_state_A"
    }
  }
}