{
  "status": "success",
  "meta": {
    "sample_id": "sim_00083",
    "input_file": "/home/runner/work/FMFD-python/FMFD-python/Output/sim_spectrum/raw_curves/sim_00083.csv",
    "operating_condition": {
      "inject_power_dbm": -10.0,
      "freq_start_hz": 10000000.0,
      "freq_end_hz": 8200000000.0,
      "step_hz": 10000000.0,
      "frontend": {
        "low_band_only": true,
        "ac_coupling": true,
        "preamp": false
      }
    }
  },
  "data_points": 820,
  "frequency_range": {
    "min": 10000000.0,
    "max": 8200000000.0
  },
  "features": {
    "X1": -9.933073292682927,
    "X2": 0.000921423250173508,
    "X3": 0.00019105695591254107,
    "X4": 0.037535050680836145,
    "X5": 0.25666618194712953,
    "X6": 0.0015346112257436048,
    "X7": 0.07970000000000077,
    "X8": 0.030621341463414626,
    "X9": 0.0014088800296129383,
    "X10": 0.020956701691611606,
    "X11": 0.0,
    "X12": 0.0,
    "X13": 1.1227524943233362,
    "X14": 0.012240476190476189,
    "X15": 0.022497015996087555,
    "X16": 0.03196042402338277,
    "X17": 0.0,
    "X18": 0.0,
    "X19": 8.145853937124075e-05,
    "X20": -0.17540992964529512,
    "X21": 3.0,
    "X22": 0.056741714380294815,
    "X23": 0.0003477003536585347,
    "X24": 0.13190097922915855,
    "X25": 0.0003477003536585347,
    "X26": 0.00031053635773951285,
    "X27": 0.00022567919499993938,
    "X28": -0.618670189330277,
    "X29": 0.581776674769578,
    "X30": 0.011990243902439055,
    "X31": 0.008867771703484899,
    "X32": -1.685148356026822,
    "X33": 0.5144729453363149,
    "X34": 0.01835320789941237,
    "X35": 0.0004061845999394723,
    "X36": 0.8552458514148047,
    "X37": 0.037535050680836145,
    "offset_db": 0.005650000000000155,
    "viol_rate_aligned": 0.0,
    "viol_energy_aligned": 1.1227524943233362,
    "global_offset_db": 0.0,
    "shape_rmse": 0.018646725011608196,
    "ripple_hp": 0.010005729121380189,
    "tail_asym": -0.0354099999999991,
    "compress_ratio": 0.2,
    "compress_ratio_high": 0.2,
    "freq_shift_score": 0.10183609635989288,
    "offset_slope": -0.00023850832035373054,
    "high_low_energy_ratio": 82.20301372013786,
    "band_offset_db_1": 0.0002999999999993008,
    "band_offset_db_2": -0.0015500000000017167,
    "band_offset_db_3": 0.0019999999999997797,
    "band_offset_db_4": -0.0005500000000022709
  },
  "system": {
    "probs": {
      "正常": 0.08904654221927737,
      "幅度失准": 0.08222966166891843,
      "频率失准": 0.8286685957737828,
      "参考电平失准": 5.520025515454941e-05
    },
    "decision": "频率失准",
    "confidence": 0.8286685957737828,
    "is_normal": false
  },
  "module": {
    "topk": [
      {
        "module_id": "[RF板][Mixer1]",
        "gamma": 0.28314589349355757
      },
      {
        "module_id": "[时钟板][参考域] 10MHz 基准 OCXO",
        "gamma": 0.19103819320047255
      },
      {
        "module_id": "[时钟板][参考分配]",
        "gamma": 0.19103819320047255
      }
    ],
    "gating": {
      "disabled_modules": [
        "高频段YTF滤波器",
        "高频段混频器",
        "前置放大器",
        "衰减器"
      ],
      "topk_k": 3
    }
  },
  "evidence": {
    "global_offset_db": 0.005650000000000155,
    "hf_std_db": 0.009610551729364265,
    "p95_abs_dev_db": 0.04686999999999911,
    "inside_env_frac": 1.0,
    "peak_freq_mae_hz": 4944590.4064133745,
    "peak_freq_outlier_frac": 0.17073170731707318
  },
  "artifacts": {
    "output_json": "Output/diagnosis/batch/sim_00083_diagnosis.json"
  },
  "system_diagnosis": {
    "probabilities": {
      "正常": 0.08904654221927737,
      "幅度失准": 0.08222966166891843,
      "频率失准": 0.8286685957737828,
      "参考电平失准": 5.520025515454941e-05
    },
    "predicted_class": "频率失准",
    "max_prob": 0.8286685957737828,
    "is_normal": false
  },
  "module_diagnosis": {
    "probabilities": {
      "[RF板][Mixer1]": 0.28314589349355757,
      "[时钟板][参考域] 10MHz 基准 OCXO": 0.19103819320047255,
      "[时钟板][参考分配]": 0.19103819320047255,
      "[RF板][RF] 低频通路固定滤波/抑制网络": 0.1705698153575648,
      "[电源板] 电源管理模块": 0.0823343933763014,
      "[LO/时钟板][LO1] 合成链": 0.0818735113716311,
      "[RF板][RF] 输入衰减器组": 0.0,
      "前置放大器": 0.0,
      "[RF板][YTF]": 0.0,
      "[RF板][Mixer2]": 0.0
    },
    "topk": [
      {
        "module": "[RF板][Mixer1]",
        "probability": 0.28314589349355757
      },
      {
        "module": "[时钟板][参考域] 10MHz 基准 OCXO",
        "probability": 0.19103819320047255
      },
      {
        "module": "[时钟板][参考分配]",
        "probability": 0.19103819320047255
      }
    ],
    "disabled_modules": [
      "高频段YTF滤波器",
      "高频段混频器",
      "前置放大器",
      "衰减器"
    ]
  },
  "evidence_detail": {
    "viol_rate": 0.0,
    "envelope_violation": false,
    "violation_max_db": 0.0,
    "violation_energy": 1.1227524943233362,
    "baseline_coverage": 1.0
  },
  "config": {
    "mode": "unified_entry",
    "gating_status": "gated_ok",
    "run_name": null,
    "topk": 3
  },
  "uncertainty": {
    "is_uncertain": false,
    "reason": "",
    "top_class": "频率失准",
    "runner_up": "正常",
    "max_prob": 0.8286685957737828,
    "second_prob": 0.08904654221927737,
    "prob_gap": 0.7396220535545055,
    "support_top_features": [],
    "support_runnerup_features": [],
    "conflict_features": [],
    "suggested_actions": []
  },
  "module_validation": {
    "sample_id": "sim_00083",
    "gt_module": "时钟合成与同步网络",
    "gt_module_v2": "[LO/时钟板][LO1] 合成链",
    "top1": "[RF板][Mixer1]",
    "top3": [
      "[RF板][Mixer1]",
      "[时钟板][参考域] 10MHz 基准 OCXO",
      "[时钟板][参考分配]"
    ],
    "top5": [
      "[RF板][Mixer1]",
      "[时钟板][参考域] 10MHz 基准 OCXO",
      "[时钟板][参考分配]",
      "[RF板][RF] 低频通路固定滤波/抑制网络",
      "[电源板] 电源管理模块"
    ],
    "gt_rank": 6,
    "gt_prob": 0.0818735113716311,
    "top1_hit": false,
    "top3_hit": false,
    "top5_hit": false
  },
  "ground_truth": {
    "type": "fault",
    "system_class_en": "freq_error",
    "system_class_cn": "频率失准",
    "module": "时钟合成与同步网络",
    "module_v2": "[LO/时钟板][LO1] 合成链",
    "fault_params": {
      "severity": "light",
      "tier_target": "mild_oos",
      "delta_f_hz": 147436.30882281743,
      "ppm": 18.001991309257317,
      "shift_bins": 0.014743630882281743,
      "bandwidth_hz": 8190000000.0,
      "type": "clock_drift",
      "track_type": "dense",
      "template_id": "T8",
      "forced_peak_track_type": true,
      "peak_track_profile": {
        "bands": [
          {
            "start_hz": 6960433593.576525,
            "end_hz": 7828221989.642805,
            "center_hz": 7394327791.609665,
            "width_hz": 867788396.06628,
            "amplitude_hz": 30446649.761442397,
            "ramp_hz": 100222814.0633501
          },
          {
            "start_hz": 222719142.92324686,
            "end_hz": 1034609394.4300663,
            "center_hz": 628664268.6766566,
            "width_hz": 811890251.5068195,
            "amplitude_hz": 24364815.638132527,
            "ramp_hz": 100222814.0633501
          }
        ],
        "track_type": "dense"
      },
      "freq_amp_coupling": {
        "bias_db_min": -0.1,
        "bias_db_max": -0.02
      }
    }
  }
}