{
  "status": "success",
  "meta": {
    "sample_id": "sim_00065",
    "input_file": "/home/runner/work/FMFD-python/FMFD-python/Output/sim_spectrum/raw_curves/sim_00065.csv",
    "operating_condition": {
      "inject_power_dbm": -10.0,
      "freq_start_hz": 10000000.0,
      "freq_end_hz": 8200000000.0,
      "step_hz": 10000000.0,
      "frontend": {
        "low_band_only": true,
        "ac_coupling": true,
        "preamp": false
      }
    }
  },
  "data_points": 820,
  "frequency_range": {
    "min": 10000000.0,
    "max": 8200000000.0
  },
  "features": {
    "X1": -9.872837804878047,
    "X2": 0.0006276921727724903,
    "X3": 0.0002071206453280209,
    "X4": 0.02994977442426642,
    "X5": 0.3103833030808941,
    "X6": 0.0010613594976204646,
    "X7": 0.0666999999999991,
    "X8": 0.025716341463414633,
    "X9": 0.0008969889880644428,
    "X10": 0.016160323628746767,
    "X11": 0.0,
    "X12": 0.0,
    "X13": 0.13302583466152154,
    "X14": 0.0059380952380948746,
    "X15": 0.007277098736339626,
    "X16": -0.008729894817317374,
    "X17": 0.0,
    "X18": 0.0,
    "X19": -7.40698694822256e-05,
    "X20": -0.018915234828362326,
    "X21": 5.0,
    "X22": 0.0369046400707974,
    "X23": 6.612275609756264e-05,
    "X24": 0.15008660594577494,
    "X25": 6.612275609756264e-05,
    "X26": 0.00033887639591641966,
    "X27": 5.158934453271542e-06,
    "X28": -0.028081865776979704,
    "X29": -0.17324354507748163,
    "X30": 0.004071646341463585,
    "X31": 0.001968366237631765,
    "X32": -0.07551940719428324,
    "X33": 0.6359145407124885,
    "X34": 0.016617820329658698,
    "X35": 0.00042920030487759477,
    "X36": 0.7602076369159152,
    "X37": 0.029949774424266416,
    "offset_db": 0.06040000000000134,
    "viol_rate_aligned": 0.0,
    "viol_energy_aligned": 0.13302583466152154,
    "global_offset_db": 0.0,
    "shape_rmse": 0.008131590010420018,
    "ripple_hp": 0.010916486749051348,
    "tail_asym": -0.0007950000000034804,
    "compress_ratio": 0.19878048780487806,
    "compress_ratio_high": 0.2,
    "freq_shift_score": 0.03136704602671203,
    "offset_slope": -0.0009176898777325988,
    "high_low_energy_ratio": 1.2270099073172167,
    "band_offset_db_1": 0.006349999999999412,
    "band_offset_db_2": 0.0019999999999988916,
    "band_offset_db_3": 0.0006999999999983686,
    "band_offset_db_4": -0.002900000000002123
  },
  "system": {
    "probs": {
      "正常": 0.44312366650512514,
      "幅度失准": 0.17794998437154846,
      "频率失准": 0.11132388829483907,
      "参考电平失准": 0.2676024608280441
    },
    "decision": "正常",
    "confidence": 0.44312366650512514,
    "is_normal": true
  },
  "module": {
    "topk": [
      {
        "module_id": "[电源板] 电源管理模块",
        "gamma": 0.3053788592129368
      },
      {
        "module_id": "[校准链路][校准源]",
        "gamma": 0.2941924831568738
      },
      {
        "module_id": "[校准链路][校准路径开关/耦合]",
        "gamma": 0.2124723489466311
      }
    ],
    "gating": {
      "disabled_modules": [
        "高频段YTF滤波器",
        "高频段混频器",
        "前置放大器",
        "衰减器"
      ],
      "topk_k": 3
    }
  },
  "evidence": {
    "global_offset_db": 0.06040000000000134,
    "hf_std_db": 0.007698840303817472,
    "p95_abs_dev_db": 0.016005000000001685,
    "inside_env_frac": 1.0,
    "peak_freq_mae_hz": 4140.239315111901,
    "peak_freq_outlier_frac": 0.0
  },
  "artifacts": {
    "output_json": "Output/diagnosis/batch/sim_00065_diagnosis.json"
  },
  "system_diagnosis": {
    "probabilities": {
      "正常": 0.44312366650512514,
      "幅度失准": 0.17794998437154846,
      "频率失准": 0.11132388829483907,
      "参考电平失准": 0.2676024608280441
    },
    "predicted_class": "正常",
    "max_prob": 0.44312366650512514,
    "is_normal": true
  },
  "module_diagnosis": {
    "probabilities": {
      "[电源板] 电源管理模块": 0.3053788592129368,
      "[校准链路][校准源]": 0.2941924831568738,
      "[校准链路][校准路径开关/耦合]": 0.2124723489466311,
      "[校准链路][校准表/存储]": 0.18795630868355828,
      "[RF板][RF] 输入衰减器组": 0.0,
      "前置放大器": 0.0,
      "[RF板][RF] 低频通路固定滤波/抑制网络": 0.0,
      "[RF板][Mixer1]": 0.0,
      "[RF板][YTF]": 0.0,
      "[RF板][Mixer2]": 0.0
    },
    "topk": [
      {
        "module": "[电源板] 电源管理模块",
        "probability": 0.3053788592129368
      },
      {
        "module": "[校准链路][校准源]",
        "probability": 0.2941924831568738
      },
      {
        "module": "[校准链路][校准路径开关/耦合]",
        "probability": 0.2124723489466311
      }
    ],
    "disabled_modules": [
      "高频段YTF滤波器",
      "高频段混频器",
      "前置放大器",
      "衰减器"
    ]
  },
  "evidence_detail": {
    "viol_rate": 0.0,
    "envelope_violation": false,
    "violation_max_db": 0.0,
    "violation_energy": 0.13302583466152154,
    "baseline_coverage": 1.0
  },
  "config": {
    "mode": "unified_entry",
    "gating_status": "fallback_brb_only",
    "run_name": null,
    "topk": 3
  },
  "uncertainty": {
    "is_uncertain": true,
    "reason": "max_prob(44.31%) < 55%",
    "top_class": "正常",
    "runner_up": "参考电平失准",
    "max_prob": 0.44312366650512514,
    "second_prob": 0.2676024608280441,
    "prob_gap": 0.17552120567708102,
    "support_top_features": [],
    "support_runnerup_features": [
      {
        "feature": "X1",
        "contribution": 4.936418902439024
      },
      {
        "feature": "X21",
        "contribution": 1.5
      },
      {
        "feature": "X5",
        "contribution": 0.15519165154044706
      },
      {
        "feature": "X13",
        "contribution": 0.09311808426306507
      },
      {
        "feature": "X7",
        "contribution": 0.04001999999999945
      }
    ],
    "conflict_features": [
      {
        "feature": "X4",
        "top_contrib": 0.002994977442426642,
        "runnerup_contrib": 0.002994977442426642
      },
      {
        "feature": "X16",
        "top_contrib": 0.0008729894817317374,
        "runnerup_contrib": 0.0008729894817317374
      }
    ],
    "suggested_actions": [
      "当前诊断为正常，但置信度较低",
      "建议增加测试样本或更换测试信号",
      "复测参考电平校准点",
      "建议重复测试或更换测试点以提高置信度"
    ]
  },
  "module_validation": {
    "sample_id": "sim_00065",
    "gt_module": "存储器",
    "gt_module_v2": "[校准链路][校准表/存储]",
    "top1": "[电源板] 电源管理模块",
    "top3": [
      "[电源板] 电源管理模块",
      "[校准链路][校准源]",
      "[校准链路][校准路径开关/耦合]"
    ],
    "top5": [
      "[电源板] 电源管理模块",
      "[校准链路][校准源]",
      "[校准链路][校准路径开关/耦合]",
      "[校准链路][校准表/存储]",
      "[RF板][RF] 输入衰减器组"
    ],
    "gt_rank": 4,
    "gt_prob": 0.18795630868355828,
    "top1_hit": false,
    "top3_hit": false,
    "top5_hit": true
  },
  "ground_truth": {
    "type": "fault",
    "system_class_en": "ref_error",
    "system_class_cn": "参考电平失准",
    "module": "存储器",
    "module_v2": "[校准链路][校准表/存储]",
    "fault_params": {
      "severity": "mid",
      "tier_target": "in_spec_weak",
      "type": "ref_miscal",
      "subtype": "ref_error_offset",
      "offset_db": -0.11375012257972927,
      "template_id": "T1",
      "mean_offset_db": 0.06023638847869455
    }
  }
}