{
  "status": "success",
  "meta": {
    "sample_id": "sim_00069",
    "input_file": "/home/runner/work/FMFD-python/FMFD-python/Output/sim_spectrum/raw_curves/sim_00069.csv",
    "operating_condition": {
      "inject_power_dbm": -10.0,
      "freq_start_hz": 10000000.0,
      "freq_end_hz": 8200000000.0,
      "step_hz": 10000000.0,
      "frontend": {
        "low_band_only": true,
        "ac_coupling": true,
        "preamp": false
      }
    }
  },
  "data_points": 820,
  "frequency_range": {
    "min": 10000000.0,
    "max": 8200000000.0
  },
  "features": {
    "X1": -9.983334268292683,
    "X2": 0.0006567020884972578,
    "X3": 0.00019615401357584727,
    "X4": 0.030113058459886016,
    "X5": 0.27719677846474206,
    "X6": 0.0010692717403182632,
    "X7": 0.08120000000000083,
    "X8": 0.025745487804878047,
    "X9": 0.0009067962898085129,
    "X10": 0.016670517322920773,
    "X11": 0.0,
    "X12": 0.0,
    "X13": 0.20130904841209687,
    "X14": 0.005105860805860677,
    "X15": 0.008534877851392819,
    "X16": 0.007184150677433786,
    "X17": 0.0,
    "X18": 0.0,
    "X19": -6.051594210974063e-05,
    "X20": 0.16038195647906095,
    "X21": 5.0,
    "X22": 0.03995542677172295,
    "X23": 6.836471951219554e-05,
    "X24": 0.14612340921114653,
    "X25": 6.836471951219554e-05,
    "X26": 0.00021661986148439807,
    "X27": 5.879500941308502e-05,
    "X28": -0.09169884169438608,
    "X29": 0.21092393426431832,
    "X30": 0.004375914634146501,
    "X31": 0.0026880774949169296,
    "X32": -0.1979029150542038,
    "X33": 0.6209424912304916,
    "X34": 0.016858558154382988,
    "X35": 0.00041227865308209613,
    "X36": 0.7719978819730078,
    "X37": 0.030113058459886016,
    "offset_db": -0.04989999999999917,
    "viol_rate_aligned": 0.0,
    "viol_energy_aligned": 0.20130904841209687,
    "global_offset_db": 0.0,
    "shape_rmse": 0.008268296046477506,
    "ripple_hp": 0.010573176203207354,
    "tail_asym": -0.004290000000002445,
    "compress_ratio": 0.2,
    "compress_ratio_high": 0.2,
    "freq_shift_score": 0.03209217241338724,
    "offset_slope": -0.0008863775678486418,
    "high_low_energy_ratio": 14.791694536648343,
    "band_offset_db_1": -5.000000000077165e-05,
    "band_offset_db_2": 0.0016999999999978144,
    "band_offset_db_3": 0.0007999999999999119,
    "band_offset_db_4": -0.0016999999999995907
  },
  "system": {
    "probs": {
      "正常": 0.518647433885742,
      "幅度失准": 0.160799860224961,
      "频率失准": 0.07874072456732882,
      "参考电平失准": 0.2418119813214494
    },
    "decision": "正常",
    "confidence": 0.518647433885742,
    "is_normal": true
  },
  "module": {
    "topk": [
      {
        "module_id": "[电源板] 电源管理模块",
        "gamma": 0.3272891920483608
      },
      {
        "module_id": "[校准链路][校准源]",
        "gamma": 0.28491281277951774
      },
      {
        "module_id": "[校准链路][校准路径开关/耦合]",
        "gamma": 0.20577036478520727
      }
    ],
    "gating": {
      "disabled_modules": [
        "高频段YTF滤波器",
        "高频段混频器",
        "前置放大器",
        "衰减器"
      ],
      "topk_k": 3
    }
  },
  "evidence": {
    "global_offset_db": -0.04989999999999917,
    "hf_std_db": 0.007586821940079846,
    "p95_abs_dev_db": 0.016305000000001076,
    "inside_env_frac": 1.0,
    "peak_freq_mae_hz": 4057.181739395982,
    "peak_freq_outlier_frac": 0.0
  },
  "artifacts": {
    "output_json": "Output/diagnosis/batch/sim_00069_diagnosis.json"
  },
  "system_diagnosis": {
    "probabilities": {
      "正常": 0.518647433885742,
      "幅度失准": 0.160799860224961,
      "频率失准": 0.07874072456732882,
      "参考电平失准": 0.2418119813214494
    },
    "predicted_class": "正常",
    "max_prob": 0.518647433885742,
    "is_normal": true
  },
  "module_diagnosis": {
    "probabilities": {
      "[电源板] 电源管理模块": 0.3272891920483608,
      "[校准链路][校准源]": 0.28491281277951774,
      "[校准链路][校准路径开关/耦合]": 0.20577036478520727,
      "[校准链路][校准表/存储]": 0.18202763038691416,
      "[RF板][RF] 输入衰减器组": 0.0,
      "前置放大器": 0.0,
      "[RF板][RF] 低频通路固定滤波/抑制网络": 0.0,
      "[RF板][Mixer1]": 0.0,
      "[RF板][YTF]": 0.0,
      "[RF板][Mixer2]": 0.0
    },
    "topk": [
      {
        "module": "[电源板] 电源管理模块",
        "probability": 0.3272891920483608
      },
      {
        "module": "[校准链路][校准源]",
        "probability": 0.28491281277951774
      },
      {
        "module": "[校准链路][校准路径开关/耦合]",
        "probability": 0.20577036478520727
      }
    ],
    "disabled_modules": [
      "高频段YTF滤波器",
      "高频段混频器",
      "前置放大器",
      "衰减器"
    ]
  },
  "evidence_detail": {
    "viol_rate": 0.0,
    "envelope_violation": false,
    "violation_max_db": 0.0,
    "violation_energy": 0.20130904841209687,
    "baseline_coverage": 1.0
  },
  "config": {
    "mode": "unified_entry",
    "gating_status": "fallback_brb_only",
    "run_name": null,
    "topk": 3
  },
  "uncertainty": {
    "is_uncertain": true,
    "reason": "max_prob(51.86%) < 55%",
    "top_class": "正常",
    "runner_up": "参考电平失准",
    "max_prob": 0.518647433885742,
    "second_prob": 0.2418119813214494,
    "prob_gap": 0.27683545256429254,
    "support_top_features": [],
    "support_runnerup_features": [
      {
        "feature": "X1",
        "contribution": 4.991667134146342
      },
      {
        "feature": "X21",
        "contribution": 1.5
      },
      {
        "feature": "X13",
        "contribution": 0.1409163338884678
      },
      {
        "feature": "X5",
        "contribution": 0.13859838923237103
      },
      {
        "feature": "X7",
        "contribution": 0.04872000000000049
      }
    ],
    "conflict_features": [
      {
        "feature": "X4",
        "top_contrib": 0.003011305845988602,
        "runnerup_contrib": 0.003011305845988602
      },
      {
        "feature": "X16",
        "top_contrib": 0.0007184150677433786,
        "runnerup_contrib": 0.0007184150677433786
      }
    ],
    "suggested_actions": [
      "当前诊断为正常，但置信度较低",
      "建议增加测试样本或更换测试信号",
      "复测参考电平校准点",
      "建议重复测试或更换测试点以提高置信度"
    ]
  },
  "module_validation": {
    "sample_id": "sim_00069",
    "gt_module": "校准源",
    "gt_module_v2": "[校准链路][校准源]",
    "top1": "[电源板] 电源管理模块",
    "top3": [
      "[电源板] 电源管理模块",
      "[校准链路][校准源]",
      "[校准链路][校准路径开关/耦合]"
    ],
    "top5": [
      "[电源板] 电源管理模块",
      "[校准链路][校准源]",
      "[校准链路][校准路径开关/耦合]",
      "[校准链路][校准表/存储]",
      "[RF板][RF] 输入衰减器组"
    ],
    "gt_rank": 2,
    "gt_prob": 0.28491281277951774,
    "top1_hit": false,
    "top3_hit": true,
    "top5_hit": true
  },
  "ground_truth": {
    "type": "fault",
    "system_class_en": "ref_error",
    "system_class_cn": "参考电平失准",
    "module": "校准源",
    "module_v2": "[校准链路][校准源]",
    "fault_params": {
      "severity": "light",
      "tier_target": "edge",
      "type": "ref_miscal",
      "subtype": "ref_error_offset",
      "offset_db": -0.06615404647394557,
      "template_id": "T1",
      "mean_offset_db": -0.050262344937097136
    }
  }
}