{
  "status": "success",
  "meta": {
    "sample_id": "sim_00137",
    "input_file": "/home/runner/work/FMFD-python/FMFD-python/Output/sim_spectrum/raw_curves/sim_00137.csv",
    "operating_condition": {
      "inject_power_dbm": -10.0,
      "freq_start_hz": 10000000.0,
      "freq_end_hz": 8200000000.0,
      "step_hz": 10000000.0,
      "frontend": {
        "low_band_only": true,
        "ac_coupling": true,
        "preamp": false
      }
    }
  },
  "data_points": 820,
  "frequency_range": {
    "min": 10000000.0,
    "max": 8200000000.0
  },
  "features": {
    "X1": -9.879368170731706,
    "X2": 0.0006754675827880236,
    "X3": 0.0002884929196196384,
    "X4": 0.029034604985344423,
    "X5": 0.23613381783893517,
    "X6": 0.000888493242995241,
    "X7": 0.0865999999999989,
    "X8": 0.023458658536585356,
    "X9": 0.0008430082866549874,
    "X10": 0.01271485838383473,
    "X11": 0.0,
    "X12": 0.0,
    "X13": 0.15852613600089976,
    "X14": 0.007137545787545862,
    "X15": 0.007443601621448572,
    "X16": -0.014509108188777651,
    "X17": 0.0,
    "X18": 0.0,
    "X19": -7.167416528534172e-05,
    "X20": 0.1945641834795473,
    "X21": 6.0,
    "X22": 0.034473747752823525,
    "X23": 9.084915853658734e-05,
    "X24": 0.15079957193752924,
    "X25": 9.084915853658734e-05,
    "X26": 0.0007498173326928193,
    "X27": 7.804737919873203e-05,
    "X28": -0.01673640167290876,
    "X29": 0.37330224427950615,
    "X30": 0.0021217987804880434,
    "X31": 0.004473126436065568,
    "X32": -0.42574282858166446,
    "X33": 0.6847151347440027,
    "X34": 0.012321563376655695,
    "X35": 0.0004165565659005202,
    "X36": 0.7515851672080052,
    "X37": 0.029034604985344423,
    "offset_db": 0.053749999999999964,
    "viol_rate_aligned": 0.0,
    "viol_energy_aligned": 0.15852613600089976,
    "global_offset_db": 0.0,
    "shape_rmse": 0.009531482494165707,
    "ripple_hp": 0.010782954668270277,
    "tail_asym": 0.00019000000000141473,
    "compress_ratio": 0.2,
    "compress_ratio_high": 0.19661016949152543,
    "freq_shift_score": 0.04891247035334123,
    "offset_slope": 0.0016493180823712304,
    "high_low_energy_ratio": 3.8780192594719956,
    "band_offset_db_1": -0.0015499999999999403,
    "band_offset_db_2": -0.003449999999999065,
    "band_offset_db_3": -0.00360000000000138,
    "band_offset_db_4": 0.005250000000000199
  },
  "system": {
    "probs": {
      "正常": 0.28590723817434033,
      "幅度失准": 0.08341123594517733,
      "频率失准": 0.08580494980424966,
      "参考电平失准": 0.5448765760217451
    },
    "decision": "参考电平失准",
    "confidence": 0.5448765760217451,
    "is_normal": false
  },
  "module": {
    "topk": [
      {
        "module_id": "[校准链路][校准源]",
        "gamma": 0.34832154445441177
      },
      {
        "module_id": "[校准链路][校准路径开关/耦合]",
        "gamma": 0.25156555988374185
      },
      {
        "module_id": "[校准链路][校准表/存储]",
        "gamma": 0.22253876451254084
      }
    ],
    "gating": {
      "disabled_modules": [
        "高频段YTF滤波器",
        "高频段混频器",
        "前置放大器",
        "衰减器"
      ],
      "topk_k": 3
    }
  },
  "evidence": {
    "global_offset_db": 0.053749999999999964,
    "hf_std_db": 0.007841111510790541,
    "p95_abs_dev_db": 0.01925499999999953,
    "inside_env_frac": 1.0,
    "peak_freq_mae_hz": 3806.9100151097605,
    "peak_freq_outlier_frac": 0.0
  },
  "artifacts": {
    "output_json": "Output/diagnosis/batch/sim_00137_diagnosis.json"
  },
  "system_diagnosis": {
    "probabilities": {
      "正常": 0.28590723817434033,
      "幅度失准": 0.08341123594517733,
      "频率失准": 0.08580494980424966,
      "参考电平失准": 0.5448765760217451
    },
    "predicted_class": "参考电平失准",
    "max_prob": 0.5448765760217451,
    "is_normal": false
  },
  "module_diagnosis": {
    "probabilities": {
      "[校准链路][校准源]": 0.34832154445441177,
      "[校准链路][校准路径开关/耦合]": 0.25156555988374185,
      "[校准链路][校准表/存储]": 0.22253876451254084,
      "[电源板] 电源管理模块": 0.17757413114930556,
      "[RF板][RF] 输入衰减器组": 0.0,
      "前置放大器": 0.0,
      "[RF板][RF] 低频通路固定滤波/抑制网络": 0.0,
      "[RF板][Mixer1]": 0.0,
      "[RF板][YTF]": 0.0,
      "[RF板][Mixer2]": 0.0
    },
    "topk": [
      {
        "module": "[校准链路][校准源]",
        "probability": 0.34832154445441177
      },
      {
        "module": "[校准链路][校准路径开关/耦合]",
        "probability": 0.25156555988374185
      },
      {
        "module": "[校准链路][校准表/存储]",
        "probability": 0.22253876451254084
      }
    ],
    "disabled_modules": [
      "高频段YTF滤波器",
      "高频段混频器",
      "前置放大器",
      "衰减器"
    ]
  },
  "evidence_detail": {
    "viol_rate": 0.0,
    "envelope_violation": false,
    "violation_max_db": 0.0,
    "violation_energy": 0.15852613600089976,
    "baseline_coverage": 1.0
  },
  "config": {
    "mode": "unified_entry",
    "gating_status": "gated_ok",
    "run_name": null,
    "topk": 3
  },
  "uncertainty": {
    "is_uncertain": true,
    "reason": "max_prob(54.49%) < 55%",
    "top_class": "参考电平失准",
    "runner_up": "正常",
    "max_prob": 0.5448765760217451,
    "second_prob": 0.28590723817434033,
    "prob_gap": 0.2589693378474048,
    "support_top_features": [
      {
        "feature": "X1",
        "contribution": 4.939684085365853
      },
      {
        "feature": "X21",
        "contribution": 1.7999999999999998
      },
      {
        "feature": "X5",
        "contribution": 0.11806690891946758
      },
      {
        "feature": "X13",
        "contribution": 0.11096829520062983
      },
      {
        "feature": "X7",
        "contribution": 0.05195999999999934
      }
    ],
    "support_runnerup_features": [],
    "conflict_features": [
      {
        "feature": "X4",
        "top_contrib": 0.0029034604985344425,
        "runnerup_contrib": 0.0029034604985344425
      },
      {
        "feature": "X16",
        "top_contrib": 0.0014509108188777652,
        "runnerup_contrib": 0.0014509108188777652
      }
    ],
    "suggested_actions": [
      "复测参考电平校准点",
      "检查 ADC 量化状态",
      "当前诊断为正常，但置信度较低",
      "建议重复测试或更换测试点以提高置信度"
    ]
  },
  "module_validation": {
    "sample_id": "sim_00137",
    "gt_module": "存储器",
    "gt_module_v2": "[校准链路][校准表/存储]",
    "top1": "[校准链路][校准源]",
    "top3": [
      "[校准链路][校准源]",
      "[校准链路][校准路径开关/耦合]",
      "[校准链路][校准表/存储]"
    ],
    "top5": [
      "[校准链路][校准源]",
      "[校准链路][校准路径开关/耦合]",
      "[校准链路][校准表/存储]",
      "[电源板] 电源管理模块",
      "[RF板][RF] 输入衰减器组"
    ],
    "gt_rank": 3,
    "gt_prob": 0.22253876451254084,
    "top1_hit": false,
    "top3_hit": true,
    "top5_hit": true
  },
  "ground_truth": {
    "type": "fault",
    "system_class_en": "ref_error",
    "system_class_cn": "参考电平失准",
    "module": "存储器",
    "module_v2": "[校准链路][校准表/存储]",
    "fault_params": {
      "severity": "light",
      "tier_target": "in_spec_weak",
      "type": "ref_miscal",
      "subtype": "ref_error_offset",
      "offset_db": -0.06408619434847657,
      "template_id": "T1",
      "mean_offset_db": 0.0537039246519075
    }
  }
}