{
  "status": "success",
  "meta": {
    "sample_id": "sim_00062",
    "input_file": "/home/runner/work/FMFD-python/FMFD-python/Output/sim_spectrum/raw_curves/sim_00062.csv",
    "operating_condition": {
      "inject_power_dbm": -10.0,
      "freq_start_hz": 10000000.0,
      "freq_end_hz": 8200000000.0,
      "step_hz": 10000000.0,
      "frontend": {
        "low_band_only": true,
        "ac_coupling": true,
        "preamp": false
      }
    }
  },
  "data_points": 820,
  "frequency_range": {
    "min": 10000000.0,
    "max": 8200000000.0
  },
  "features": {
    "X1": -9.933072926829267,
    "X2": 0.0014387833096619106,
    "X3": 0.000247041883748453,
    "X4": 0.03524536137217995,
    "X5": 0.30730688308301163,
    "X6": 0.0014039281207019658,
    "X7": 0.10080000000000133,
    "X8": 0.028617317073170785,
    "X9": 0.0012422354982555544,
    "X10": 0.02341850520211029,
    "X11": 0.08170731707317073,
    "X12": 0.06461566180714051,
    "X13": 3.066076181151064,
    "X14": 0.006132234432234325,
    "X15": 0.006896650087817797,
    "X16": 0.013664833313920665,
    "X17": 0.0,
    "X18": 0.0,
    "X19": -3.86811717346295e-05,
    "X20": 0.5998433728169204,
    "X21": 11.0,
    "X22": 0.03094033070263902,
    "X23": 0.0011962071951219302,
    "X24": 0.18400429562983345,
    "X25": 0.0011962071951219302,
    "X26": 0.00036604583935860645,
    "X27": 0.0006573380475256797,
    "X28": -0.75888793208562,
    "X29": 0.22535856266084547,
    "X30": 0.01861859756097571,
    "X31": 0.01630702170267211,
    "X32": -3.4006342263519906,
    "X33": 0.5390577893972508,
    "X34": 0.01578191658342994,
    "X35": 0.00040795806673315957,
    "X36": 0.8341981562622807,
    "X37": 0.03524536137217995,
    "offset_db": 0.010299999999999088,
    "viol_rate_aligned": 0.08170731707317073,
    "viol_energy_aligned": 3.066076181151064,
    "global_offset_db": 0.0,
    "shape_rmse": 0.03458622840267395,
    "ripple_hp": 0.011735551514752283,
    "tail_asym": -0.08940499999999602,
    "compress_ratio": 0.19878048780487806,
    "compress_ratio_high": 0.2,
    "freq_shift_score": 0.45294063318581956,
    "offset_slope": -0.0008733895260141697,
    "high_low_energy_ratio": 2.2781345207399872,
    "band_offset_db_1": 0.003500000000001613,
    "band_offset_db_2": -9.999999999799059e-05,
    "band_offset_db_3": -0.013599999999998502,
    "band_offset_db_4": 0.001700000000001367
  },
  "system": {
    "probs": {
      "正常": 0.019909430495877737,
      "幅度失准": 0.023286671456051178,
      "频率失准": 0.9503836750395753,
      "参考电平失准": 0.006420222913457299
    },
    "decision": "频率失准",
    "confidence": 0.9503836750395753,
    "is_normal": false
  },
  "module": {
    "topk": [
      {
        "module_id": "[RF板][Mixer1]",
        "gamma": 0.28616334790014275
      },
      {
        "module_id": "[时钟板][参考域] 10MHz 基准 OCXO",
        "gamma": 0.1930740660531083
      },
      {
        "module_id": "[时钟板][参考分配]",
        "gamma": 0.1930740660531083
      }
    ],
    "gating": {
      "disabled_modules": [
        "高频段YTF滤波器",
        "高频段混频器",
        "前置放大器",
        "衰减器"
      ],
      "topk_k": 3
    }
  },
  "evidence": {
    "global_offset_db": 0.010299999999999088,
    "hf_std_db": 0.01437273147382023,
    "p95_abs_dev_db": 0.10210999999999827,
    "inside_env_frac": 0.9182926829268293,
    "peak_freq_mae_hz": 7016913.817930842,
    "peak_freq_outlier_frac": 0.11463414634146342
  },
  "artifacts": {
    "output_json": "Output/diagnosis/batch/sim_00062_diagnosis.json"
  },
  "system_diagnosis": {
    "probabilities": {
      "正常": 0.019909430495877737,
      "幅度失准": 0.023286671456051178,
      "频率失准": 0.9503836750395753,
      "参考电平失准": 0.006420222913457299
    },
    "predicted_class": "频率失准",
    "max_prob": 0.9503836750395753,
    "is_normal": false
  },
  "module_diagnosis": {
    "probabilities": {
      "[RF板][Mixer1]": 0.28616334790014275,
      "[时钟板][参考域] 10MHz 基准 OCXO": 0.1930740660531083,
      "[时钟板][参考分配]": 0.1930740660531083,
      "[RF板][RF] 低频通路固定滤波/抑制网络": 0.1723875589759896,
      "[LO/时钟板][LO1] 合成链": 0.082746028308475,
      "[电源板] 电源管理模块": 0.07255493270917605,
      "[RF板][RF] 输入衰减器组": 0.0,
      "前置放大器": 0.0,
      "[RF板][YTF]": 0.0,
      "[RF板][Mixer2]": 0.0
    },
    "topk": [
      {
        "module": "[RF板][Mixer1]",
        "probability": 0.28616334790014275
      },
      {
        "module": "[时钟板][参考域] 10MHz 基准 OCXO",
        "probability": 0.1930740660531083
      },
      {
        "module": "[时钟板][参考分配]",
        "probability": 0.1930740660531083
      }
    ],
    "disabled_modules": [
      "高频段YTF滤波器",
      "高频段混频器",
      "前置放大器",
      "衰减器"
    ]
  },
  "evidence_detail": {
    "viol_rate": 0.08170731707317073,
    "envelope_violation": false,
    "violation_max_db": 0.06461566180714051,
    "violation_energy": 3.066076181151064,
    "baseline_coverage": 0.9182926829268293
  },
  "config": {
    "mode": "unified_entry",
    "gating_status": "gated_ok",
    "run_name": null,
    "topk": 3
  },
  "uncertainty": {
    "is_uncertain": false,
    "reason": "",
    "top_class": "频率失准",
    "runner_up": "幅度失准",
    "max_prob": 0.9503836750395753,
    "second_prob": 0.023286671456051178,
    "prob_gap": 0.9270970035835242,
    "support_top_features": [],
    "support_runnerup_features": [],
    "conflict_features": [],
    "suggested_actions": []
  },
  "module_validation": {
    "sample_id": "sim_00062",
    "gt_module": "时钟振荡器",
    "gt_module_v2": "[LO/时钟板][LO1] 合成链",
    "top1": "[RF板][Mixer1]",
    "top3": [
      "[RF板][Mixer1]",
      "[时钟板][参考域] 10MHz 基准 OCXO",
      "[时钟板][参考分配]"
    ],
    "top5": [
      "[RF板][Mixer1]",
      "[时钟板][参考域] 10MHz 基准 OCXO",
      "[时钟板][参考分配]",
      "[RF板][RF] 低频通路固定滤波/抑制网络",
      "[LO/时钟板][LO1] 合成链"
    ],
    "gt_rank": 5,
    "gt_prob": 0.082746028308475,
    "top1_hit": false,
    "top3_hit": false,
    "top5_hit": true
  },
  "ground_truth": {
    "type": "fault",
    "system_class_en": "freq_error",
    "system_class_cn": "频率失准",
    "module": "时钟振荡器",
    "module_v2": "[LO/时钟板][LO1] 合成链",
    "fault_params": {
      "severity": "mid",
      "tier_target": "mild_oos",
      "delta_f_hz": -631815.6178062884,
      "ppm": -77.14476407891189,
      "shift_bins": -0.06318156178062884,
      "bandwidth_hz": 8190000000.0,
      "warp_scale": 1.0003123445421855,
      "warp_bias": -7.705068509832784e-05,
      "type": "freq_miscal",
      "track_type": "hole",
      "template_id": "T8",
      "forced_peak_track_type": true,
      "peak_track_profile": {
        "bands": [
          {
            "start_hz": 4158887979.18635,
            "end_hz": 5144432148.069826,
            "center_hz": 4651660063.628088,
            "width_hz": 985544168.8834758,
            "amplitude_hz": 61955861.26640201,
            "ramp_hz": 63652553.51642974
          }
        ],
        "track_type": "hole"
      },
      "freq_amp_coupling": {
        "bias_db_min": -0.1,
        "bias_db_max": -0.02
      }
    }
  }
}