{
  "status": "success",
  "meta": {
    "sample_id": "sim_00075",
    "input_file": "/home/runner/work/FMFD-python/FMFD-python/Output/sim_spectrum/raw_curves/sim_00075.csv",
    "operating_condition": {
      "inject_power_dbm": -10.0,
      "freq_start_hz": 10000000.0,
      "freq_end_hz": 8200000000.0,
      "step_hz": 10000000.0,
      "frontend": {
        "low_band_only": true,
        "ac_coupling": true,
        "preamp": false
      }
    }
  },
  "data_points": 820,
  "frequency_range": {
    "min": 10000000.0,
    "max": 8200000000.0
  },
  "features": {
    "X1": -9.912433170731708,
    "X2": 0.0008178300192924168,
    "X3": 0.0003138867955327505,
    "X4": 0.031486076070633244,
    "X5": 0.286800882902033,
    "X6": 0.0010478367289708487,
    "X7": 0.06819999999999915,
    "X8": 0.02546390243902437,
    "X9": 0.0009913729863257033,
    "X10": 0.012995206122008057,
    "X11": 0.0,
    "X12": 0.0,
    "X13": 0.2760961832776524,
    "X14": 0.008387545787545655,
    "X15": 0.010794900949753786,
    "X16": -0.013449614390382976,
    "X17": 0.0,
    "X18": 0.0,
    "X19": -2.8176790962659704e-05,
    "X20": 0.2126968477278739,
    "X21": 9.0,
    "X22": 0.03724717227475121,
    "X23": 0.00014228204878048822,
    "X24": 0.046054735651864354,
    "X25": 0.00014228204878048822,
    "X26": 0.0002915035152184928,
    "X27": 0.00014309377612516252,
    "X28": 0.04433833560558999,
    "X29": 0.6484789417390758,
    "X30": 0.007999542682926918,
    "X31": 0.0030996821429414493,
    "X32": -2.8860846610479407,
    "X33": 0.5813792103115796,
    "X34": 0.015897510698839535,
    "X35": 0.00035417068604167405,
    "X36": 0.8207748898231836,
    "X37": 0.031486076070633244,
    "offset_db": 0.019999999999999574,
    "viol_rate_aligned": 0.0,
    "viol_energy_aligned": 0.2760961832776524,
    "global_offset_db": 0.0,
    "shape_rmse": 0.011928203920980233,
    "ripple_hp": 0.005652730093929996,
    "tail_asym": 0.0006150000000021,
    "compress_ratio": 0.2,
    "compress_ratio_high": 0.2,
    "freq_shift_score": 0.06990532190434229,
    "offset_slope": 0.0013240376766713493,
    "high_low_energy_ratio": 29.736366631795246,
    "band_offset_db_1": -0.0009499999999986741,
    "band_offset_db_2": -0.0011999999999989797,
    "band_offset_db_3": 0.0011500000000017607,
    "band_offset_db_4": 0.002200000000001978
  },
  "system": {
    "probs": {
      "正常": 0.9903291420825064,
      "幅度失准": 0.002161835556288244,
      "频率失准": 0.004310025259519335,
      "参考电平失准": 0.003198997100695546
    },
    "decision": "正常",
    "confidence": 0.9903291420825064,
    "is_normal": true
  },
  "module": {
    "topk": [
      {
        "module_id": "[电源板] 电源管理模块",
        "gamma": 0.945206528992592
      },
      {
        "module_id": "[RF板][Mixer1]",
        "gamma": 0.01690653566399577
      },
      {
        "module_id": "[时钟板][参考域] 10MHz 基准 OCXO",
        "gamma": 0.011406819243177867
      }
    ],
    "gating": {
      "disabled_modules": [
        "高频段YTF滤波器",
        "高频段混频器",
        "前置放大器",
        "衰减器"
      ],
      "topk_k": 3
    }
  },
  "evidence": {
    "global_offset_db": 0.019999999999999574,
    "hf_std_db": 0.009211503676858374,
    "p95_abs_dev_db": 0.023814999999999552,
    "inside_env_frac": 1.0,
    "peak_freq_mae_hz": 4023.255404972287,
    "peak_freq_outlier_frac": 0.0
  },
  "artifacts": {
    "output_json": "Output/diagnosis/batch/sim_00075_diagnosis.json"
  },
  "system_diagnosis": {
    "probabilities": {
      "正常": 0.9903291420825064,
      "幅度失准": 0.002161835556288244,
      "频率失准": 0.004310025259519335,
      "参考电平失准": 0.003198997100695546
    },
    "predicted_class": "正常",
    "max_prob": 0.9903291420825064,
    "is_normal": true
  },
  "module_diagnosis": {
    "probabilities": {
      "[电源板] 电源管理模块": 0.945206528992592,
      "[RF板][Mixer1]": 0.01690653566399577,
      "[时钟板][参考域] 10MHz 基准 OCXO": 0.011406819243177867,
      "[时钟板][参考分配]": 0.011406819243177867,
      "[RF板][RF] 低频通路固定滤波/抑制网络": 0.010184660038551669,
      "[LO/时钟板][LO1] 合成链": 0.0048886368185048,
      "[RF板][RF] 输入衰减器组": 0.0,
      "前置放大器": 0.0,
      "[RF板][YTF]": 0.0,
      "[RF板][Mixer2]": 0.0
    },
    "topk": [
      {
        "module": "[电源板] 电源管理模块",
        "probability": 0.945206528992592
      },
      {
        "module": "[RF板][Mixer1]",
        "probability": 0.01690653566399577
      },
      {
        "module": "[时钟板][参考域] 10MHz 基准 OCXO",
        "probability": 0.011406819243177867
      }
    ],
    "disabled_modules": [
      "高频段YTF滤波器",
      "高频段混频器",
      "前置放大器",
      "衰减器"
    ]
  },
  "evidence_detail": {
    "viol_rate": 0.0,
    "envelope_violation": false,
    "violation_max_db": 0.0,
    "violation_energy": 0.2760961832776524,
    "baseline_coverage": 1.0
  },
  "config": {
    "mode": "unified_entry",
    "gating_status": "fallback_brb_only",
    "run_name": null,
    "topk": 3
  },
  "uncertainty": {
    "is_uncertain": false,
    "reason": "",
    "top_class": "正常",
    "runner_up": "频率失准",
    "max_prob": 0.9903291420825064,
    "second_prob": 0.004310025259519335,
    "prob_gap": 0.9860191168229872,
    "support_top_features": [],
    "support_runnerup_features": [],
    "conflict_features": [],
    "suggested_actions": []
  },
  "module_validation": {
    "sample_id": "sim_00075",
    "gt_module": null,
    "gt_module_v2": null,
    "top1": "[电源板] 电源管理模块",
    "top3": [
      "[电源板] 电源管理模块",
      "[RF板][Mixer1]",
      "[时钟板][参考域] 10MHz 基准 OCXO"
    ],
    "top5": [
      "[电源板] 电源管理模块",
      "[RF板][Mixer1]",
      "[时钟板][参考域] 10MHz 基准 OCXO",
      "[时钟板][参考分配]",
      "[RF板][RF] 低频通路固定滤波/抑制网络"
    ],
    "gt_rank": -1,
    "gt_prob": 0.0,
    "top1_hit": false,
    "top3_hit": false,
    "top5_hit": false
  },
  "ground_truth": {
    "type": "normal",
    "system_class_en": "normal",
    "system_class_cn": "正常",
    "module": null,
    "module_v2": null,
    "fault_params": {
      "severity": "light",
      "tier_target": "edge",
      "type": "normal",
      "normal_state": "normal_state_A"
    }
  }
}