{
  "status": "success",
  "meta": {
    "sample_id": "sim_00021",
    "input_file": "/home/runner/work/FMFD-python/FMFD-python/Output/sim_spectrum/raw_curves/sim_00021.csv",
    "operating_condition": {
      "inject_power_dbm": -10.0,
      "freq_start_hz": 10000000.0,
      "freq_end_hz": 8200000000.0,
      "step_hz": 10000000.0,
      "frontend": {
        "low_band_only": true,
        "ac_coupling": true,
        "preamp": false
      }
    }
  },
  "data_points": 820,
  "frequency_range": {
    "min": 10000000.0,
    "max": 8200000000.0
  },
  "features": {
    "X1": -9.933384756097562,
    "X2": 0.019839188083605987,
    "X3": 0.0013516689565110452,
    "X4": 0.14172630511384107,
    "X5": 0.4350580058025279,
    "X6": 0.020150596096891727,
    "X7": 0.09310000000000151,
    "X8": 0.11907695121951216,
    "X9": 0.02008634556122157,
    "X10": 0.00825749290637081,
    "X11": 0.5231707317073171,
    "X12": 0.17770270850338044,
    "X13": 0.0,
    "X14": 0.11616007326007323,
    "X15": 0.1288104963206988,
    "X16": -14.044034737686104,
    "X17": 0.004999999999999893,
    "X18": 0.005,
    "X19": -0.00019791728768226967,
    "X20": -0.9147915486035867,
    "X21": 0.0,
    "X22": 0.14019087699295835,
    "X23": 0.01888445721017529,
    "X24": 0.25830246010148317,
    "X25": 0.01861363621588089,
    "X26": 0.0006928579336622075,
    "X27": 0.0003494203134778418,
    "X28": 0.005013813567977202,
    "X29": -0.16346282777789842,
    "X30": 0.23693064024390237,
    "X31": 0.008703433572380535,
    "X32": -6.091371844441878,
    "X33": 0.16939018153270005,
    "X34": 0.04677585241926502,
    "X35": 0.0005781817308698628,
    "X36": 0.985354179467783,
    "X37": 0.14172630511384107,
    "offset_db": 0.0,
    "viol_rate_aligned": 0.5231707317073171,
    "viol_energy_aligned": 0.0,
    "global_offset_db": 0.0,
    "shape_rmse": 0.13746106850180714,
    "ripple_hp": 0.016128963185853988,
    "tail_asym": -0.009509999999997576,
    "compress_ratio": 0.2,
    "compress_ratio_high": 0.2,
    "freq_shift_score": 0.7393436058893724,
    "offset_slope": 0.0011122173430780325,
    "high_low_energy_ratio": 3.4055346471698966,
    "band_offset_db_1": -0.0627500000000003,
    "band_offset_db_2": -0.0030000000000001137,
    "band_offset_db_3": 0.033050000000000246,
    "band_offset_db_4": -0.0026999999999990365
  },
  "system": {
    "probs": {
      "正常": 3.003374538541967e-06,
      "幅度失准": 0.9631337272949998,
      "频率失准": 0.036858870142895114,
      "参考电平失准": 4.39909125319735e-06
    },
    "decision": "幅度失准",
    "confidence": 0.9631337272949998,
    "is_normal": false
  },
  "module": {
    "topk": [
      {
        "module_id": "[数字中频板][ADC] 数字检波与平均",
        "gamma": 0.27011532518524717
      },
      {
        "module_id": "[数字中频板][IF] 中频放大/衰减链",
        "gamma": 0.2631892912061383
      },
      {
        "module_id": "[数字中频板][DSP] 数字增益/偏置校准",
        "gamma": 0.16622481549861368
      }
    ],
    "gating": {
      "disabled_modules": [
        "高频段YTF滤波器",
        "高频段混频器",
        "前置放大器",
        "衰减器"
      ],
      "topk_k": 3
    }
  },
  "evidence": {
    "global_offset_db": 0.0,
    "hf_std_db": 0.09537213903800199,
    "p95_abs_dev_db": 0.24114500000000114,
    "inside_env_frac": 0.4768292682926829,
    "peak_freq_mae_hz": 4133.106524425624,
    "peak_freq_outlier_frac": 0.0
  },
  "artifacts": {
    "output_json": "Output/diagnosis/batch/sim_00021_diagnosis.json"
  },
  "system_diagnosis": {
    "probabilities": {
      "正常": 3.003374538541967e-06,
      "幅度失准": 0.9631337272949998,
      "频率失准": 0.036858870142895114,
      "参考电平失准": 4.39909125319735e-06
    },
    "predicted_class": "幅度失准",
    "max_prob": 0.9631337272949998,
    "is_normal": false
  },
  "module_diagnosis": {
    "probabilities": {
      "[数字中频板][ADC] 数字检波与平均": 0.27011532518524717,
      "[数字中频板][IF] 中频放大/衰减链": 0.2631892912061383,
      "[数字中频板][DSP] 数字增益/偏置校准": 0.16622481549861368,
      "[数字中频板][IF] RBW数字滤波器": 0.1246686116239602,
      "[数字中频板][VBW]": 0.10389050968663352,
      "[电源板] 电源管理模块": 0.07191144679940707,
      "[RF板][RF] 输入衰减器组": 0.0,
      "前置放大器": 0.0,
      "[RF板][RF] 低频通路固定滤波/抑制网络": 0.0,
      "[RF板][Mixer1]": 0.0
    },
    "topk": [
      {
        "module": "[数字中频板][ADC] 数字检波与平均",
        "probability": 0.27011532518524717
      },
      {
        "module": "[数字中频板][IF] 中频放大/衰减链",
        "probability": 0.2631892912061383
      },
      {
        "module": "[数字中频板][DSP] 数字增益/偏置校准",
        "probability": 0.16622481549861368
      }
    ],
    "disabled_modules": [
      "高频段YTF滤波器",
      "高频段混频器",
      "前置放大器",
      "衰减器"
    ]
  },
  "evidence_detail": {
    "viol_rate": 0.5231707317073171,
    "envelope_violation": true,
    "violation_max_db": 0.17770270850338044,
    "violation_energy": 0.0,
    "baseline_coverage": 0.4768292682926829
  },
  "config": {
    "mode": "unified_entry",
    "gating_status": "gated_ok",
    "run_name": null,
    "topk": 3
  },
  "uncertainty": {
    "is_uncertain": false,
    "reason": "",
    "top_class": "幅度失准",
    "runner_up": "频率失准",
    "max_prob": 0.9631337272949998,
    "second_prob": 0.036858870142895114,
    "prob_gap": 0.9262748571521047,
    "support_top_features": [],
    "support_runnerup_features": [],
    "conflict_features": [],
    "suggested_actions": []
  },
  "module_validation": {
    "sample_id": "sim_00021",
    "gt_module": "低频段第一混频器",
    "gt_module_v2": "[RF板][Mixer1]",
    "top1": "[数字中频板][ADC] 数字检波与平均",
    "top3": [
      "[数字中频板][ADC] 数字检波与平均",
      "[数字中频板][IF] 中频放大/衰减链",
      "[数字中频板][DSP] 数字增益/偏置校准"
    ],
    "top5": [
      "[数字中频板][ADC] 数字检波与平均",
      "[数字中频板][IF] 中频放大/衰减链",
      "[数字中频板][DSP] 数字增益/偏置校准",
      "[数字中频板][IF] RBW数字滤波器",
      "[数字中频板][VBW]"
    ],
    "gt_rank": 9,
    "gt_prob": 0.0,
    "top1_hit": false,
    "top3_hit": false,
    "top5_hit": false
  },
  "ground_truth": {
    "type": "fault",
    "system_class_en": "amp_error",
    "system_class_cn": "幅度失准",
    "module": "低频段第一混频器",
    "module_v2": "[RF板][Mixer1]",
    "fault_params": {
      "severity": "severe",
      "tier_target": "mild_oos",
      "subtype": "amp_error_ripple",
      "ripple_amp_db": 0.1564323099112343,
      "period_norm": 0.09334513806281744,
      "template_id": "T3",
      "mean_offset_db": -0.0003125744593474331
    }
  }
}