{
  "status": "success",
  "meta": {
    "sample_id": "sim_00114",
    "input_file": "/home/runner/work/FMFD-python/FMFD-python/Output/sim_spectrum/raw_curves/sim_00114.csv",
    "operating_condition": {
      "inject_power_dbm": -10.0,
      "freq_start_hz": 10000000.0,
      "freq_end_hz": 8200000000.0,
      "step_hz": 10000000.0,
      "frontend": {
        "low_band_only": true,
        "ac_coupling": true,
        "preamp": false
      }
    }
  },
  "data_points": 820,
  "frequency_range": {
    "min": 10000000.0,
    "max": 8200000000.0
  },
  "features": {
    "X1": -9.88456524390244,
    "X2": 0.000628147858252362,
    "X3": 0.0002603852379851151,
    "X4": 0.02962318608419892,
    "X5": 0.2609220711349485,
    "X6": 0.001015547340794171,
    "X7": 0.0835000000000008,
    "X8": 0.025467682926829282,
    "X9": 0.0008775331537790766,
    "X10": 0.015058224033729178,
    "X11": 0.0,
    "X12": 0.0,
    "X13": 0.16044873826485118,
    "X14": 0.005540476190476149,
    "X15": 0.006819343016862373,
    "X16": 0.01675991712057012,
    "X17": 0.0,
    "X18": 0.0,
    "X19": -4.739660960283704e-05,
    "X20": -0.01738095993932509,
    "X21": 2.0,
    "X22": 0.035070980522538944,
    "X23": 5.884208536585372e-05,
    "X24": 0.14454313306146727,
    "X25": 5.884208536585372e-05,
    "X26": 7.660549590871588e-05,
    "X27": 4.099047624760663e-05,
    "X28": 0.005726184278700864,
    "X29": -0.10773283874351092,
    "X30": 0.0030358231707318453,
    "X31": 0.001609387291454781,
    "X32": 0.0512266461642624,
    "X33": 0.6376086078056822,
    "X34": 0.015080824121120821,
    "X35": 0.00041286542634410764,
    "X36": 0.7641900926295356,
    "X37": 0.02962318608419892,
    "offset_db": 0.04844999999999988,
    "viol_rate_aligned": 0.0,
    "viol_energy_aligned": 0.16044873826485118,
    "global_offset_db": 0.0,
    "shape_rmse": 0.007670859493293676,
    "ripple_hp": 0.010526563693437097,
    "tail_asym": -0.0009899999999978797,
    "compress_ratio": 0.19878048780487806,
    "compress_ratio_high": 0.2,
    "freq_shift_score": 0.029393899931330236,
    "offset_slope": -0.000464499573587199,
    "high_low_energy_ratio": 3.137625426969691,
    "band_offset_db_1": -0.0015499999999999403,
    "band_offset_db_2": 0.002049999999998775,
    "band_offset_db_3": -0.0008999999999996788,
    "band_offset_db_4": -0.0007500000000018048
  },
  "system": {
    "probs": {
      "正常": 0.01955402790582043,
      "幅度失准": 0.01918471224359292,
      "频率失准": 0.02832144221399049,
      "参考电平失准": 0.9329398175433021
    },
    "decision": "参考电平失准",
    "confidence": 0.9329398175433021,
    "is_normal": false
  },
  "module": {
    "topk": [
      {
        "module_id": "[校准链路][校准源]",
        "gamma": 0.37610164473253976
      },
      {
        "module_id": "[校准链路][校准路径开关/耦合]",
        "gamma": 0.27162896564016764
      },
      {
        "module_id": "[校准链路][校准表/存储]",
        "gamma": 0.240287161912456
      }
    ],
    "gating": {
      "disabled_modules": [
        "高频段YTF滤波器",
        "高频段混频器",
        "前置放大器",
        "衰减器"
      ],
      "topk_k": 3
    }
  },
  "evidence": {
    "global_offset_db": 0.04844999999999988,
    "hf_std_db": 0.0074051908451737486,
    "p95_abs_dev_db": 0.015150000000000307,
    "inside_env_frac": 1.0,
    "peak_freq_mae_hz": 4119.141053503279,
    "peak_freq_outlier_frac": 0.0
  },
  "artifacts": {
    "output_json": "Output/diagnosis/batch/sim_00114_diagnosis.json"
  },
  "system_diagnosis": {
    "probabilities": {
      "正常": 0.01955402790582043,
      "幅度失准": 0.01918471224359292,
      "频率失准": 0.02832144221399049,
      "参考电平失准": 0.9329398175433021
    },
    "predicted_class": "参考电平失准",
    "max_prob": 0.9329398175433021,
    "is_normal": false
  },
  "module_diagnosis": {
    "probabilities": {
      "[校准链路][校准源]": 0.37610164473253976,
      "[校准链路][校准路径开关/耦合]": 0.27162896564016764,
      "[校准链路][校准表/存储]": 0.240287161912456,
      "[电源板] 电源管理模块": 0.11198222771483661,
      "[RF板][RF] 输入衰减器组": 0.0,
      "前置放大器": 0.0,
      "[RF板][RF] 低频通路固定滤波/抑制网络": 0.0,
      "[RF板][Mixer1]": 0.0,
      "[RF板][YTF]": 0.0,
      "[RF板][Mixer2]": 0.0
    },
    "topk": [
      {
        "module": "[校准链路][校准源]",
        "probability": 0.37610164473253976
      },
      {
        "module": "[校准链路][校准路径开关/耦合]",
        "probability": 0.27162896564016764
      },
      {
        "module": "[校准链路][校准表/存储]",
        "probability": 0.240287161912456
      }
    ],
    "disabled_modules": [
      "高频段YTF滤波器",
      "高频段混频器",
      "前置放大器",
      "衰减器"
    ]
  },
  "evidence_detail": {
    "viol_rate": 0.0,
    "envelope_violation": false,
    "violation_max_db": 0.0,
    "violation_energy": 0.16044873826485118,
    "baseline_coverage": 1.0
  },
  "config": {
    "mode": "unified_entry",
    "gating_status": "gated_ok",
    "run_name": null,
    "topk": 3
  },
  "uncertainty": {
    "is_uncertain": false,
    "reason": "",
    "top_class": "参考电平失准",
    "runner_up": "频率失准",
    "max_prob": 0.9329398175433021,
    "second_prob": 0.02832144221399049,
    "prob_gap": 0.9046183753293117,
    "support_top_features": [],
    "support_runnerup_features": [],
    "conflict_features": [],
    "suggested_actions": []
  },
  "module_validation": {
    "sample_id": "sim_00114",
    "gt_module": "校准源",
    "gt_module_v2": "[校准链路][校准源]",
    "top1": "[校准链路][校准源]",
    "top3": [
      "[校准链路][校准源]",
      "[校准链路][校准路径开关/耦合]",
      "[校准链路][校准表/存储]"
    ],
    "top5": [
      "[校准链路][校准源]",
      "[校准链路][校准路径开关/耦合]",
      "[校准链路][校准表/存储]",
      "[电源板] 电源管理模块",
      "[RF板][RF] 输入衰减器组"
    ],
    "gt_rank": 1,
    "gt_prob": 0.37610164473253976,
    "top1_hit": true,
    "top3_hit": true,
    "top5_hit": true
  },
  "ground_truth": {
    "type": "fault",
    "system_class_en": "ref_error",
    "system_class_cn": "参考电平失准",
    "module": "校准源",
    "module_v2": "[校准链路][校准源]",
    "fault_params": {
      "severity": "light",
      "tier_target": "in_spec_weak",
      "type": "ref_miscal",
      "subtype": "ref_error_offset",
      "offset_db": -0.07574173436977961,
      "template_id": "T1",
      "mean_offset_db": 0.04850822404414086
    }
  }
}