{
  "status": "success",
  "meta": {
    "sample_id": "sim_00045",
    "input_file": "/home/runner/work/FMFD-python/FMFD-python/Output/sim_spectrum/raw_curves/sim_00045.csv",
    "operating_condition": {
      "inject_power_dbm": -10.0,
      "freq_start_hz": 10000000.0,
      "freq_end_hz": 8200000000.0,
      "step_hz": 10000000.0,
      "frontend": {
        "low_band_only": true,
        "ac_coupling": true,
        "preamp": false
      }
    }
  },
  "data_points": 820,
  "frequency_range": {
    "min": 10000000.0,
    "max": 8200000000.0
  },
  "features": {
    "X1": -9.93307304878049,
    "X2": 0.0006320063607558346,
    "X3": 0.0002321307795899614,
    "X4": 0.029227145589582646,
    "X5": 0.2966634726322608,
    "X6": 0.0009689519931439616,
    "X7": 0.08150000000000013,
    "X8": 0.024628658536585378,
    "X9": 0.0008542260393146604,
    "X10": 0.01461093904317571,
    "X11": 0.0,
    "X12": 0.0,
    "X13": 0.18102356808747067,
    "X14": 0.005158241758241735,
    "X15": 0.004604785991254563,
    "X16": 0.021802492515963588,
    "X17": 0.0,
    "X18": 0.0,
    "X19": -5.451226476854517e-05,
    "X20": 0.02578508364264165,
    "X21": 5.0,
    "X22": 0.03642506447759783,
    "X23": 4.812549999999919e-05,
    "X24": 0.12552411976671385,
    "X25": 4.812549999999919e-05,
    "X26": 0.0002718710255749083,
    "X27": 1.4769296825996101e-05,
    "X28": -0.03488372092822485,
    "X29": -0.7163401412749331,
    "X30": 0.0024551052509832138,
    "X31": 0.00039730210036312106,
    "X32": 0.12099707347552646,
    "X33": 0.6472661937629494,
    "X34": 0.014536232528146571,
    "X35": 0.0004059458536796288,
    "X36": 0.761643143298555,
    "X37": 0.029227145589582646,
    "offset_db": 0.0,
    "viol_rate_aligned": 0.0,
    "viol_energy_aligned": 0.18102356808747067,
    "global_offset_db": 0.0,
    "shape_rmse": 0.00693725450016065,
    "ripple_hp": 0.00977333152192717,
    "tail_asym": -0.00037500000000083647,
    "compress_ratio": 0.2,
    "compress_ratio_high": 0.19661016949152543,
    "freq_shift_score": 0.025037178756185052,
    "offset_slope": -2.6449343611576245e-05,
    "high_low_energy_ratio": 4.756316279579224,
    "band_offset_db_1": 0.0009500000000004505,
    "band_offset_db_2": 9.999999999976694e-05,
    "band_offset_db_3": -0.0006500000000002615,
    "band_offset_db_4": 0.0001000000000015433
  },
  "system": {
    "probs": {
      "正常": 0.6683095384522982,
      "幅度失准": 0.12493764825821774,
      "频率失准": 0.06778322818318944,
      "参考电平失准": 0.1389695850394636
    },
    "decision": "正常",
    "confidence": 0.6683095384522982,
    "is_normal": true
  },
  "module": {
    "topk": [
      {
        "module_id": "[电源板] 电源管理模块",
        "gamma": 0.45845451430009687
      },
      {
        "module_id": "[校准链路][校准源]",
        "gamma": 0.2293604410023119
      },
      {
        "module_id": "[校准链路][校准路径开关/耦合]",
        "gamma": 0.1656492073905586
      }
    ],
    "gating": {
      "disabled_modules": [
        "高频段YTF滤波器",
        "高频段混频器",
        "前置放大器",
        "衰减器"
      ],
      "topk_k": 3
    }
  },
  "evidence": {
    "global_offset_db": 0.0,
    "hf_std_db": 0.006792291456548594,
    "p95_abs_dev_db": 0.014429999999998583,
    "inside_env_frac": 1.0,
    "peak_freq_mae_hz": 3969.1683817092626,
    "peak_freq_outlier_frac": 0.0
  },
  "artifacts": {
    "output_json": "Output/diagnosis/batch/sim_00045_diagnosis.json"
  },
  "system_diagnosis": {
    "probabilities": {
      "正常": 0.6683095384522982,
      "幅度失准": 0.12493764825821774,
      "频率失准": 0.06778322818318944,
      "参考电平失准": 0.1389695850394636
    },
    "predicted_class": "正常",
    "max_prob": 0.6683095384522982,
    "is_normal": true
  },
  "module_diagnosis": {
    "probabilities": {
      "[电源板] 电源管理模块": 0.45845451430009687,
      "[校准链路][校准源]": 0.2293604410023119,
      "[校准链路][校准路径开关/耦合]": 0.1656492073905586,
      "[校准链路][校准表/存储]": 0.1465358373070326,
      "[RF板][RF] 输入衰减器组": 0.0,
      "前置放大器": 0.0,
      "[RF板][RF] 低频通路固定滤波/抑制网络": 0.0,
      "[RF板][Mixer1]": 0.0,
      "[RF板][YTF]": 0.0,
      "[RF板][Mixer2]": 0.0
    },
    "topk": [
      {
        "module": "[电源板] 电源管理模块",
        "probability": 0.45845451430009687
      },
      {
        "module": "[校准链路][校准源]",
        "probability": 0.2293604410023119
      },
      {
        "module": "[校准链路][校准路径开关/耦合]",
        "probability": 0.1656492073905586
      }
    ],
    "disabled_modules": [
      "高频段YTF滤波器",
      "高频段混频器",
      "前置放大器",
      "衰减器"
    ]
  },
  "evidence_detail": {
    "viol_rate": 0.0,
    "envelope_violation": false,
    "violation_max_db": 0.0,
    "violation_energy": 0.18102356808747067,
    "baseline_coverage": 1.0
  },
  "config": {
    "mode": "unified_entry",
    "gating_status": "gated_ok",
    "run_name": null,
    "topk": 3
  },
  "uncertainty": {
    "is_uncertain": false,
    "reason": "",
    "top_class": "正常",
    "runner_up": "参考电平失准",
    "max_prob": 0.6683095384522982,
    "second_prob": 0.1389695850394636,
    "prob_gap": 0.5293399534128347,
    "support_top_features": [],
    "support_runnerup_features": [],
    "conflict_features": [],
    "suggested_actions": []
  },
  "module_validation": {
    "sample_id": "sim_00045",
    "gt_module": "数字检波器",
    "gt_module_v2": "[数字中频板][检波/对数]",
    "top1": "[电源板] 电源管理模块",
    "top3": [
      "[电源板] 电源管理模块",
      "[校准链路][校准源]",
      "[校准链路][校准路径开关/耦合]"
    ],
    "top5": [
      "[电源板] 电源管理模块",
      "[校准链路][校准源]",
      "[校准链路][校准路径开关/耦合]",
      "[校准链路][校准表/存储]",
      "[RF板][RF] 输入衰减器组"
    ],
    "gt_rank": -1,
    "gt_prob": 0.0,
    "top1_hit": false,
    "top3_hit": false,
    "top5_hit": false
  },
  "ground_truth": {
    "type": "fault",
    "system_class_en": "amp_error",
    "system_class_cn": "幅度失准",
    "module": "数字检波器",
    "module_v2": "[数字中频板][检波/对数]",
    "fault_params": {
      "severity": "severe",
      "tier_target": "edge",
      "type": "vbw_smoothing",
      "subtype": "amp_error_offset",
      "offset_db": 0.2944993350630368,
      "template_id": "T1"
    }
  }
}