{
  "status": "success",
  "meta": {
    "sample_id": "sim_00181",
    "input_file": "/home/runner/work/FMFD-python/FMFD-python/Output/sim_spectrum/raw_curves/sim_00181.csv",
    "operating_condition": {
      "inject_power_dbm": -10.0,
      "freq_start_hz": 10000000.0,
      "freq_end_hz": 8200000000.0,
      "step_hz": 10000000.0,
      "frontend": {
        "low_band_only": true,
        "ac_coupling": true,
        "preamp": false
      }
    }
  },
  "data_points": 820,
  "frequency_range": {
    "min": 10000000.0,
    "max": 8200000000.0
  },
  "features": {
    "X1": -9.953072926829268,
    "X2": 0.0007825985119224671,
    "X3": 0.00017377171384654115,
    "X4": 0.029498150435695366,
    "X5": 0.28658555993528667,
    "X6": 0.0009042400231409885,
    "X7": 0.0840999999999994,
    "X8": 0.024046585365853662,
    "X9": 0.0008701408791269143,
    "X10": 0.011999149907922314,
    "X11": 0.0,
    "X12": 0.0,
    "X13": 0.09360419900641676,
    "X14": 0.00942417582417612,
    "X15": 0.009087085649758771,
    "X16": 0.0030301616807697795,
    "X17": 0.0,
    "X18": 0.0,
    "X19": -2.4618266913664873e-05,
    "X20": -0.19817611784011202,
    "X21": 2.0,
    "X22": 0.03774700917044238,
    "X23": 0.00012106948780487908,
    "X24": 0.039347622104885294,
    "X25": 0.00012106948780487908,
    "X26": 0.0003799092173683973,
    "X27": 0.00011145159928093812,
    "X28": 0.0313588850162552,
    "X29": -0.8860293388813295,
    "X30": 0.0037756097560976594,
    "X31": 0.00509501864482143,
    "X32": -2.871084559985203,
    "X33": 0.6165416345629429,
    "X34": 0.014099588592805816,
    "X35": 0.00034372296126340153,
    "X36": 0.8021950092875431,
    "X37": 0.029498150435695362,
    "offset_db": -0.019999999999999574,
    "viol_rate_aligned": 0.0,
    "viol_energy_aligned": 0.09360419900641676,
    "global_offset_db": 0.0,
    "shape_rmse": 0.011003158083244969,
    "ripple_hp": 0.005151500771372136,
    "tail_asym": -0.0003949999999990836,
    "compress_ratio": 0.2,
    "compress_ratio_high": 0.2,
    "freq_shift_score": 0.06504217951964564,
    "offset_slope": 0.002031555088208239,
    "high_low_energy_ratio": 1.8069680278813258,
    "band_offset_db_1": -0.008500000000000618,
    "band_offset_db_2": -0.00709999999999944,
    "band_offset_db_3": 0.00019999999999953388,
    "band_offset_db_4": 0.006199999999999761
  },
  "system": {
    "probs": {
      "正常": 0.9927665296353564,
      "幅度失准": 0.002091924098959278,
      "频率失准": 0.003181651372379615,
      "参考电平失准": 0.0019598947940281677
    },
    "decision": "正常",
    "confidence": 0.9927665296353564,
    "is_normal": true
  },
  "module": {
    "topk": [
      {
        "module_id": "[电源板] 电源管理模块",
        "gamma": 0.9589628983879062
      },
      {
        "module_id": "[RF板][Mixer1]",
        "gamma": 0.012662005330125611
      },
      {
        "module_id": "[时钟板][参考域] 10MHz 基准 OCXO",
        "gamma": 0.008543039740807643
      }
    ],
    "gating": {
      "disabled_modules": [
        "高频段YTF滤波器",
        "高频段混频器",
        "前置放大器",
        "衰减器"
      ],
      "topk_k": 3
    }
  },
  "evidence": {
    "global_offset_db": -0.019999999999999574,
    "hf_std_db": 0.008444283439327772,
    "p95_abs_dev_db": 0.0204999999999985,
    "inside_env_frac": 1.0,
    "peak_freq_mae_hz": 4066.819539178256,
    "peak_freq_outlier_frac": 0.0
  },
  "artifacts": {
    "output_json": "Output/diagnosis/batch/sim_00181_diagnosis.json"
  },
  "system_diagnosis": {
    "probabilities": {
      "正常": 0.9927665296353564,
      "幅度失准": 0.002091924098959278,
      "频率失准": 0.003181651372379615,
      "参考电平失准": 0.0019598947940281677
    },
    "predicted_class": "正常",
    "max_prob": 0.9927665296353564,
    "is_normal": true
  },
  "module_diagnosis": {
    "probabilities": {
      "[电源板] 电源管理模块": 0.9589628983879062,
      "[RF板][Mixer1]": 0.012662005330125611,
      "[时钟板][参考域] 10MHz 基准 OCXO": 0.008543039740807643,
      "[时钟板][参考分配]": 0.008543039740807643,
      "[RF板][RF] 低频通路固定滤波/抑制网络": 0.007627714054292537,
      "[LO/时钟板][LO1] 合成链": 0.0036613027460604183,
      "[RF板][RF] 输入衰减器组": 0.0,
      "前置放大器": 0.0,
      "[RF板][YTF]": 0.0,
      "[RF板][Mixer2]": 0.0
    },
    "topk": [
      {
        "module": "[电源板] 电源管理模块",
        "probability": 0.9589628983879062
      },
      {
        "module": "[RF板][Mixer1]",
        "probability": 0.012662005330125611
      },
      {
        "module": "[时钟板][参考域] 10MHz 基准 OCXO",
        "probability": 0.008543039740807643
      }
    ],
    "disabled_modules": [
      "高频段YTF滤波器",
      "高频段混频器",
      "前置放大器",
      "衰减器"
    ]
  },
  "evidence_detail": {
    "viol_rate": 0.0,
    "envelope_violation": false,
    "violation_max_db": 0.0,
    "violation_energy": 0.09360419900641676,
    "baseline_coverage": 1.0
  },
  "config": {
    "mode": "unified_entry",
    "gating_status": "gated_ok",
    "run_name": null,
    "topk": 3
  },
  "uncertainty": {
    "is_uncertain": false,
    "reason": "",
    "top_class": "正常",
    "runner_up": "频率失准",
    "max_prob": 0.9927665296353564,
    "second_prob": 0.003181651372379615,
    "prob_gap": 0.9895848782629768,
    "support_top_features": [],
    "support_runnerup_features": [],
    "conflict_features": [],
    "suggested_actions": []
  },
  "module_validation": {
    "sample_id": "sim_00181",
    "gt_module": null,
    "gt_module_v2": null,
    "top1": "[电源板] 电源管理模块",
    "top3": [
      "[电源板] 电源管理模块",
      "[RF板][Mixer1]",
      "[时钟板][参考域] 10MHz 基准 OCXO"
    ],
    "top5": [
      "[电源板] 电源管理模块",
      "[RF板][Mixer1]",
      "[时钟板][参考域] 10MHz 基准 OCXO",
      "[时钟板][参考分配]",
      "[RF板][RF] 低频通路固定滤波/抑制网络"
    ],
    "gt_rank": -1,
    "gt_prob": 0.0,
    "top1_hit": false,
    "top3_hit": false,
    "top5_hit": false
  },
  "ground_truth": {
    "type": "normal",
    "system_class_en": "normal",
    "system_class_cn": "正常",
    "module": null,
    "module_v2": null,
    "fault_params": {
      "severity": "light",
      "tier_target": "in_spec_weak",
      "type": "normal",
      "normal_state": "normal_state_A"
    }
  }
}