{
  "status": "success",
  "meta": {
    "sample_id": "sim_00040",
    "input_file": "/home/runner/work/FMFD-python/FMFD-python/Output/sim_spectrum/raw_curves/sim_00040.csv",
    "operating_condition": {
      "inject_power_dbm": -10.0,
      "freq_start_hz": 10000000.0,
      "freq_end_hz": 8200000000.0,
      "step_hz": 10000000.0,
      "frontend": {
        "low_band_only": true,
        "ac_coupling": true,
        "preamp": false
      }
    }
  },
  "data_points": 820,
  "frequency_range": {
    "min": 10000000.0,
    "max": 8200000000.0
  },
  "features": {
    "X1": -9.933072439024391,
    "X2": 0.0006496664410651724,
    "X3": 0.00042723287037666185,
    "X4": 0.03158114371728582,
    "X5": 0.2761593927066851,
    "X6": 0.0011543153379535997,
    "X7": 0.057800000000000296,
    "X8": 0.026130975609756087,
    "X9": 0.000997368638491862,
    "X10": 0.01794524881318963,
    "X11": 0.0,
    "X12": 0.0,
    "X13": 0.5240919726996969,
    "X14": 0.006281318681318487,
    "X15": 0.017744784202746583,
    "X16": -0.2957195175571453,
    "X17": 0.0,
    "X18": 0.0005,
    "X19": -4.695727876751025e-05,
    "X20": 0.31803942172452393,
    "X21": 10.0,
    "X22": 0.04617462288744828,
    "X23": 0.00012035208410251764,
    "X24": 0.25539556285262166,
    "X25": 0.00016157936585365953,
    "X26": 0.0006024187202983385,
    "X27": 5.397974674528562e-05,
    "X28": -0.05220288781751977,
    "X29": 1.732794136562967,
    "X30": 0.005456402439024439,
    "X31": 0.00407300955209059,
    "X32": -1.3491371923752478,
    "X33": 0.4647962114971163,
    "X34": 0.017392157401767465,
    "X35": 0.0002493731122411719,
    "X36": 0.8742230246858046,
    "X37": 0.03158114371728582,
    "offset_db": 0.0010000000000012221,
    "viol_rate_aligned": 0.0,
    "viol_energy_aligned": 0.5240919726996969,
    "global_offset_db": 0.0,
    "shape_rmse": 0.012711387251345132,
    "ripple_hp": 0.012083580466110782,
    "tail_asym": -0.006120000000001728,
    "compress_ratio": 0.2,
    "compress_ratio_high": 0.2,
    "freq_shift_score": 0.07191753320957062,
    "offset_slope": -0.0007939667355608001,
    "high_low_energy_ratio": 20.813412897943167,
    "band_offset_db_1": 0.0028999999999985704,
    "band_offset_db_2": -0.0006000000000021544,
    "band_offset_db_3": 0.0014999999999982805,
    "band_offset_db_4": -0.0004000000000008441
  },
  "system": {
    "probs": {
      "正常": 0.064407332472923,
      "幅度失准": 0.1315468186021858,
      "频率失准": 0.6105555290161034,
      "参考电平失准": 0.19349031990817708
    },
    "decision": "频率失准",
    "confidence": 0.6105555290161034,
    "is_normal": false
  },
  "module": {
    "topk": [
      {
        "module_id": "[RF板][Mixer1]",
        "gamma": 0.2750557082105789
      },
      {
        "module_id": "[时钟板][参考域] 10MHz 基准 OCXO",
        "gamma": 0.18557975493725803
      },
      {
        "module_id": "[时钟板][参考分配]",
        "gamma": 0.18557975493725803
      }
    ],
    "gating": {
      "disabled_modules": [
        "高频段YTF滤波器",
        "高频段混频器",
        "前置放大器",
        "衰减器"
      ],
      "topk_k": 3
    }
  },
  "evidence": {
    "global_offset_db": 0.0010000000000012221,
    "hf_std_db": 0.009954367071632947,
    "p95_abs_dev_db": 0.025325000000001263,
    "inside_env_frac": 1.0,
    "peak_freq_mae_hz": 1578931.4625676272,
    "peak_freq_outlier_frac": 0.05609756097560976
  },
  "artifacts": {
    "output_json": "Output/diagnosis/batch/sim_00040_diagnosis.json"
  },
  "system_diagnosis": {
    "probabilities": {
      "正常": 0.064407332472923,
      "幅度失准": 0.1315468186021858,
      "频率失准": 0.6105555290161034,
      "参考电平失准": 0.19349031990817708
    },
    "predicted_class": "频率失准",
    "max_prob": 0.6105555290161034,
    "is_normal": false
  },
  "module_diagnosis": {
    "probabilities": {
      "[RF板][Mixer1]": 0.2750557082105789,
      "[时钟板][参考域] 10MHz 基准 OCXO": 0.18557975493725803,
      "[时钟板][参考分配]": 0.18557975493725803,
      "[RF板][RF] 低频通路固定滤波/抑制网络": 0.16569620976540894,
      "[电源板] 电源管理模块": 0.10855439146209987,
      "[LO/时钟板][LO1] 合成链": 0.0795341806873963,
      "[RF板][RF] 输入衰减器组": 0.0,
      "前置放大器": 0.0,
      "[RF板][YTF]": 0.0,
      "[RF板][Mixer2]": 0.0
    },
    "topk": [
      {
        "module": "[RF板][Mixer1]",
        "probability": 0.2750557082105789
      },
      {
        "module": "[时钟板][参考域] 10MHz 基准 OCXO",
        "probability": 0.18557975493725803
      },
      {
        "module": "[时钟板][参考分配]",
        "probability": 0.18557975493725803
      }
    ],
    "disabled_modules": [
      "高频段YTF滤波器",
      "高频段混频器",
      "前置放大器",
      "衰减器"
    ]
  },
  "evidence_detail": {
    "viol_rate": 0.0,
    "envelope_violation": false,
    "violation_max_db": 0.0,
    "violation_energy": 0.5240919726996969,
    "baseline_coverage": 1.0
  },
  "config": {
    "mode": "unified_entry",
    "gating_status": "fallback_brb_only",
    "run_name": null,
    "topk": 3
  },
  "uncertainty": {
    "is_uncertain": false,
    "reason": "",
    "top_class": "频率失准",
    "runner_up": "参考电平失准",
    "max_prob": 0.6105555290161034,
    "second_prob": 0.19349031990817708,
    "prob_gap": 0.4170652091079263,
    "support_top_features": [],
    "support_runnerup_features": [],
    "conflict_features": [],
    "suggested_actions": []
  },
  "module_validation": {
    "sample_id": "sim_00040",
    "gt_module": "本振源（谐波发生器）",
    "gt_module_v2": "[LO/时钟板][LO1] 合成链",
    "top1": "[RF板][Mixer1]",
    "top3": [
      "[RF板][Mixer1]",
      "[时钟板][参考域] 10MHz 基准 OCXO",
      "[时钟板][参考分配]"
    ],
    "top5": [
      "[RF板][Mixer1]",
      "[时钟板][参考域] 10MHz 基准 OCXO",
      "[时钟板][参考分配]",
      "[RF板][RF] 低频通路固定滤波/抑制网络",
      "[电源板] 电源管理模块"
    ],
    "gt_rank": 6,
    "gt_prob": 0.0795341806873963,
    "top1_hit": false,
    "top3_hit": false,
    "top5_hit": false
  },
  "ground_truth": {
    "type": "fault",
    "system_class_en": "freq_error",
    "system_class_cn": "频率失准",
    "module": "本振源（谐波发生器）",
    "module_v2": "[LO/时钟板][LO1] 合成链",
    "fault_params": {
      "severity": "mid",
      "tier_target": "in_spec_weak",
      "delta_f_hz": -994359.2455684838,
      "ppm": -121.41138529529717,
      "shift_bins": -0.09943592455684838,
      "bandwidth_hz": 8190000000.0,
      "warp_scale": 0.9995110757661075,
      "warp_bias": -0.0001212633226303029,
      "type": "freq_miscal",
      "track_type": "dense",
      "template_id": "T8",
      "forced_peak_track_type": true,
      "peak_track_profile": {
        "bands": [
          {
            "start_hz": 6715492096.148331,
            "end_hz": 7206590763.120081,
            "center_hz": 6961041429.634206,
            "width_hz": 491098666.97175086,
            "amplitude_hz": 27820705.87539798,
            "ramp_hz": 35635139.434303075
          }
        ],
        "track_type": "dense"
      },
      "freq_amp_coupling": {
        "bias_db_min": -0.1,
        "bias_db_max": -0.02
      }
    }
  }
}