{
  "status": "success",
  "meta": {
    "sample_id": "sim_00068",
    "input_file": "/home/runner/work/FMFD-python/FMFD-python/Output/sim_spectrum/raw_curves/sim_00068.csv",
    "operating_condition": {
      "inject_power_dbm": -10.0,
      "freq_start_hz": 10000000.0,
      "freq_end_hz": 8200000000.0,
      "step_hz": 10000000.0,
      "frontend": {
        "low_band_only": true,
        "ac_coupling": true,
        "preamp": false
      }
    }
  },
  "data_points": 820,
  "frequency_range": {
    "min": 10000000.0,
    "max": 8200000000.0
  },
  "features": {
    "X1": -10.000375487804877,
    "X2": 0.000690851808282107,
    "X3": 0.0002458108089725724,
    "X4": 0.029364770103142,
    "X5": 0.2606279154550867,
    "X6": 0.000895593801591315,
    "X7": 0.07150000000000034,
    "X8": 0.023883536585365853,
    "X9": 0.0008622897232103822,
    "X10": 0.011701346024940548,
    "X11": 0.0,
    "X12": 0.0,
    "X13": 0.06520198557819669,
    "X14": 0.005510073260072755,
    "X15": 0.0053073109653559054,
    "X16": -0.003571365087858226,
    "X17": 0.0,
    "X18": 0.0,
    "X19": -3.0487386998372348e-05,
    "X20": -0.04308786765976036,
    "X21": 3.0,
    "X22": 0.03910918233610667,
    "X23": 4.4659085365856095e-05,
    "X24": 0.05348176555026918,
    "X25": 4.4659085365856095e-05,
    "X26": 0.00034042287893287337,
    "X27": 1.2690528235214564e-05,
    "X28": 0.09935332156977851,
    "X29": -0.32611375043553265,
    "X30": 0.00036493902439038717,
    "X31": 0.00493134142571686,
    "X32": -0.2744088290720729,
    "X33": 0.6141268401311549,
    "X34": 0.014536880274539523,
    "X35": 0.00033777479266087476,
    "X36": 0.8036780030605363,
    "X37": 0.029364770103142,
    "offset_db": -0.06785000000000085,
    "viol_rate_aligned": 0.0,
    "viol_energy_aligned": 0.06520198557819669,
    "global_offset_db": 8.881784197001252e-16,
    "shape_rmse": 0.006682745346476635,
    "ripple_hp": 0.005936041843310277,
    "tail_asym": 0.0019000000000025889,
    "compress_ratio": 0.2,
    "compress_ratio_high": 0.2,
    "freq_shift_score": 0.02363081379549614,
    "offset_slope": 0.002060484013575181,
    "high_low_energy_ratio": 0.3993644686171676,
    "band_offset_db_1": -0.012399999999998634,
    "band_offset_db_2": -0.004549999999998278,
    "band_offset_db_3": 0.0010500000000011056,
    "band_offset_db_4": 0.00595000000000212
  },
  "system": {
    "probs": {
      "正常": 0.9920709274186339,
      "幅度失准": 0.0026532746766917965,
      "频率失准": 0.0013175772113670494,
      "参考电平失准": 0.00395822069231498
    },
    "decision": "正常",
    "confidence": 0.9920709274186339,
    "is_normal": true
  },
  "module": {
    "topk": [
      {
        "module_id": "[电源板] 电源管理模块",
        "gamma": 0.9674502562053711
      },
      {
        "module_id": "[校准链路][校准源]",
        "gamma": 0.013785773842431103
      },
      {
        "module_id": "[校准链路][校准路径开关/耦合]",
        "gamma": 0.009956392219533575
      }
    ],
    "gating": {
      "disabled_modules": [
        "高频段YTF滤波器",
        "高频段混频器",
        "前置放大器",
        "衰减器"
      ],
      "topk_k": 3
    }
  },
  "evidence": {
    "global_offset_db": -0.06785000000000085,
    "hf_std_db": 0.00433088072694955,
    "p95_abs_dev_db": 0.01294999999999682,
    "inside_env_frac": 1.0,
    "peak_freq_mae_hz": 3996.8437398287083,
    "peak_freq_outlier_frac": 0.0
  },
  "artifacts": {
    "output_json": "Output/diagnosis/batch/sim_00068_diagnosis.json"
  },
  "system_diagnosis": {
    "probabilities": {
      "正常": 0.9920709274186339,
      "幅度失准": 0.0026532746766917965,
      "频率失准": 0.0013175772113670494,
      "参考电平失准": 0.00395822069231498
    },
    "predicted_class": "正常",
    "max_prob": 0.9920709274186339,
    "is_normal": true
  },
  "module_diagnosis": {
    "probabilities": {
      "[电源板] 电源管理模块": 0.9674502562053711,
      "[校准链路][校准源]": 0.013785773842431103,
      "[校准链路][校准路径开关/耦合]": 0.009956392219533575,
      "[校准链路][校准表/存储]": 0.008807577732664315,
      "[RF板][RF] 输入衰减器组": 0.0,
      "前置放大器": 0.0,
      "[RF板][RF] 低频通路固定滤波/抑制网络": 0.0,
      "[RF板][Mixer1]": 0.0,
      "[RF板][YTF]": 0.0,
      "[RF板][Mixer2]": 0.0
    },
    "topk": [
      {
        "module": "[电源板] 电源管理模块",
        "probability": 0.9674502562053711
      },
      {
        "module": "[校准链路][校准源]",
        "probability": 0.013785773842431103
      },
      {
        "module": "[校准链路][校准路径开关/耦合]",
        "probability": 0.009956392219533575
      }
    ],
    "disabled_modules": [
      "高频段YTF滤波器",
      "高频段混频器",
      "前置放大器",
      "衰减器"
    ]
  },
  "evidence_detail": {
    "viol_rate": 0.0,
    "envelope_violation": false,
    "violation_max_db": 0.0,
    "violation_energy": 0.06520198557819669,
    "baseline_coverage": 1.0
  },
  "config": {
    "mode": "unified_entry",
    "gating_status": "fallback_brb_only",
    "run_name": null,
    "topk": 3
  },
  "uncertainty": {
    "is_uncertain": false,
    "reason": "",
    "top_class": "正常",
    "runner_up": "参考电平失准",
    "max_prob": 0.9920709274186339,
    "second_prob": 0.00395822069231498,
    "prob_gap": 0.9881127067263189,
    "support_top_features": [],
    "support_runnerup_features": [],
    "conflict_features": [],
    "suggested_actions": []
  },
  "module_validation": {
    "sample_id": "sim_00068",
    "gt_module": "校准信号开关",
    "gt_module_v2": "[校准链路][校准路径开关/耦合]",
    "top1": "[电源板] 电源管理模块",
    "top3": [
      "[电源板] 电源管理模块",
      "[校准链路][校准源]",
      "[校准链路][校准路径开关/耦合]"
    ],
    "top5": [
      "[电源板] 电源管理模块",
      "[校准链路][校准源]",
      "[校准链路][校准路径开关/耦合]",
      "[校准链路][校准表/存储]",
      "[RF板][RF] 输入衰减器组"
    ],
    "gt_rank": 3,
    "gt_prob": 0.009956392219533575,
    "top1_hit": false,
    "top3_hit": true,
    "top5_hit": true
  },
  "ground_truth": {
    "type": "fault",
    "system_class_en": "ref_error",
    "system_class_cn": "参考电平失准",
    "module": "校准信号开关",
    "module_v2": "[校准链路][校准路径开关/耦合]",
    "fault_params": {
      "severity": "mid",
      "tier_target": "edge",
      "type": "ref_miscal",
      "subtype": "ref_error_offset",
      "offset_db": 0.10792989467279174,
      "template_id": "T1",
      "mean_offset_db": -0.06730300730734085
    }
  }
}