{
  "status": "success",
  "meta": {
    "sample_id": "sim_00077",
    "input_file": "/home/runner/work/FMFD-python/FMFD-python/Output/sim_spectrum/raw_curves/sim_00077.csv",
    "operating_condition": {
      "inject_power_dbm": -10.0,
      "freq_start_hz": 10000000.0,
      "freq_end_hz": 8200000000.0,
      "step_hz": 10000000.0,
      "frontend": {
        "low_band_only": true,
        "ac_coupling": true,
        "preamp": false
      }
    }
  },
  "data_points": 820,
  "frequency_range": {
    "min": 10000000.0,
    "max": 8200000000.0
  },
  "features": {
    "X1": -9.933072926829269,
    "X2": 0.0006512648573517754,
    "X3": 0.00019330866649434122,
    "X4": 0.02863076907952946,
    "X5": 0.33927449811288274,
    "X6": 0.0009338798036287933,
    "X7": 0.06400000000000006,
    "X8": 0.02418463414634149,
    "X9": 0.0008197209380853401,
    "X10": 0.01394919203458008,
    "X11": 0.0,
    "X12": 0.0,
    "X13": 0.15683151842704718,
    "X14": 0.005228754578754547,
    "X15": 0.00869743410639952,
    "X16": 0.12513600936056762,
    "X17": -0.0004999999999999449,
    "X18": 0.0,
    "X19": -8.733629563591578e-05,
    "X20": 0.11349682830527374,
    "X21": 1.0,
    "X22": 0.038728995139259745,
    "X23": 5.2836169317834656e-05,
    "X24": 0.15655183179721832,
    "X25": 6.802428048780342e-05,
    "X26": 0.00014567096282617055,
    "X27": 3.362781229074417e-05,
    "X28": -0.06435643564040347,
    "X29": 0.4247069587941465,
    "X30": 0.0021170731707318073,
    "X31": 0.001171632757929236,
    "X32": -0.7388430918420114,
    "X33": 0.5509267487704445,
    "X34": 0.014960904154776923,
    "X35": 0.0002834514618470669,
    "X36": 0.8263581891552576,
    "X37": 0.028630769079529456,
    "offset_db": 0.0003500000000000725,
    "viol_rate_aligned": 0.0,
    "viol_energy_aligned": 0.15683151842704718,
    "global_offset_db": 0.0,
    "shape_rmse": 0.008247683340660178,
    "ripple_hp": 0.009685814891653387,
    "tail_asym": -0.0012000000000005825,
    "compress_ratio": 0.2,
    "compress_ratio_high": 0.2,
    "freq_shift_score": 0.03602504218505287,
    "offset_slope": -1.5252268007619387e-05,
    "high_low_energy_ratio": 12.180875813860355,
    "band_offset_db_1": -0.001100000000000989,
    "band_offset_db_2": -0.00044999999999895124,
    "band_offset_db_3": 0.0007999999999981355,
    "band_offset_db_4": 0.00014999999999787406
  },
  "system": {
    "probs": {
      "正常": 0.13251660248487124,
      "幅度失准": 0.06038777733001682,
      "频率失准": 0.7029887202777906,
      "参考电平失准": 0.10410689983702241
    },
    "decision": "频率失准",
    "confidence": 0.7029887202777906,
    "is_normal": false
  },
  "module": {
    "topk": [
      {
        "module_id": "[RF板][Mixer1]",
        "gamma": 0.2790385326861644
      },
      {
        "module_id": "[时钟板][参考域] 10MHz 基准 OCXO",
        "gamma": 0.1882669618123519
      },
      {
        "module_id": "[时钟板][参考分配]",
        "gamma": 0.1882669618123519
      }
    ],
    "gating": {
      "disabled_modules": [
        "高频段YTF滤波器",
        "高频段混频器",
        "前置放大器",
        "衰减器"
      ],
      "topk_k": 3
    }
  },
  "evidence": {
    "global_offset_db": 0.0003500000000000725,
    "hf_std_db": 0.007369764130137382,
    "p95_abs_dev_db": 0.015449999999997832,
    "inside_env_frac": 1.0,
    "peak_freq_mae_hz": 75784.67578843913,
    "peak_freq_outlier_frac": 0.0024390243902439024
  },
  "artifacts": {
    "output_json": "Output/diagnosis/batch/sim_00077_diagnosis.json"
  },
  "system_diagnosis": {
    "probabilities": {
      "正常": 0.13251660248487124,
      "幅度失准": 0.06038777733001682,
      "频率失准": 0.7029887202777906,
      "参考电平失准": 0.10410689983702241
    },
    "predicted_class": "频率失准",
    "max_prob": 0.7029887202777906,
    "is_normal": false
  },
  "module_diagnosis": {
    "probabilities": {
      "[RF板][Mixer1]": 0.2790385326861644,
      "[时钟板][参考域] 10MHz 基准 OCXO": 0.1882669618123519,
      "[时钟板][参考分配]": 0.1882669618123519,
      "[RF板][RF] 低频通路固定滤波/抑制网络": 0.16809550161817133,
      "[电源板] 电源管理模块": 0.09564620129423829,
      "[LO/时钟板][LO1] 合成链": 0.08068584077672224,
      "[RF板][RF] 输入衰减器组": 0.0,
      "前置放大器": 0.0,
      "[RF板][YTF]": 0.0,
      "[RF板][Mixer2]": 0.0
    },
    "topk": [
      {
        "module": "[RF板][Mixer1]",
        "probability": 0.2790385326861644
      },
      {
        "module": "[时钟板][参考域] 10MHz 基准 OCXO",
        "probability": 0.1882669618123519
      },
      {
        "module": "[时钟板][参考分配]",
        "probability": 0.1882669618123519
      }
    ],
    "disabled_modules": [
      "高频段YTF滤波器",
      "高频段混频器",
      "前置放大器",
      "衰减器"
    ]
  },
  "evidence_detail": {
    "viol_rate": 0.0,
    "envelope_violation": false,
    "violation_max_db": 0.0,
    "violation_energy": 0.15683151842704718,
    "baseline_coverage": 1.0
  },
  "config": {
    "mode": "unified_entry",
    "gating_status": "gated_ok",
    "run_name": null,
    "topk": 3
  },
  "uncertainty": {
    "is_uncertain": false,
    "reason": "",
    "top_class": "频率失准",
    "runner_up": "正常",
    "max_prob": 0.7029887202777906,
    "second_prob": 0.13251660248487124,
    "prob_gap": 0.5704721177929193,
    "support_top_features": [],
    "support_runnerup_features": [],
    "conflict_features": [],
    "suggested_actions": []
  },
  "module_validation": {
    "sample_id": "sim_00077",
    "gt_module": "时钟振荡器",
    "gt_module_v2": "[LO/时钟板][LO1] 合成链",
    "top1": "[RF板][Mixer1]",
    "top3": [
      "[RF板][Mixer1]",
      "[时钟板][参考域] 10MHz 基准 OCXO",
      "[时钟板][参考分配]"
    ],
    "top5": [
      "[RF板][Mixer1]",
      "[时钟板][参考域] 10MHz 基准 OCXO",
      "[时钟板][参考分配]",
      "[RF板][RF] 低频通路固定滤波/抑制网络",
      "[电源板] 电源管理模块"
    ],
    "gt_rank": 6,
    "gt_prob": 0.08068584077672224,
    "top1_hit": false,
    "top3_hit": false,
    "top5_hit": false
  },
  "ground_truth": {
    "type": "fault",
    "system_class_en": "freq_error",
    "system_class_cn": "频率失准",
    "module": "时钟振荡器",
    "module_v2": "[LO/时钟板][LO1] 合成链",
    "fault_params": {
      "severity": "light",
      "tier_target": "edge",
      "delta_f_hz": 65520.00000000001,
      "ppm": 8.000000000000002,
      "shift_bins": 0.0065520000000000005,
      "bandwidth_hz": 8190000000.0,
      "warp_scale": 1.0004529803682543,
      "warp_bias": 7.990243902439025e-06,
      "type": "freq_miscal",
      "track_type": "spike",
      "template_id": "T8",
      "forced_peak_track_type": true,
      "peak_track_profile": {
        "bands": [],
        "track_type": "spike"
      },
      "freq_amp_coupling": {
        "bias_db_min": -0.1,
        "bias_db_max": -0.02
      },
      "peak_track_warning": "peak_freq mismatch too weak"
    }
  }
}