{
  "status": "success",
  "meta": {
    "sample_id": "sim_00131",
    "input_file": "/home/runner/work/FMFD-python/FMFD-python/Output/sim_spectrum/raw_curves/sim_00131.csv",
    "operating_condition": {
      "inject_power_dbm": -10.0,
      "freq_start_hz": 10000000.0,
      "freq_end_hz": 8200000000.0,
      "step_hz": 10000000.0,
      "frontend": {
        "low_band_only": true,
        "ac_coupling": true,
        "preamp": false
      }
    }
  },
  "data_points": 820,
  "frequency_range": {
    "min": 10000000.0,
    "max": 8200000000.0
  },
  "features": {
    "X1": -9.985768902439025,
    "X2": 0.0006129830218454623,
    "X3": 0.00022497000530517233,
    "X4": 0.028930632218327985,
    "X5": 0.2613764868431206,
    "X6": 0.0009485339475758481,
    "X7": 0.08070000000000022,
    "X8": 0.0242808536585366,
    "X9": 0.0008369814805521573,
    "X10": 0.01436799269501033,
    "X11": 0.0,
    "X12": 0.0,
    "X13": 0.08806923950811563,
    "X14": 0.002684981684981863,
    "X15": 0.003636467652047658,
    "X16": 0.007515973129251043,
    "X17": 0.0,
    "X18": 0.0,
    "X19": -6.295204134223185e-05,
    "X20": 0.02845586658582544,
    "X21": 4.0,
    "X22": 0.03879183591536979,
    "X23": 1.6047231707317108e-05,
    "X24": 0.045588025063669435,
    "X25": 1.6047231707317108e-05,
    "X26": 4.119888776070652e-05,
    "X27": 2.66615263225411e-05,
    "X28": 0.011328527290057736,
    "X29": -0.006340008232647707,
    "X30": 0.000607469512195237,
    "X31": 0.0004399159308038154,
    "X32": 0.043119396430470046,
    "X33": 0.6062217847971537,
    "X34": 0.015303766996540237,
    "X35": 0.0003485908283874574,
    "X36": 0.7911457707692232,
    "X37": 0.028930632218327985,
    "offset_db": -0.05269999999999797,
    "viol_rate_aligned": 0.0,
    "viol_energy_aligned": 0.08806923950811563,
    "global_offset_db": 0.0,
    "shape_rmse": 0.0040058996127358346,
    "ripple_hp": 0.005575137254148573,
    "tail_asym": 0.00010499999999619841,
    "compress_ratio": 0.19634146341463415,
    "compress_ratio_high": 0.2,
    "freq_shift_score": 0.00845556987521956,
    "offset_slope": 3.657203535406101e-05,
    "high_low_energy_ratio": 5.458980289288406,
    "band_offset_db_1": 0.0010999999999974364,
    "band_offset_db_2": -0.0004000000000026205,
    "band_offset_db_3": -0.00015000000000231495,
    "band_offset_db_4": 0.0003999999999972914
  },
  "system": {
    "probs": {
      "正常": 7.814601444472119e-06,
      "幅度失准": 0.005640357474406728,
      "频率失准": 0.00034709289268182735,
      "参考电平失准": 0.9940047349320665
    },
    "decision": "参考电平失准",
    "confidence": 0.9940047349320665,
    "is_normal": false
  },
  "module": {
    "topk": [
      {
        "module_id": "[校准链路][校准源]",
        "gamma": 0.3787069323702887
      },
      {
        "module_id": "[校准链路][校准路径开关/耦合]",
        "gamma": 0.2735105622674307
      },
      {
        "module_id": "[校准链路][校准表/存储]",
        "gamma": 0.24195165123657328
      }
    ],
    "gating": {
      "disabled_modules": [
        "高频段YTF滤波器",
        "高频段混频器",
        "前置放大器",
        "衰减器"
      ],
      "topk_k": 3
    }
  },
  "evidence": {
    "global_offset_db": -0.05269999999999797,
    "hf_std_db": 0.00392700315742281,
    "p95_abs_dev_db": 0.00811000000000214,
    "inside_env_frac": 1.0,
    "peak_freq_mae_hz": 4135.832687288162,
    "peak_freq_outlier_frac": 0.0
  },
  "artifacts": {
    "output_json": "Output/diagnosis/batch/sim_00131_diagnosis.json"
  },
  "system_diagnosis": {
    "probabilities": {
      "正常": 7.814601444472119e-06,
      "幅度失准": 0.005640357474406728,
      "频率失准": 0.00034709289268182735,
      "参考电平失准": 0.9940047349320665
    },
    "predicted_class": "参考电平失准",
    "max_prob": 0.9940047349320665,
    "is_normal": false
  },
  "module_diagnosis": {
    "probabilities": {
      "[校准链路][校准源]": 0.3787069323702887,
      "[校准链路][校准路径开关/耦合]": 0.2735105622674307,
      "[校准链路][校准表/存储]": 0.24195165123657328,
      "[电源板] 电源管理模块": 0.10583085412570738,
      "[RF板][RF] 输入衰减器组": 0.0,
      "前置放大器": 0.0,
      "[RF板][RF] 低频通路固定滤波/抑制网络": 0.0,
      "[RF板][Mixer1]": 0.0,
      "[RF板][YTF]": 0.0,
      "[RF板][Mixer2]": 0.0
    },
    "topk": [
      {
        "module": "[校准链路][校准源]",
        "probability": 0.3787069323702887
      },
      {
        "module": "[校准链路][校准路径开关/耦合]",
        "probability": 0.2735105622674307
      },
      {
        "module": "[校准链路][校准表/存储]",
        "probability": 0.24195165123657328
      }
    ],
    "disabled_modules": [
      "高频段YTF滤波器",
      "高频段混频器",
      "前置放大器",
      "衰减器"
    ]
  },
  "evidence_detail": {
    "viol_rate": 0.0,
    "envelope_violation": false,
    "violation_max_db": 0.0,
    "violation_energy": 0.08806923950811563,
    "baseline_coverage": 1.0
  },
  "config": {
    "mode": "unified_entry",
    "gating_status": "gated_ok",
    "run_name": null,
    "topk": 3
  },
  "uncertainty": {
    "is_uncertain": false,
    "reason": "",
    "top_class": "参考电平失准",
    "runner_up": "幅度失准",
    "max_prob": 0.9940047349320665,
    "second_prob": 0.005640357474406728,
    "prob_gap": 0.9883643774576598,
    "support_top_features": [],
    "support_runnerup_features": [],
    "conflict_features": [],
    "suggested_actions": []
  },
  "module_validation": {
    "sample_id": "sim_00131",
    "gt_module": "校准源",
    "gt_module_v2": "[校准链路][校准源]",
    "top1": "[校准链路][校准源]",
    "top3": [
      "[校准链路][校准源]",
      "[校准链路][校准路径开关/耦合]",
      "[校准链路][校准表/存储]"
    ],
    "top5": [
      "[校准链路][校准源]",
      "[校准链路][校准路径开关/耦合]",
      "[校准链路][校准表/存储]",
      "[电源板] 电源管理模块",
      "[RF板][RF] 输入衰减器组"
    ],
    "gt_rank": 1,
    "gt_prob": 0.3787069323702887,
    "top1_hit": true,
    "top3_hit": true,
    "top5_hit": true
  },
  "ground_truth": {
    "type": "fault",
    "system_class_en": "ref_error",
    "system_class_cn": "参考电平失准",
    "module": "校准源",
    "module_v2": "[校准链路][校准源]",
    "fault_params": {
      "severity": "light",
      "tier_target": "in_spec_weak",
      "type": "ref_miscal",
      "subtype": "ref_error_offset",
      "offset_db": 0.0910488182603883,
      "template_id": "T1",
      "mean_offset_db": -0.052695308354248786
    }
  }
}