{
  "status": "success",
  "meta": {
    "sample_id": "sim_00066",
    "input_file": "/home/runner/work/FMFD-python/FMFD-python/Output/sim_spectrum/raw_curves/sim_00066.csv",
    "operating_condition": {
      "inject_power_dbm": -10.0,
      "freq_start_hz": 10000000.0,
      "freq_end_hz": 8200000000.0,
      "step_hz": 10000000.0,
      "frontend": {
        "low_band_only": true,
        "ac_coupling": true,
        "preamp": false
      }
    }
  },
  "data_points": 820,
  "frequency_range": {
    "min": 10000000.0,
    "max": 8200000000.0
  },
  "features": {
    "X1": -9.98548804878049,
    "X2": 0.0006308296086985271,
    "X3": 0.00017151565029311966,
    "X4": 0.02910046785425017,
    "X5": 0.25606456009382744,
    "X6": 0.0009681372718024983,
    "X7": 0.0779999999999994,
    "X8": 0.024487804878048764,
    "X9": 0.0008468372293362474,
    "X10": 0.014617946824485266,
    "X11": 0.0,
    "X12": 0.0,
    "X13": 0.11627272286327958,
    "X14": 0.00301886446886433,
    "X15": 0.005133800464959858,
    "X16": 0.011389734602635768,
    "X17": 0.0,
    "X18": 0.0,
    "X19": -5.3014026827872325e-05,
    "X20": 0.11940847120885634,
    "X21": 4.0,
    "X22": 0.0382281859595948,
    "X23": 2.4511304878048273e-05,
    "X24": 0.05805569120918008,
    "X25": 2.4511304878048273e-05,
    "X26": 6.065752631624209e-06,
    "X27": 3.425872688929177e-05,
    "X28": 0.10833333332422644,
    "X29": 0.022828418704974877,
    "X30": 0.0015467129308352062,
    "X31": 0.0008261277151775547,
    "X32": -0.25310225112887275,
    "X33": 0.6087446158024518,
    "X34": 0.01504018819206047,
    "X35": 0.00035876263587179347,
    "X36": 0.78755055895047,
    "X37": 0.02910046785425017,
    "offset_db": -0.052649999999999864,
    "viol_rate_aligned": 0.0,
    "viol_energy_aligned": 0.11627272286327958,
    "global_offset_db": 0.0,
    "shape_rmse": 0.0049508893017364336,
    "ripple_hp": 0.006362226764004072,
    "tail_asym": 0.0003949999999991686,
    "compress_ratio": 0.2,
    "compress_ratio_high": 0.2,
    "freq_shift_score": 0.012706969206913277,
    "offset_slope": -0.0001542873117691914,
    "high_low_energy_ratio": 11.210992914305992,
    "band_offset_db_1": 0.00020000000000042206,
    "band_offset_db_2": 0.0005500000000004945,
    "band_offset_db_3": -0.0005499999999996064,
    "band_offset_db_4": -0.0001499999999996504
  },
  "system": {
    "probs": {
      "正常": 0.9880293966323386,
      "幅度失准": 0.0040056763834060765,
      "频率失准": 0.0019891600237437806,
      "参考电平失准": 0.0059757669595235435
    },
    "decision": "正常",
    "confidence": 0.9880293966323386,
    "is_normal": true
  },
  "module": {
    "topk": [
      {
        "module_id": "[电源板] 电源管理模块",
        "gamma": 0.9516612978091078
      },
      {
        "module_id": "[校准链路][校准源]",
        "gamma": 0.020472862104377862
      },
      {
        "module_id": "[校准链路][校准路径开关/耦合]",
        "gamma": 0.014785955964272901
      }
    ],
    "gating": {
      "disabled_modules": [
        "高频段YTF滤波器",
        "高频段混频器",
        "前置放大器",
        "衰减器"
      ],
      "topk_k": 3
    }
  },
  "evidence": {
    "global_offset_db": -0.052649999999999864,
    "hf_std_db": 0.004572862346040582,
    "p95_abs_dev_db": 0.010249999999999204,
    "inside_env_frac": 1.0,
    "peak_freq_mae_hz": 4030.080273542215,
    "peak_freq_outlier_frac": 0.0
  },
  "artifacts": {
    "output_json": "Output/diagnosis/batch/sim_00066_diagnosis.json"
  },
  "system_diagnosis": {
    "probabilities": {
      "正常": 0.9880293966323386,
      "幅度失准": 0.0040056763834060765,
      "频率失准": 0.0019891600237437806,
      "参考电平失准": 0.0059757669595235435
    },
    "predicted_class": "正常",
    "max_prob": 0.9880293966323386,
    "is_normal": true
  },
  "module_diagnosis": {
    "probabilities": {
      "[电源板] 电源管理模块": 0.9516612978091078,
      "[校准链路][校准源]": 0.020472862104377862,
      "[校准链路][校准路径开关/耦合]": 0.014785955964272901,
      "[校准链路][校准表/存储]": 0.013079884122241411,
      "[RF板][RF] 输入衰减器组": 0.0,
      "前置放大器": 0.0,
      "[RF板][RF] 低频通路固定滤波/抑制网络": 0.0,
      "[RF板][Mixer1]": 0.0,
      "[RF板][YTF]": 0.0,
      "[RF板][Mixer2]": 0.0
    },
    "topk": [
      {
        "module": "[电源板] 电源管理模块",
        "probability": 0.9516612978091078
      },
      {
        "module": "[校准链路][校准源]",
        "probability": 0.020472862104377862
      },
      {
        "module": "[校准链路][校准路径开关/耦合]",
        "probability": 0.014785955964272901
      }
    ],
    "disabled_modules": [
      "高频段YTF滤波器",
      "高频段混频器",
      "前置放大器",
      "衰减器"
    ]
  },
  "evidence_detail": {
    "viol_rate": 0.0,
    "envelope_violation": false,
    "violation_max_db": 0.0,
    "violation_energy": 0.11627272286327958,
    "baseline_coverage": 1.0
  },
  "config": {
    "mode": "unified_entry",
    "gating_status": "fallback_brb_only",
    "run_name": null,
    "topk": 3
  },
  "uncertainty": {
    "is_uncertain": false,
    "reason": "",
    "top_class": "正常",
    "runner_up": "参考电平失准",
    "max_prob": 0.9880293966323386,
    "second_prob": 0.0059757669595235435,
    "prob_gap": 0.9820536296728151,
    "support_top_features": [],
    "support_runnerup_features": [],
    "conflict_features": [],
    "suggested_actions": []
  },
  "module_validation": {
    "sample_id": "sim_00066",
    "gt_module": "校准信号开关",
    "gt_module_v2": "[校准链路][校准路径开关/耦合]",
    "top1": "[电源板] 电源管理模块",
    "top3": [
      "[电源板] 电源管理模块",
      "[校准链路][校准源]",
      "[校准链路][校准路径开关/耦合]"
    ],
    "top5": [
      "[电源板] 电源管理模块",
      "[校准链路][校准源]",
      "[校准链路][校准路径开关/耦合]",
      "[校准链路][校准表/存储]",
      "[RF板][RF] 输入衰减器组"
    ],
    "gt_rank": 3,
    "gt_prob": 0.014785955964272901,
    "top1_hit": false,
    "top3_hit": true,
    "top5_hit": true
  },
  "ground_truth": {
    "type": "fault",
    "system_class_en": "ref_error",
    "system_class_cn": "参考电平失准",
    "module": "校准信号开关",
    "module_v2": "[校准链路][校准路径开关/耦合]",
    "fault_params": {
      "severity": "light",
      "tier_target": "in_spec_weak",
      "type": "ref_miscal",
      "subtype": "ref_error_offset",
      "offset_db": -0.05508235401833847,
      "template_id": "T1",
      "mean_offset_db": -0.05241563590793714
    }
  }
}