{
  "status": "success",
  "meta": {
    "sample_id": "sim_00147",
    "input_file": "/home/runner/work/FMFD-python/FMFD-python/Output/sim_spectrum/raw_curves/sim_00147.csv",
    "operating_condition": {
      "inject_power_dbm": -10.0,
      "freq_start_hz": 10000000.0,
      "freq_end_hz": 8200000000.0,
      "step_hz": 10000000.0,
      "frontend": {
        "low_band_only": true,
        "ac_coupling": true,
        "preamp": false
      }
    }
  },
  "data_points": 820,
  "frequency_range": {
    "min": 10000000.0,
    "max": 8200000000.0
  },
  "features": {
    "X1": -9.884966585365854,
    "X2": 0.0006744859142623455,
    "X3": 0.00023351067158192197,
    "X4": 0.029522098552382692,
    "X5": 0.26122316997968725,
    "X6": 0.0009587491273646646,
    "X7": 0.07560000000000144,
    "X8": 0.024608048780487817,
    "X9": 0.0008715543029365964,
    "X10": 0.01363744833918811,
    "X11": 0.0,
    "X12": 0.0,
    "X13": 0.17387944251086107,
    "X14": 0.0044346153846155775,
    "X15": 0.005561379026599508,
    "X16": -0.0021977949017890188,
    "X17": 0.0,
    "X18": 0.0,
    "X19": -6.0074661169222095e-05,
    "X20": -0.0743385028138066,
    "X21": 1.0,
    "X22": 0.03696754325555875,
    "X23": 4.2115890243902704e-05,
    "X24": 0.11032096059013496,
    "X25": 4.2115890243902704e-05,
    "X26": 6.148530361613398e-05,
    "X27": 3.559115422999727e-05,
    "X28": -0.019480519479336406,
    "X29": 0.11809388436371908,
    "X30": 0.0016655487804879757,
    "X31": 0.001441828881489886,
    "X32": 0.10494163218842872,
    "X33": 0.6325905595416108,
    "X34": 0.014323978219767004,
    "X35": 0.0003836634206818823,
    "X36": 0.7793611214185527,
    "X37": 0.029522098552382695,
    "offset_db": 0.04815000000000058,
    "viol_rate_aligned": 0.0,
    "viol_energy_aligned": 0.17387944251086107,
    "global_offset_db": 0.0,
    "shape_rmse": 0.006489675665540051,
    "ripple_hp": 0.008946521927896559,
    "tail_asym": -9.500000000156258e-05,
    "compress_ratio": 0.2,
    "compress_ratio_high": 0.19661016949152543,
    "freq_shift_score": 0.02205991971708221,
    "offset_slope": 0.0005536627696991849,
    "high_low_energy_ratio": 2.3602983683859247,
    "band_offset_db_1": -0.002100000000000435,
    "band_offset_db_2": -0.0014500000000019497,
    "band_offset_db_3": 0.0,
    "band_offset_db_4": 0.0017499999999994742
  },
  "system": {
    "probs": {
      "正常": 0.055157228984403284,
      "幅度失准": 0.014186542682812485,
      "频率失准": 0.019442676808217145,
      "参考电平失准": 0.9112135514334457
    },
    "decision": "参考电平失准",
    "confidence": 0.9112135514334457,
    "is_normal": false
  },
  "module": {
    "topk": [
      {
        "module_id": "[校准链路][校准源]",
        "gamma": 0.37510012103023793
      },
      {
        "module_id": "[校准链路][校准路径开关/耦合]",
        "gamma": 0.270905642966283
      },
      {
        "module_id": "[校准链路][校准表/存储]",
        "gamma": 0.2396472995470965
      }
    ],
    "gating": {
      "disabled_modules": [
        "高频段YTF滤波器",
        "高频段混频器",
        "前置放大器",
        "衰减器"
      ],
      "topk_k": 3
    }
  },
  "evidence": {
    "global_offset_db": 0.04815000000000058,
    "hf_std_db": 0.006292175984189459,
    "p95_abs_dev_db": 0.013149999999999551,
    "inside_env_frac": 1.0,
    "peak_freq_mae_hz": 3797.240324787216,
    "peak_freq_outlier_frac": 0.0
  },
  "artifacts": {
    "output_json": "Output/diagnosis/batch/sim_00147_diagnosis.json"
  },
  "system_diagnosis": {
    "probabilities": {
      "正常": 0.055157228984403284,
      "幅度失准": 0.014186542682812485,
      "频率失准": 0.019442676808217145,
      "参考电平失准": 0.9112135514334457
    },
    "predicted_class": "参考电平失准",
    "max_prob": 0.9112135514334457,
    "is_normal": false
  },
  "module_diagnosis": {
    "probabilities": {
      "[校准链路][校准源]": 0.37510012103023793,
      "[校准链路][校准路径开关/耦合]": 0.270905642966283,
      "[校准链路][校准表/存储]": 0.2396472995470965,
      "[电源板] 电源管理模块": 0.11434693645638266,
      "[RF板][RF] 输入衰减器组": 0.0,
      "前置放大器": 0.0,
      "[RF板][RF] 低频通路固定滤波/抑制网络": 0.0,
      "[RF板][Mixer1]": 0.0,
      "[RF板][YTF]": 0.0,
      "[RF板][Mixer2]": 0.0
    },
    "topk": [
      {
        "module": "[校准链路][校准源]",
        "probability": 0.37510012103023793
      },
      {
        "module": "[校准链路][校准路径开关/耦合]",
        "probability": 0.270905642966283
      },
      {
        "module": "[校准链路][校准表/存储]",
        "probability": 0.2396472995470965
      }
    ],
    "disabled_modules": [
      "高频段YTF滤波器",
      "高频段混频器",
      "前置放大器",
      "衰减器"
    ]
  },
  "evidence_detail": {
    "viol_rate": 0.0,
    "envelope_violation": false,
    "violation_max_db": 0.0,
    "violation_energy": 0.17387944251086107,
    "baseline_coverage": 1.0
  },
  "config": {
    "mode": "unified_entry",
    "gating_status": "gated_ok",
    "run_name": null,
    "topk": 3
  },
  "uncertainty": {
    "is_uncertain": false,
    "reason": "",
    "top_class": "参考电平失准",
    "runner_up": "正常",
    "max_prob": 0.9112135514334457,
    "second_prob": 0.055157228984403284,
    "prob_gap": 0.8560563224490425,
    "support_top_features": [],
    "support_runnerup_features": [],
    "conflict_features": [],
    "suggested_actions": []
  },
  "module_validation": {
    "sample_id": "sim_00147",
    "gt_module": "校准信号开关",
    "gt_module_v2": "[校准链路][校准路径开关/耦合]",
    "top1": "[校准链路][校准源]",
    "top3": [
      "[校准链路][校准源]",
      "[校准链路][校准路径开关/耦合]",
      "[校准链路][校准表/存储]"
    ],
    "top5": [
      "[校准链路][校准源]",
      "[校准链路][校准路径开关/耦合]",
      "[校准链路][校准表/存储]",
      "[电源板] 电源管理模块",
      "[RF板][RF] 输入衰减器组"
    ],
    "gt_rank": 2,
    "gt_prob": 0.270905642966283,
    "top1_hit": false,
    "top3_hit": true,
    "top5_hit": true
  },
  "ground_truth": {
    "type": "fault",
    "system_class_en": "ref_error",
    "system_class_cn": "参考电平失准",
    "module": "校准信号开关",
    "module_v2": "[校准链路][校准路径开关/耦合]",
    "fault_params": {
      "severity": "light",
      "tier_target": "edge",
      "type": "ref_miscal",
      "subtype": "ref_error_offset",
      "offset_db": 0.09599540164457335,
      "template_id": "T1",
      "mean_offset_db": 0.04810770530170241
    }
  }
}