{
  "status": "success",
  "meta": {
    "sample_id": "sim_00093",
    "input_file": "/home/runner/work/FMFD-python/FMFD-python/Output/sim_spectrum/raw_curves/sim_00093.csv",
    "operating_condition": {
      "inject_power_dbm": -10.0,
      "freq_start_hz": 10000000.0,
      "freq_end_hz": 8200000000.0,
      "step_hz": 10000000.0,
      "frontend": {
        "low_band_only": true,
        "ac_coupling": true,
        "preamp": false
      }
    }
  },
  "data_points": 820,
  "frequency_range": {
    "min": 10000000.0,
    "max": 8200000000.0
  },
  "features": {
    "X1": -9.93307243902439,
    "X2": 0.0006704884597048715,
    "X3": 0.0002569185042101651,
    "X4": 0.030588096350267283,
    "X5": 0.25847627874901774,
    "X6": 0.001047710337953598,
    "X7": 0.0929000000000002,
    "X8": 0.02581097560975608,
    "X9": 0.0009356316383332347,
    "X10": 0.01406882314593172,
    "X11": 0.0,
    "X12": 0.0,
    "X13": 0.2428400980961026,
    "X14": 0.005785347985347899,
    "X15": 0.009125651457217738,
    "X16": 0.06404928426919712,
    "X17": 0.0,
    "X18": 0.0,
    "X19": -7.623504338982276e-05,
    "X20": 0.022576878499144915,
    "X21": 3.0,
    "X22": 0.03388069302031086,
    "X23": 8.886419512195174e-05,
    "X24": 0.19343336297513858,
    "X25": 8.886419512195174e-05,
    "X26": 0.00011737646505687082,
    "X27": 9.679551448964524e-06,
    "X28": -0.06291834002405429,
    "X29": 0.353565380832963,
    "X30": 0.005589024390243953,
    "X31": 0.0006955800159550307,
    "X32": -0.3594551026218396,
    "X33": 0.6554658379669942,
    "X34": 0.013094713057993408,
    "X35": 0.0004501335179892682,
    "X36": 0.758971526738923,
    "X37": 0.030588096350267283,
    "offset_db": 0.0007000000000010331,
    "viol_rate_aligned": 0.0,
    "viol_energy_aligned": 0.2428400980961026,
    "global_offset_db": 8.881784197001252e-16,
    "shape_rmse": 0.009426780740101733,
    "ripple_hp": 0.012554120779924625,
    "tail_asym": -0.001995000000004148,
    "compress_ratio": 0.2,
    "compress_ratio_high": 0.2,
    "freq_shift_score": 0.04309120996861571,
    "offset_slope": 2.6060310662729548e-05,
    "high_low_energy_ratio": 18.807465244734594,
    "band_offset_db_1": 0.0007999999999990237,
    "band_offset_db_2": 0.0004999999999988347,
    "band_offset_db_3": -0.0016499999999997073,
    "band_offset_db_4": -0.0001000000000015433
  },
  "system": {
    "probs": {
      "正常": 0.10509434287365796,
      "幅度失准": 0.053705032842598775,
      "频率失准": 0.7730467277516518,
      "参考电平失准": 0.06815389645478681
    },
    "decision": "频率失准",
    "confidence": 0.7730467277516518,
    "is_normal": false
  },
  "module": {
    "topk": [
      {
        "module_id": "[RF板][Mixer1]",
        "gamma": 0.2814783922140315
      },
      {
        "module_id": "[时钟板][参考域] 10MHz 基准 OCXO",
        "gamma": 0.189913132096214
      },
      {
        "module_id": "[时钟板][参考分配]",
        "gamma": 0.189913132096214
      }
    ],
    "gating": {
      "disabled_modules": [
        "高频段YTF滤波器",
        "高频段混频器",
        "前置放大器",
        "衰减器"
      ],
      "topk_k": 3
    }
  },
  "evidence": {
    "global_offset_db": 0.0007000000000010331,
    "hf_std_db": 0.009170584209064794,
    "p95_abs_dev_db": 0.017910000000000884,
    "inside_env_frac": 1.0,
    "peak_freq_mae_hz": 148996.15797888755,
    "peak_freq_outlier_frac": 0.003658536585365854
  },
  "artifacts": {
    "output_json": "Output/diagnosis/batch/sim_00093_diagnosis.json"
  },
  "system_diagnosis": {
    "probabilities": {
      "正常": 0.10509434287365796,
      "幅度失准": 0.053705032842598775,
      "频率失准": 0.7730467277516518,
      "参考电平失准": 0.06815389645478681
    },
    "predicted_class": "频率失准",
    "max_prob": 0.7730467277516518,
    "is_normal": false
  },
  "module_diagnosis": {
    "probabilities": {
      "[RF板][Mixer1]": 0.2814783922140315,
      "[时钟板][参考域] 10MHz 基准 OCXO": 0.189913132096214,
      "[时钟板][参考分配]": 0.189913132096214,
      "[RF板][RF] 低频通路固定滤波/抑制网络": 0.1695652965144768,
      "[电源板] 电源管理模块": 0.08773870475211488,
      "[LO/时钟板][LO1] 合成链": 0.08139134232694885,
      "[RF板][RF] 输入衰减器组": 0.0,
      "前置放大器": 0.0,
      "[RF板][YTF]": 0.0,
      "[RF板][Mixer2]": 0.0
    },
    "topk": [
      {
        "module": "[RF板][Mixer1]",
        "probability": 0.2814783922140315
      },
      {
        "module": "[时钟板][参考域] 10MHz 基准 OCXO",
        "probability": 0.189913132096214
      },
      {
        "module": "[时钟板][参考分配]",
        "probability": 0.189913132096214
      }
    ],
    "disabled_modules": [
      "高频段YTF滤波器",
      "高频段混频器",
      "前置放大器",
      "衰减器"
    ]
  },
  "evidence_detail": {
    "viol_rate": 0.0,
    "envelope_violation": false,
    "violation_max_db": 0.0,
    "violation_energy": 0.2428400980961026,
    "baseline_coverage": 1.0
  },
  "config": {
    "mode": "unified_entry",
    "gating_status": "gated_ok",
    "run_name": null,
    "topk": 3
  },
  "uncertainty": {
    "is_uncertain": false,
    "reason": "",
    "top_class": "频率失准",
    "runner_up": "正常",
    "max_prob": 0.7730467277516518,
    "second_prob": 0.10509434287365796,
    "prob_gap": 0.6679523848779939,
    "support_top_features": [],
    "support_runnerup_features": [],
    "conflict_features": [],
    "suggested_actions": []
  },
  "module_validation": {
    "sample_id": "sim_00093",
    "gt_module": "本振混频组件",
    "gt_module_v2": "[RF板][LO1] LO1 注入链",
    "top1": "[RF板][Mixer1]",
    "top3": [
      "[RF板][Mixer1]",
      "[时钟板][参考域] 10MHz 基准 OCXO",
      "[时钟板][参考分配]"
    ],
    "top5": [
      "[RF板][Mixer1]",
      "[时钟板][参考域] 10MHz 基准 OCXO",
      "[时钟板][参考分配]",
      "[RF板][RF] 低频通路固定滤波/抑制网络",
      "[电源板] 电源管理模块"
    ],
    "gt_rank": -1,
    "gt_prob": 0.0,
    "top1_hit": false,
    "top3_hit": false,
    "top5_hit": false
  },
  "ground_truth": {
    "type": "fault",
    "system_class_en": "freq_error",
    "system_class_cn": "频率失准",
    "module": "本振混频组件",
    "module_v2": "[RF板][LO1] LO1 注入链",
    "fault_params": {
      "severity": "light",
      "tier_target": "edge",
      "type": "lo_path_error",
      "track_type": "spike",
      "template_id": "T8",
      "forced_peak_track_type": true,
      "peak_track_profile": {
        "bands": [],
        "track_type": "spike"
      },
      "freq_amp_coupling": {
        "bias_db_min": -0.1,
        "bias_db_max": -0.02
      },
      "peak_track_warning": "peak_freq mismatch too weak"
    }
  }
}