{
  "status": "success",
  "meta": {
    "sample_id": "sim_00025",
    "input_file": "/home/runner/work/FMFD-python/FMFD-python/Output/sim_spectrum/raw_curves/sim_00025.csv",
    "operating_condition": {
      "inject_power_dbm": -10.0,
      "freq_start_hz": 10000000.0,
      "freq_end_hz": 8200000000.0,
      "step_hz": 10000000.0,
      "frontend": {
        "low_band_only": true,
        "ac_coupling": true,
        "preamp": false
      }
    }
  },
  "data_points": 820,
  "frequency_range": {
    "min": 10000000.0,
    "max": 8200000000.0
  },
  "features": {
    "X1": -9.933072926829267,
    "X2": 0.0006770874558794366,
    "X3": 5.020690218057471e-05,
    "X4": 0.032011578532031223,
    "X5": 0.3161337350571777,
    "X6": 0.0025465651207019603,
    "X7": 0.0815999999999999,
    "X8": 0.04138682926829265,
    "X9": 0.0010247411601124025,
    "X10": 0.04013850664369507,
    "X11": 0.0,
    "X12": 0.0,
    "X13": 0.05730837413245278,
    "X14": 0.03205842490842481,
    "X15": 0.019782355063890547,
    "X16": 0.005696534938952418,
    "X17": 0.0,
    "X18": 0.0,
    "X19": -0.0001190505773704368,
    "X20": -0.3394126307251186,
    "X21": 5.0,
    "X22": 0.038761881614193514,
    "X23": 0.001097845231707306,
    "X24": 0.032726929936740645,
    "X25": 0.001097845231707306,
    "X26": 0.0020847780332156943,
    "X27": 8.770183959444371e-05,
    "X28": -0.00781852218908202,
    "X29": 0.012552560763168878,
    "X30": 0.04109420731707307,
    "X31": 0.027692586897327287,
    "X32": -3.9649583657378646,
    "X33": 0.3651696096807402,
    "X34": 0.03150045233667683,
    "X35": 0.0003395815146080337,
    "X36": 0.8332105901305168,
    "X37": 0.032011578532031223,
    "offset_db": 4.999999999988347e-05,
    "viol_rate_aligned": 0.0,
    "viol_energy_aligned": 0.05730837413245278,
    "global_offset_db": 0.0,
    "shape_rmse": 0.033133747625454416,
    "ripple_hp": 0.004678496027732776,
    "tail_asym": -0.00031500000000098116,
    "compress_ratio": 0.2,
    "compress_ratio_high": 0.2,
    "freq_shift_score": 0.2288399274323265,
    "offset_slope": -0.011981639821216711,
    "high_low_energy_ratio": 0.3321849081964713,
    "band_offset_db_1": 0.06559999999999988,
    "band_offset_db_2": 0.02984999999999971,
    "band_offset_db_3": -0.003350000000000186,
    "band_offset_db_4": -0.032849999999999824
  },
  "system": {
    "probs": {
      "正常": 0.02485867529127047,
      "幅度失准": 0.9352085563848918,
      "频率失准": 0.03641794227768053,
      "参考电平失准": 0.0035148259526362564
    },
    "decision": "幅度失准",
    "confidence": 0.9352085563848918,
    "is_normal": false
  },
  "module": {
    "topk": [
      {
        "module_id": "[数字中频板][ADC] 数字检波与平均",
        "gamma": 0.26953655909958074
      },
      {
        "module_id": "[数字中频板][IF] 中频放大/衰减链",
        "gamma": 0.26262536527651453
      },
      {
        "module_id": "[数字中频板][DSP] 数字增益/偏置校准",
        "gamma": 0.16586865175358817
      }
    ],
    "gating": {
      "disabled_modules": [
        "高频段YTF滤波器",
        "高频段混频器",
        "前置放大器",
        "衰减器"
      ],
      "topk_k": 3
    }
  },
  "evidence": {
    "global_offset_db": 4.999999999988347e-05,
    "hf_std_db": 0.011525108304070173,
    "p95_abs_dev_db": 0.06155500000000042,
    "inside_env_frac": 1.0,
    "peak_freq_mae_hz": 3947.527799913923,
    "peak_freq_outlier_frac": 0.0
  },
  "artifacts": {
    "output_json": "Output/diagnosis/batch/sim_00025_diagnosis.json"
  },
  "system_diagnosis": {
    "probabilities": {
      "正常": 0.02485867529127047,
      "幅度失准": 0.9352085563848918,
      "频率失准": 0.03641794227768053,
      "参考电平失准": 0.0035148259526362564
    },
    "predicted_class": "幅度失准",
    "max_prob": 0.9352085563848918,
    "is_normal": false
  },
  "module_diagnosis": {
    "probabilities": {
      "[数字中频板][ADC] 数字检波与平均": 0.26953655909958074,
      "[数字中频板][IF] 中频放大/衰减链": 0.26262536527651453,
      "[数字中频板][DSP] 数字增益/偏置校准": 0.16586865175358817,
      "[数字中频板][IF] RBW数字滤波器": 0.1244014888151911,
      "[数字中频板][VBW]": 0.10366790734599257,
      "[电源板] 电源管理模块": 0.07390002770913294,
      "[RF板][RF] 输入衰减器组": 0.0,
      "前置放大器": 0.0,
      "[RF板][RF] 低频通路固定滤波/抑制网络": 0.0,
      "[RF板][Mixer1]": 0.0
    },
    "topk": [
      {
        "module": "[数字中频板][ADC] 数字检波与平均",
        "probability": 0.26953655909958074
      },
      {
        "module": "[数字中频板][IF] 中频放大/衰减链",
        "probability": 0.26262536527651453
      },
      {
        "module": "[数字中频板][DSP] 数字增益/偏置校准",
        "probability": 0.16586865175358817
      }
    ],
    "disabled_modules": [
      "高频段YTF滤波器",
      "高频段混频器",
      "前置放大器",
      "衰减器"
    ]
  },
  "evidence_detail": {
    "viol_rate": 0.0,
    "envelope_violation": false,
    "violation_max_db": 0.0,
    "violation_energy": 0.05730837413245278,
    "baseline_coverage": 1.0
  },
  "config": {
    "mode": "unified_entry",
    "gating_status": "gated_ok",
    "run_name": null,
    "topk": 3
  },
  "uncertainty": {
    "is_uncertain": false,
    "reason": "",
    "top_class": "幅度失准",
    "runner_up": "频率失准",
    "max_prob": 0.9352085563848918,
    "second_prob": 0.03641794227768053,
    "prob_gap": 0.8987906141072112,
    "support_top_features": [],
    "support_runnerup_features": [],
    "conflict_features": [],
    "suggested_actions": []
  },
  "module_validation": {
    "sample_id": "sim_00025",
    "gt_module": "低频段第一混频器",
    "gt_module_v2": "[RF板][Mixer1]",
    "top1": "[数字中频板][ADC] 数字检波与平均",
    "top3": [
      "[数字中频板][ADC] 数字检波与平均",
      "[数字中频板][IF] 中频放大/衰减链",
      "[数字中频板][DSP] 数字增益/偏置校准"
    ],
    "top5": [
      "[数字中频板][ADC] 数字检波与平均",
      "[数字中频板][IF] 中频放大/衰减链",
      "[数字中频板][DSP] 数字增益/偏置校准",
      "[数字中频板][IF] RBW数字滤波器",
      "[数字中频板][VBW]"
    ],
    "gt_rank": 9,
    "gt_prob": 0.0,
    "top1_hit": false,
    "top3_hit": false,
    "top5_hit": false
  },
  "ground_truth": {
    "type": "fault",
    "system_class_en": "amp_error",
    "system_class_cn": "幅度失准",
    "module": "低频段第一混频器",
    "module_v2": "[RF板][Mixer1]",
    "fault_params": {
      "severity": "light",
      "tier_target": "edge",
      "type": "mixer_ripple",
      "subtype": "amp_error_ripple",
      "spike_count": 7.0,
      "spike_amp_db": 0.11726050995119047,
      "template_id": "T5"
    }
  }
}