{
  "status": "success",
  "meta": {
    "sample_id": "sim_00138",
    "input_file": "/home/runner/work/FMFD-python/FMFD-python/Output/sim_spectrum/raw_curves/sim_00138.csv",
    "operating_condition": {
      "inject_power_dbm": -10.0,
      "freq_start_hz": 10000000.0,
      "freq_end_hz": 8200000000.0,
      "step_hz": 10000000.0,
      "frontend": {
        "low_band_only": true,
        "ac_coupling": true,
        "preamp": false
      }
    }
  },
  "data_points": 820,
  "frequency_range": {
    "min": 10000000.0,
    "max": 8200000000.0
  },
  "features": {
    "X1": -9.878630487804879,
    "X2": 0.0006452310560430296,
    "X3": 0.0002460272332784633,
    "X4": 0.029734952245180704,
    "X5": 0.2561672465389643,
    "X6": 0.00099068472903034,
    "X7": 0.07910000000000039,
    "X8": 0.024989512195121962,
    "X9": 0.0008841673850231771,
    "X10": 0.014259216110324078,
    "X11": 0.0,
    "X12": 0.0,
    "X13": 0.1132509936687166,
    "X14": 0.0032915750915751374,
    "X15": 0.004616313988500834,
    "X16": -0.006741385761585854,
    "X17": 0.0,
    "X18": 0.0,
    "X19": -6.312420776977506e-05,
    "X20": -0.004574960098614245,
    "X21": 4.0,
    "X22": 0.03808118468335882,
    "X23": 2.2488951219511828e-05,
    "X24": 0.06013095549933445,
    "X25": 2.2488951219511828e-05,
    "X26": 0.0003413765933805335,
    "X27": 1.7736716696770647e-05,
    "X28": 0.008695652172982286,
    "X29": 0.032437213419301676,
    "X30": 0.002464176829268444,
    "X31": 0.0007156636428744905,
    "X32": 0.05950936821050808,
    "X33": 0.6055321722047272,
    "X34": 0.014143483229813498,
    "X35": 0.00036325358853600494,
    "X36": 0.793563681145412,
    "X37": 0.029734952245180708,
    "offset_db": 0.05430000000000135,
    "viol_rate_aligned": 0.0,
    "viol_energy_aligned": 0.1132509936687166,
    "global_offset_db": 0.0,
    "shape_rmse": 0.004742251703517205,
    "ripple_hp": 0.00651407273131749,
    "tail_asym": 0.00040499999999878567,
    "compress_ratio": 0.1926829268292683,
    "compress_ratio_high": 0.19661016949152543,
    "freq_shift_score": 0.011356874778966075,
    "offset_slope": 0.00013843196107542676,
    "high_low_energy_ratio": 11.871361231713347,
    "band_offset_db_1": 9.999999999887876e-05,
    "band_offset_db_2": -9.999999999976694e-05,
    "band_offset_db_3": 0.0003499999999982961,
    "band_offset_db_4": -1.7763568394002505e-15
  },
  "system": {
    "probs": {
      "正常": 0.04557660706575233,
      "幅度失准": 0.010780037281880036,
      "频率失准": 0.022881671502261027,
      "参考电平失准": 0.9207616840580304
    },
    "decision": "参考电平失准",
    "confidence": 0.9207616840580304,
    "is_normal": false
  },
  "module": {
    "topk": [
      {
        "module_id": "[校准链路][校准源]",
        "gamma": 0.3755454266904774
      },
      {
        "module_id": "[校准链路][校准路径开关/耦合]",
        "gamma": 0.27122725260978925
      },
      {
        "module_id": "[校准链路][校准表/存储]",
        "gamma": 0.23993180038558273
      }
    ],
    "gating": {
      "disabled_modules": [
        "高频段YTF滤波器",
        "高频段混频器",
        "前置放大器",
        "衰减器"
      ],
      "topk_k": 3
    }
  },
  "evidence": {
    "global_offset_db": 0.05430000000000135,
    "hf_std_db": 0.004578049152158468,
    "p95_abs_dev_db": 0.009609999999998911,
    "inside_env_frac": 1.0,
    "peak_freq_mae_hz": 4101.527858935031,
    "peak_freq_outlier_frac": 0.0
  },
  "artifacts": {
    "output_json": "Output/diagnosis/batch/sim_00138_diagnosis.json"
  },
  "system_diagnosis": {
    "probabilities": {
      "正常": 0.04557660706575233,
      "幅度失准": 0.010780037281880036,
      "频率失准": 0.022881671502261027,
      "参考电平失准": 0.9207616840580304
    },
    "predicted_class": "参考电平失准",
    "max_prob": 0.9207616840580304,
    "is_normal": false
  },
  "module_diagnosis": {
    "probabilities": {
      "[校准链路][校准源]": 0.3755454266904774,
      "[校准链路][校准路径开关/耦合]": 0.27122725260978925,
      "[校准链路][校准表/存储]": 0.23993180038558273,
      "[电源板] 电源管理模块": 0.11329552031415065,
      "[RF板][RF] 输入衰减器组": 0.0,
      "前置放大器": 0.0,
      "[RF板][RF] 低频通路固定滤波/抑制网络": 0.0,
      "[RF板][Mixer1]": 0.0,
      "[RF板][YTF]": 0.0,
      "[RF板][Mixer2]": 0.0
    },
    "topk": [
      {
        "module": "[校准链路][校准源]",
        "probability": 0.3755454266904774
      },
      {
        "module": "[校准链路][校准路径开关/耦合]",
        "probability": 0.27122725260978925
      },
      {
        "module": "[校准链路][校准表/存储]",
        "probability": 0.23993180038558273
      }
    ],
    "disabled_modules": [
      "高频段YTF滤波器",
      "高频段混频器",
      "前置放大器",
      "衰减器"
    ]
  },
  "evidence_detail": {
    "viol_rate": 0.0,
    "envelope_violation": false,
    "violation_max_db": 0.0,
    "violation_energy": 0.1132509936687166,
    "baseline_coverage": 1.0
  },
  "config": {
    "mode": "unified_entry",
    "gating_status": "gated_ok",
    "run_name": null,
    "topk": 3
  },
  "uncertainty": {
    "is_uncertain": false,
    "reason": "",
    "top_class": "参考电平失准",
    "runner_up": "正常",
    "max_prob": 0.9207616840580304,
    "second_prob": 0.04557660706575233,
    "prob_gap": 0.8751850769922781,
    "support_top_features": [],
    "support_runnerup_features": [],
    "conflict_features": [],
    "suggested_actions": []
  },
  "module_validation": {
    "sample_id": "sim_00138",
    "gt_module": "校准信号开关",
    "gt_module_v2": "[校准链路][校准路径开关/耦合]",
    "top1": "[校准链路][校准源]",
    "top3": [
      "[校准链路][校准源]",
      "[校准链路][校准路径开关/耦合]",
      "[校准链路][校准表/存储]"
    ],
    "top5": [
      "[校准链路][校准源]",
      "[校准链路][校准路径开关/耦合]",
      "[校准链路][校准表/存储]",
      "[电源板] 电源管理模块",
      "[RF板][RF] 输入衰减器组"
    ],
    "gt_rank": 2,
    "gt_prob": 0.27122725260978925,
    "top1_hit": false,
    "top3_hit": true,
    "top5_hit": true
  },
  "ground_truth": {
    "type": "fault",
    "system_class_en": "ref_error",
    "system_class_cn": "参考电平失准",
    "module": "校准信号开关",
    "module_v2": "[校准链路][校准路径开关/耦合]",
    "fault_params": {
      "severity": "mid",
      "tier_target": "mild_oos",
      "type": "ref_miscal",
      "subtype": "ref_error_offset",
      "offset_db": -0.10511570614128078,
      "template_id": "T1",
      "mean_offset_db": 0.05444253067275124
    }
  }
}