{
  "status": "success",
  "meta": {
    "sample_id": "sim_00097",
    "input_file": "/home/runner/work/FMFD-python/FMFD-python/Output/sim_spectrum/raw_curves/sim_00097.csv",
    "operating_condition": {
      "inject_power_dbm": -10.0,
      "freq_start_hz": 10000000.0,
      "freq_end_hz": 8200000000.0,
      "step_hz": 10000000.0,
      "frontend": {
        "low_band_only": true,
        "ac_coupling": true,
        "preamp": false
      }
    }
  },
  "data_points": 820,
  "frequency_range": {
    "min": 10000000.0,
    "max": 8200000000.0
  },
  "features": {
    "X1": -9.923714756097562,
    "X2": 0.000651448389971248,
    "X3": 0.000254559873763784,
    "X4": 0.030609939047278076,
    "X5": 0.24800430039935337,
    "X6": 0.0010568808676234367,
    "X7": 0.07179999999999964,
    "X8": 0.025317682926829226,
    "X9": 0.000936968368478079,
    "X10": 0.013333954820125154,
    "X11": 0.0,
    "X12": 0.0,
    "X13": 0.4879477802588654,
    "X14": 0.006981318681318697,
    "X15": 0.009172763161748107,
    "X16": 0.004512526011042235,
    "X17": 0.0,
    "X18": 0.0,
    "X19": -0.00013070273432604597,
    "X20": 0.39970642992867944,
    "X21": 7.0,
    "X22": 0.03675153521871545,
    "X23": 0.0001821900365853636,
    "X24": 0.05342203635134146,
    "X25": 0.0001821900365853636,
    "X26": 9.492160417901691e-05,
    "X27": 0.00013986610191011402,
    "X28": -0.10195813639100065,
    "X29": -0.1197899577272437,
    "X30": 0.00904131097560977,
    "X31": 0.004211490743568735,
    "X32": -3.318422813697539,
    "X33": 0.5650961099292273,
    "X34": 0.01488538352396234,
    "X35": 0.0003374975864726778,
    "X36": 0.8189665735593405,
    "X37": 0.030609939047278076,
    "offset_db": 0.010000000000000675,
    "viol_rate_aligned": 0.0,
    "viol_energy_aligned": 0.4879477802588654,
    "global_offset_db": -8.881784197001252e-16,
    "shape_rmse": 0.013497778950085176,
    "ripple_hp": 0.0059306726154608955,
    "tail_asym": -0.00548500000000109,
    "compress_ratio": 0.19878048780487806,
    "compress_ratio_high": 0.2,
    "freq_shift_score": 0.08929907281232441,
    "offset_slope": -0.0001275996514699377,
    "high_low_energy_ratio": 0.9223624056545103,
    "band_offset_db_1": 0.009299999999998754,
    "band_offset_db_2": -0.000600000000000378,
    "band_offset_db_3": 0.00029999999999841265,
    "band_offset_db_4": -0.0004000000000008441
  },
  "system": {
    "probs": {
      "正常": 0.9853480207901563,
      "幅度失准": 0.0026863809052802916,
      "频率失准": 0.00795798892180903,
      "参考电平失准": 0.004007609381769054
    },
    "decision": "正常",
    "confidence": 0.9853480207901563,
    "is_normal": true
  },
  "module": {
    "topk": [
      {
        "module_id": "[电源板] 电源管理模块",
        "gamma": 0.9033138466840576
      },
      {
        "module_id": "[RF板][Mixer1]",
        "gamma": 0.029832530577037983
      },
      {
        "module_id": "[时钟板][参考域] 10MHz 基准 OCXO",
        "gamma": 0.020127972437519605
      }
    ],
    "gating": {
      "disabled_modules": [
        "高频段YTF滤波器",
        "高频段混频器",
        "前置放大器",
        "衰减器"
      ],
      "topk_k": 3
    }
  },
  "evidence": {
    "global_offset_db": 0.010000000000000675,
    "hf_std_db": 0.010247969412921349,
    "p95_abs_dev_db": 0.028509999999997582,
    "inside_env_frac": 1.0,
    "peak_freq_mae_hz": 4198.243239925079,
    "peak_freq_outlier_frac": 0.0
  },
  "artifacts": {
    "output_json": "Output/diagnosis/batch/sim_00097_diagnosis.json"
  },
  "system_diagnosis": {
    "probabilities": {
      "正常": 0.9853480207901563,
      "幅度失准": 0.0026863809052802916,
      "频率失准": 0.00795798892180903,
      "参考电平失准": 0.004007609381769054
    },
    "predicted_class": "正常",
    "max_prob": 0.9853480207901563,
    "is_normal": true
  },
  "module_diagnosis": {
    "probabilities": {
      "[电源板] 电源管理模块": 0.9033138466840576,
      "[RF板][Mixer1]": 0.029832530577037983,
      "[时钟板][参考域] 10MHz 基准 OCXO": 0.020127972437519605,
      "[时钟板][参考分配]": 0.020127972437519605,
      "[RF板][RF] 低频通路固定滤波/抑制网络": 0.017971403962071076,
      "[LO/时钟板][LO1] 合成链": 0.008626273901794115,
      "[RF板][RF] 输入衰减器组": 0.0,
      "前置放大器": 0.0,
      "[RF板][YTF]": 0.0,
      "[RF板][Mixer2]": 0.0
    },
    "topk": [
      {
        "module": "[电源板] 电源管理模块",
        "probability": 0.9033138466840576
      },
      {
        "module": "[RF板][Mixer1]",
        "probability": 0.029832530577037983
      },
      {
        "module": "[时钟板][参考域] 10MHz 基准 OCXO",
        "probability": 0.020127972437519605
      }
    ],
    "disabled_modules": [
      "高频段YTF滤波器",
      "高频段混频器",
      "前置放大器",
      "衰减器"
    ]
  },
  "evidence_detail": {
    "viol_rate": 0.0,
    "envelope_violation": false,
    "violation_max_db": 0.0,
    "violation_energy": 0.4879477802588654,
    "baseline_coverage": 1.0
  },
  "config": {
    "mode": "unified_entry",
    "gating_status": "fallback_brb_only",
    "run_name": null,
    "topk": 3
  },
  "uncertainty": {
    "is_uncertain": false,
    "reason": "",
    "top_class": "正常",
    "runner_up": "频率失准",
    "max_prob": 0.9853480207901563,
    "second_prob": 0.00795798892180903,
    "prob_gap": 0.9773900318683473,
    "support_top_features": [],
    "support_runnerup_features": [],
    "conflict_features": [],
    "suggested_actions": []
  },
  "module_validation": {
    "sample_id": "sim_00097",
    "gt_module": null,
    "gt_module_v2": null,
    "top1": "[电源板] 电源管理模块",
    "top3": [
      "[电源板] 电源管理模块",
      "[RF板][Mixer1]",
      "[时钟板][参考域] 10MHz 基准 OCXO"
    ],
    "top5": [
      "[电源板] 电源管理模块",
      "[RF板][Mixer1]",
      "[时钟板][参考域] 10MHz 基准 OCXO",
      "[时钟板][参考分配]",
      "[RF板][RF] 低频通路固定滤波/抑制网络"
    ],
    "gt_rank": -1,
    "gt_prob": 0.0,
    "top1_hit": false,
    "top3_hit": false,
    "top5_hit": false
  },
  "ground_truth": {
    "type": "normal",
    "system_class_en": "normal",
    "system_class_cn": "正常",
    "module": null,
    "module_v2": null,
    "fault_params": {
      "severity": "light",
      "tier_target": "in_spec_weak",
      "type": "normal",
      "normal_state": "normal_state_A"
    }
  }
}