{
  "status": "success",
  "meta": {
    "sample_id": "sim_00019",
    "input_file": "/home/runner/work/FMFD-python/FMFD-python/Output/sim_spectrum/raw_curves/sim_00019.csv",
    "operating_condition": {
      "inject_power_dbm": -10.0,
      "freq_start_hz": 10000000.0,
      "freq_end_hz": 8200000000.0,
      "step_hz": 10000000.0,
      "frontend": {
        "low_band_only": true,
        "ac_coupling": true,
        "preamp": false
      }
    }
  },
  "data_points": 820,
  "frequency_range": {
    "min": 10000000.0,
    "max": 8200000000.0
  },
  "features": {
    "X1": -9.928190365853657,
    "X2": 0.0062503211578756055,
    "X3": 0.00029266973188416364,
    "X4": 0.07987859400192987,
    "X5": 0.31558616999550543,
    "X6": 0.006495983992549079,
    "X7": 0.08309999999999995,
    "X8": 0.06615060975609756,
    "X9": 0.006380589779725146,
    "X10": 0.013419890404255475,
    "X11": 0.20243902439024392,
    "X12": 0.08372914161870426,
    "X13": 0.07239411538963991,
    "X14": 0.05531501831501841,
    "X15": 0.07025898916983288,
    "X16": 0.00945550122499876,
    "X17": 0.0,
    "X18": 0.0,
    "X19": -0.00024113050382357646,
    "X20": -0.49496216755059397,
    "X21": 1.0,
    "X22": 0.08385531726159733,
    "X23": 0.0048298484024390295,
    "X24": 0.1385081146257514,
    "X25": 0.0048298484024390295,
    "X26": 0.0008218510157545807,
    "X27": 0.0001445500783029935,
    "X28": 0.0443154034227614,
    "X29": 0.07930762569169604,
    "X30": 0.11692317073170747,
    "X31": 0.009749202940314974,
    "X32": -5.3502231256501425,
    "X33": 0.2619226084866897,
    "X34": 0.030056383735078174,
    "X35": 0.00044564693147037453,
    "X36": 0.9646961833758365,
    "X37": 0.07987859400192987,
    "offset_db": 0.0,
    "viol_rate_aligned": 0.20243902439024392,
    "viol_energy_aligned": 0.07239411538963991,
    "global_offset_db": 0.0,
    "shape_rmse": 0.06949711074885796,
    "ripple_hp": 0.010731847158087704,
    "tail_asym": 0.01483999999999927,
    "compress_ratio": 0.2,
    "compress_ratio_high": 0.19661016949152543,
    "freq_shift_score": 0.4685879185791666,
    "offset_slope": -3.96085599436065e-05,
    "high_low_energy_ratio": 7.527773351890117,
    "band_offset_db_1": -0.023950000000000138,
    "band_offset_db_2": -0.004500000000001947,
    "band_offset_db_3": 0.010849999999999582,
    "band_offset_db_4": 0.002000000000000668
  },
  "system": {
    "probs": {
      "正常": 0.04942867288530921,
      "幅度失准": 0.20345004629011607,
      "频率失准": 0.2652123109444057,
      "参考电平失准": 0.481908969879687
    },
    "decision": "参考电平失准",
    "confidence": 0.481908969879687,
    "is_normal": false
  },
  "module": {
    "topk": [
      {
        "module_id": "[校准链路][校准源]",
        "gamma": 0.340422934248087
      },
      {
        "module_id": "[校准链路][校准路径开关/耦合]",
        "gamma": 0.24586100806806283
      },
      {
        "module_id": "[校准链路][校准表/存储]",
        "gamma": 0.21749243021405557
      }
    ],
    "gating": {
      "disabled_modules": [
        "高频段YTF滤波器",
        "高频段混频器",
        "前置放大器",
        "衰减器"
      ],
      "topk_k": 3
    }
  },
  "evidence": {
    "global_offset_db": 0.0,
    "hf_std_db": 0.04491874118143445,
    "p95_abs_dev_db": 0.12640499999999857,
    "inside_env_frac": 0.7975609756097561,
    "peak_freq_mae_hz": 4097.888174059681,
    "peak_freq_outlier_frac": 0.0
  },
  "artifacts": {
    "output_json": "Output/diagnosis/batch/sim_00019_diagnosis.json"
  },
  "system_diagnosis": {
    "probabilities": {
      "正常": 0.04942867288530921,
      "幅度失准": 0.20345004629011607,
      "频率失准": 0.2652123109444057,
      "参考电平失准": 0.481908969879687
    },
    "predicted_class": "参考电平失准",
    "max_prob": 0.481908969879687,
    "is_normal": false
  },
  "module_diagnosis": {
    "probabilities": {
      "[校准链路][校准源]": 0.340422934248087,
      "[校准链路][校准路径开关/耦合]": 0.24586100806806283,
      "[校准链路][校准表/存储]": 0.21749243021405557,
      "[电源板] 电源管理模块": 0.19622362746979458,
      "[RF板][RF] 输入衰减器组": 0.0,
      "前置放大器": 0.0,
      "[RF板][RF] 低频通路固定滤波/抑制网络": 0.0,
      "[RF板][Mixer1]": 0.0,
      "[RF板][YTF]": 0.0,
      "[RF板][Mixer2]": 0.0
    },
    "topk": [
      {
        "module": "[校准链路][校准源]",
        "probability": 0.340422934248087
      },
      {
        "module": "[校准链路][校准路径开关/耦合]",
        "probability": 0.24586100806806283
      },
      {
        "module": "[校准链路][校准表/存储]",
        "probability": 0.21749243021405557
      }
    ],
    "disabled_modules": [
      "高频段YTF滤波器",
      "高频段混频器",
      "前置放大器",
      "衰减器"
    ]
  },
  "evidence_detail": {
    "viol_rate": 0.20243902439024392,
    "envelope_violation": true,
    "violation_max_db": 0.08372914161870426,
    "violation_energy": 0.07239411538963991,
    "baseline_coverage": 0.7975609756097561
  },
  "config": {
    "mode": "unified_entry",
    "gating_status": "fallback_brb_only",
    "run_name": null,
    "topk": 3
  },
  "uncertainty": {
    "is_uncertain": true,
    "reason": "max_prob(48.19%) < 55%",
    "top_class": "参考电平失准",
    "runner_up": "频率失准",
    "max_prob": 0.481908969879687,
    "second_prob": 0.2652123109444057,
    "prob_gap": 0.21669665893528128,
    "support_top_features": [
      {
        "feature": "X1",
        "contribution": 4.964095182926829
      },
      {
        "feature": "X5",
        "contribution": 0.15779308499775271
      },
      {
        "feature": "X11",
        "contribution": 0.10121951219512196
      },
      {
        "feature": "X13",
        "contribution": 0.050675880772747935
      },
      {
        "feature": "X7",
        "contribution": 0.04985999999999997
      }
    ],
    "support_runnerup_features": [
      {
        "feature": "X4",
        "contribution": 0.07189073460173688
      },
      {
        "feature": "X15",
        "contribution": 0.04918129241888301
      },
      {
        "feature": "X14",
        "contribution": 0.033189010989011045
      },
      {
        "feature": "X16",
        "contribution": 0.008509951102498884
      }
    ],
    "conflict_features": [
      {
        "feature": "X20",
        "top_contrib": 0.0989924335101188,
        "runnerup_contrib": 0.0989924335101188
      },
      {
        "feature": "X22",
        "top_contrib": 0.016771063452319466,
        "runnerup_contrib": 0.016771063452319466
      },
      {
        "feature": "X9",
        "top_contrib": 0.0025522359118900586,
        "runnerup_contrib": 0.0025522359118900586
      }
    ],
    "suggested_actions": [
      "复测参考电平校准点",
      "检查 ADC 量化状态",
      "复测频率标度线性度",
      "建议重复测试或更换测试点以提高置信度"
    ]
  },
  "module_validation": {
    "sample_id": "sim_00019",
    "gt_module": "电源模块",
    "gt_module_v2": "[RF板][RF] 输入连接/匹配/保护",
    "top1": "[校准链路][校准源]",
    "top3": [
      "[校准链路][校准源]",
      "[校准链路][校准路径开关/耦合]",
      "[校准链路][校准表/存储]"
    ],
    "top5": [
      "[校准链路][校准源]",
      "[校准链路][校准路径开关/耦合]",
      "[校准链路][校准表/存储]",
      "[电源板] 电源管理模块",
      "[RF板][RF] 输入衰减器组"
    ],
    "gt_rank": -1,
    "gt_prob": 0.0,
    "top1_hit": false,
    "top3_hit": false,
    "top5_hit": false
  },
  "ground_truth": {
    "type": "fault",
    "system_class_en": "amp_error",
    "system_class_cn": "幅度失准",
    "module": "电源模块",
    "module_v2": "[RF板][RF] 输入连接/匹配/保护",
    "fault_params": {
      "severity": "light",
      "tier_target": "edge",
      "subtype": "amp_error_ripple",
      "ripple_amp_db": 0.05667635541829797,
      "period_norm": 0.0880870567910619,
      "template_id": "T3",
      "mean_offset_db": 0.004881177259350527
    }
  }
}