{
  "status": "success",
  "meta": {
    "sample_id": "sim_00132",
    "input_file": "/home/runner/work/FMFD-python/FMFD-python/Output/sim_spectrum/raw_curves/sim_00132.csv",
    "operating_condition": {
      "inject_power_dbm": -10.0,
      "freq_start_hz": 10000000.0,
      "freq_end_hz": 8200000000.0,
      "step_hz": 10000000.0,
      "frontend": {
        "low_band_only": true,
        "ac_coupling": true,
        "preamp": false
      }
    }
  },
  "data_points": 820,
  "frequency_range": {
    "min": 10000000.0,
    "max": 8200000000.0
  },
  "features": {
    "X1": -10.010994512195122,
    "X2": 0.0006685500515566126,
    "X3": 0.00023286425530178053,
    "X4": 0.02946244106649505,
    "X5": 0.27378990404613784,
    "X6": 0.000967274104030339,
    "X7": 0.07810000000000095,
    "X8": 0.024609634146341458,
    "X9": 0.000868035433596694,
    "X10": 0.014126288096758994,
    "X11": 0.0,
    "X12": 0.0,
    "X13": 0.1331683973174993,
    "X14": 0.0036564102564102976,
    "X15": 0.004940434326734696,
    "X16": -0.005337124227359624,
    "X17": 0.0,
    "X18": 0.0,
    "X19": -8.559415525622455e-05,
    "X20": 0.00940079010963224,
    "X21": 4.0,
    "X22": 0.03825273252940701,
    "X23": 2.900962195122044e-05,
    "X24": 0.07742710953641518,
    "X25": 2.900962195122044e-05,
    "X26": 0.0006274651679762371,
    "X27": 1.2312567209529476e-05,
    "X28": -0.03795507358346104,
    "X29": -0.060974096446027026,
    "X30": 0.002248475609756259,
    "X31": 0.0007775208469617286,
    "X32": -0.13139676272828668,
    "X33": 0.6115470835967927,
    "X34": 0.015703750437595906,
    "X35": 0.0003617506830301701,
    "X36": 0.7909473023419243,
    "X37": 0.02946244106649505,
    "offset_db": -0.0777000000000001,
    "viol_rate_aligned": 0.0,
    "viol_energy_aligned": 0.1331683973174993,
    "global_offset_db": 0.0,
    "shape_rmse": 0.005386058108786095,
    "ripple_hp": 0.007339217932306736,
    "tail_asym": -0.0004000000000008476,
    "compress_ratio": 0.19390243902439025,
    "compress_ratio_high": 0.2,
    "freq_shift_score": 0.01506740218074576,
    "offset_slope": 0.00029003434698458586,
    "high_low_energy_ratio": 13.303349368339129,
    "band_offset_db_1": 0.0006499999999993733,
    "band_offset_db_2": -0.0009999999999994458,
    "band_offset_db_3": -0.00020000000000042206,
    "band_offset_db_4": 0.0009999999999994458
  },
  "system": {
    "probs": {
      "正常": 0.006192948173464242,
      "幅度失准": 0.0011432207708448132,
      "频率失准": 0.002866464088904389,
      "参考电平失准": 0.9897973668678068
    },
    "decision": "参考电平失准",
    "confidence": 0.9897973668678068,
    "is_normal": false
  },
  "module": {
    "topk": [
      {
        "module_id": "[校准链路][校准源]",
        "gamma": 0.37853664421497346
      },
      {
        "module_id": "[校准链路][校准路径开关/耦合]",
        "gamma": 0.2733875763774809
      },
      {
        "module_id": "[校准链路][校准表/存储]",
        "gamma": 0.2418428560262331
      }
    ],
    "gating": {
      "disabled_modules": [
        "高频段YTF滤波器",
        "高频段混频器",
        "前置放大器",
        "衰减器"
      ],
      "topk_k": 3
    }
  },
  "evidence": {
    "global_offset_db": -0.0777000000000001,
    "hf_std_db": 0.005216281791070164,
    "p95_abs_dev_db": 0.010400000000000631,
    "inside_env_frac": 1.0,
    "peak_freq_mae_hz": 3960.3070803062833,
    "peak_freq_outlier_frac": 0.0
  },
  "artifacts": {
    "output_json": "Output/diagnosis/batch/sim_00132_diagnosis.json"
  },
  "system_diagnosis": {
    "probabilities": {
      "正常": 0.006192948173464242,
      "幅度失准": 0.0011432207708448132,
      "频率失准": 0.002866464088904389,
      "参考电平失准": 0.9897973668678068
    },
    "predicted_class": "参考电平失准",
    "max_prob": 0.9897973668678068,
    "is_normal": false
  },
  "module_diagnosis": {
    "probabilities": {
      "[校准链路][校准源]": 0.37853664421497346,
      "[校准链路][校准路径开关/耦合]": 0.2733875763774809,
      "[校准链路][校准表/存储]": 0.2418428560262331,
      "[电源板] 电源管理模块": 0.10623292338131256,
      "[RF板][RF] 输入衰减器组": 0.0,
      "前置放大器": 0.0,
      "[RF板][RF] 低频通路固定滤波/抑制网络": 0.0,
      "[RF板][Mixer1]": 0.0,
      "[RF板][YTF]": 0.0,
      "[RF板][Mixer2]": 0.0
    },
    "topk": [
      {
        "module": "[校准链路][校准源]",
        "probability": 0.37853664421497346
      },
      {
        "module": "[校准链路][校准路径开关/耦合]",
        "probability": 0.2733875763774809
      },
      {
        "module": "[校准链路][校准表/存储]",
        "probability": 0.2418428560262331
      }
    ],
    "disabled_modules": [
      "高频段YTF滤波器",
      "高频段混频器",
      "前置放大器",
      "衰减器"
    ]
  },
  "evidence_detail": {
    "viol_rate": 0.0,
    "envelope_violation": false,
    "violation_max_db": 0.0,
    "violation_energy": 0.1331683973174993,
    "baseline_coverage": 1.0
  },
  "config": {
    "mode": "unified_entry",
    "gating_status": "gated_ok",
    "run_name": null,
    "topk": 3
  },
  "uncertainty": {
    "is_uncertain": false,
    "reason": "",
    "top_class": "参考电平失准",
    "runner_up": "正常",
    "max_prob": 0.9897973668678068,
    "second_prob": 0.006192948173464242,
    "prob_gap": 0.9836044186943426,
    "support_top_features": [],
    "support_runnerup_features": [],
    "conflict_features": [],
    "suggested_actions": []
  },
  "module_validation": {
    "sample_id": "sim_00132",
    "gt_module": "校准信号开关",
    "gt_module_v2": "[校准链路][校准路径开关/耦合]",
    "top1": "[校准链路][校准源]",
    "top3": [
      "[校准链路][校准源]",
      "[校准链路][校准路径开关/耦合]",
      "[校准链路][校准表/存储]"
    ],
    "top5": [
      "[校准链路][校准源]",
      "[校准链路][校准路径开关/耦合]",
      "[校准链路][校准表/存储]",
      "[电源板] 电源管理模块",
      "[RF板][RF] 输入衰减器组"
    ],
    "gt_rank": 2,
    "gt_prob": 0.2733875763774809,
    "top1_hit": false,
    "top3_hit": true,
    "top5_hit": true
  },
  "ground_truth": {
    "type": "fault",
    "system_class_en": "ref_error",
    "system_class_cn": "参考电平失准",
    "module": "校准信号开关",
    "module_v2": "[校准链路][校准路径开关/耦合]",
    "fault_params": {
      "severity": "mid",
      "tier_target": "in_spec_weak",
      "type": "ref_miscal",
      "subtype": "ref_error_offset",
      "offset_db": 0.1239657353792551,
      "template_id": "T1",
      "mean_offset_db": -0.07792157683723307
    }
  }
}