{
  "status": "success",
  "meta": {
    "sample_id": "sim_00171",
    "input_file": "/home/runner/work/FMFD-python/FMFD-python/Output/sim_spectrum/raw_curves/sim_00171.csv",
    "operating_condition": {
      "inject_power_dbm": -10.0,
      "freq_start_hz": 10000000.0,
      "freq_end_hz": 8200000000.0,
      "step_hz": 10000000.0,
      "frontend": {
        "low_band_only": true,
        "ac_coupling": true,
        "preamp": false
      }
    }
  },
  "data_points": 820,
  "frequency_range": {
    "min": 10000000.0,
    "max": 8200000000.0
  },
  "features": {
    "X1": -9.90348475609756,
    "X2": 0.000792763459085203,
    "X3": 0.00017993402527439792,
    "X4": 0.03212155298738145,
    "X5": 0.26519840263692546,
    "X6": 0.0011652034871356353,
    "X7": 0.06639999999999979,
    "X8": 0.026807195121951236,
    "X9": 0.0010317941663211543,
    "X10": 0.016658320419177555,
    "X11": 0.0,
    "X12": 0.0,
    "X13": 0.18533687845893454,
    "X14": 0.008586080586080708,
    "X15": 0.014099362527528332,
    "X16": -0.01223134962091331,
    "X17": 0.0,
    "X18": 0.0,
    "X19": -0.00010745525205109487,
    "X20": 0.1154671549743016,
    "X21": 8.0,
    "X22": 0.042296745452751805,
    "X23": 0.00013994945121951474,
    "X24": 0.04955754864442785,
    "X25": 0.00013994945121951474,
    "X26": 8.417691094118223e-05,
    "X27": 7.230656483914538e-05,
    "X28": -0.070610687020713,
    "X29": 0.01661057576332092,
    "X30": 0.007961890243902623,
    "X31": 0.003656735328939371,
    "X32": -2.8128789067165196,
    "X33": 0.5450042961862148,
    "X34": 0.016655283550013552,
    "X35": 0.00034610002227321,
    "X36": 0.8322103253396839,
    "X37": 0.03212155298738145,
    "offset_db": 0.030000000000001137,
    "viol_rate_aligned": 0.0,
    "viol_energy_aligned": 0.18533687845893454,
    "global_offset_db": 0.0,
    "shape_rmse": 0.011830023297505154,
    "ripple_hp": 0.005783941299883457,
    "tail_asym": -0.004690000000000003,
    "compress_ratio": 0.19878048780487806,
    "compress_ratio_high": 0.2,
    "freq_shift_score": 0.06119862927794473,
    "offset_slope": -0.0003810025471591643,
    "high_low_energy_ratio": 10.809726028307297,
    "band_offset_db_1": -0.00420000000000087,
    "band_offset_db_2": -0.0015999999999998238,
    "band_offset_db_3": 0.003149999999998876,
    "band_offset_db_4": -1.7763568394002505e-15
  },
  "system": {
    "probs": {
      "正常": 0.9991215865888335,
      "幅度失准": 0.0002193564484973048,
      "频率失准": 0.000503712125950874,
      "参考电平失准": 0.0001553447368061964
    },
    "decision": "正常",
    "confidence": 0.9991215865888335,
    "is_normal": true
  },
  "module": {
    "topk": [
      {
        "module_id": "[电源板] 电源管理模块",
        "gamma": 0.9932706626824079
      },
      {
        "module_id": "[RF板][Mixer1]",
        "gamma": 0.002076338280149215
      },
      {
        "module_id": "[时钟板][参考域] 10MHz 基准 OCXO",
        "gamma": 0.0014009029360042896
      }
    ],
    "gating": {
      "disabled_modules": [
        "高频段YTF滤波器",
        "高频段混频器",
        "前置放大器",
        "衰减器"
      ],
      "topk_k": 3
    }
  },
  "evidence": {
    "global_offset_db": 0.030000000000001137,
    "hf_std_db": 0.009416687724159737,
    "p95_abs_dev_db": 0.022505000000000837,
    "inside_env_frac": 1.0,
    "peak_freq_mae_hz": 4065.026121661551,
    "peak_freq_outlier_frac": 0.0
  },
  "artifacts": {
    "output_json": "Output/diagnosis/batch/sim_00171_diagnosis.json"
  },
  "system_diagnosis": {
    "probabilities": {
      "正常": 0.9991215865888335,
      "幅度失准": 0.0002193564484973048,
      "频率失准": 0.000503712125950874,
      "参考电平失准": 0.0001553447368061964
    },
    "predicted_class": "正常",
    "max_prob": 0.9991215865888335,
    "is_normal": true
  },
  "module_diagnosis": {
    "probabilities": {
      "[电源板] 电源管理模块": 0.9932706626824079,
      "[RF板][Mixer1]": 0.002076338280149215,
      "[时钟板][参考域] 10MHz 基准 OCXO": 0.0014009029360042896,
      "[时钟板][参考分配]": 0.0014009029360042896,
      "[RF板][RF] 低频通路固定滤波/抑制网络": 0.0012508061928609728,
      "[LO/时钟板][LO1] 合成链": 0.000600386972573267,
      "[RF板][RF] 输入衰减器组": 0.0,
      "前置放大器": 0.0,
      "[RF板][YTF]": 0.0,
      "[RF板][Mixer2]": 0.0
    },
    "topk": [
      {
        "module": "[电源板] 电源管理模块",
        "probability": 0.9932706626824079
      },
      {
        "module": "[RF板][Mixer1]",
        "probability": 0.002076338280149215
      },
      {
        "module": "[时钟板][参考域] 10MHz 基准 OCXO",
        "probability": 0.0014009029360042896
      }
    ],
    "disabled_modules": [
      "高频段YTF滤波器",
      "高频段混频器",
      "前置放大器",
      "衰减器"
    ]
  },
  "evidence_detail": {
    "viol_rate": 0.0,
    "envelope_violation": false,
    "violation_max_db": 0.0,
    "violation_energy": 0.18533687845893454,
    "baseline_coverage": 1.0
  },
  "config": {
    "mode": "unified_entry",
    "gating_status": "gated_ok",
    "run_name": null,
    "topk": 3
  },
  "uncertainty": {
    "is_uncertain": false,
    "reason": "",
    "top_class": "正常",
    "runner_up": "频率失准",
    "max_prob": 0.9991215865888335,
    "second_prob": 0.000503712125950874,
    "prob_gap": 0.9986178744628826,
    "support_top_features": [],
    "support_runnerup_features": [],
    "conflict_features": [],
    "suggested_actions": []
  },
  "module_validation": {
    "sample_id": "sim_00171",
    "gt_module": null,
    "gt_module_v2": null,
    "top1": "[电源板] 电源管理模块",
    "top3": [
      "[电源板] 电源管理模块",
      "[RF板][Mixer1]",
      "[时钟板][参考域] 10MHz 基准 OCXO"
    ],
    "top5": [
      "[电源板] 电源管理模块",
      "[RF板][Mixer1]",
      "[时钟板][参考域] 10MHz 基准 OCXO",
      "[时钟板][参考分配]",
      "[RF板][RF] 低频通路固定滤波/抑制网络"
    ],
    "gt_rank": -1,
    "gt_prob": 0.0,
    "top1_hit": false,
    "top3_hit": false,
    "top5_hit": false
  },
  "ground_truth": {
    "type": "normal",
    "system_class_en": "normal",
    "system_class_cn": "正常",
    "module": null,
    "module_v2": null,
    "fault_params": {
      "severity": "light",
      "tier_target": "in_spec_weak",
      "type": "normal",
      "normal_state": "normal_state_A"
    }
  }
}