{
  "status": "success",
  "meta": {
    "sample_id": "sim_00063",
    "input_file": "/home/runner/work/FMFD-python/FMFD-python/Output/sim_spectrum/raw_curves/sim_00063.csv",
    "operating_condition": {
      "inject_power_dbm": -10.0,
      "freq_start_hz": 10000000.0,
      "freq_end_hz": 8200000000.0,
      "step_hz": 10000000.0,
      "frontend": {
        "low_band_only": true,
        "ac_coupling": true,
        "preamp": false
      }
    }
  },
  "data_points": 820,
  "frequency_range": {
    "min": 10000000.0,
    "max": 8200000000.0
  },
  "features": {
    "X1": -9.933073414634146,
    "X2": 0.0005352742122331275,
    "X3": 0.0003514976942853521,
    "X4": 0.0287202848935524,
    "X5": 0.33493560966441893,
    "X6": 0.000991799707852468,
    "X7": 0.0625,
    "X8": 0.02558073170731706,
    "X9": 0.0008248547643668144,
    "X10": 0.018025637200669926,
    "X11": 0.0,
    "X12": 0.0,
    "X13": 0.5807154187337549,
    "X14": 0.004662271062270789,
    "X15": 0.015691691522205918,
    "X16": -0.28291514246014876,
    "X17": 0.0,
    "X18": 0.0005,
    "X19": -5.456422114189303e-05,
    "X20": -0.3751439894538553,
    "X21": 3.0,
    "X22": 0.048005791422752686,
    "X23": 8.642289568788635e-05,
    "X24": 0.16836168284934516,
    "X25": 0.00012418990243902807,
    "X26": 0.00038716248043627646,
    "X27": 4.218771503289697e-05,
    "X28": -0.12256897330981446,
    "X29": 1.9770953439308698,
    "X30": 0.001515493869997745,
    "X31": 0.002772951023108924,
    "X32": -1.5715189600765205,
    "X33": 0.46504818277063215,
    "X34": 0.018452963965688136,
    "X35": 0.0002144963366683515,
    "X36": 0.8691729980305085,
    "X37": 0.0287202848935524,
    "offset_db": 0.0016000000000016001,
    "viol_rate_aligned": 0.0,
    "viol_energy_aligned": 0.5807154187337549,
    "global_offset_db": 0.0,
    "shape_rmse": 0.011144052334722234,
    "ripple_hp": 0.00981045135425022,
    "tail_asym": -0.011325000000002116,
    "compress_ratio": 0.2,
    "compress_ratio_high": 0.2,
    "freq_shift_score": 0.062435421185433215,
    "offset_slope": -0.0009599398353742481,
    "high_low_energy_ratio": 8.071070166264569,
    "band_offset_db_1": -0.0026500000000018176,
    "band_offset_db_2": 0.0012999999999969702,
    "band_offset_db_3": 0.00054999999999783,
    "band_offset_db_4": -0.002300000000001745
  },
  "system": {
    "probs": {
      "正常": 0.018013969779318552,
      "幅度失准": 0.01878931861717011,
      "频率失准": 0.9577586163163108,
      "参考电平失准": 0.0054380951914246725
    },
    "decision": "频率失准",
    "confidence": 0.9577586163163108,
    "is_normal": false
  },
  "module": {
    "topk": [
      {
        "module_id": "[RF板][Mixer1]",
        "gamma": 0.2863233133359661
      },
      {
        "module_id": "[时钟板][参考域] 10MHz 基准 OCXO",
        "gamma": 0.19318199453992893
      },
      {
        "module_id": "[时钟板][参考分配]",
        "gamma": 0.19318199453992893
      }
    ],
    "gating": {
      "disabled_modules": [
        "高频段YTF滤波器",
        "高频段混频器",
        "前置放大器",
        "衰减器"
      ],
      "topk_k": 3
    }
  },
  "evidence": {
    "global_offset_db": 0.0016000000000016001,
    "hf_std_db": 0.00810842038785934,
    "p95_abs_dev_db": 0.024010000000002477,
    "inside_env_frac": 1.0,
    "peak_freq_mae_hz": 2372600.500618144,
    "peak_freq_outlier_frac": 0.06463414634146342
  },
  "artifacts": {
    "output_json": "Output/diagnosis/batch/sim_00063_diagnosis.json"
  },
  "system_diagnosis": {
    "probabilities": {
      "正常": 0.018013969779318552,
      "幅度失准": 0.01878931861717011,
      "频率失准": 0.9577586163163108,
      "参考电平失准": 0.0054380951914246725
    },
    "predicted_class": "频率失准",
    "max_prob": 0.9577586163163108,
    "is_normal": false
  },
  "module_diagnosis": {
    "probabilities": {
      "[RF板][Mixer1]": 0.2863233133359661,
      "[时钟板][参考域] 10MHz 基准 OCXO": 0.19318199453992893,
      "[时钟板][参考分配]": 0.19318199453992893,
      "[RF板][RF] 低频通路固定滤波/抑制网络": 0.17248392369636514,
      "[LO/时钟板][LO1] 合成链": 0.08279228337425526,
      "[电源板] 电源管理模块": 0.07203649051355561,
      "[RF板][RF] 输入衰减器组": 0.0,
      "前置放大器": 0.0,
      "[RF板][YTF]": 0.0,
      "[RF板][Mixer2]": 0.0
    },
    "topk": [
      {
        "module": "[RF板][Mixer1]",
        "probability": 0.2863233133359661
      },
      {
        "module": "[时钟板][参考域] 10MHz 基准 OCXO",
        "probability": 0.19318199453992893
      },
      {
        "module": "[时钟板][参考分配]",
        "probability": 0.19318199453992893
      }
    ],
    "disabled_modules": [
      "高频段YTF滤波器",
      "高频段混频器",
      "前置放大器",
      "衰减器"
    ]
  },
  "evidence_detail": {
    "viol_rate": 0.0,
    "envelope_violation": false,
    "violation_max_db": 0.0,
    "violation_energy": 0.5807154187337549,
    "baseline_coverage": 1.0
  },
  "config": {
    "mode": "unified_entry",
    "gating_status": "gated_ok",
    "run_name": null,
    "topk": 3
  },
  "uncertainty": {
    "is_uncertain": false,
    "reason": "",
    "top_class": "频率失准",
    "runner_up": "幅度失准",
    "max_prob": 0.9577586163163108,
    "second_prob": 0.01878931861717011,
    "prob_gap": 0.9389692976991406,
    "support_top_features": [],
    "support_runnerup_features": [],
    "conflict_features": [],
    "suggested_actions": []
  },
  "module_validation": {
    "sample_id": "sim_00063",
    "gt_module": "时钟振荡器",
    "gt_module_v2": "[LO/时钟板][LO1] 合成链",
    "top1": "[RF板][Mixer1]",
    "top3": [
      "[RF板][Mixer1]",
      "[时钟板][参考域] 10MHz 基准 OCXO",
      "[时钟板][参考分配]"
    ],
    "top5": [
      "[RF板][Mixer1]",
      "[时钟板][参考域] 10MHz 基准 OCXO",
      "[时钟板][参考分配]",
      "[RF板][RF] 低频通路固定滤波/抑制网络",
      "[LO/时钟板][LO1] 合成链"
    ],
    "gt_rank": 5,
    "gt_prob": 0.08279228337425526,
    "top1_hit": false,
    "top3_hit": false,
    "top5_hit": true
  },
  "ground_truth": {
    "type": "fault",
    "system_class_en": "freq_error",
    "system_class_cn": "频率失准",
    "module": "时钟振荡器",
    "module_v2": "[LO/时钟板][LO1] 合成链",
    "fault_params": {
      "severity": "mid",
      "tier_target": "edge",
      "delta_f_hz": -1222388.258437468,
      "ppm": -149.25375560897047,
      "shift_bins": -0.1222388258437468,
      "bandwidth_hz": 8190000000.0,
      "warp_scale": 0.9997023656914942,
      "warp_bias": -0.00014907173883383756,
      "type": "freq_miscal",
      "track_type": "dense",
      "template_id": "T8",
      "forced_peak_track_type": true,
      "peak_track_profile": {
        "bands": [
          {
            "start_hz": 6152123230.257579,
            "end_hz": 6774485843.842088,
            "center_hz": 6463304537.049833,
            "width_hz": 622362613.5845095,
            "amplitude_hz": 36530870.10531745,
            "ramp_hz": 90823317.96774572
          }
        ],
        "track_type": "dense"
      },
      "freq_amp_coupling": {
        "bias_db_min": -0.1,
        "bias_db_max": -0.02
      }
    }
  }
}