{
  "status": "success",
  "meta": {
    "sample_id": "sim_00151",
    "input_file": "/home/runner/work/FMFD-python/FMFD-python/Output/sim_spectrum/raw_curves/sim_00151.csv",
    "operating_condition": {
      "inject_power_dbm": -10.0,
      "freq_start_hz": 10000000.0,
      "freq_end_hz": 8200000000.0,
      "step_hz": 10000000.0,
      "frontend": {
        "low_band_only": true,
        "ac_coupling": true,
        "preamp": false
      }
    }
  },
  "data_points": 820,
  "frequency_range": {
    "min": 10000000.0,
    "max": 8200000000.0
  },
  "features": {
    "X1": -9.942715731707318,
    "X2": 0.0007284437568163781,
    "X3": 0.0001764610341028113,
    "X4": 0.03187611100353918,
    "X5": 0.3174495736157476,
    "X6": 0.0011362394232450935,
    "X7": 0.06599999999999895,
    "X8": 0.02661768292682929,
    "X9": 0.0010160864527099518,
    "X10": 0.01821963825788112,
    "X11": 0.0,
    "X12": 0.0,
    "X13": 0.18336387937839385,
    "X14": 0.00702747252747254,
    "X15": 0.0085566122139112,
    "X16": -0.010805780454462085,
    "X17": 0.0,
    "X18": 0.0,
    "X19": -7.233789750803475e-05,
    "X20": -0.1916674245740202,
    "X21": 2.0,
    "X22": 0.04994067207128381,
    "X23": 0.00010011218292682949,
    "X24": 0.048659630815407695,
    "X25": 0.00010011218292682949,
    "X26": 7.748631915649733e-05,
    "X27": 8.299673319383433e-05,
    "X28": 0.09494451294300905,
    "X29": 0.03976084404172924,
    "X30": 0.008223170731707447,
    "X31": 0.004558178064696758,
    "X32": -2.4420393389350643,
    "X33": 0.5419484442636416,
    "X34": 0.01702240328188344,
    "X35": 0.0003337227406184928,
    "X36": 0.8354139708018605,
    "X37": 0.03187611100353918,
    "offset_db": -0.009999999999999787,
    "viol_rate_aligned": 0.0,
    "viol_energy_aligned": 0.18336387937839385,
    "global_offset_db": 0.0,
    "shape_rmse": 0.010005607574097112,
    "ripple_hp": 0.0056364754732763,
    "tail_asym": 0.001885000000000938,
    "compress_ratio": 0.1951219512195122,
    "compress_ratio_high": 0.2,
    "freq_shift_score": 0.044093689338711495,
    "offset_slope": -0.00013223583601760345,
    "high_low_energy_ratio": 7.827798859907991,
    "band_offset_db_1": -0.0024500000000005073,
    "band_offset_db_2": -0.0016999999999995907,
    "band_offset_db_3": 0.005649999999999267,
    "band_offset_db_4": -0.001800000000001134
  },
  "system": {
    "probs": {
      "正常": 0.9974034717162652,
      "幅度失准": 0.0009226210271134033,
      "频率失准": 0.0011343150393671381,
      "参考电平失准": 0.0005395921175139356
    },
    "decision": "正常",
    "confidence": 0.9974034717162652,
    "is_normal": true
  },
  "module": {
    "topk": [
      {
        "module_id": "[电源板] 电源管理模块",
        "gamma": 0.9849727268731804
      },
      {
        "module_id": "[RF板][Mixer1]",
        "gamma": 0.004636667916453641
      },
      {
        "module_id": "[时钟板][参考域] 10MHz 基准 OCXO",
        "gamma": 0.0031283542568843847
      }
    ],
    "gating": {
      "disabled_modules": [
        "高频段YTF滤波器",
        "高频段混频器",
        "前置放大器",
        "衰减器"
      ],
      "topk_k": 3
    }
  },
  "evidence": {
    "global_offset_db": -0.009999999999999787,
    "hf_std_db": 0.007963841833898238,
    "p95_abs_dev_db": 0.019905000000001477,
    "inside_env_frac": 1.0,
    "peak_freq_mae_hz": 4096.598989405442,
    "peak_freq_outlier_frac": 0.0
  },
  "artifacts": {
    "output_json": "Output/diagnosis/batch/sim_00151_diagnosis.json"
  },
  "system_diagnosis": {
    "probabilities": {
      "正常": 0.9974034717162652,
      "幅度失准": 0.0009226210271134033,
      "频率失准": 0.0011343150393671381,
      "参考电平失准": 0.0005395921175139356
    },
    "predicted_class": "正常",
    "max_prob": 0.9974034717162652,
    "is_normal": true
  },
  "module_diagnosis": {
    "probabilities": {
      "[电源板] 电源管理模块": 0.9849727268731804,
      "[RF板][Mixer1]": 0.004636667916453641,
      "[时钟板][参考域] 10MHz 基准 OCXO": 0.0031283542568843847,
      "[时钟板][参考分配]": 0.0031283542568843847,
      "[RF板][RF] 低频通路固定滤波/抑制网络": 0.0027931734436467725,
      "[LO/时钟板][LO1] 合成链": 0.0013407232529504506,
      "[RF板][RF] 输入衰减器组": 0.0,
      "前置放大器": 0.0,
      "[RF板][YTF]": 0.0,
      "[RF板][Mixer2]": 0.0
    },
    "topk": [
      {
        "module": "[电源板] 电源管理模块",
        "probability": 0.9849727268731804
      },
      {
        "module": "[RF板][Mixer1]",
        "probability": 0.004636667916453641
      },
      {
        "module": "[时钟板][参考域] 10MHz 基准 OCXO",
        "probability": 0.0031283542568843847
      }
    ],
    "disabled_modules": [
      "高频段YTF滤波器",
      "高频段混频器",
      "前置放大器",
      "衰减器"
    ]
  },
  "evidence_detail": {
    "viol_rate": 0.0,
    "envelope_violation": false,
    "violation_max_db": 0.0,
    "violation_energy": 0.18336387937839385,
    "baseline_coverage": 1.0
  },
  "config": {
    "mode": "unified_entry",
    "gating_status": "gated_ok",
    "run_name": null,
    "topk": 3
  },
  "uncertainty": {
    "is_uncertain": false,
    "reason": "",
    "top_class": "正常",
    "runner_up": "频率失准",
    "max_prob": 0.9974034717162652,
    "second_prob": 0.0011343150393671381,
    "prob_gap": 0.9962691566768981,
    "support_top_features": [],
    "support_runnerup_features": [],
    "conflict_features": [],
    "suggested_actions": []
  },
  "module_validation": {
    "sample_id": "sim_00151",
    "gt_module": null,
    "gt_module_v2": null,
    "top1": "[电源板] 电源管理模块",
    "top3": [
      "[电源板] 电源管理模块",
      "[RF板][Mixer1]",
      "[时钟板][参考域] 10MHz 基准 OCXO"
    ],
    "top5": [
      "[电源板] 电源管理模块",
      "[RF板][Mixer1]",
      "[时钟板][参考域] 10MHz 基准 OCXO",
      "[时钟板][参考分配]",
      "[RF板][RF] 低频通路固定滤波/抑制网络"
    ],
    "gt_rank": -1,
    "gt_prob": 0.0,
    "top1_hit": false,
    "top3_hit": false,
    "top5_hit": false
  },
  "ground_truth": {
    "type": "normal",
    "system_class_en": "normal",
    "system_class_cn": "正常",
    "module": null,
    "module_v2": null,
    "fault_params": {
      "severity": "light",
      "tier_target": "in_spec_weak",
      "type": "normal",
      "normal_state": "normal_state_A"
    }
  }
}