{
  "status": "success",
  "meta": {
    "sample_id": "sim_00146",
    "input_file": "/home/runner/work/FMFD-python/FMFD-python/Output/sim_spectrum/raw_curves/sim_00146.csv",
    "operating_condition": {
      "inject_power_dbm": -10.0,
      "freq_start_hz": 10000000.0,
      "freq_end_hz": 8200000000.0,
      "step_hz": 10000000.0,
      "frontend": {
        "low_band_only": true,
        "ac_coupling": true,
        "preamp": false
      }
    }
  },
  "data_points": 820,
  "frequency_range": {
    "min": 10000000.0,
    "max": 8200000000.0
  },
  "features": {
    "X1": -9.978529756097561,
    "X2": 0.0006499683710093193,
    "X3": 0.00029326799341614334,
    "X4": 0.03034750378085231,
    "X5": 0.25178393111576963,
    "X6": 0.0010333213340868515,
    "X7": 0.08479999999999954,
    "X8": 0.02543878048780486,
    "X9": 0.0009209709857288452,
    "X10": 0.014716794996441985,
    "X11": 0.0,
    "X12": 0.0,
    "X13": 0.16917546265446423,
    "X14": 0.005082417582417534,
    "X15": 0.007484748313954563,
    "X16": -0.0008276139546690609,
    "X17": 0.0,
    "X18": 0.0,
    "X19": -5.224234235488525e-05,
    "X20": 0.017525199877592268,
    "X21": 3.0,
    "X22": 0.03696661977773062,
    "X23": 5.549231707317044e-05,
    "X24": 0.13095904544041292,
    "X25": 5.549231707317044e-05,
    "X26": 0.00039139517548956245,
    "X27": 2.9390522959228583e-05,
    "X28": -0.06644700713532518,
    "X29": 0.07882182576943673,
    "X30": 0.0038687500000000666,
    "X31": 0.0010229173063283398,
    "X32": -0.1685653371474315,
    "X33": 0.6213778878712805,
    "X34": 0.015749755851777087,
    "X35": 0.00039897619584322943,
    "X36": 0.7822898628750058,
    "X37": 0.030347503780852308,
    "offset_db": -0.045399999999999,
    "viol_rate_aligned": 0.0,
    "viol_energy_aligned": 0.16917546265446423,
    "global_offset_db": 0.0,
    "shape_rmse": 0.007449316550742788,
    "ripple_hp": 0.009886918801128079,
    "tail_asym": -0.000505000000004063,
    "compress_ratio": 0.2,
    "compress_ratio_high": 0.2,
    "freq_shift_score": 0.027113710377200007,
    "offset_slope": 2.0643666168226585e-05,
    "high_low_energy_ratio": 25.624819371390178,
    "band_offset_db_1": 0.0005999999999986017,
    "band_offset_db_2": -0.0001000000000015433,
    "band_offset_db_3": 0.0017500000000012506,
    "band_offset_db_4": -0.001200000000000756
  },
  "system": {
    "probs": {
      "正常": 0.008244634483225856,
      "幅度失准": 0.00019661247261085934,
      "频率失准": 0.011478286766551318,
      "参考电平失准": 0.980080466179604
    },
    "decision": "参考电平失准",
    "confidence": 0.980080466179604,
    "is_normal": false
  },
  "module": {
    "topk": [
      {
        "module_id": "[校准链路][校准源]",
        "gamma": 0.37813837575216264
      },
      {
        "module_id": "[校准链路][校准路径开关/耦合]",
        "gamma": 0.27309993804322863
      },
      {
        "module_id": "[校准链路][校准表/存储]",
        "gamma": 0.24158840673054835
      }
    ],
    "gating": {
      "disabled_modules": [
        "高频段YTF滤波器",
        "高频段混频器",
        "前置放大器",
        "衰减器"
      ],
      "topk_k": 3
    }
  },
  "evidence": {
    "global_offset_db": -0.045399999999999,
    "hf_std_db": 0.006966212750110412,
    "p95_abs_dev_db": 0.015399999999997948,
    "inside_env_frac": 1.0,
    "peak_freq_mae_hz": 3897.1855609272334,
    "peak_freq_outlier_frac": 0.0
  },
  "artifacts": {
    "output_json": "Output/diagnosis/batch/sim_00146_diagnosis.json"
  },
  "system_diagnosis": {
    "probabilities": {
      "正常": 0.008244634483225856,
      "幅度失准": 0.00019661247261085934,
      "频率失准": 0.011478286766551318,
      "参考电平失准": 0.980080466179604
    },
    "predicted_class": "参考电平失准",
    "max_prob": 0.980080466179604,
    "is_normal": false
  },
  "module_diagnosis": {
    "probabilities": {
      "[校准链路][校准源]": 0.37813837575216264,
      "[校准链路][校准路径开关/耦合]": 0.27309993804322863,
      "[校准链路][校准表/存储]": 0.24158840673054835,
      "[电源板] 电源管理模块": 0.10717327947406036,
      "[RF板][RF] 输入衰减器组": 0.0,
      "前置放大器": 0.0,
      "[RF板][RF] 低频通路固定滤波/抑制网络": 0.0,
      "[RF板][Mixer1]": 0.0,
      "[RF板][YTF]": 0.0,
      "[RF板][Mixer2]": 0.0
    },
    "topk": [
      {
        "module": "[校准链路][校准源]",
        "probability": 0.37813837575216264
      },
      {
        "module": "[校准链路][校准路径开关/耦合]",
        "probability": 0.27309993804322863
      },
      {
        "module": "[校准链路][校准表/存储]",
        "probability": 0.24158840673054835
      }
    ],
    "disabled_modules": [
      "高频段YTF滤波器",
      "高频段混频器",
      "前置放大器",
      "衰减器"
    ]
  },
  "evidence_detail": {
    "viol_rate": 0.0,
    "envelope_violation": false,
    "violation_max_db": 0.0,
    "violation_energy": 0.16917546265446423,
    "baseline_coverage": 1.0
  },
  "config": {
    "mode": "unified_entry",
    "gating_status": "gated_ok",
    "run_name": null,
    "topk": 3
  },
  "uncertainty": {
    "is_uncertain": false,
    "reason": "",
    "top_class": "参考电平失准",
    "runner_up": "频率失准",
    "max_prob": 0.980080466179604,
    "second_prob": 0.011478286766551318,
    "prob_gap": 0.9686021794130527,
    "support_top_features": [],
    "support_runnerup_features": [],
    "conflict_features": [],
    "suggested_actions": []
  },
  "module_validation": {
    "sample_id": "sim_00146",
    "gt_module": "校准源",
    "gt_module_v2": "[校准链路][校准源]",
    "top1": "[校准链路][校准源]",
    "top3": [
      "[校准链路][校准源]",
      "[校准链路][校准路径开关/耦合]",
      "[校准链路][校准表/存储]"
    ],
    "top5": [
      "[校准链路][校准源]",
      "[校准链路][校准路径开关/耦合]",
      "[校准链路][校准表/存储]",
      "[电源板] 电源管理模块",
      "[RF板][RF] 输入衰减器组"
    ],
    "gt_rank": 1,
    "gt_prob": 0.37813837575216264,
    "top1_hit": true,
    "top3_hit": true,
    "top5_hit": true
  },
  "ground_truth": {
    "type": "fault",
    "system_class_en": "ref_error",
    "system_class_cn": "参考电平失准",
    "module": "校准源",
    "module_v2": "[校准链路][校准源]",
    "fault_params": {
      "severity": "mid",
      "tier_target": "edge",
      "type": "ref_miscal",
      "subtype": "ref_error_offset",
      "offset_db": 0.13134834271003873,
      "template_id": "T1",
      "mean_offset_db": -0.045456915904939686
    }
  }
}