{
  "status": "success",
  "meta": {
    "sample_id": "sim_00050",
    "input_file": "/home/runner/work/FMFD-python/FMFD-python/Output/sim_spectrum/raw_curves/sim_00050.csv",
    "operating_condition": {
      "inject_power_dbm": -10.0,
      "freq_start_hz": 10000000.0,
      "freq_end_hz": 8200000000.0,
      "step_hz": 10000000.0,
      "frontend": {
        "low_band_only": true,
        "ac_coupling": true,
        "preamp": false
      }
    }
  },
  "data_points": 820,
  "frequency_range": {
    "min": 10000000.0,
    "max": 8200000000.0
  },
  "features": {
    "X1": -9.877833414634146,
    "X2": 0.0006712425196642187,
    "X3": 0.00020955654101995376,
    "X4": 0.03048148229662141,
    "X5": 0.24997210930443345,
    "X6": 0.001073413566389054,
    "X7": 0.08999999999999986,
    "X8": 0.025853902439024384,
    "X9": 0.0009291207629992445,
    "X10": 0.015181468079594597,
    "X11": 0.0,
    "X12": 0.0,
    "X13": 0.12160022475244184,
    "X14": 0.005083516483516615,
    "X15": 0.006465739133336495,
    "X16": 0.004193436239984174,
    "X17": 0.0,
    "X18": 0.0,
    "X19": -9.981139697177609e-05,
    "X20": 0.1348677243688705,
    "X21": 6.0,
    "X22": 0.035621137052064995,
    "X23": 4.734160975609802e-05,
    "X24": 0.09991413501269308,
    "X25": 4.734160975609802e-05,
    "X26": 0.0003894102035083476,
    "X27": 2.5889700038041182e-05,
    "X28": -0.04705882352663891,
    "X29": -0.11300376559670951,
    "X30": 0.003636280487804948,
    "X31": 0.0019003313997592686,
    "X32": -0.4242539676138996,
    "X33": 0.6163193519021145,
    "X34": 0.01631661285757954,
    "X35": 0.0004077356532356537,
    "X36": 0.7792736162856176,
    "X37": 0.030481482296621412,
    "offset_db": 0.055299999999999905,
    "viol_rate_aligned": 0.0,
    "viol_energy_aligned": 0.12160022475244184,
    "global_offset_db": 0.0,
    "shape_rmse": 0.006880523944882252,
    "ripple_hp": 0.008812808900300938,
    "tail_asym": -0.0006949999999983844,
    "compress_ratio": 0.2,
    "compress_ratio_high": 0.2,
    "freq_shift_score": 0.021559402608812284,
    "offset_slope": -0.0005761324422682781,
    "high_low_energy_ratio": 1.323587894573123,
    "band_offset_db_1": 0.005199999999999427,
    "band_offset_db_2": 0.0017999999999993577,
    "band_offset_db_3": 4.999999999988347e-05,
    "band_offset_db_4": -0.002200000000001978
  },
  "system": {
    "probs": {
      "正常": 0.9530575937794293,
      "幅度失准": 0.015708154569524527,
      "频率失准": 0.007800438708909754,
      "参考电平失准": 0.02343381294118326
    },
    "decision": "正常",
    "confidence": 0.9530575937794293,
    "is_normal": true
  },
  "module": {
    "topk": [
      {
        "module_id": "[电源板] 电源管理模块",
        "gamma": 0.833898014322842
      },
      {
        "module_id": "[校准链路][校准源]",
        "gamma": 0.07034907628679632
      },
      {
        "module_id": "[校准链路][校准路径开关/耦合]",
        "gamma": 0.05080766620713068
      }
    ],
    "gating": {
      "disabled_modules": [
        "高频段YTF滤波器",
        "高频段混频器",
        "前置放大器",
        "衰减器"
      ],
      "topk_k": 3
    }
  },
  "evidence": {
    "global_offset_db": 0.055299999999999905,
    "hf_std_db": 0.006216892898240184,
    "p95_abs_dev_db": 0.013399999999999057,
    "inside_env_frac": 1.0,
    "peak_freq_mae_hz": 3791.5259262125305,
    "peak_freq_outlier_frac": 0.0
  },
  "artifacts": {
    "output_json": "Output/diagnosis/batch/sim_00050_diagnosis.json"
  },
  "system_diagnosis": {
    "probabilities": {
      "正常": 0.9530575937794293,
      "幅度失准": 0.015708154569524527,
      "频率失准": 0.007800438708909754,
      "参考电平失准": 0.02343381294118326
    },
    "predicted_class": "正常",
    "max_prob": 0.9530575937794293,
    "is_normal": true
  },
  "module_diagnosis": {
    "probabilities": {
      "[电源板] 电源管理模块": 0.833898014322842,
      "[校准链路][校准源]": 0.07034907628679632,
      "[校准链路][校准路径开关/耦合]": 0.05080766620713068,
      "[校准链路][校准表/存储]": 0.04494524318323098,
      "[RF板][RF] 输入衰减器组": 0.0,
      "前置放大器": 0.0,
      "[RF板][RF] 低频通路固定滤波/抑制网络": 0.0,
      "[RF板][Mixer1]": 0.0,
      "[RF板][YTF]": 0.0,
      "[RF板][Mixer2]": 0.0
    },
    "topk": [
      {
        "module": "[电源板] 电源管理模块",
        "probability": 0.833898014322842
      },
      {
        "module": "[校准链路][校准源]",
        "probability": 0.07034907628679632
      },
      {
        "module": "[校准链路][校准路径开关/耦合]",
        "probability": 0.05080766620713068
      }
    ],
    "disabled_modules": [
      "高频段YTF滤波器",
      "高频段混频器",
      "前置放大器",
      "衰减器"
    ]
  },
  "evidence_detail": {
    "viol_rate": 0.0,
    "envelope_violation": false,
    "violation_max_db": 0.0,
    "violation_energy": 0.12160022475244184,
    "baseline_coverage": 1.0
  },
  "config": {
    "mode": "unified_entry",
    "gating_status": "fallback_brb_only",
    "run_name": null,
    "topk": 3
  },
  "uncertainty": {
    "is_uncertain": false,
    "reason": "",
    "top_class": "正常",
    "runner_up": "参考电平失准",
    "max_prob": 0.9530575937794293,
    "second_prob": 0.02343381294118326,
    "prob_gap": 0.929623780838246,
    "support_top_features": [],
    "support_runnerup_features": [],
    "conflict_features": [],
    "suggested_actions": []
  },
  "module_validation": {
    "sample_id": "sim_00050",
    "gt_module": "存储器",
    "gt_module_v2": "[校准链路][校准表/存储]",
    "top1": "[电源板] 电源管理模块",
    "top3": [
      "[电源板] 电源管理模块",
      "[校准链路][校准源]",
      "[校准链路][校准路径开关/耦合]"
    ],
    "top5": [
      "[电源板] 电源管理模块",
      "[校准链路][校准源]",
      "[校准链路][校准路径开关/耦合]",
      "[校准链路][校准表/存储]",
      "[RF板][RF] 输入衰减器组"
    ],
    "gt_rank": 4,
    "gt_prob": 0.04494524318323098,
    "top1_hit": false,
    "top3_hit": false,
    "top5_hit": true
  },
  "ground_truth": {
    "type": "fault",
    "system_class_en": "ref_error",
    "system_class_cn": "参考电平失准",
    "module": "存储器",
    "module_v2": "[校准链路][校准表/存储]",
    "fault_params": {
      "severity": "light",
      "tier_target": "mild_oos",
      "type": "ref_miscal",
      "subtype": "ref_error_offset",
      "offset_db": 0.08086854194406293,
      "template_id": "T1",
      "mean_offset_db": 0.05524065415066797
    }
  }
}