{
  "status": "success",
  "meta": {
    "sample_id": "sim_00163",
    "input_file": "/home/runner/work/FMFD-python/FMFD-python/Output/sim_spectrum/raw_curves/sim_00163.csv",
    "operating_condition": {
      "inject_power_dbm": -10.0,
      "freq_start_hz": 10000000.0,
      "freq_end_hz": 8200000000.0,
      "step_hz": 10000000.0,
      "frontend": {
        "low_band_only": true,
        "ac_coupling": true,
        "preamp": false
      }
    }
  },
  "data_points": 820,
  "frequency_range": {
    "min": 10000000.0,
    "max": 8200000000.0
  },
  "features": {
    "X1": -9.94512012195122,
    "X2": 0.0007286153097941028,
    "X3": 0.00026804537972876125,
    "X4": 0.029903391524975818,
    "X5": 0.2754926768193232,
    "X6": 0.0010888996316924433,
    "X7": 0.08150000000000013,
    "X8": 0.02567060975609754,
    "X9": 0.0008942128246959957,
    "X10": 0.017759250796720034,
    "X11": 0.0,
    "X12": 0.0,
    "X13": 0.3577097144325393,
    "X14": 0.0071175824175823115,
    "X15": 0.013030567696621741,
    "X16": -0.005492071701624861,
    "X17": 0.0,
    "X18": 0.0,
    "X19": -6.406346199384138e-05,
    "X20": 0.36904641539396144,
    "X21": 5.0,
    "X22": 0.035331980628258756,
    "X23": 0.0002034335731707305,
    "X24": 0.054933677202420705,
    "X25": 0.0002034335731707305,
    "X26": 0.0006705452878865012,
    "X27": 0.0001767307666571329,
    "X28": -0.16788321167413098,
    "X29": 1.0929534750226062,
    "X30": 0.01116310975609758,
    "X31": 0.004364779265539281,
    "X32": -3.4124554218703533,
    "X33": 0.5572960321756867,
    "X34": 0.015625058988339883,
    "X35": 0.00033818921442957964,
    "X36": 0.810124267480382,
    "X37": 0.029903391524975818,
    "offset_db": -0.009999999999999787,
    "viol_rate_aligned": 0.0,
    "viol_energy_aligned": 0.3577097144325393,
    "global_offset_db": 0.0,
    "shape_rmse": 0.01426301416849645,
    "ripple_hp": 0.006018095370331814,
    "tail_asym": -0.010924999999999501,
    "compress_ratio": 0.2,
    "compress_ratio_high": 0.19661016949152543,
    "freq_shift_score": 0.09563115238887399,
    "offset_slope": -0.0013960383713806912,
    "high_low_energy_ratio": 9.76850522862465,
    "band_offset_db_1": 0.004099999999999326,
    "band_offset_db_2": 0.003299999999997638,
    "band_offset_db_3": -0.004600000000000826,
    "band_offset_db_4": -0.0045999999999999375
  },
  "system": {
    "probs": {
      "正常": 0.9936646888148029,
      "幅度失准": 0.0005026949266329108,
      "频率失准": 0.004222465357083469,
      "参考电平失准": 0.0016101508021141811
    },
    "decision": "正常",
    "confidence": 0.9936646888148029,
    "is_normal": true
  },
  "module": {
    "topk": [
      {
        "module_id": "[电源板] 电源管理模块",
        "gamma": 0.9462598595511186
      },
      {
        "module_id": "[RF板][Mixer1]",
        "gamma": 0.01658153032437606
      },
      {
        "module_id": "[时钟板][参考域] 10MHz 基准 OCXO",
        "gamma": 0.011187538532109147
      }
    ],
    "gating": {
      "disabled_modules": [
        "高频段YTF滤波器",
        "高频段混频器",
        "前置放大器",
        "衰减器"
      ],
      "topk_k": 3
    }
  },
  "evidence": {
    "global_offset_db": -0.009999999999999787,
    "hf_std_db": 0.010740623213667398,
    "p95_abs_dev_db": 0.031915000000000214,
    "inside_env_frac": 1.0,
    "peak_freq_mae_hz": 3989.2970925097284,
    "peak_freq_outlier_frac": 0.0
  },
  "artifacts": {
    "output_json": "Output/diagnosis/batch/sim_00163_diagnosis.json"
  },
  "system_diagnosis": {
    "probabilities": {
      "正常": 0.9936646888148029,
      "幅度失准": 0.0005026949266329108,
      "频率失准": 0.004222465357083469,
      "参考电平失准": 0.0016101508021141811
    },
    "predicted_class": "正常",
    "max_prob": 0.9936646888148029,
    "is_normal": true
  },
  "module_diagnosis": {
    "probabilities": {
      "[电源板] 电源管理模块": 0.9462598595511186,
      "[RF板][Mixer1]": 0.01658153032437606,
      "[时钟板][参考域] 10MHz 基准 OCXO": 0.011187538532109147,
      "[时钟板][参考分配]": 0.011187538532109147,
      "[RF板][RF] 低频通路固定滤波/抑制网络": 0.009988873689383171,
      "[LO/时钟板][LO1] 合成链": 0.00479465937090392,
      "[RF板][RF] 输入衰减器组": 0.0,
      "前置放大器": 0.0,
      "[RF板][YTF]": 0.0,
      "[RF板][Mixer2]": 0.0
    },
    "topk": [
      {
        "module": "[电源板] 电源管理模块",
        "probability": 0.9462598595511186
      },
      {
        "module": "[RF板][Mixer1]",
        "probability": 0.01658153032437606
      },
      {
        "module": "[时钟板][参考域] 10MHz 基准 OCXO",
        "probability": 0.011187538532109147
      }
    ],
    "disabled_modules": [
      "高频段YTF滤波器",
      "高频段混频器",
      "前置放大器",
      "衰减器"
    ]
  },
  "evidence_detail": {
    "viol_rate": 0.0,
    "envelope_violation": false,
    "violation_max_db": 0.0,
    "violation_energy": 0.3577097144325393,
    "baseline_coverage": 1.0
  },
  "config": {
    "mode": "unified_entry",
    "gating_status": "gated_ok",
    "run_name": null,
    "topk": 3
  },
  "uncertainty": {
    "is_uncertain": false,
    "reason": "",
    "top_class": "正常",
    "runner_up": "频率失准",
    "max_prob": 0.9936646888148029,
    "second_prob": 0.004222465357083469,
    "prob_gap": 0.9894422234577194,
    "support_top_features": [],
    "support_runnerup_features": [],
    "conflict_features": [],
    "suggested_actions": []
  },
  "module_validation": {
    "sample_id": "sim_00163",
    "gt_module": null,
    "gt_module_v2": null,
    "top1": "[电源板] 电源管理模块",
    "top3": [
      "[电源板] 电源管理模块",
      "[RF板][Mixer1]",
      "[时钟板][参考域] 10MHz 基准 OCXO"
    ],
    "top5": [
      "[电源板] 电源管理模块",
      "[RF板][Mixer1]",
      "[时钟板][参考域] 10MHz 基准 OCXO",
      "[时钟板][参考分配]",
      "[RF板][RF] 低频通路固定滤波/抑制网络"
    ],
    "gt_rank": -1,
    "gt_prob": 0.0,
    "top1_hit": false,
    "top3_hit": false,
    "top5_hit": false
  },
  "ground_truth": {
    "type": "normal",
    "system_class_en": "normal",
    "system_class_cn": "正常",
    "module": null,
    "module_v2": null,
    "fault_params": {
      "severity": "mid",
      "tier_target": "edge",
      "type": "normal",
      "normal_state": "normal_state_A"
    }
  }
}