{
  "status": "success",
  "meta": {
    "sample_id": "sim_00049",
    "input_file": "/home/runner/work/FMFD-python/FMFD-python/Output/sim_spectrum/raw_curves/sim_00049.csv",
    "operating_condition": {
      "inject_power_dbm": -10.0,
      "freq_start_hz": 10000000.0,
      "freq_end_hz": 8200000000.0,
      "step_hz": 10000000.0,
      "frontend": {
        "low_band_only": true,
        "ac_coupling": true,
        "preamp": false
      }
    }
  },
  "data_points": 820,
  "frequency_range": {
    "min": 10000000.0,
    "max": 8200000000.0
  },
  "features": {
    "X1": -9.933073414634146,
    "X2": 0.00048635473341760983,
    "X3": -0.0003115148341109567,
    "X4": 0.03844406078773903,
    "X5": 0.361490515575671,
    "X6": 0.00449786190297442,
    "X7": 0.08029999999999937,
    "X8": 0.0520719512195122,
    "X9": 0.0014779458098513735,
    "X10": 0.058203578712613474,
    "X11": 0.08658536585365853,
    "X12": 0.01824370779239537,
    "X13": 2.355250061151437,
    "X14": 0.02576868131868163,
    "X15": 0.04170367563997172,
    "X16": 0.017646206605682828,
    "X17": 0.0,
    "X18": 0.0,
    "X19": -0.00015713223105959923,
    "X20": -0.4354154283481293,
    "X21": 3.0,
    "X22": 0.08643988319839872,
    "X23": 0.002615844109756071,
    "X24": 6.357127073808311e-05,
    "X25": 0.002615844109756071,
    "X26": 0.0009158478380764892,
    "X27": 0.00042890425975916657,
    "X28": -0.5520069681312819,
    "X29": 1.0822551198386827,
    "X30": 0.0384477134146342,
    "X31": 0.04674717192437226,
    "X32": -13.041888029926836,
    "X33": 0.2634144861556996,
    "X34": 0.04465186985228184,
    "X35": 0.0003120940052865327,
    "X36": 0.894437401474204,
    "X37": 0.03844406078773903,
    "offset_db": 0.015849999999999476,
    "viol_rate_aligned": 0.08658536585365853,
    "viol_energy_aligned": 2.355250061151437,
    "global_offset_db": 0.0,
    "shape_rmse": 0.05114532343974443,
    "ripple_hp": 0.00019919945452758403,
    "tail_asym": -0.09151499999999979,
    "compress_ratio": 0.2,
    "compress_ratio_high": 0.2,
    "freq_shift_score": 0.2541081161440555,
    "offset_slope": -0.018716872701781,
    "high_low_energy_ratio": 4.520236695151791,
    "band_offset_db_1": 0.03810000000000091,
    "band_offset_db_2": 0.022850000000000037,
    "band_offset_db_3": -0.0013999999999994017,
    "band_offset_db_4": -0.061949999999999505
  },
  "system": {
    "probs": {
      "正常": 1.723983926857671e-05,
      "幅度失准": 0.9481926898549313,
      "频率失准": 0.05178175456432742,
      "参考电平失准": 8.315646653381649e-06
    },
    "decision": "幅度失准",
    "confidence": 0.9481926898549313,
    "is_normal": false
  },
  "module": {
    "topk": [
      {
        "module_id": "[数字中频板][ADC] 数字检波与平均",
        "gamma": 0.26980959412220906
      },
      {
        "module_id": "[数字中频板][IF] 中频放大/衰减链",
        "gamma": 0.2628913994011268
      },
      {
        "module_id": "[数字中频板][DSP] 数字增益/偏置校准",
        "gamma": 0.16603667330597482
      }
    ],
    "gating": {
      "disabled_modules": [
        "高频段YTF滤波器",
        "高频段混频器",
        "前置放大器",
        "衰减器"
      ],
      "topk_k": 3
    }
  },
  "evidence": {
    "global_offset_db": 0.015849999999999476,
    "hf_std_db": 0.008114498192557383,
    "p95_abs_dev_db": 0.12617000000000073,
    "inside_env_frac": 0.9134146341463415,
    "peak_freq_mae_hz": 3980.239034703753,
    "peak_freq_outlier_frac": 0.0
  },
  "artifacts": {
    "output_json": "Output/diagnosis/batch/sim_00049_diagnosis.json"
  },
  "system_diagnosis": {
    "probabilities": {
      "正常": 1.723983926857671e-05,
      "幅度失准": 0.9481926898549313,
      "频率失准": 0.05178175456432742,
      "参考电平失准": 8.315646653381649e-06
    },
    "predicted_class": "幅度失准",
    "max_prob": 0.9481926898549313,
    "is_normal": false
  },
  "module_diagnosis": {
    "probabilities": {
      "[数字中频板][ADC] 数字检波与平均": 0.26980959412220906,
      "[数字中频板][IF] 中频放大/衰减链": 0.2628913994011268,
      "[数字中频板][DSP] 数字增益/偏置校准": 0.16603667330597482,
      "[数字中频板][IF] RBW数字滤波器": 0.12452750497948113,
      "[数字中频板][VBW]": 0.10377292081623427,
      "[电源板] 电源管理模块": 0.07296190737497389,
      "[RF板][RF] 输入衰减器组": 0.0,
      "前置放大器": 0.0,
      "[RF板][RF] 低频通路固定滤波/抑制网络": 0.0,
      "[RF板][Mixer1]": 0.0
    },
    "topk": [
      {
        "module": "[数字中频板][ADC] 数字检波与平均",
        "probability": 0.26980959412220906
      },
      {
        "module": "[数字中频板][IF] 中频放大/衰减链",
        "probability": 0.2628913994011268
      },
      {
        "module": "[数字中频板][DSP] 数字增益/偏置校准",
        "probability": 0.16603667330597482
      }
    ],
    "disabled_modules": [
      "高频段YTF滤波器",
      "高频段混频器",
      "前置放大器",
      "衰减器"
    ]
  },
  "evidence_detail": {
    "viol_rate": 0.08658536585365853,
    "envelope_violation": false,
    "violation_max_db": 0.01824370779239537,
    "violation_energy": 2.355250061151437,
    "baseline_coverage": 0.9134146341463415
  },
  "config": {
    "mode": "unified_entry",
    "gating_status": "gated_ok",
    "run_name": null,
    "topk": 3
  },
  "uncertainty": {
    "is_uncertain": false,
    "reason": "",
    "top_class": "幅度失准",
    "runner_up": "频率失准",
    "max_prob": 0.9481926898549313,
    "second_prob": 0.05178175456432742,
    "prob_gap": 0.8964109352906039,
    "support_top_features": [],
    "support_runnerup_features": [],
    "conflict_features": [],
    "suggested_actions": []
  },
  "module_validation": {
    "sample_id": "sim_00049",
    "gt_module": "低频段前置低通滤波器",
    "gt_module_v2": "[RF板][RF] 低频通路固定滤波/抑制网络",
    "top1": "[数字中频板][ADC] 数字检波与平均",
    "top3": [
      "[数字中频板][ADC] 数字检波与平均",
      "[数字中频板][IF] 中频放大/衰减链",
      "[数字中频板][DSP] 数字增益/偏置校准"
    ],
    "top5": [
      "[数字中频板][ADC] 数字检波与平均",
      "[数字中频板][IF] 中频放大/衰减链",
      "[数字中频板][DSP] 数字增益/偏置校准",
      "[数字中频板][IF] RBW数字滤波器",
      "[数字中频板][VBW]"
    ],
    "gt_rank": 8,
    "gt_prob": 0.0,
    "top1_hit": false,
    "top3_hit": false,
    "top5_hit": false
  },
  "ground_truth": {
    "type": "fault",
    "system_class_en": "amp_error",
    "system_class_cn": "幅度失准",
    "module": "低频段前置低通滤波器",
    "module_v2": "[RF板][RF] 低频通路固定滤波/抑制网络",
    "fault_params": {
      "severity": "mid",
      "tier_target": "mild_oos",
      "type": "lpf_shift",
      "subtype": "amp_error_band",
      "slope_db": -0.082942580974399,
      "template_id": "T2"
    }
  }
}