{
  "status": "success",
  "meta": {
    "sample_id": "sim_00083",
    "input_file": "/home/runner/work/FMFD-python/FMFD-python/Output/sim_spectrum/raw_curves/sim_00083.csv",
    "operating_condition": {
      "inject_power_dbm": -10.0,
      "freq_start_hz": 10000000.0,
      "freq_end_hz": 8200000000.0,
      "step_hz": 10000000.0,
      "frontend": {
        "low_band_only": true,
        "ac_coupling": true,
        "preamp": false
      }
    }
  },
  "data_points": 820,
  "frequency_range": {
    "min": 10000000.0,
    "max": 8200000000.0
  },
  "features": {
    "X1": -9.924469634146343,
    "X2": 0.0011437766089959671,
    "X3": 0.0002721494157495912,
    "X4": 0.03554043611504241,
    "X5": 0.31541682424877143,
    "X6": 0.0013509769193783474,
    "X7": 0.07460000000000022,
    "X8": 0.029413292682926858,
    "X9": 0.0012631225992474106,
    "X10": 0.01372334886353705,
    "X11": 0.0,
    "X12": 0.0,
    "X13": 0.2865295390116858,
    "X14": 0.013693406593406654,
    "X15": 0.010916193988668858,
    "X16": -0.012088582788846738,
    "X17": 0.0,
    "X18": 0.0,
    "X19": -0.00020266050061986104,
    "X20": -0.12637542329972273,
    "X21": 8.0,
    "X22": 0.04554062103987242,
    "X23": 0.00020108137804878039,
    "X24": 0.050950695470775575,
    "X25": 0.00020108137804878039,
    "X26": 0.0002897259010237709,
    "X27": 0.0001581777447541104,
    "X28": -0.20419426048002626,
    "X29": -0.3046695388069461,
    "X30": 0.014228632893823789,
    "X31": 0.0073511403628381015,
    "X32": -3.266236761594764,
    "X33": 0.5021174220321203,
    "X34": 0.01682448825689321,
    "X35": 0.0003406108752297769,
    "X36": 0.8642937356683723,
    "X37": 0.03554043611504241,
    "offset_db": 0.009999999999999787,
    "viol_rate_aligned": 0.0,
    "viol_energy_aligned": 0.2865295390116858,
    "global_offset_db": 0.0,
    "shape_rmse": 0.014180316570823812,
    "ripple_hp": 0.005817840230047213,
    "tail_asym": -0.008329999999998436,
    "compress_ratio": 0.2,
    "compress_ratio_high": 0.19661016949152543,
    "freq_shift_score": 0.0723147655234172,
    "offset_slope": 0.0005387727648207642,
    "high_low_energy_ratio": 52.576302045164766,
    "band_offset_db_1": -0.0014500000000001734,
    "band_offset_db_2": -0.002500000000001279,
    "band_offset_db_3": 0.004399999999999515,
    "band_offset_db_4": -0.00019999999999953388
  },
  "system": {
    "probs": {
      "正常": 0.9852094993475161,
      "幅度失准": 0.003219929843008382,
      "频率失准": 0.006777102087219369,
      "参考电平失准": 0.004793468721270901
    },
    "decision": "正常",
    "confidence": 0.9852094993475161,
    "is_normal": true
  },
  "module": {
    "topk": [
      {
        "module_id": "[电源板] 电源管理模块",
        "gamma": 0.9164625816149966
      },
      {
        "module_id": "[RF板][Mixer1]",
        "gamma": 0.025775485970094
      },
      {
        "module_id": "[时钟板][参考域] 10MHz 基准 OCXO",
        "gamma": 0.01739068932922005
      }
    ],
    "gating": {
      "disabled_modules": [
        "高频段YTF滤波器",
        "高频段混频器",
        "前置放大器",
        "衰减器"
      ],
      "topk_k": 3
    }
  },
  "evidence": {
    "global_offset_db": 0.009999999999999787,
    "hf_std_db": 0.009633007896950313,
    "p95_abs_dev_db": 0.029219999999999385,
    "inside_env_frac": 1.0,
    "peak_freq_mae_hz": 4197.320934836062,
    "peak_freq_outlier_frac": 0.0
  },
  "artifacts": {
    "output_json": "Output/diagnosis/batch/sim_00083_diagnosis.json"
  },
  "system_diagnosis": {
    "probabilities": {
      "正常": 0.9852094993475161,
      "幅度失准": 0.003219929843008382,
      "频率失准": 0.006777102087219369,
      "参考电平失准": 0.004793468721270901
    },
    "predicted_class": "正常",
    "max_prob": 0.9852094993475161,
    "is_normal": true
  },
  "module_diagnosis": {
    "probabilities": {
      "[电源板] 电源管理模块": 0.9164625816149966,
      "[RF板][Mixer1]": 0.025775485970094,
      "[时钟板][参考域] 10MHz 基准 OCXO": 0.01739068932922005,
      "[时钟板][参考分配]": 0.01739068932922005,
      "[RF板][RF] 低频通路固定滤波/抑制网络": 0.015527401186803614,
      "[LO/时钟板][LO1] 合成链": 0.007453152569665735,
      "[RF板][RF] 输入衰减器组": 0.0,
      "前置放大器": 0.0,
      "[RF板][YTF]": 0.0,
      "[RF板][Mixer2]": 0.0
    },
    "topk": [
      {
        "module": "[电源板] 电源管理模块",
        "probability": 0.9164625816149966
      },
      {
        "module": "[RF板][Mixer1]",
        "probability": 0.025775485970094
      },
      {
        "module": "[时钟板][参考域] 10MHz 基准 OCXO",
        "probability": 0.01739068932922005
      }
    ],
    "disabled_modules": [
      "高频段YTF滤波器",
      "高频段混频器",
      "前置放大器",
      "衰减器"
    ]
  },
  "evidence_detail": {
    "viol_rate": 0.0,
    "envelope_violation": false,
    "violation_max_db": 0.0,
    "violation_energy": 0.2865295390116858,
    "baseline_coverage": 1.0
  },
  "config": {
    "mode": "unified_entry",
    "gating_status": "fallback_brb_only",
    "run_name": null,
    "topk": 3
  },
  "uncertainty": {
    "is_uncertain": false,
    "reason": "",
    "top_class": "正常",
    "runner_up": "频率失准",
    "max_prob": 0.9852094993475161,
    "second_prob": 0.006777102087219369,
    "prob_gap": 0.9784323972602967,
    "support_top_features": [],
    "support_runnerup_features": [],
    "conflict_features": [],
    "suggested_actions": []
  },
  "module_validation": {
    "sample_id": "sim_00083",
    "gt_module": null,
    "gt_module_v2": null,
    "top1": "[电源板] 电源管理模块",
    "top3": [
      "[电源板] 电源管理模块",
      "[RF板][Mixer1]",
      "[时钟板][参考域] 10MHz 基准 OCXO"
    ],
    "top5": [
      "[电源板] 电源管理模块",
      "[RF板][Mixer1]",
      "[时钟板][参考域] 10MHz 基准 OCXO",
      "[时钟板][参考分配]",
      "[RF板][RF] 低频通路固定滤波/抑制网络"
    ],
    "gt_rank": -1,
    "gt_prob": 0.0,
    "top1_hit": false,
    "top3_hit": false,
    "top5_hit": false
  },
  "ground_truth": {
    "type": "normal",
    "system_class_en": "normal",
    "system_class_cn": "正常",
    "module": null,
    "module_v2": null,
    "fault_params": {
      "severity": "light",
      "tier_target": "in_spec_weak",
      "type": "normal",
      "normal_state": "normal_state_A"
    }
  }
}