{
  "status": "success",
  "meta": {
    "sample_id": "sim_00026",
    "input_file": "/home/runner/work/FMFD-python/FMFD-python/Output/sim_spectrum/raw_curves/sim_00026.csv",
    "operating_condition": {
      "inject_power_dbm": -10.0,
      "freq_start_hz": 10000000.0,
      "freq_end_hz": 8200000000.0,
      "step_hz": 10000000.0,
      "frontend": {
        "low_band_only": true,
        "ac_coupling": true,
        "preamp": false
      }
    }
  },
  "data_points": 820,
  "frequency_range": {
    "min": 10000000.0,
    "max": 8200000000.0
  },
  "features": {
    "X1": -9.93306024390244,
    "X2": 0.0067224402929803705,
    "X3": 4.650293145428207e-05,
    "X4": 0.08055122820437256,
    "X5": 0.3035158409590143,
    "X6": 0.0066086508340868575,
    "X7": 0.10670000000000002,
    "X8": 0.06718829268292684,
    "X9": 0.006488500365232906,
    "X10": 0.013402728439583993,
    "X11": 0.19634146341463415,
    "X12": 0.07080868697249976,
    "X13": 0.042302811200916224,
    "X14": 0.05884945054945057,
    "X15": 0.075082833263832,
    "X16": 0.04395069533727194,
    "X17": 0.0,
    "X18": 0.0,
    "X19": 0.00019078073853268963,
    "X20": -0.5243196673382755,
    "X21": 1.0,
    "X22": 0.0855703546177871,
    "X23": 0.005284542756097571,
    "X24": 0.2550342204844833,
    "X25": 0.005284542756097571,
    "X26": 0.001485606424836531,
    "X27": 0.00042060529637816415,
    "X28": 0.014604302348466953,
    "X29": -0.04425244821358705,
    "X30": 0.12006463414634151,
    "X31": 0.012605443502287147,
    "X32": -4.421759886969529,
    "X33": 0.299714348907452,
    "X34": 0.028272641317630392,
    "X35": 0.0005936464533268936,
    "X36": 0.9539122511698285,
    "X37": 0.08055122820437256,
    "offset_db": -8.881784197001252e-16,
    "viol_rate_aligned": 0.19634146341463415,
    "viol_energy_aligned": 0.042302811200916224,
    "global_offset_db": 8.881784197001252e-16,
    "shape_rmse": 0.0726948605892987,
    "ripple_hp": 0.016261092708664042,
    "tail_asym": 0.007000000000004711,
    "compress_ratio": 0.2,
    "compress_ratio_high": 0.2,
    "freq_shift_score": 0.5461737267779114,
    "offset_slope": -0.00013218762857804365,
    "high_low_energy_ratio": 3.03822252763507,
    "band_offset_db_1": -0.03279999999999905,
    "band_offset_db_2": -0.007200000000000983,
    "band_offset_db_3": 0.0209500000000018,
    "band_offset_db_4": -0.0019999999999988916
  },
  "system": {
    "probs": {
      "正常": 9.571595711709572e-07,
      "幅度失准": 0.9918368107980418,
      "频率失准": 0.008160574219547868,
      "参考电平失准": 1.65772365560724e-06
    },
    "decision": "幅度失准",
    "confidence": 0.9918368107980418,
    "is_normal": false
  },
  "module": {
    "topk": [
      {
        "module_id": "[数字中频板][ADC] 数字检波与平均",
        "gamma": 0.27067862592496345
      },
      {
        "module_id": "[数字中频板][IF] 中频放大/衰减链",
        "gamma": 0.2637381483371439
      },
      {
        "module_id": "[数字中频板][DSP] 数字增益/偏置校准",
        "gamma": 0.16657146210766985
      }
    ],
    "gating": {
      "disabled_modules": [
        "高频段YTF滤波器",
        "高频段混频器",
        "前置放大器",
        "衰减器"
      ],
      "topk_k": 3
    }
  },
  "evidence": {
    "global_offset_db": -8.881784197001252e-16,
    "hf_std_db": 0.04767490284460486,
    "p95_abs_dev_db": 0.13125500000000323,
    "inside_env_frac": 0.8036585365853659,
    "peak_freq_mae_hz": 3930.0000267273335,
    "peak_freq_outlier_frac": 0.0
  },
  "artifacts": {
    "output_json": "Output/diagnosis/batch/sim_00026_diagnosis.json"
  },
  "system_diagnosis": {
    "probabilities": {
      "正常": 9.571595711709572e-07,
      "幅度失准": 0.9918368107980418,
      "频率失准": 0.008160574219547868,
      "参考电平失准": 1.65772365560724e-06
    },
    "predicted_class": "幅度失准",
    "max_prob": 0.9918368107980418,
    "is_normal": false
  },
  "module_diagnosis": {
    "probabilities": {
      "[数字中频板][ADC] 数字检波与平均": 0.27067862592496345,
      "[数字中频板][IF] 中频放大/衰减链": 0.2637381483371439,
      "[数字中频板][DSP] 数字增益/偏置校准": 0.16657146210766985,
      "[数字中频板][IF] RBW数字滤波器": 0.12492859658075234,
      "[数字中频板][VBW]": 0.10410716381729362,
      "[电源板] 电源管理模块": 0.06997600323217687,
      "[RF板][RF] 输入衰减器组": 0.0,
      "前置放大器": 0.0,
      "[RF板][RF] 低频通路固定滤波/抑制网络": 0.0,
      "[RF板][Mixer1]": 0.0
    },
    "topk": [
      {
        "module": "[数字中频板][ADC] 数字检波与平均",
        "probability": 0.27067862592496345
      },
      {
        "module": "[数字中频板][IF] 中频放大/衰减链",
        "probability": 0.2637381483371439
      },
      {
        "module": "[数字中频板][DSP] 数字增益/偏置校准",
        "probability": 0.16657146210766985
      }
    ],
    "disabled_modules": [
      "高频段YTF滤波器",
      "高频段混频器",
      "前置放大器",
      "衰减器"
    ]
  },
  "evidence_detail": {
    "viol_rate": 0.19634146341463415,
    "envelope_violation": true,
    "violation_max_db": 0.07080868697249976,
    "violation_energy": 0.042302811200916224,
    "baseline_coverage": 0.8036585365853659
  },
  "config": {
    "mode": "unified_entry",
    "gating_status": "gated_ok",
    "run_name": null,
    "topk": 3
  },
  "uncertainty": {
    "is_uncertain": false,
    "reason": "",
    "top_class": "幅度失准",
    "runner_up": "频率失准",
    "max_prob": 0.9918368107980418,
    "second_prob": 0.008160574219547868,
    "prob_gap": 0.9836762365784939,
    "support_top_features": [],
    "support_runnerup_features": [],
    "conflict_features": [],
    "suggested_actions": []
  },
  "module_validation": {
    "sample_id": "sim_00026",
    "gt_module": "数字放大器",
    "gt_module_v2": "数字放大器",
    "top1": "[数字中频板][ADC] 数字检波与平均",
    "top3": [
      "[数字中频板][ADC] 数字检波与平均",
      "[数字中频板][IF] 中频放大/衰减链",
      "[数字中频板][DSP] 数字增益/偏置校准"
    ],
    "top5": [
      "[数字中频板][ADC] 数字检波与平均",
      "[数字中频板][IF] 中频放大/衰减链",
      "[数字中频板][DSP] 数字增益/偏置校准",
      "[数字中频板][IF] RBW数字滤波器",
      "[数字中频板][VBW]"
    ],
    "gt_rank": -1,
    "gt_prob": 0.0,
    "top1_hit": false,
    "top3_hit": false,
    "top5_hit": false
  },
  "ground_truth": {
    "type": "fault",
    "system_class_en": "amp_error",
    "system_class_cn": "幅度失准",
    "module": "数字放大器",
    "module_v2": "数字放大器",
    "fault_params": {
      "severity": "light",
      "tier_target": "in_spec_weak",
      "subtype": "amp_error_ripple",
      "ripple_amp_db": 0.06009713415241185,
      "period_norm": 0.08757745118637097,
      "template_id": "T3",
      "mean_offset_db": 1.4397404425740733e-05
    }
  }
}