{
  "status": "success",
  "meta": {
    "sample_id": "sim_00175",
    "input_file": "/home/runner/work/FMFD-python/FMFD-python/Output/sim_spectrum/raw_curves/sim_00175.csv",
    "operating_condition": {
      "inject_power_dbm": -10.0,
      "freq_start_hz": 10000000.0,
      "freq_end_hz": 8200000000.0,
      "step_hz": 10000000.0,
      "frontend": {
        "low_band_only": true,
        "ac_coupling": true,
        "preamp": false
      }
    }
  },
  "data_points": 820,
  "frequency_range": {
    "min": 10000000.0,
    "max": 8200000000.0
  },
  "features": {
    "X1": -9.924607317073171,
    "X2": 0.0007402750933224275,
    "X3": 0.0001487630759185522,
    "X4": 0.028752032918941243,
    "X5": 0.2457494591335883,
    "X6": 0.000912088946460441,
    "X7": 0.06949999999999967,
    "X8": 0.023680487804878064,
    "X9": 0.0008266793969718809,
    "X10": 0.012416601535614791,
    "X11": 0.0,
    "X12": 0.0,
    "X13": 0.2392457377103077,
    "X14": 0.007646886446886584,
    "X15": 0.010338773075253273,
    "X16": -0.008272488525218162,
    "X17": 0.0,
    "X18": 0.0,
    "X19": -0.00019022022259060584,
    "X20": 0.14270467971483214,
    "X21": 5.0,
    "X22": 0.034022423278087945,
    "X23": 0.00013857851219512267,
    "X24": 0.040575105405618594,
    "X25": 0.00013857851219512267,
    "X26": 0.0009519234704686301,
    "X27": 9.968567778296738e-05,
    "X28": -0.17035022100749003,
    "X29": 0.7402609851518765,
    "X30": 0.0020533888503354823,
    "X31": 0.004419383932478963,
    "X32": -2.9894697631525355,
    "X33": 0.6093715115881485,
    "X34": 0.014249385467052194,
    "X35": 0.00033868930772659804,
    "X36": 0.7943561772757233,
    "X37": 0.028752032918941243,
    "offset_db": 0.009999999999999787,
    "viol_rate_aligned": 0.0,
    "viol_energy_aligned": 0.2392457377103077,
    "global_offset_db": 0.0,
    "shape_rmse": 0.01177193748688476,
    "ripple_hp": 0.005189142459452169,
    "tail_asym": -0.00879999999999903,
    "compress_ratio": 0.2,
    "compress_ratio_high": 0.2,
    "freq_shift_score": 0.07299982818344786,
    "offset_slope": 0.0005942553925680342,
    "high_low_energy_ratio": 2.5666850413118802,
    "band_offset_db_1": 0.007000000000000561,
    "band_offset_db_2": -0.000700000000000145,
    "band_offset_db_3": -0.008100000000000662,
    "band_offset_db_4": 0.005399999999999849
  },
  "system": {
    "probs": {
      "正常": 0.9970942046372652,
      "幅度失准": 0.0002042082729670879,
      "频率失准": 0.0019424339890052034,
      "参考电平失准": 0.0007591530010531552
    },
    "decision": "正常",
    "confidence": 0.9970942046372652,
    "is_normal": true
  },
  "module": {
    "topk": [
      {
        "module_id": "[电源板] 电源管理模块",
        "gamma": 0.9745394387781086
      },
      {
        "module_id": "[RF板][Mixer1]",
        "gamma": 0.007855860897460912
      },
      {
        "module_id": "[时钟板][参考域] 10MHz 基准 OCXO",
        "gamma": 0.005300339882624231
      }
    ],
    "gating": {
      "disabled_modules": [
        "高频段YTF滤波器",
        "高频段混频器",
        "前置放大器",
        "衰减器"
      ],
      "topk_k": 3
    }
  },
  "evidence": {
    "global_offset_db": 0.009999999999999787,
    "hf_std_db": 0.008814791666632137,
    "p95_abs_dev_db": 0.024310000000001865,
    "inside_env_frac": 1.0,
    "peak_freq_mae_hz": 3951.045042752354,
    "peak_freq_outlier_frac": 0.0
  },
  "artifacts": {
    "output_json": "Output/diagnosis/batch/sim_00175_diagnosis.json"
  },
  "system_diagnosis": {
    "probabilities": {
      "正常": 0.9970942046372652,
      "幅度失准": 0.0002042082729670879,
      "频率失准": 0.0019424339890052034,
      "参考电平失准": 0.0007591530010531552
    },
    "predicted_class": "正常",
    "max_prob": 0.9970942046372652,
    "is_normal": true
  },
  "module_diagnosis": {
    "probabilities": {
      "[电源板] 电源管理模块": 0.9745394387781086,
      "[RF板][Mixer1]": 0.007855860897460912,
      "[时钟板][参考域] 10MHz 基准 OCXO": 0.005300339882624231,
      "[时钟板][参考分配]": 0.005300339882624231,
      "[RF板][RF] 低频通路固定滤波/抑制网络": 0.004732446323771635,
      "[LO/时钟板][LO1] 合成链": 0.002271574235410384,
      "[RF板][RF] 输入衰减器组": 0.0,
      "前置放大器": 0.0,
      "[RF板][YTF]": 0.0,
      "[RF板][Mixer2]": 0.0
    },
    "topk": [
      {
        "module": "[电源板] 电源管理模块",
        "probability": 0.9745394387781086
      },
      {
        "module": "[RF板][Mixer1]",
        "probability": 0.007855860897460912
      },
      {
        "module": "[时钟板][参考域] 10MHz 基准 OCXO",
        "probability": 0.005300339882624231
      }
    ],
    "disabled_modules": [
      "高频段YTF滤波器",
      "高频段混频器",
      "前置放大器",
      "衰减器"
    ]
  },
  "evidence_detail": {
    "viol_rate": 0.0,
    "envelope_violation": false,
    "violation_max_db": 0.0,
    "violation_energy": 0.2392457377103077,
    "baseline_coverage": 1.0
  },
  "config": {
    "mode": "unified_entry",
    "gating_status": "gated_ok",
    "run_name": null,
    "topk": 3
  },
  "uncertainty": {
    "is_uncertain": false,
    "reason": "",
    "top_class": "正常",
    "runner_up": "频率失准",
    "max_prob": 0.9970942046372652,
    "second_prob": 0.0019424339890052034,
    "prob_gap": 0.99515177064826,
    "support_top_features": [],
    "support_runnerup_features": [],
    "conflict_features": [],
    "suggested_actions": []
  },
  "module_validation": {
    "sample_id": "sim_00175",
    "gt_module": null,
    "gt_module_v2": null,
    "top1": "[电源板] 电源管理模块",
    "top3": [
      "[电源板] 电源管理模块",
      "[RF板][Mixer1]",
      "[时钟板][参考域] 10MHz 基准 OCXO"
    ],
    "top5": [
      "[电源板] 电源管理模块",
      "[RF板][Mixer1]",
      "[时钟板][参考域] 10MHz 基准 OCXO",
      "[时钟板][参考分配]",
      "[RF板][RF] 低频通路固定滤波/抑制网络"
    ],
    "gt_rank": -1,
    "gt_prob": 0.0,
    "top1_hit": false,
    "top3_hit": false,
    "top5_hit": false
  },
  "ground_truth": {
    "type": "normal",
    "system_class_en": "normal",
    "system_class_cn": "正常",
    "module": null,
    "module_v2": null,
    "fault_params": {
      "severity": "severe",
      "tier_target": "in_spec_weak",
      "type": "normal",
      "normal_state": "normal_state_A"
    }
  }
}