{
  "status": "success",
  "meta": {
    "sample_id": "sim_00051",
    "input_file": "/home/runner/work/FMFD-python/FMFD-python/Output/sim_spectrum/raw_curves/sim_00051.csv",
    "operating_condition": {
      "inject_power_dbm": -10.0,
      "freq_start_hz": 10000000.0,
      "freq_end_hz": 8200000000.0,
      "step_hz": 10000000.0,
      "frontend": {
        "low_band_only": true,
        "ac_coupling": true,
        "preamp": false
      }
    }
  },
  "data_points": 820,
  "frequency_range": {
    "min": 10000000.0,
    "max": 8200000000.0
  },
  "features": {
    "X1": -9.93307243902439,
    "X2": 0.0006559718604997023,
    "X3": 0.0003179032280005053,
    "X4": 0.029896289716159395,
    "X5": 0.28296327806995086,
    "X6": 0.0009887892160023797,
    "X7": 0.07469999999999999,
    "X8": 0.024914146341463436,
    "X9": 0.0008937881387925382,
    "X10": 0.014035201103575977,
    "X11": 0.0,
    "X12": 0.0,
    "X13": 0.1096995436323504,
    "X14": 0.005772893772893651,
    "X15": 0.007579681330812558,
    "X16": -0.14557699460194187,
    "X17": -0.0004999999999999449,
    "X18": 0.0005,
    "X19": -4.614742795057076e-05,
    "X20": -0.060731080611680976,
    "X21": 4.0,
    "X22": 0.039621406019968386,
    "X23": 4.8496262000763774e-05,
    "X24": 0.12141111883947797,
    "X25": 5.8780512195121944e-05,
    "X26": 0.0002917631228923545,
    "X27": 4.072790519915666e-05,
    "X28": 0.05405405405139722,
    "X29": 0.12163301453940586,
    "X30": 0.0025707317073171638,
    "X31": 0.0003832497085242548,
    "X32": -0.8725994526619489,
    "X33": 0.5594795351590646,
    "X34": 0.014842566735505429,
    "X35": 0.00030950818038019614,
    "X36": 0.8261431451645882,
    "X37": 0.0298962897161594,
    "offset_db": -0.0003000000000010772,
    "viol_rate_aligned": 0.0,
    "viol_energy_aligned": 0.1096995436323504,
    "global_offset_db": 0.0,
    "shape_rmse": 0.007666844996158586,
    "ripple_hp": 0.008687585263080532,
    "tail_asym": 0.0005050000000006803,
    "compress_ratio": 0.19878048780487806,
    "compress_ratio_high": 0.2,
    "freq_shift_score": 0.030081199806612946,
    "offset_slope": 0.0003808661951914436,
    "high_low_energy_ratio": 1.9674830813772006,
    "band_offset_db_1": -0.0010999999999992127,
    "band_offset_db_2": -0.0002999999999993008,
    "band_offset_db_3": -0.0005999999999994898,
    "band_offset_db_4": 0.0010000000000029985
  },
  "system": {
    "probs": {
      "正常": 0.3052912332366966,
      "幅度失准": 0.09911606234728366,
      "频率失准": 0.4072412055526903,
      "参考电平失准": 0.18835149882260546
    },
    "decision": "频率失准",
    "confidence": 0.4072412055526903,
    "is_normal": false
  },
  "module": {
    "topk": [
      {
        "module_id": "[RF板][Mixer1]",
        "gamma": 0.2609152611419678
      },
      {
        "module_id": "[时钟板][参考域] 10MHz 基准 OCXO",
        "gamma": 0.17603921233674935
      },
      {
        "module_id": "[时钟板][参考分配]",
        "gamma": 0.17603921233674935
      }
    ],
    "gating": {
      "disabled_modules": [
        "高频段YTF滤波器",
        "高频段混频器",
        "前置放大器",
        "衰减器"
      ],
      "topk_k": 3
    }
  },
  "evidence": {
    "global_offset_db": -0.0003000000000010772,
    "hf_std_db": 0.006578206790799469,
    "p95_abs_dev_db": 0.014800000000001035,
    "inside_env_frac": 1.0,
    "peak_freq_mae_hz": 111021.29916799012,
    "peak_freq_outlier_frac": 0.0024390243902439024
  },
  "artifacts": {
    "output_json": "Output/diagnosis/batch/sim_00051_diagnosis.json"
  },
  "system_diagnosis": {
    "probabilities": {
      "正常": 0.3052912332366966,
      "幅度失准": 0.09911606234728366,
      "频率失准": 0.4072412055526903,
      "参考电平失准": 0.18835149882260546
    },
    "predicted_class": "频率失准",
    "max_prob": 0.4072412055526903,
    "is_normal": false
  },
  "module_diagnosis": {
    "probabilities": {
      "[RF板][Mixer1]": 0.2609152611419678,
      "[时钟板][参考域] 10MHz 基准 OCXO": 0.17603921233674935,
      "[时钟板][参考分配]": 0.17603921233674935,
      "[RF板][RF] 低频通路固定滤波/抑制网络": 0.15717786815781193,
      "[电源板] 电源管理模块": 0.15438306931097198,
      "[LO/时钟板][LO1] 合成链": 0.07544537671574972,
      "[RF板][RF] 输入衰减器组": 0.0,
      "前置放大器": 0.0,
      "[RF板][YTF]": 0.0,
      "[RF板][Mixer2]": 0.0
    },
    "topk": [
      {
        "module": "[RF板][Mixer1]",
        "probability": 0.2609152611419678
      },
      {
        "module": "[时钟板][参考域] 10MHz 基准 OCXO",
        "probability": 0.17603921233674935
      },
      {
        "module": "[时钟板][参考分配]",
        "probability": 0.17603921233674935
      }
    ],
    "disabled_modules": [
      "高频段YTF滤波器",
      "高频段混频器",
      "前置放大器",
      "衰减器"
    ]
  },
  "evidence_detail": {
    "viol_rate": 0.0,
    "envelope_violation": false,
    "violation_max_db": 0.0,
    "violation_energy": 0.1096995436323504,
    "baseline_coverage": 1.0
  },
  "config": {
    "mode": "unified_entry",
    "gating_status": "gated_ok",
    "run_name": null,
    "topk": 3
  },
  "uncertainty": {
    "is_uncertain": true,
    "reason": "max_prob(40.72%) < 55%",
    "top_class": "频率失准",
    "runner_up": "正常",
    "max_prob": 0.4072412055526903,
    "second_prob": 0.3052912332366966,
    "prob_gap": 0.10194997231599368,
    "support_top_features": [
      {
        "feature": "X21",
        "contribution": 0.8
      },
      {
        "feature": "X16",
        "contribution": 0.13101929514174768
      },
      {
        "feature": "X4",
        "contribution": 0.026906660744543457
      },
      {
        "feature": "X7",
        "contribution": 0.014939999999999998
      },
      {
        "feature": "X20",
        "contribution": 0.012146216122336196
      }
    ],
    "support_runnerup_features": [],
    "conflict_features": [
      {
        "feature": "X1",
        "top_contrib": 0.993307243902439,
        "runnerup_contrib": 0.993307243902439
      },
      {
        "feature": "X5",
        "top_contrib": 0.02829632780699509,
        "runnerup_contrib": 0.02829632780699509
      },
      {
        "feature": "X13",
        "top_contrib": 0.010969954363235042,
        "runnerup_contrib": 0.010969954363235042
      }
    ],
    "suggested_actions": [
      "复测频率标度线性度",
      "检查本振锁定状态",
      "当前诊断为正常，但置信度较低",
      "建议重复测试或更换测试点以提高置信度"
    ]
  },
  "module_validation": {
    "sample_id": "sim_00051",
    "gt_module": "时钟合成与同步网络",
    "gt_module_v2": "[LO/时钟板][LO1] 合成链",
    "top1": "[RF板][Mixer1]",
    "top3": [
      "[RF板][Mixer1]",
      "[时钟板][参考域] 10MHz 基准 OCXO",
      "[时钟板][参考分配]"
    ],
    "top5": [
      "[RF板][Mixer1]",
      "[时钟板][参考域] 10MHz 基准 OCXO",
      "[时钟板][参考分配]",
      "[RF板][RF] 低频通路固定滤波/抑制网络",
      "[电源板] 电源管理模块"
    ],
    "gt_rank": 6,
    "gt_prob": 0.07544537671574972,
    "top1_hit": false,
    "top3_hit": false,
    "top5_hit": false
  },
  "ground_truth": {
    "type": "fault",
    "system_class_en": "freq_error",
    "system_class_cn": "频率失准",
    "module": "时钟合成与同步网络",
    "module_v2": "[LO/时钟板][LO1] 合成链",
    "fault_params": {
      "severity": "mid",
      "tier_target": "mild_oos",
      "delta_f_hz": -1383700.234399057,
      "ppm": -168.94996757009244,
      "shift_bins": -0.1383700234399057,
      "bandwidth_hz": 8190000000.0,
      "warp_scale": 1.000169203089454,
      "warp_bias": -0.00016874393102427526,
      "type": "freq_miscal",
      "track_type": "spike",
      "template_id": "T8",
      "forced_peak_track_type": true,
      "peak_track_profile": {
        "bands": [],
        "track_type": "spike"
      },
      "freq_amp_coupling": {
        "bias_db_min": -0.1,
        "bias_db_max": -0.02
      },
      "peak_track_warning": "peak_freq mismatch too weak"
    }
  }
}