{
  "status": "success",
  "meta": {
    "sample_id": "sim_00072",
    "input_file": "/home/runner/work/FMFD-python/FMFD-python/Output/sim_spectrum/raw_curves/sim_00072.csv",
    "operating_condition": {
      "inject_power_dbm": -10.0,
      "freq_start_hz": 10000000.0,
      "freq_end_hz": 8200000000.0,
      "step_hz": 10000000.0,
      "frontend": {
        "low_band_only": true,
        "ac_coupling": true,
        "preamp": false
      }
    }
  },
  "data_points": 820,
  "frequency_range": {
    "min": 10000000.0,
    "max": 8200000000.0
  },
  "features": {
    "X1": -9.997363292682927,
    "X2": 0.0006163789157826038,
    "X3": 0.00023272155945205174,
    "X4": 0.029044974964180258,
    "X5": 0.2615311182139652,
    "X6": 0.0009465258111094582,
    "X7": 0.08280000000000065,
    "X8": 0.024466463414634154,
    "X9": 0.0008436105706698582,
    "X10": 0.014383225375556074,
    "X11": 0.0,
    "X12": 0.0,
    "X13": 0.09194397824895408,
    "X14": 0.0027336996336995286,
    "X15": 0.0035350682411748606,
    "X16": 0.000501863936928173,
    "X17": 0.0,
    "X18": 0.0,
    "X19": -5.0990932010941566e-05,
    "X20": -0.023265596481692352,
    "X21": 5.0,
    "X22": 0.039403697001123755,
    "X23": 1.5666987804877485e-05,
    "X24": 0.03872252559375189,
    "X25": 1.5666987804877485e-05,
    "X26": 0.0006309826857245439,
    "X27": 2.2980496103248702e-05,
    "X28": -0.0416666666624189,
    "X29": -0.02263347485749478,
    "X30": 0.00047926829268307714,
    "X31": 0.0006967452590285845,
    "X32": -0.3629594220785089,
    "X33": 0.601373314442246,
    "X34": 0.015581046749923484,
    "X35": 0.00034231093024191894,
    "X36": 0.7964552597430014,
    "X37": 0.02904497496418026,
    "offset_db": -0.06420000000000048,
    "viol_rate_aligned": 0.0,
    "viol_energy_aligned": 0.09194397824895408,
    "global_offset_db": 0.0,
    "shape_rmse": 0.003958154595878929,
    "ripple_hp": 0.005100116090114856,
    "tail_asym": -0.00030000000000098784,
    "compress_ratio": 0.1975609756097561,
    "compress_ratio_high": 0.19661016949152543,
    "freq_shift_score": 0.008258706200103827,
    "offset_slope": 0.00021278731171493824,
    "high_low_energy_ratio": 3.4063920504605276,
    "band_offset_db_1": -0.0019999999999988916,
    "band_offset_db_2": -0.0007999999999981355,
    "band_offset_db_3": 0.0005499999999996064,
    "band_offset_db_4": 0.0006999999999983686
  },
  "system": {
    "probs": {
      "正常": 0.9837943753750366,
      "幅度失准": 0.005422825052857677,
      "频率失准": 0.002692895226280995,
      "参考电平失准": 0.008089904344840904
    },
    "decision": "正常",
    "confidence": 0.9837943753750366,
    "is_normal": true
  },
  "module": {
    "topk": [
      {
        "module_id": "[电源板] 电源管理模块",
        "gamma": 0.9356600943669366
      },
      {
        "module_id": "[校准链路][校准源]",
        "gamma": 0.027249842385767994
      },
      {
        "module_id": "[校准链路][校准路径开关/耦合]",
        "gamma": 0.01968044172305466
      }
    ],
    "gating": {
      "disabled_modules": [
        "高频段YTF滤波器",
        "高频段混频器",
        "前置放大器",
        "衰减器"
      ],
      "topk_k": 3
    }
  },
  "evidence": {
    "global_offset_db": -0.06420000000000048,
    "hf_std_db": 0.0037464987028075817,
    "p95_abs_dev_db": 0.00760999999999993,
    "inside_env_frac": 1.0,
    "peak_freq_mae_hz": 3980.60261339287,
    "peak_freq_outlier_frac": 0.0
  },
  "artifacts": {
    "output_json": "Output/diagnosis/batch/sim_00072_diagnosis.json"
  },
  "system_diagnosis": {
    "probabilities": {
      "正常": 0.9837943753750366,
      "幅度失准": 0.005422825052857677,
      "频率失准": 0.002692895226280995,
      "参考电平失准": 0.008089904344840904
    },
    "predicted_class": "正常",
    "max_prob": 0.9837943753750366,
    "is_normal": true
  },
  "module_diagnosis": {
    "probabilities": {
      "[电源板] 电源管理模块": 0.9356600943669366,
      "[校准链路][校准源]": 0.027249842385767994,
      "[校准链路][校准路径开关/耦合]": 0.01968044172305466,
      "[校准链路][校准表/存储]": 0.01740962152424066,
      "[RF板][RF] 输入衰减器组": 0.0,
      "前置放大器": 0.0,
      "[RF板][RF] 低频通路固定滤波/抑制网络": 0.0,
      "[RF板][Mixer1]": 0.0,
      "[RF板][YTF]": 0.0,
      "[RF板][Mixer2]": 0.0
    },
    "topk": [
      {
        "module": "[电源板] 电源管理模块",
        "probability": 0.9356600943669366
      },
      {
        "module": "[校准链路][校准源]",
        "probability": 0.027249842385767994
      },
      {
        "module": "[校准链路][校准路径开关/耦合]",
        "probability": 0.01968044172305466
      }
    ],
    "disabled_modules": [
      "高频段YTF滤波器",
      "高频段混频器",
      "前置放大器",
      "衰减器"
    ]
  },
  "evidence_detail": {
    "viol_rate": 0.0,
    "envelope_violation": false,
    "violation_max_db": 0.0,
    "violation_energy": 0.09194397824895408,
    "baseline_coverage": 1.0
  },
  "config": {
    "mode": "unified_entry",
    "gating_status": "fallback_brb_only",
    "run_name": null,
    "topk": 3
  },
  "uncertainty": {
    "is_uncertain": false,
    "reason": "",
    "top_class": "正常",
    "runner_up": "参考电平失准",
    "max_prob": 0.9837943753750366,
    "second_prob": 0.008089904344840904,
    "prob_gap": 0.9757044710301956,
    "support_top_features": [],
    "support_runnerup_features": [],
    "conflict_features": [],
    "suggested_actions": []
  },
  "module_validation": {
    "sample_id": "sim_00072",
    "gt_module": "存储器",
    "gt_module_v2": "[校准链路][校准表/存储]",
    "top1": "[电源板] 电源管理模块",
    "top3": [
      "[电源板] 电源管理模块",
      "[校准链路][校准源]",
      "[校准链路][校准路径开关/耦合]"
    ],
    "top5": [
      "[电源板] 电源管理模块",
      "[校准链路][校准源]",
      "[校准链路][校准路径开关/耦合]",
      "[校准链路][校准表/存储]",
      "[RF板][RF] 输入衰减器组"
    ],
    "gt_rank": 4,
    "gt_prob": 0.01740962152424066,
    "top1_hit": false,
    "top3_hit": false,
    "top5_hit": true
  },
  "ground_truth": {
    "type": "fault",
    "system_class_en": "ref_error",
    "system_class_cn": "参考电平失准",
    "module": "存储器",
    "module_v2": "[校准链路][校准表/存储]",
    "fault_params": {
      "severity": "mid",
      "tier_target": "edge",
      "type": "ref_miscal",
      "subtype": "ref_error_offset",
      "offset_db": 0.1814731862669611,
      "template_id": "T1",
      "mean_offset_db": -0.06429121858024146
    }
  }
}