{
  "status": "success",
  "meta": {
    "sample_id": "sim_00013",
    "input_file": "/home/runner/work/FMFD-python/FMFD-python/Output/sim_spectrum/raw_curves/sim_00013.csv",
    "operating_condition": {
      "inject_power_dbm": -10.0,
      "freq_start_hz": 10000000.0,
      "freq_end_hz": 8200000000.0,
      "step_hz": 10000000.0,
      "frontend": {
        "low_band_only": true,
        "ac_coupling": true,
        "preamp": false
      }
    }
  },
  "data_points": 820,
  "frequency_range": {
    "min": 10000000.0,
    "max": 8200000000.0
  },
  "features": {
    "X1": -9.933082073170732,
    "X2": 0.003965229056571818,
    "X3": 0.00011008488294584063,
    "X4": 0.06464953048019775,
    "X5": 0.3481975747388442,
    "X6": 0.004311737324970256,
    "X7": 0.09360000000000035,
    "X8": 0.05455085365853659,
    "X9": 0.004179561791310018,
    "X10": 0.016833886765972222,
    "X11": 0.04878048780487805,
    "X12": 0.013093394375333745,
    "X13": 0.0,
    "X14": 0.04999413919413931,
    "X15": 0.056989885823299294,
    "X16": 0.027860940870826422,
    "X17": 0.0,
    "X18": 0.0,
    "X19": -0.00011085874273931962,
    "X20": -0.6972154192689475,
    "X21": 1.0,
    "X22": 0.0984886841983835,
    "X23": 0.003289815719512196,
    "X24": 0.16552797881511117,
    "X25": 0.003289815719512196,
    "X26": 0.0006452789380881784,
    "X27": 5.270452583051723e-05,
    "X28": -1.0924703809282485e-14,
    "X29": 0.017414067583002124,
    "X30": 0.0864701937625515,
    "X31": 0.002906074496085611,
    "X32": -6.387543677419346,
    "X33": 0.319837967021695,
    "X34": 0.01685526195601511,
    "X35": 0.00044107488336382064,
    "X36": 0.946064375945903,
    "X37": 0.06464953048019775,
    "offset_db": 0.000600000000000378,
    "viol_rate_aligned": 0.04878048780487805,
    "viol_energy_aligned": 0.0,
    "global_offset_db": 0.0,
    "shape_rmse": 0.05735691518476387,
    "ripple_hp": 0.011573895230881355,
    "tail_asym": 0.0,
    "compress_ratio": 0.19634146341463415,
    "compress_ratio_high": 0.17627118644067796,
    "freq_shift_score": 0.5127416331335815,
    "offset_slope": -0.00035838727288767366,
    "high_low_energy_ratio": 0.8593393341400078,
    "band_offset_db_1": -0.05420000000000069,
    "band_offset_db_2": 0.0,
    "band_offset_db_3": 0.0,
    "band_offset_db_4": 0.0
  },
  "system": {
    "probs": {
      "正常": 0.061324414547327795,
      "幅度失准": 0.12349220582872322,
      "频率失准": 0.6309546570018293,
      "参考电平失准": 0.18422872262148857
    },
    "decision": "频率失准",
    "confidence": 0.6309546570018293,
    "is_normal": false
  },
  "module": {
    "topk": [
      {
        "module_id": "[RF板][Mixer1]",
        "gamma": 0.27602445082424404
      },
      {
        "module_id": "[时钟板][参考域] 10MHz 基准 OCXO",
        "gamma": 0.18623336441153815
      },
      {
        "module_id": "[时钟板][参考分配]",
        "gamma": 0.18623336441153815
      }
    ],
    "gating": {
      "disabled_modules": [
        "高频段YTF滤波器",
        "高频段混频器",
        "前置放大器",
        "衰减器"
      ],
      "topk_k": 3
    }
  },
  "evidence": {
    "global_offset_db": 0.000600000000000378,
    "hf_std_db": 0.06781131570019858,
    "p95_abs_dev_db": 0.09490000000000087,
    "inside_env_frac": 0.9512195121951219,
    "peak_freq_mae_hz": 3833.678312974212,
    "peak_freq_outlier_frac": 0.0
  },
  "artifacts": {
    "output_json": "Output/diagnosis/batch/sim_00013_diagnosis.json"
  },
  "system_diagnosis": {
    "probabilities": {
      "正常": 0.061324414547327795,
      "幅度失准": 0.12349220582872322,
      "频率失准": 0.6309546570018293,
      "参考电平失准": 0.18422872262148857
    },
    "predicted_class": "频率失准",
    "max_prob": 0.6309546570018293,
    "is_normal": false
  },
  "module_diagnosis": {
    "probabilities": {
      "[RF板][Mixer1]": 0.27602445082424404,
      "[时钟板][参考域] 10MHz 基准 OCXO": 0.18623336441153815,
      "[时钟板][参考分配]": 0.18623336441153815,
      "[RF板][RF] 低频通路固定滤波/抑制网络": 0.1662797896531591,
      "[电源板] 电源管理模块": 0.10541473166600432,
      "[LO/时钟板][LO1] 合成链": 0.07981429903351635,
      "[RF板][RF] 输入衰减器组": 0.0,
      "前置放大器": 0.0,
      "[RF板][YTF]": 0.0,
      "[RF板][Mixer2]": 0.0
    },
    "topk": [
      {
        "module": "[RF板][Mixer1]",
        "probability": 0.27602445082424404
      },
      {
        "module": "[时钟板][参考域] 10MHz 基准 OCXO",
        "probability": 0.18623336441153815
      },
      {
        "module": "[时钟板][参考分配]",
        "probability": 0.18623336441153815
      }
    ],
    "disabled_modules": [
      "高频段YTF滤波器",
      "高频段混频器",
      "前置放大器",
      "衰减器"
    ]
  },
  "evidence_detail": {
    "viol_rate": 0.04878048780487805,
    "envelope_violation": false,
    "violation_max_db": 0.013093394375333745,
    "violation_energy": 0.0,
    "baseline_coverage": 0.9512195121951219
  },
  "config": {
    "mode": "unified_entry",
    "gating_status": "fallback_brb_only",
    "run_name": null,
    "topk": 3
  },
  "uncertainty": {
    "is_uncertain": false,
    "reason": "",
    "top_class": "频率失准",
    "runner_up": "参考电平失准",
    "max_prob": 0.6309546570018293,
    "second_prob": 0.18422872262148857,
    "prob_gap": 0.4467259343803407,
    "support_top_features": [],
    "support_runnerup_features": [],
    "conflict_features": [],
    "suggested_actions": []
  },
  "module_validation": {
    "sample_id": "sim_00013",
    "gt_module": "ADC",
    "gt_module_v2": "[数字中频板][ADC]",
    "top1": "[RF板][Mixer1]",
    "top3": [
      "[RF板][Mixer1]",
      "[时钟板][参考域] 10MHz 基准 OCXO",
      "[时钟板][参考分配]"
    ],
    "top5": [
      "[RF板][Mixer1]",
      "[时钟板][参考域] 10MHz 基准 OCXO",
      "[时钟板][参考分配]",
      "[RF板][RF] 低频通路固定滤波/抑制网络",
      "[电源板] 电源管理模块"
    ],
    "gt_rank": -1,
    "gt_prob": 0.0,
    "top1_hit": false,
    "top3_hit": false,
    "top5_hit": false
  },
  "ground_truth": {
    "type": "fault",
    "system_class_en": "amp_error",
    "system_class_cn": "幅度失准",
    "module": "ADC",
    "module_v2": "[数字中频板][ADC]",
    "fault_params": {
      "severity": "mid",
      "tier_target": "mild_oos",
      "type": "adc_bias",
      "subtype": "amp_error_offset",
      "quant_step_db": 0.015380264827595948,
      "template_id": "T7"
    }
  }
}