{
  "status": "success",
  "meta": {
    "sample_id": "sim_00060",
    "input_file": "/home/runner/work/FMFD-python/FMFD-python/Output/sim_spectrum/raw_curves/sim_00060.csv",
    "operating_condition": {
      "inject_power_dbm": -10.0,
      "freq_start_hz": 10000000.0,
      "freq_end_hz": 8200000000.0,
      "step_hz": 10000000.0,
      "frontend": {
        "low_band_only": true,
        "ac_coupling": true,
        "preamp": false
      }
    }
  },
  "data_points": 820,
  "frequency_range": {
    "min": 10000000.0,
    "max": 8200000000.0
  },
  "features": {
    "X1": -9.882143658536584,
    "X2": 0.0006103244706771764,
    "X3": 0.00030397480717694246,
    "X4": 0.029432891781503698,
    "X5": 0.29904904156791495,
    "X6": 0.0009983342402736482,
    "X7": 0.08079999999999998,
    "X8": 0.02514609756097564,
    "X9": 0.0008662951186217079,
    "X10": 0.015695034466373495,
    "X11": 0.0,
    "X12": 0.0,
    "X13": 0.11654578505881283,
    "X14": 0.004082783882783555,
    "X15": 0.006565052248344761,
    "X16": 0.0013475798549404522,
    "X17": 0.0,
    "X18": 0.0,
    "X19": -4.4371578610105384e-05,
    "X20": -0.11595567460769907,
    "X21": 6.0,
    "X22": 0.03884865799212071,
    "X23": 3.7786512195121474e-05,
    "X24": 0.08980633324467158,
    "X25": 3.7786512195121474e-05,
    "X26": 0.0005716088680442777,
    "X27": 7.663970422045226e-06,
    "X28": -0.013990672884122712,
    "X29": -0.09369022950156443,
    "X30": 0.0017544205412910255,
    "X31": 0.000990391269221838,
    "X32": -0.3120850428956719,
    "X33": 0.6104500289086794,
    "X34": 0.015573555642568779,
    "X35": 0.00037202849372578226,
    "X36": 0.7843163704675604,
    "X37": 0.029432891781503698,
    "offset_db": 0.050900000000002166,
    "viol_rate_aligned": 0.0,
    "viol_energy_aligned": 0.11654578505881283,
    "global_offset_db": 0.0,
    "shape_rmse": 0.006147073465895904,
    "ripple_hp": 0.007989538568028571,
    "tail_asym": -9.500000000679971e-05,
    "compress_ratio": 0.2,
    "compress_ratio_high": 0.2,
    "freq_shift_score": 0.019089900227654888,
    "offset_slope": -0.000355880377210652,
    "high_low_energy_ratio": 6.930221963634846,
    "band_offset_db_1": -0.0020000000000024443,
    "band_offset_db_2": 0.0008999999999979025,
    "band_offset_db_3": -0.00010000000000065512,
    "band_offset_db_4": -0.0009000000000032315
  },
  "system": {
    "probs": {
      "正常": 0.9748555766812272,
      "幅度失准": 0.008413980446372258,
      "频率失准": 0.004178259036056746,
      "参考电平失准": 0.012552183835368857
    },
    "decision": "正常",
    "confidence": 0.9748555766812272,
    "is_normal": true
  },
  "module": {
    "topk": [
      {
        "module_id": "[电源板] 电源管理模块",
        "gamma": 0.903592497321558
      },
      {
        "module_id": "[校准链路][校准源]",
        "gamma": 0.04083141289910486
      },
      {
        "module_id": "[校准链路][校准路径开关/耦合]",
        "gamma": 0.02948935376046462
      }
    ],
    "gating": {
      "disabled_modules": [
        "高频段YTF滤波器",
        "高频段混频器",
        "前置放大器",
        "衰减器"
      ],
      "topk_k": 3
    }
  },
  "evidence": {
    "global_offset_db": 0.050900000000002166,
    "hf_std_db": 0.005652582647523154,
    "p95_abs_dev_db": 0.012209999999996581,
    "inside_env_frac": 1.0,
    "peak_freq_mae_hz": 3971.814527142048,
    "peak_freq_outlier_frac": 0.0
  },
  "artifacts": {
    "output_json": "Output/diagnosis/batch/sim_00060_diagnosis.json"
  },
  "system_diagnosis": {
    "probabilities": {
      "正常": 0.9748555766812272,
      "幅度失准": 0.008413980446372258,
      "频率失准": 0.004178259036056746,
      "参考电平失准": 0.012552183835368857
    },
    "predicted_class": "正常",
    "max_prob": 0.9748555766812272,
    "is_normal": true
  },
  "module_diagnosis": {
    "probabilities": {
      "[电源板] 电源管理模块": 0.903592497321558,
      "[校准链路][校准源]": 0.04083141289910486,
      "[校准链路][校准路径开关/耦合]": 0.02948935376046462,
      "[校准链路][校准表/存储]": 0.026086736018872545,
      "[RF板][RF] 输入衰减器组": 0.0,
      "前置放大器": 0.0,
      "[RF板][RF] 低频通路固定滤波/抑制网络": 0.0,
      "[RF板][Mixer1]": 0.0,
      "[RF板][YTF]": 0.0,
      "[RF板][Mixer2]": 0.0
    },
    "topk": [
      {
        "module": "[电源板] 电源管理模块",
        "probability": 0.903592497321558
      },
      {
        "module": "[校准链路][校准源]",
        "probability": 0.04083141289910486
      },
      {
        "module": "[校准链路][校准路径开关/耦合]",
        "probability": 0.02948935376046462
      }
    ],
    "disabled_modules": [
      "高频段YTF滤波器",
      "高频段混频器",
      "前置放大器",
      "衰减器"
    ]
  },
  "evidence_detail": {
    "viol_rate": 0.0,
    "envelope_violation": false,
    "violation_max_db": 0.0,
    "violation_energy": 0.11654578505881283,
    "baseline_coverage": 1.0
  },
  "config": {
    "mode": "unified_entry",
    "gating_status": "fallback_brb_only",
    "run_name": null,
    "topk": 3
  },
  "uncertainty": {
    "is_uncertain": false,
    "reason": "",
    "top_class": "正常",
    "runner_up": "参考电平失准",
    "max_prob": 0.9748555766812272,
    "second_prob": 0.012552183835368857,
    "prob_gap": 0.9623033928458584,
    "support_top_features": [],
    "support_runnerup_features": [],
    "conflict_features": [],
    "suggested_actions": []
  },
  "module_validation": {
    "sample_id": "sim_00060",
    "gt_module": "存储器",
    "gt_module_v2": "[校准链路][校准表/存储]",
    "top1": "[电源板] 电源管理模块",
    "top3": [
      "[电源板] 电源管理模块",
      "[校准链路][校准源]",
      "[校准链路][校准路径开关/耦合]"
    ],
    "top5": [
      "[电源板] 电源管理模块",
      "[校准链路][校准源]",
      "[校准链路][校准路径开关/耦合]",
      "[校准链路][校准表/存储]",
      "[RF板][RF] 输入衰减器组"
    ],
    "gt_rank": 4,
    "gt_prob": 0.026086736018872545,
    "top1_hit": false,
    "top3_hit": false,
    "top5_hit": true
  },
  "ground_truth": {
    "type": "fault",
    "system_class_en": "ref_error",
    "system_class_cn": "参考电平失准",
    "module": "存储器",
    "module_v2": "[校准链路][校准表/存储]",
    "fault_params": {
      "severity": "light",
      "tier_target": "in_spec_weak",
      "type": "ref_miscal",
      "subtype": "ref_error_offset",
      "offset_db": -0.0738949678101499,
      "template_id": "T1",
      "mean_offset_db": 0.05092863238530458
    }
  }
}