{
  "status": "success",
  "meta": {
    "sample_id": "sim_00061",
    "input_file": "/home/runner/work/FMFD-python/FMFD-python/Output/sim_spectrum/raw_curves/sim_00061.csv",
    "operating_condition": {
      "inject_power_dbm": -10.0,
      "freq_start_hz": 10000000.0,
      "freq_end_hz": 8200000000.0,
      "step_hz": 10000000.0,
      "frontend": {
        "low_band_only": true,
        "ac_coupling": true,
        "preamp": false
      }
    }
  },
  "data_points": 820,
  "frequency_range": {
    "min": 10000000.0,
    "max": 8200000000.0
  },
  "features": {
    "X1": -9.842451707317073,
    "X2": 0.0007102727970701971,
    "X3": 0.00023974018200859977,
    "X4": 0.030414476886392344,
    "X5": 0.26510142185094115,
    "X6": 0.0010314750092801914,
    "X7": 0.09600000000000009,
    "X8": 0.02570317073170734,
    "X9": 0.000925040404272894,
    "X10": 0.014612703021328114,
    "X11": 0.0,
    "X12": 0.0,
    "X13": 0.15627580382266174,
    "X14": 0.005350183150183233,
    "X15": 0.006498489887983997,
    "X16": -0.009317317832510908,
    "X17": 0.0,
    "X18": 0.0,
    "X19": -8.241882687244243e-05,
    "X20": 0.01363134130128163,
    "X21": 4.0,
    "X22": 0.037225974355567626,
    "X23": 4.892299999999967e-05,
    "X24": 0.11053702278490474,
    "X25": 4.892299999999967e-05,
    "X26": 0.0007620486504109954,
    "X27": 2.5661584229420603e-05,
    "X28": -0.04706565949762367,
    "X29": 0.041736980298955395,
    "X30": 0.00397012195121961,
    "X31": 0.0009453362778228505,
    "X32": -0.3537817891495815,
    "X33": 0.6335001784987078,
    "X34": 0.015123987525224375,
    "X35": 0.0004139541048450918,
    "X36": 0.7753719807955542,
    "X37": 0.030414476886392344,
    "offset_db": 0.09079999999999977,
    "viol_rate_aligned": 0.0,
    "viol_energy_aligned": 0.15627580382266174,
    "global_offset_db": 0.0,
    "shape_rmse": 0.006994497837586317,
    "ripple_hp": 0.009308176444589556,
    "tail_asym": -0.000815000000001476,
    "compress_ratio": 0.19878048780487806,
    "compress_ratio_high": 0.2,
    "freq_shift_score": 0.023842402520965256,
    "offset_slope": 0.00014012564186361633,
    "high_low_energy_ratio": 14.501894583987744,
    "band_offset_db_1": 0.00140000000000029,
    "band_offset_db_2": -0.0005000000000006111,
    "band_offset_db_3": 0.0007499999999991402,
    "band_offset_db_4": 0.0
  },
  "system": {
    "probs": {
      "正常": 0.9166520278579317,
      "幅度失准": 0.027843088857999958,
      "频率失准": 0.013634246869395676,
      "参考电平失准": 0.04187063641375609
    },
    "decision": "正常",
    "confidence": 0.9166520278579317,
    "is_normal": true
  },
  "module": {
    "topk": [
      {
        "module_id": "[电源板] 电源管理模块",
        "gamma": 0.7375172932916768
      },
      {
        "module_id": "[校准链路][校准源]",
        "gamma": 0.11116914637058394
      },
      {
        "module_id": "[校准链路][校准路径开关/耦合]",
        "gamma": 0.08028882793431064
      }
    ],
    "gating": {
      "disabled_modules": [
        "高频段YTF滤波器",
        "高频段混频器",
        "前置放大器",
        "衰减器"
      ],
      "topk_k": 3
    }
  },
  "evidence": {
    "global_offset_db": 0.09079999999999977,
    "hf_std_db": 0.006501995116612711,
    "p95_abs_dev_db": 0.013605000000000263,
    "inside_env_frac": 1.0,
    "peak_freq_mae_hz": 3958.3597795788924,
    "peak_freq_outlier_frac": 0.0
  },
  "artifacts": {
    "output_json": "Output/diagnosis/batch/sim_00061_diagnosis.json"
  },
  "system_diagnosis": {
    "probabilities": {
      "正常": 0.9166520278579317,
      "幅度失准": 0.027843088857999958,
      "频率失准": 0.013634246869395676,
      "参考电平失准": 0.04187063641375609
    },
    "predicted_class": "正常",
    "max_prob": 0.9166520278579317,
    "is_normal": true
  },
  "module_diagnosis": {
    "probabilities": {
      "[电源板] 电源管理模块": 0.7375172932916768,
      "[校准链路][校准源]": 0.11116914637058394,
      "[校准链路][校准路径开关/耦合]": 0.08028882793431064,
      "[校准链路][校准表/存储]": 0.07102473240342862,
      "[RF板][RF] 输入衰减器组": 0.0,
      "前置放大器": 0.0,
      "[RF板][RF] 低频通路固定滤波/抑制网络": 0.0,
      "[RF板][Mixer1]": 0.0,
      "[RF板][YTF]": 0.0,
      "[RF板][Mixer2]": 0.0
    },
    "topk": [
      {
        "module": "[电源板] 电源管理模块",
        "probability": 0.7375172932916768
      },
      {
        "module": "[校准链路][校准源]",
        "probability": 0.11116914637058394
      },
      {
        "module": "[校准链路][校准路径开关/耦合]",
        "probability": 0.08028882793431064
      }
    ],
    "disabled_modules": [
      "高频段YTF滤波器",
      "高频段混频器",
      "前置放大器",
      "衰减器"
    ]
  },
  "evidence_detail": {
    "viol_rate": 0.0,
    "envelope_violation": false,
    "violation_max_db": 0.0,
    "violation_energy": 0.15627580382266174,
    "baseline_coverage": 1.0
  },
  "config": {
    "mode": "unified_entry",
    "gating_status": "fallback_brb_only",
    "run_name": null,
    "topk": 3
  },
  "uncertainty": {
    "is_uncertain": false,
    "reason": "",
    "top_class": "正常",
    "runner_up": "参考电平失准",
    "max_prob": 0.9166520278579317,
    "second_prob": 0.04187063641375609,
    "prob_gap": 0.8747813914441755,
    "support_top_features": [],
    "support_runnerup_features": [],
    "conflict_features": [],
    "suggested_actions": []
  },
  "module_validation": {
    "sample_id": "sim_00061",
    "gt_module": "存储器",
    "gt_module_v2": "[校准链路][校准表/存储]",
    "top1": "[电源板] 电源管理模块",
    "top3": [
      "[电源板] 电源管理模块",
      "[校准链路][校准源]",
      "[校准链路][校准路径开关/耦合]"
    ],
    "top5": [
      "[电源板] 电源管理模块",
      "[校准链路][校准源]",
      "[校准链路][校准路径开关/耦合]",
      "[校准链路][校准表/存储]",
      "[RF板][RF] 输入衰减器组"
    ],
    "gt_rank": 4,
    "gt_prob": 0.07102473240342862,
    "top1_hit": false,
    "top3_hit": false,
    "top5_hit": true
  },
  "ground_truth": {
    "type": "fault",
    "system_class_en": "ref_error",
    "system_class_cn": "参考电平失准",
    "module": "存储器",
    "module_v2": "[校准链路][校准表/存储]",
    "fault_params": {
      "severity": "severe",
      "tier_target": "edge",
      "type": "ref_miscal",
      "subtype": "ref_error_offset",
      "offset_db": -0.285840609306516,
      "template_id": "T1",
      "mean_offset_db": 0.09062198785800477
    }
  }
}