{
  "status": "success",
  "meta": {
    "sample_id": "sim_00123",
    "input_file": "/home/runner/work/FMFD-python/FMFD-python/Output/sim_spectrum/raw_curves/sim_00123.csv",
    "operating_condition": {
      "inject_power_dbm": -10.0,
      "freq_start_hz": 10000000.0,
      "freq_end_hz": 8200000000.0,
      "step_hz": 10000000.0,
      "frontend": {
        "low_band_only": true,
        "ac_coupling": true,
        "preamp": false
      }
    }
  },
  "data_points": 820,
  "frequency_range": {
    "min": 10000000.0,
    "max": 8200000000.0
  },
  "features": {
    "X1": -9.885225365853659,
    "X2": 0.0006299839766342795,
    "X3": 0.00024625304367936095,
    "X4": 0.02952656929404177,
    "X5": 0.2760975598248979,
    "X6": 0.0010024434053539546,
    "X7": 0.07460000000000022,
    "X8": 0.025035609756097563,
    "X9": 0.0008718182942758503,
    "X10": 0.014715913113046833,
    "X11": 0.0,
    "X12": 0.0,
    "X13": 0.1628287861324473,
    "X14": 0.005143223443223475,
    "X15": 0.006297823966429275,
    "X16": -0.0050740347738727695,
    "X17": 0.0,
    "X18": 0.0,
    "X19": -8.058558872281395e-05,
    "X20": 0.0422286751887877,
    "X21": 6.0,
    "X22": 0.03482253806730175,
    "X23": 5.395792682926642e-05,
    "X24": 0.12906838023767642,
    "X25": 5.395792682926642e-05,
    "X26": 0.0004623552504202308,
    "X27": 3.6636942919739494e-05,
    "X28": -0.15491393669317965,
    "X29": -0.0543716965529793,
    "X30": 0.0027551195608121123,
    "X31": 0.001224830695240909,
    "X32": -0.23238159019099294,
    "X33": 0.6367874863917639,
    "X34": 0.015502046198792106,
    "X35": 0.00040648909957496064,
    "X36": 0.765632182127663,
    "X37": 0.029526569294041773,
    "offset_db": 0.04859999999999953,
    "viol_rate_aligned": 0.0,
    "viol_energy_aligned": 0.1628287861324473,
    "global_offset_db": -8.881784197001252e-16,
    "shape_rmse": 0.007345605953851942,
    "ripple_hp": 0.009908059009055252,
    "tail_asym": -0.003794999999993203,
    "compress_ratio": 0.19878048780487806,
    "compress_ratio_high": 0.19661016949152543,
    "freq_shift_score": 0.026995423927474005,
    "offset_slope": -0.0003298178901398632,
    "high_low_energy_ratio": 3.2046140913887826,
    "band_offset_db_1": 0.0017500000000003624,
    "band_offset_db_2": 0.001200000000000756,
    "band_offset_db_3": -0.0022999999999990806,
    "band_offset_db_4": -0.000700000000000145
  },
  "system": {
    "probs": {
      "正常": 0.032118362049925256,
      "幅度失准": 0.02945170354028382,
      "频率失准": 0.04581987755639724,
      "参考电平失准": 0.8926100567641326
    },
    "decision": "参考电平失准",
    "confidence": 0.8926100567641326,
    "is_normal": false
  },
  "module": {
    "topk": [
      {
        "module_id": "[校准链路][校准源]",
        "gamma": 0.3742083143424986
      },
      {
        "module_id": "[校准链路][校准路径开关/耦合]",
        "gamma": 0.27026156035847126
      },
      {
        "module_id": "[校准链路][校准表/存储]",
        "gamma": 0.23907753416326302
      }
    ],
    "gating": {
      "disabled_modules": [
        "高频段YTF滤波器",
        "高频段混频器",
        "前置放大器",
        "衰减器"
      ],
      "topk_k": 3
    }
  },
  "evidence": {
    "global_offset_db": 0.04859999999999953,
    "hf_std_db": 0.006997731092923037,
    "p95_abs_dev_db": 0.015205000000001863,
    "inside_env_frac": 1.0,
    "peak_freq_mae_hz": 3940.7875051466226,
    "peak_freq_outlier_frac": 0.0
  },
  "artifacts": {
    "output_json": "Output/diagnosis/batch/sim_00123_diagnosis.json"
  },
  "system_diagnosis": {
    "probabilities": {
      "正常": 0.032118362049925256,
      "幅度失准": 0.02945170354028382,
      "频率失准": 0.04581987755639724,
      "参考电平失准": 0.8926100567641326
    },
    "predicted_class": "参考电平失准",
    "max_prob": 0.8926100567641326,
    "is_normal": false
  },
  "module_diagnosis": {
    "probabilities": {
      "[校准链路][校准源]": 0.3742083143424986,
      "[校准链路][校准路径开关/耦合]": 0.27026156035847126,
      "[校准链路][校准表/存储]": 0.23907753416326302,
      "[电源板] 电源管理模块": 0.11645259113576711,
      "[RF板][RF] 输入衰减器组": 0.0,
      "前置放大器": 0.0,
      "[RF板][RF] 低频通路固定滤波/抑制网络": 0.0,
      "[RF板][Mixer1]": 0.0,
      "[RF板][YTF]": 0.0,
      "[RF板][Mixer2]": 0.0
    },
    "topk": [
      {
        "module": "[校准链路][校准源]",
        "probability": 0.3742083143424986
      },
      {
        "module": "[校准链路][校准路径开关/耦合]",
        "probability": 0.27026156035847126
      },
      {
        "module": "[校准链路][校准表/存储]",
        "probability": 0.23907753416326302
      }
    ],
    "disabled_modules": [
      "高频段YTF滤波器",
      "高频段混频器",
      "前置放大器",
      "衰减器"
    ]
  },
  "evidence_detail": {
    "viol_rate": 0.0,
    "envelope_violation": false,
    "violation_max_db": 0.0,
    "violation_energy": 0.1628287861324473,
    "baseline_coverage": 1.0
  },
  "config": {
    "mode": "unified_entry",
    "gating_status": "gated_ok",
    "run_name": null,
    "topk": 3
  },
  "uncertainty": {
    "is_uncertain": false,
    "reason": "",
    "top_class": "参考电平失准",
    "runner_up": "频率失准",
    "max_prob": 0.8926100567641326,
    "second_prob": 0.04581987755639724,
    "prob_gap": 0.8467901792077354,
    "support_top_features": [],
    "support_runnerup_features": [],
    "conflict_features": [],
    "suggested_actions": []
  },
  "module_validation": {
    "sample_id": "sim_00123",
    "gt_module": "存储器",
    "gt_module_v2": "[校准链路][校准表/存储]",
    "top1": "[校准链路][校准源]",
    "top3": [
      "[校准链路][校准源]",
      "[校准链路][校准路径开关/耦合]",
      "[校准链路][校准表/存储]"
    ],
    "top5": [
      "[校准链路][校准源]",
      "[校准链路][校准路径开关/耦合]",
      "[校准链路][校准表/存储]",
      "[电源板] 电源管理模块",
      "[RF板][RF] 输入衰减器组"
    ],
    "gt_rank": 3,
    "gt_prob": 0.23907753416326302,
    "top1_hit": false,
    "top3_hit": true,
    "top5_hit": true
  },
  "ground_truth": {
    "type": "fault",
    "system_class_en": "ref_error",
    "system_class_cn": "参考电平失准",
    "module": "存储器",
    "module_v2": "[校准链路][校准表/存储]",
    "fault_params": {
      "severity": "light",
      "tier_target": "in_spec_weak",
      "type": "ref_miscal",
      "subtype": "ref_error_offset",
      "offset_db": -0.08782669502725426,
      "template_id": "T1",
      "mean_offset_db": 0.04784734264309217
    }
  }
}