{
  "status": "success",
  "meta": {
    "sample_id": "sim_00044",
    "input_file": "/home/runner/work/FMFD-python/FMFD-python/Output/sim_spectrum/raw_curves/sim_00044.csv",
    "operating_condition": {
      "inject_power_dbm": -10.0,
      "freq_start_hz": 10000000.0,
      "freq_end_hz": 8200000000.0,
      "step_hz": 10000000.0,
      "frontend": {
        "low_band_only": true,
        "ac_coupling": true,
        "preamp": false
      }
    }
  },
  "data_points": 820,
  "frequency_range": {
    "min": 10000000.0,
    "max": 8200000000.0
  },
  "features": {
    "X1": -9.933071585365854,
    "X2": 0.000626759207317072,
    "X3": 0.0001905962210765035,
    "X4": 0.02960834778681342,
    "X5": 0.28597563296155043,
    "X6": 0.0010154299365110033,
    "X7": 0.07779999999999987,
    "X8": 0.02567573170731706,
    "X9": 0.0008766542586648991,
    "X10": 0.015594504158498817,
    "X11": 0.0,
    "X12": 0.0,
    "X13": 0.3600561066175412,
    "X14": 0.003746886446886336,
    "X15": 0.004410852408863188,
    "X16": -0.008037200796890945,
    "X17": 0.0,
    "X18": 0.0,
    "X19": -4.053990054463322e-05,
    "X20": -0.17963753850796138,
    "X21": 3.0,
    "X22": 0.040040819687815865,
    "X23": 6.357998780487743e-05,
    "X24": 0.0872949911510521,
    "X25": 6.357998780487743e-05,
    "X26": 0.00014009129562664855,
    "X27": 7.241924262939326e-05,
    "X28": -0.01565995525631741,
    "X29": -0.03506819809368313,
    "X30": 0.002091768292682961,
    "X31": 0.0018144217273389088,
    "X32": -1.3464763870599599,
    "X33": 0.5582745335043583,
    "X34": 0.01508243653877603,
    "X35": 0.0003164795101086668,
    "X36": 0.8189123397964106,
    "X37": 0.02960834778681342,
    "offset_db": 0.000600000000000378,
    "viol_rate_aligned": 0.0,
    "viol_energy_aligned": 0.3600561066175412,
    "global_offset_db": 0.0,
    "shape_rmse": 0.007973706026991302,
    "ripple_hp": 0.0074084600170318355,
    "tail_asym": 9.999999999968368e-06,
    "compress_ratio": 0.2,
    "compress_ratio_high": 0.2,
    "freq_shift_score": 0.03162977805810152,
    "offset_slope": -0.0004781722045914408,
    "high_low_energy_ratio": 1.2801444709224608,
    "band_offset_db_1": -0.0026500000000009294,
    "band_offset_db_2": 0.0009999999999976694,
    "band_offset_db_3": 0.0003500000000000725,
    "band_offset_db_4": -0.00140000000000029
  },
  "system": {
    "probs": {
      "正常": 0.9785086498767315,
      "幅度失准": 0.007191566790362333,
      "频率失准": 0.003571226379328291,
      "参考电平失准": 0.010728556952599291
    },
    "decision": "正常",
    "confidence": 0.9785086498767315,
    "is_normal": true
  },
  "module": {
    "topk": [
      {
        "module_id": "[电源板] 电源管理模块",
        "gamma": 0.9164283895525099
      },
      {
        "module_id": "[校准链路][校准源]",
        "gamma": 0.03539503501305464
      },
      {
        "module_id": "[校准链路][校准路径开关/耦合]",
        "gamma": 0.025563080842761682
      }
    ],
    "gating": {
      "disabled_modules": [
        "高频段YTF滤波器",
        "高频段混频器",
        "前置放大器",
        "衰减器"
      ],
      "topk_k": 3
    }
  },
  "evidence": {
    "global_offset_db": 0.000600000000000378,
    "hf_std_db": 0.007358991281378109,
    "p95_abs_dev_db": 0.011809999999999113,
    "inside_env_frac": 1.0,
    "peak_freq_mae_hz": 1140811.9618830197,
    "peak_freq_outlier_frac": 0.024390243902439025
  },
  "artifacts": {
    "output_json": "Output/diagnosis/batch/sim_00044_diagnosis.json"
  },
  "system_diagnosis": {
    "probabilities": {
      "正常": 0.9785086498767315,
      "幅度失准": 0.007191566790362333,
      "频率失准": 0.003571226379328291,
      "参考电平失准": 0.010728556952599291
    },
    "predicted_class": "正常",
    "max_prob": 0.9785086498767315,
    "is_normal": true
  },
  "module_diagnosis": {
    "probabilities": {
      "[电源板] 电源管理模块": 0.9164283895525099,
      "[校准链路][校准源]": 0.03539503501305464,
      "[校准链路][校准路径开关/耦合]": 0.025563080842761682,
      "[校准链路][校准表/存储]": 0.022613494591673788,
      "[RF板][RF] 输入衰减器组": 0.0,
      "前置放大器": 0.0,
      "[RF板][RF] 低频通路固定滤波/抑制网络": 0.0,
      "[RF板][Mixer1]": 0.0,
      "[RF板][YTF]": 0.0,
      "[RF板][Mixer2]": 0.0
    },
    "topk": [
      {
        "module": "[电源板] 电源管理模块",
        "probability": 0.9164283895525099
      },
      {
        "module": "[校准链路][校准源]",
        "probability": 0.03539503501305464
      },
      {
        "module": "[校准链路][校准路径开关/耦合]",
        "probability": 0.025563080842761682
      }
    ],
    "disabled_modules": [
      "高频段YTF滤波器",
      "高频段混频器",
      "前置放大器",
      "衰减器"
    ]
  },
  "evidence_detail": {
    "viol_rate": 0.0,
    "envelope_violation": false,
    "violation_max_db": 0.0,
    "violation_energy": 0.3600561066175412,
    "baseline_coverage": 1.0
  },
  "config": {
    "mode": "unified_entry",
    "gating_status": "fallback_brb_only",
    "run_name": null,
    "topk": 3
  },
  "uncertainty": {
    "is_uncertain": false,
    "reason": "",
    "top_class": "正常",
    "runner_up": "参考电平失准",
    "max_prob": 0.9785086498767315,
    "second_prob": 0.010728556952599291,
    "prob_gap": 0.9677800929241321,
    "support_top_features": [],
    "support_runnerup_features": [],
    "conflict_features": [],
    "suggested_actions": []
  },
  "module_validation": {
    "sample_id": "sim_00044",
    "gt_module": "本振源（谐波发生器）",
    "gt_module_v2": "[LO/时钟板][LO1] 合成链",
    "top1": "[电源板] 电源管理模块",
    "top3": [
      "[电源板] 电源管理模块",
      "[校准链路][校准源]",
      "[校准链路][校准路径开关/耦合]"
    ],
    "top5": [
      "[电源板] 电源管理模块",
      "[校准链路][校准源]",
      "[校准链路][校准路径开关/耦合]",
      "[校准链路][校准表/存储]",
      "[RF板][RF] 输入衰减器组"
    ],
    "gt_rank": -1,
    "gt_prob": 0.0,
    "top1_hit": false,
    "top3_hit": false,
    "top5_hit": false
  },
  "ground_truth": {
    "type": "fault",
    "system_class_en": "freq_error",
    "system_class_cn": "频率失准",
    "module": "本振源（谐波发生器）",
    "module_v2": "[LO/时钟板][LO1] 合成链",
    "fault_params": {
      "severity": "light",
      "tier_target": "in_spec_weak",
      "delta_f_hz": -638801.7579340999,
      "ppm": -77.99777264152623,
      "shift_bins": -0.06388017579340999,
      "bandwidth_hz": 8190000000.0,
      "warp_scale": 1.0003069706796197,
      "warp_bias": -7.790265340659755e-05,
      "type": "freq_miscal",
      "track_type": "hole",
      "template_id": "T8",
      "forced_peak_track_type": true,
      "peak_track_profile": {
        "bands": [
          {
            "start_hz": 4797309684.2392645,
            "end_hz": 5084447785.159833,
            "center_hz": 4940878734.699549,
            "width_hz": 287138100.92056894,
            "amplitude_hz": 48923319.55084841,
            "ramp_hz": 106326844.23168993
          }
        ],
        "track_type": "hole"
      },
      "freq_amp_coupling": {
        "bias_db_min": -0.1,
        "bias_db_max": -0.02
      }
    }
  }
}