{
  "status": "success",
  "meta": {
    "sample_id": "sim_00187",
    "input_file": "/home/runner/work/FMFD-python/FMFD-python/Output/sim_spectrum/raw_curves/sim_00187.csv",
    "operating_condition": {
      "inject_power_dbm": -10.0,
      "freq_start_hz": 10000000.0,
      "freq_end_hz": 8200000000.0,
      "step_hz": 10000000.0,
      "frontend": {
        "low_band_only": true,
        "ac_coupling": true,
        "preamp": false
      }
    }
  },
  "data_points": 820,
  "frequency_range": {
    "min": 10000000.0,
    "max": 8200000000.0
  },
  "features": {
    "X1": -9.921626219512195,
    "X2": 0.0006690296256775062,
    "X3": 0.00027184062682791013,
    "X4": 0.029365983477571134,
    "X5": 0.24701043182629076,
    "X6": 0.0009836909832688868,
    "X7": 0.1059000000000001,
    "X8": 0.024417195121951223,
    "X9": 0.0008623609856049809,
    "X10": 0.014651534805083022,
    "X11": 0.0,
    "X12": 0.0,
    "X13": 0.19029501803770776,
    "X14": 0.008605494505494516,
    "X15": 0.01198928776333184,
    "X16": 0.007503784085714739,
    "X17": 0.0,
    "X18": 0.0,
    "X19": -5.8458581159186145e-05,
    "X20": 0.23887242187800295,
    "X21": 5.0,
    "X22": 0.036190083749351884,
    "X23": 0.00012577813414634052,
    "X24": 0.0510116723416264,
    "X25": 0.00012577813414634052,
    "X26": 6.917231413641073e-05,
    "X27": 0.0001610639802447786,
    "X28": -0.01790830945489656,
    "X29": -0.01229038307354344,
    "X30": 0.004618902439024502,
    "X31": 0.00340755051402788,
    "X32": -2.792313764904831,
    "X33": 0.596993853867584,
    "X34": 0.01553062241696953,
    "X35": 0.0003505891009167186,
    "X36": 0.7965609678739135,
    "X37": 0.029365983477571137,
    "offset_db": 0.011799999999999145,
    "viol_rate_aligned": 0.0,
    "viol_energy_aligned": 0.19029501803770776,
    "global_offset_db": 0.0,
    "shape_rmse": 0.011215085115430044,
    "ripple_hp": 0.005904787900214543,
    "tail_asym": -0.0018050000000010315,
    "compress_ratio": 0.2,
    "compress_ratio_high": 0.19661016949152543,
    "freq_shift_score": 0.06485697803415713,
    "offset_slope": -0.00015486177468881205,
    "high_low_energy_ratio": 12.743232895057657,
    "band_offset_db_1": 0.0017500000000012506,
    "band_offset_db_2": 0.0,
    "band_offset_db_3": -0.003649999999999487,
    "band_offset_db_4": 0.0014000000000038426
  },
  "system": {
    "probs": {
      "正常": 0.974156609942863,
      "幅度失准": 0.007114660931530392,
      "频率失准": 0.011341736750040672,
      "参考电平失准": 0.007386992278150128
    },
    "decision": "正常",
    "confidence": 0.974156609942863,
    "is_normal": true
  },
  "module": {
    "topk": [
      {
        "module_id": "[电源板] 电源管理模块",
        "gamma": 0.8676440578214327
      },
      {
        "module_id": "[RF板][Mixer1]",
        "gamma": 0.040838450560673194
      },
      {
        "module_id": "[时钟板][参考域] 10MHz 基准 OCXO",
        "gamma": 0.027553653390333718
      }
    ],
    "gating": {
      "disabled_modules": [
        "高频段YTF滤波器",
        "高频段混频器",
        "前置放大器",
        "衰减器"
      ],
      "topk_k": 3
    }
  },
  "evidence": {
    "global_offset_db": 0.011799999999999145,
    "hf_std_db": 0.009572300406624015,
    "p95_abs_dev_db": 0.021715000000000803,
    "inside_env_frac": 1.0,
    "peak_freq_mae_hz": 3872.8381633086583,
    "peak_freq_outlier_frac": 0.0
  },
  "artifacts": {
    "output_json": "Output/diagnosis/batch/sim_00187_diagnosis.json"
  },
  "system_diagnosis": {
    "probabilities": {
      "正常": 0.974156609942863,
      "幅度失准": 0.007114660931530392,
      "频率失准": 0.011341736750040672,
      "参考电平失准": 0.007386992278150128
    },
    "predicted_class": "正常",
    "max_prob": 0.974156609942863,
    "is_normal": true
  },
  "module_diagnosis": {
    "probabilities": {
      "[电源板] 电源管理模块": 0.8676440578214327,
      "[RF板][Mixer1]": 0.040838450560673194,
      "[时钟板][参考域] 10MHz 基准 OCXO": 0.027553653390333718,
      "[时钟板][参考分配]": 0.027553653390333718,
      "[RF板][RF] 低频通路固定滤波/抑制网络": 0.02460147624136939,
      "[LO/时钟板][LO1] 合成链": 0.011808708595857306,
      "[RF板][RF] 输入衰减器组": 0.0,
      "前置放大器": 0.0,
      "[RF板][YTF]": 0.0,
      "[RF板][Mixer2]": 0.0
    },
    "topk": [
      {
        "module": "[电源板] 电源管理模块",
        "probability": 0.8676440578214327
      },
      {
        "module": "[RF板][Mixer1]",
        "probability": 0.040838450560673194
      },
      {
        "module": "[时钟板][参考域] 10MHz 基准 OCXO",
        "probability": 0.027553653390333718
      }
    ],
    "disabled_modules": [
      "高频段YTF滤波器",
      "高频段混频器",
      "前置放大器",
      "衰减器"
    ]
  },
  "evidence_detail": {
    "viol_rate": 0.0,
    "envelope_violation": false,
    "violation_max_db": 0.0,
    "violation_energy": 0.19029501803770776,
    "baseline_coverage": 1.0
  },
  "config": {
    "mode": "unified_entry",
    "gating_status": "gated_ok",
    "run_name": null,
    "topk": 3
  },
  "uncertainty": {
    "is_uncertain": false,
    "reason": "",
    "top_class": "正常",
    "runner_up": "频率失准",
    "max_prob": 0.974156609942863,
    "second_prob": 0.011341736750040672,
    "prob_gap": 0.9628148731928223,
    "support_top_features": [],
    "support_runnerup_features": [],
    "conflict_features": [],
    "suggested_actions": []
  },
  "module_validation": {
    "sample_id": "sim_00187",
    "gt_module": null,
    "gt_module_v2": null,
    "top1": "[电源板] 电源管理模块",
    "top3": [
      "[电源板] 电源管理模块",
      "[RF板][Mixer1]",
      "[时钟板][参考域] 10MHz 基准 OCXO"
    ],
    "top5": [
      "[电源板] 电源管理模块",
      "[RF板][Mixer1]",
      "[时钟板][参考域] 10MHz 基准 OCXO",
      "[时钟板][参考分配]",
      "[RF板][RF] 低频通路固定滤波/抑制网络"
    ],
    "gt_rank": -1,
    "gt_prob": 0.0,
    "top1_hit": false,
    "top3_hit": false,
    "top5_hit": false
  },
  "ground_truth": {
    "type": "normal",
    "system_class_en": "normal",
    "system_class_cn": "正常",
    "module": null,
    "module_v2": null,
    "fault_params": {
      "severity": "light",
      "tier_target": "in_spec_weak",
      "type": "normal",
      "normal_state": "normal_state_B"
    }
  }
}