{
  "status": "success",
  "meta": {
    "sample_id": "sim_00057",
    "input_file": "/home/runner/work/FMFD-python/FMFD-python/Output/sim_spectrum/raw_curves/sim_00057.csv",
    "operating_condition": {
      "inject_power_dbm": -10.0,
      "freq_start_hz": 10000000.0,
      "freq_end_hz": 8200000000.0,
      "step_hz": 10000000.0,
      "frontend": {
        "low_band_only": true,
        "ac_coupling": true,
        "preamp": false
      }
    }
  },
  "data_points": 820,
  "frequency_range": {
    "min": 10000000.0,
    "max": 8200000000.0
  },
  "features": {
    "X1": -9.933073170731706,
    "X2": 0.0006776237839166483,
    "X3": 0.00014826751730984743,
    "X4": 0.030071238895966475,
    "X5": 0.2615754137432975,
    "X6": 0.001015499524092801,
    "X7": 0.09220000000000006,
    "X8": 0.02538268292682926,
    "X9": 0.000904279408738287,
    "X10": 0.014780988379996312,
    "X11": 0.0,
    "X12": 0.0,
    "X13": 0.1469374021058732,
    "X14": 0.005581684981684759,
    "X15": 0.0074959298544447165,
    "X16": 0.025062194681695165,
    "X17": 0.0,
    "X18": 0.0,
    "X19": -1.0224958560255338e-05,
    "X20": -0.026296935517348352,
    "X21": 4.0,
    "X22": 0.03979743673679676,
    "X23": 5.6303414634143907e-05,
    "X24": 0.1059919076307243,
    "X25": 5.6303414634143907e-05,
    "X26": 0.0005013324781637934,
    "X27": 2.639631064511477e-05,
    "X28": 0.04347826086729962,
    "X29": 0.23756500774636868,
    "X30": 0.003523628048780548,
    "X31": 0.000508274629846482,
    "X32": -0.6483885284836844,
    "X33": 0.6094761605715152,
    "X34": 0.015401208935763057,
    "X35": 0.0003772186619973427,
    "X36": 0.7908783222885132,
    "X37": 0.030071238895966475,
    "offset_db": -0.00020000000000042206,
    "viol_rate_aligned": 0.0,
    "viol_energy_aligned": 0.1469374021058732,
    "global_offset_db": 0.0,
    "shape_rmse": 0.007503560130640915,
    "ripple_hp": 0.00870735706179019,
    "tail_asym": 0.0007000000000000565,
    "compress_ratio": 0.2,
    "compress_ratio_high": 0.2,
    "freq_shift_score": 0.02808392154917283,
    "offset_slope": 4.3223682628400105e-05,
    "high_low_energy_ratio": 3.122660354903968,
    "band_offset_db_1": -0.004449999999999399,
    "band_offset_db_2": -9.999999999976694e-05,
    "band_offset_db_3": 0.0006000000000012662,
    "band_offset_db_4": 0.00010000000000331966
  },
  "system": {
    "probs": {
      "正常": 0.4565207155786063,
      "幅度失准": 0.03976795905884541,
      "频率失准": 0.42744614143222426,
      "参考电平失准": 0.07626518388467181
    },
    "decision": "正常",
    "confidence": 0.4565207155786063,
    "is_normal": true
  },
  "module": {
    "topk": [
      {
        "module_id": "[RF板][Mixer1]",
        "gamma": 0.2628332943628239
      },
      {
        "module_id": "[时钟板][参考域] 10MHz 基准 OCXO",
        "gamma": 0.17733330703997757
      },
      {
        "module_id": "[时钟板][参考分配]",
        "gamma": 0.17733330703997757
      }
    ],
    "gating": {
      "disabled_modules": [
        "高频段YTF滤波器",
        "高频段混频器",
        "前置放大器",
        "衰减器"
      ],
      "topk_k": 3
    }
  },
  "evidence": {
    "global_offset_db": -0.00020000000000042206,
    "hf_std_db": 0.006356578462558244,
    "p95_abs_dev_db": 0.014405000000000175,
    "inside_env_frac": 1.0,
    "peak_freq_mae_hz": 179770.44535271043,
    "peak_freq_outlier_frac": 0.006097560975609756
  },
  "artifacts": {
    "output_json": "Output/diagnosis/batch/sim_00057_diagnosis.json"
  },
  "system_diagnosis": {
    "probabilities": {
      "正常": 0.4565207155786063,
      "幅度失准": 0.03976795905884541,
      "频率失准": 0.42744614143222426,
      "参考电平失准": 0.07626518388467181
    },
    "predicted_class": "正常",
    "max_prob": 0.4565207155786063,
    "is_normal": true
  },
  "module_diagnosis": {
    "probabilities": {
      "[RF板][Mixer1]": 0.2628332943628239,
      "[时钟板][参考域] 10MHz 基准 OCXO": 0.17733330703997757,
      "[时钟板][参考分配]": 0.17733330703997757,
      "[RF板][RF] 低频通路固定滤波/抑制网络": 0.15833330985712285,
      "[电源板] 电源管理模块": 0.1481667929686792,
      "[LO/时钟板][LO1] 合成链": 0.07599998873141896,
      "[RF板][RF] 输入衰减器组": 0.0,
      "前置放大器": 0.0,
      "[RF板][YTF]": 0.0,
      "[RF板][Mixer2]": 0.0
    },
    "topk": [
      {
        "module": "[RF板][Mixer1]",
        "probability": 0.2628332943628239
      },
      {
        "module": "[时钟板][参考域] 10MHz 基准 OCXO",
        "probability": 0.17733330703997757
      },
      {
        "module": "[时钟板][参考分配]",
        "probability": 0.17733330703997757
      }
    ],
    "disabled_modules": [
      "高频段YTF滤波器",
      "高频段混频器",
      "前置放大器",
      "衰减器"
    ]
  },
  "evidence_detail": {
    "viol_rate": 0.0,
    "envelope_violation": false,
    "violation_max_db": 0.0,
    "violation_energy": 0.1469374021058732,
    "baseline_coverage": 1.0
  },
  "config": {
    "mode": "unified_entry",
    "gating_status": "gated_ok",
    "run_name": null,
    "topk": 3
  },
  "uncertainty": {
    "is_uncertain": true,
    "reason": "max_prob(45.65%) < 55% && prob_gap(2.91%) < 10%",
    "top_class": "正常",
    "runner_up": "频率失准",
    "max_prob": 0.4565207155786063,
    "second_prob": 0.42744614143222426,
    "prob_gap": 0.029074574146382037,
    "support_top_features": [],
    "support_runnerup_features": [
      {
        "feature": "X21",
        "contribution": 0.8
      },
      {
        "feature": "X4",
        "contribution": 0.027064115006369828
      },
      {
        "feature": "X16",
        "contribution": 0.022555975213525647
      },
      {
        "feature": "X7",
        "contribution": 0.018440000000000012
      },
      {
        "feature": "X22",
        "contribution": 0.007959487347359353
      }
    ],
    "conflict_features": [
      {
        "feature": "X1",
        "top_contrib": 0.9933073170731707,
        "runnerup_contrib": 0.9933073170731707
      },
      {
        "feature": "X5",
        "top_contrib": 0.026157541374329754,
        "runnerup_contrib": 0.026157541374329754
      },
      {
        "feature": "X13",
        "top_contrib": 0.01469374021058732,
        "runnerup_contrib": 0.01469374021058732
      }
    ],
    "suggested_actions": [
      "当前诊断为正常，但置信度较低",
      "建议增加测试样本或更换测试信号",
      "复测频率标度线性度",
      "建议重复测试或更换测试点以提高置信度"
    ]
  },
  "module_validation": {
    "sample_id": "sim_00057",
    "gt_module": "时钟合成与同步网络",
    "gt_module_v2": "[LO/时钟板][LO1] 合成链",
    "top1": "[RF板][Mixer1]",
    "top3": [
      "[RF板][Mixer1]",
      "[时钟板][参考域] 10MHz 基准 OCXO",
      "[时钟板][参考分配]"
    ],
    "top5": [
      "[RF板][Mixer1]",
      "[时钟板][参考域] 10MHz 基准 OCXO",
      "[时钟板][参考分配]",
      "[RF板][RF] 低频通路固定滤波/抑制网络",
      "[电源板] 电源管理模块"
    ],
    "gt_rank": 6,
    "gt_prob": 0.07599998873141896,
    "top1_hit": false,
    "top3_hit": false,
    "top5_hit": false
  },
  "ground_truth": {
    "type": "fault",
    "system_class_en": "freq_error",
    "system_class_cn": "频率失准",
    "module": "时钟合成与同步网络",
    "module_v2": "[LO/时钟板][LO1] 合成链",
    "fault_params": {
      "severity": "mid",
      "tier_target": "edge",
      "delta_f_hz": 301074.7678887035,
      "ppm": 36.76126592047662,
      "shift_bins": 0.03010747678887035,
      "bandwidth_hz": 8190000000.0,
      "type": "clock_drift",
      "track_type": "spike",
      "template_id": "T8",
      "forced_peak_track_type": true,
      "peak_track_profile": {
        "bands": [],
        "track_type": "spike"
      },
      "freq_amp_coupling": {
        "bias_db_min": -0.1,
        "bias_db_max": -0.02
      }
    }
  }
}