{
  "status": "success",
  "meta": {
    "sample_id": "sim_00048",
    "input_file": "/home/runner/work/FMFD-python/FMFD-python/Output/sim_spectrum/raw_curves/sim_00048.csv",
    "operating_condition": {
      "inject_power_dbm": -10.0,
      "freq_start_hz": 10000000.0,
      "freq_end_hz": 8200000000.0,
      "step_hz": 10000000.0,
      "frontend": {
        "low_band_only": true,
        "ac_coupling": true,
        "preamp": false
      }
    }
  },
  "data_points": 820,
  "frequency_range": {
    "min": 10000000.0,
    "max": 8200000000.0
  },
  "features": {
    "X1": -9.933072439024391,
    "X2": 0.0006640339429241857,
    "X3": 0.00045404622311701347,
    "X4": 0.03330224217408497,
    "X5": 0.22902224822427886,
    "X6": 0.00127199765502677,
    "X7": 0.0710999999999995,
    "X8": 0.02649000000000001,
    "X9": 0.0011090393338214037,
    "X10": 0.018329060838122805,
    "X11": 0.0024390243902439024,
    "X12": 0.02421968130269292,
    "X13": 0.9738381390044477,
    "X14": 0.004738095238095218,
    "X15": 0.021861453980029283,
    "X16": 0.13972884521727794,
    "X17": -0.0004999999999999449,
    "X18": 0.0,
    "X19": -5.548884957723807e-05,
    "X20": 1.4524204538372985,
    "X21": 16.0,
    "X22": 0.04403555664302232,
    "X23": 0.0001789378900495403,
    "X24": 0.16540917964274315,
    "X25": 0.00019730068292682617,
    "X26": 0.00025875875499842564,
    "X27": 1.2120105956677084e-05,
    "X28": 0.03877662479307918,
    "X29": 2.823579728906409,
    "X30": 0.004888355308813422,
    "X31": 0.0044260411244918035,
    "X32": -1.9105260470595022,
    "X33": 0.47058062676571294,
    "X34": 0.018284014034962482,
    "X35": 0.0002816789533678904,
    "X36": 0.8722876875293032,
    "X37": 0.03330224217408497,
    "offset_db": 0.0015999999999998238,
    "viol_rate_aligned": 0.0024390243902439024,
    "viol_energy_aligned": 0.9738381390044477,
    "global_offset_db": 0.0,
    "shape_rmse": 0.014046376149271603,
    "ripple_hp": 0.009943140730110999,
    "tail_asym": -0.001619999999999868,
    "compress_ratio": 0.2,
    "compress_ratio_high": 0.19661016949152543,
    "freq_shift_score": 0.07788829031242339,
    "offset_slope": -0.0008943733647693052,
    "high_low_energy_ratio": 322.50662183499645,
    "band_offset_db_1": -0.0004500000000007276,
    "band_offset_db_2": -0.000600000000000378,
    "band_offset_db_3": 0.002000000000000668,
    "band_offset_db_4": -0.0009000000000014552
  },
  "system": {
    "probs": {
      "正常": 0.1418808854944613,
      "幅度失准": 0.15519139654906797,
      "频率失准": 0.48105604056503376,
      "参考电平失准": 0.22187167739095592
    },
    "decision": "频率失准",
    "confidence": 0.48105604056503376,
    "is_normal": false
  },
  "module": {
    "topk": [
      {
        "module_id": "[RF板][Mixer1]",
        "gamma": 0.2672460666847075
      },
      {
        "module_id": "[时钟板][参考域] 10MHz 基准 OCXO",
        "gamma": 0.18031059920895925
      },
      {
        "module_id": "[时钟板][参考分配]",
        "gamma": 0.18031059920895925
      }
    ],
    "gating": {
      "disabled_modules": [
        "高频段YTF滤波器",
        "高频段混频器",
        "前置放大器",
        "衰减器"
      ],
      "topk_k": 3
    }
  },
  "evidence": {
    "global_offset_db": 0.0015999999999998238,
    "hf_std_db": 0.01098318774467817,
    "p95_abs_dev_db": 0.017115000000001043,
    "inside_env_frac": 0.9975609756097561,
    "peak_freq_mae_hz": 1084908.9678253531,
    "peak_freq_outlier_frac": 0.032926829268292684
  },
  "artifacts": {
    "output_json": "Output/diagnosis/batch/sim_00048_diagnosis.json"
  },
  "system_diagnosis": {
    "probabilities": {
      "正常": 0.1418808854944613,
      "幅度失准": 0.15519139654906797,
      "频率失准": 0.48105604056503376,
      "参考电平失准": 0.22187167739095592
    },
    "predicted_class": "频率失准",
    "max_prob": 0.48105604056503376,
    "is_normal": false
  },
  "module_diagnosis": {
    "probabilities": {
      "[RF板][Mixer1]": 0.2672460666847075,
      "[时钟板][参考域] 10MHz 基准 OCXO": 0.18031059920895925,
      "[时钟板][参考分配]": 0.18031059920895925,
      "[RF板][RF] 低频通路固定滤波/抑制网络": 0.1609916064365708,
      "[电源板] 电源管理模块": 0.13386515737124924,
      "[LO/时钟板][LO1] 合成链": 0.07727597108955397,
      "[RF板][RF] 输入衰减器组": 0.0,
      "前置放大器": 0.0,
      "[RF板][YTF]": 0.0,
      "[RF板][Mixer2]": 0.0
    },
    "topk": [
      {
        "module": "[RF板][Mixer1]",
        "probability": 0.2672460666847075
      },
      {
        "module": "[时钟板][参考域] 10MHz 基准 OCXO",
        "probability": 0.18031059920895925
      },
      {
        "module": "[时钟板][参考分配]",
        "probability": 0.18031059920895925
      }
    ],
    "disabled_modules": [
      "高频段YTF滤波器",
      "高频段混频器",
      "前置放大器",
      "衰减器"
    ]
  },
  "evidence_detail": {
    "viol_rate": 0.0024390243902439024,
    "envelope_violation": false,
    "violation_max_db": 0.02421968130269292,
    "violation_energy": 0.9738381390044477,
    "baseline_coverage": 0.9975609756097561
  },
  "config": {
    "mode": "unified_entry",
    "gating_status": "fallback_brb_only",
    "run_name": null,
    "topk": 3
  },
  "uncertainty": {
    "is_uncertain": true,
    "reason": "max_prob(48.11%) < 55%",
    "top_class": "频率失准",
    "runner_up": "参考电平失准",
    "max_prob": 0.48105604056503376,
    "second_prob": 0.22187167739095592,
    "prob_gap": 0.25918436317407784,
    "support_top_features": [
      {
        "feature": "X16",
        "contribution": 0.12575596069555015
      },
      {
        "feature": "X4",
        "contribution": 0.029972017956676474
      },
      {
        "feature": "X15",
        "contribution": 0.015303017786020497
      },
      {
        "feature": "X14",
        "contribution": 0.002842857142857131
      },
      {
        "feature": "X17",
        "contribution": 0.00044999999999995044
      }
    ],
    "support_runnerup_features": [
      {
        "feature": "X1",
        "contribution": 4.966536219512196
      },
      {
        "feature": "X13",
        "contribution": 0.6816866973031134
      },
      {
        "feature": "X5",
        "contribution": 0.11451112411213943
      },
      {
        "feature": "X7",
        "contribution": 0.0426599999999997
      },
      {
        "feature": "X8",
        "contribution": 0.013245000000000005
      }
    ],
    "conflict_features": [
      {
        "feature": "X20",
        "top_contrib": 0.2904840907674597,
        "runnerup_contrib": 0.2904840907674597
      },
      {
        "feature": "X22",
        "top_contrib": 0.008807111328604464,
        "runnerup_contrib": 0.008807111328604464
      },
      {
        "feature": "X9",
        "top_contrib": 0.00044361573352856153,
        "runnerup_contrib": 0.00044361573352856153
      }
    ],
    "suggested_actions": [
      "复测频率标度线性度",
      "检查本振锁定状态",
      "复测参考电平校准点",
      "建议重复测试或更换测试点以提高置信度"
    ]
  },
  "module_validation": {
    "sample_id": "sim_00048",
    "gt_module": "时钟振荡器",
    "gt_module_v2": "[LO/时钟板][LO1] 合成链",
    "top1": "[RF板][Mixer1]",
    "top3": [
      "[RF板][Mixer1]",
      "[时钟板][参考域] 10MHz 基准 OCXO",
      "[时钟板][参考分配]"
    ],
    "top5": [
      "[RF板][Mixer1]",
      "[时钟板][参考域] 10MHz 基准 OCXO",
      "[时钟板][参考分配]",
      "[RF板][RF] 低频通路固定滤波/抑制网络",
      "[电源板] 电源管理模块"
    ],
    "gt_rank": 6,
    "gt_prob": 0.07727597108955397,
    "top1_hit": false,
    "top3_hit": false,
    "top5_hit": false
  },
  "ground_truth": {
    "type": "fault",
    "system_class_en": "freq_error",
    "system_class_cn": "频率失准",
    "module": "时钟振荡器",
    "module_v2": "[LO/时钟板][LO1] 合成链",
    "fault_params": {
      "severity": "light",
      "tier_target": "in_spec_weak",
      "delta_f_hz": 80192.37435943549,
      "ppm": 9.791498700785773,
      "shift_bins": 0.008019237435943549,
      "bandwidth_hz": 8190000000.0,
      "warp_scale": 1.0004684668392443,
      "warp_bias": 9.779557848711646e-06,
      "type": "freq_miscal",
      "track_type": "hole",
      "template_id": "T8",
      "forced_peak_track_type": true,