{
  "status": "success",
  "meta": {
    "sample_id": "sim_00024",
    "input_file": "/home/runner/work/FMFD-python/FMFD-python/Output/sim_spectrum/raw_curves/sim_00024.csv",
    "operating_condition": {
      "inject_power_dbm": -10.0,
      "freq_start_hz": 10000000.0,
      "freq_end_hz": 8200000000.0,
      "step_hz": 10000000.0,
      "frontend": {
        "low_band_only": true,
        "ac_coupling": true,
        "preamp": false
      }
    }
  },
  "data_points": 820,
  "frequency_range": {
    "min": 10000000.0,
    "max": 8200000000.0
  },
  "features": {
    "X1": -9.933071707317072,
    "X2": 0.0027477176431026542,
    "X3": 0.00010211663243238325,
    "X4": 0.054832902446397436,
    "X5": 0.3993185549890895,
    "X6": 0.00313105461415824,
    "X7": 0.0990000000000002,
    "X8": 0.04660853658536588,
    "X9": 0.0030066471906961376,
    "X10": 0.014659586525442865,
    "X11": 0.0,
    "X12": 0.0,
    "X13": 0.0,
    "X14": 0.04034578754578772,
    "X15": 0.046975340027809544,
    "X16": 0.014119500640206398,
    "X17": 0.0,
    "X18": 0.0,
    "X19": -6.33192182863984e-05,
    "X20": -0.7219374143478805,
    "X21": 0.0,
    "X22": 0.10291102360588628,
    "X23": 0.0022117596097561013,
    "X24": 0.19320596207985974,
    "X25": 0.0022117596097561013,
    "X26": 0.0008170516624710035,
    "X27": 3.465317164588404e-05,
    "X28": -0.0008779631255233554,
    "X29": 0.01820635394274246,
    "X30": 0.06632820121951245,
    "X31": 0.001250359234519342,
    "X32": -4.634199760464041,
    "X33": 0.3942633769176526,
    "X34": 0.014363701257986881,
    "X35": 0.00048670243353444856,
    "X36": 0.9186012738418643,
    "X37": 0.054832902446397436,
    "offset_db": 0.0002999999999993008,
    "viol_rate_aligned": 0.0,
    "viol_energy_aligned": 0.0,
    "global_offset_db": 0.0,
    "shape_rmse": 0.04702934838753458,
    "ripple_hp": 0.013035235280607814,
    "tail_asym": -9.999999999799059e-05,
    "compress_ratio": 0.19390243902439025,
    "compress_ratio_high": 0.19322033898305085,
    "freq_shift_score": 0.4580505469846119,
    "offset_slope": -0.00021350563521021045,
    "high_low_energy_ratio": 1.0371696699922863,
    "band_offset_db_1": -0.03799999999999937,
    "band_offset_db_2": 0.0,
    "band_offset_db_3": 0.0,
    "band_offset_db_4": 0.0
  },
  "system": {
    "probs": {
      "正常": 0.05919848425953225,
      "幅度失准": 0.11921110795578145,
      "频率失准": 0.6437483327024279,
      "参考电平失准": 0.17784207508161454
    },
    "decision": "频率失准",
    "confidence": 0.6437483327024279,
    "is_normal": false
  },
  "module": {
    "topk": [
      {
        "module_id": "[RF板][Mixer1]",
        "gamma": 0.2766039313916331
      },
      {
        "module_id": "[时钟板][参考域] 10MHz 基准 OCXO",
        "gamma": 0.1866243392521862
      },
      {
        "module_id": "[时钟板][参考分配]",
        "gamma": 0.1866243392521862
      }
    ],
    "gating": {
      "disabled_modules": [
        "高频段YTF滤波器",
        "高频段混频器",
        "前置放大器",
        "衰减器"
      ],
      "topk_k": 3
    }
  },
  "evidence": {
    "global_offset_db": 0.0002999999999993008,
    "hf_std_db": 0.051749731378726335,
    "p95_abs_dev_db": 0.07599999999999874,
    "inside_env_frac": 1.0,
    "peak_freq_mae_hz": 4154.04411562124,
    "peak_freq_outlier_frac": 0.0
  },
  "artifacts": {
    "output_json": "Output/diagnosis/batch/sim_00024_diagnosis.json"
  },
  "system_diagnosis": {
    "probabilities": {
      "正常": 0.05919848425953225,
      "幅度失准": 0.11921110795578145,
      "频率失准": 0.6437483327024279,
      "参考电平失准": 0.17784207508161454
    },
    "predicted_class": "频率失准",
    "max_prob": 0.6437483327024279,
    "is_normal": false
  },
  "module_diagnosis": {
    "probabilities": {
      "[RF板][Mixer1]": 0.2766039313916331,
      "[时钟板][参考域] 10MHz 基准 OCXO": 0.1866243392521862,
      "[时钟板][参考分配]": 0.1866243392521862,
      "[RF板][RF] 低频通路固定滤波/抑制网络": 0.1666288743323091,
      "[电源板] 电源管理模块": 0.10353665609217705,
      "[LO/时钟板][LO1] 合成链": 0.07998185967950837,
      "[RF板][RF] 输入衰减器组": 0.0,
      "前置放大器": 0.0,
      "[RF板][YTF]": 0.0,
      "[RF板][Mixer2]": 0.0
    },
    "topk": [
      {
        "module": "[RF板][Mixer1]",
        "probability": 0.2766039313916331
      },
      {
        "module": "[时钟板][参考域] 10MHz 基准 OCXO",
        "probability": 0.1866243392521862
      },
      {
        "module": "[时钟板][参考分配]",
        "probability": 0.1866243392521862
      }
    ],
    "disabled_modules": [
      "高频段YTF滤波器",
      "高频段混频器",
      "前置放大器",
      "衰减器"
    ]
  },
  "evidence_detail": {
    "viol_rate": 0.0,
    "envelope_violation": false,
    "violation_max_db": 0.0,
    "violation_energy": 0.0,
    "baseline_coverage": 1.0
  },
  "config": {
    "mode": "unified_entry",
    "gating_status": "fallback_brb_only",
    "run_name": null,
    "topk": 3
  },
  "uncertainty": {
    "is_uncertain": false,
    "reason": "",
    "top_class": "频率失准",
    "runner_up": "参考电平失准",
    "max_prob": 0.6437483327024279,
    "second_prob": 0.17784207508161454,
    "prob_gap": 0.4659062576208134,
    "support_top_features": [],
    "support_runnerup_features": [],
    "conflict_features": [],
    "suggested_actions": []
  },
  "module_validation": {
    "sample_id": "sim_00024",
    "gt_module": "ADC",
    "gt_module_v2": "[数字中频板][ADC]",
    "top1": "[RF板][Mixer1]",
    "top3": [
      "[RF板][Mixer1]",
      "[时钟板][参考域] 10MHz 基准 OCXO",
      "[时钟板][参考分配]"
    ],
    "top5": [
      "[RF板][Mixer1]",
      "[时钟板][参考域] 10MHz 基准 OCXO",
      "[时钟板][参考分配]",
      "[RF板][RF] 低频通路固定滤波/抑制网络",
      "[电源板] 电源管理模块"
    ],
    "gt_rank": -1,
    "gt_prob": 0.0,
    "top1_hit": false,
    "top3_hit": false,
    "top5_hit": false
  },
  "ground_truth": {
    "type": "fault",
    "system_class_en": "amp_error",
    "system_class_cn": "幅度失准",
    "module": "ADC",
    "module_v2": "[数字中频板][ADC]",
    "fault_params": {
      "severity": "mid",
      "tier_target": "edge",
      "type": "adc_bias",
      "subtype": "amp_error_offset",
      "quant_step_db": 0.018987066106019777,
      "template_id": "T7"
    }
  }
}