{
  "status": "success",
  "meta": {
    "sample_id": "sim_00020",
    "input_file": "/home/runner/work/FMFD-python/FMFD-python/Output/sim_spectrum/raw_curves/sim_00020.csv",
    "operating_condition": {
      "inject_power_dbm": -10.0,
      "freq_start_hz": 10000000.0,
      "freq_end_hz": 8200000000.0,
      "step_hz": 10000000.0,
      "frontend": {
        "low_band_only": true,
        "ac_coupling": true,
        "preamp": false
      }
    }
  },
  "data_points": 820,
  "frequency_range": {
    "min": 10000000.0,
    "max": 8200000000.0
  },
  "features": {
    "X1": -9.933073658536586,
    "X2": 0.0027259819812942053,
    "X3": 0.00040845387890574406,
    "X4": 0.05608918783138082,
    "X5": 0.35664862763100313,
    "X6": 0.0032796667695419407,
    "X7": 0.16710000000000136,
    "X8": 0.04587707317073172,
    "X9": 0.0031459969915839177,
    "X10": 0.016218997435441362,
    "X11": 0.046341463414634146,
    "X12": 0.07105140749215089,
    "X13": 0.4339526121936825,
    "X14": 0.042164835164835164,
    "X15": 0.04996748412055323,
    "X16": 0.012436564329556149,
    "X17": 0.0,
    "X18": 0.0,
    "X19": -0.00017640442395282373,
    "X20": -0.3874922597489925,
    "X21": 0.0,
    "X22": 0.02959673875284915,
    "X23": 0.002509618439024391,
    "X24": 0.700559507603101,
    "X25": 0.002509618439024391,
    "X26": 0.001338828193892246,
    "X27": 0.00018001936942407034,
    "X28": -0.0631578947363793,
    "X29": -0.05811804432555642,
    "X30": 0.0739449695121951,
    "X31": 0.00303928194500365,
    "X32": -0.8271894454830377,
    "X33": 1.0031820664766251,
    "X34": 0.02068351925101206,
    "X35": 0.00330057221344115,
    "X36": 0.4759021188040326,
    "X37": 0.05608918783138082,
    "offset_db": 0.0029000000000003467,
    "viol_rate_aligned": 0.046341463414634146,
    "viol_energy_aligned": 0.4339526121936825,
    "global_offset_db": 0.0,
    "shape_rmse": 0.05009609205341661,
    "ripple_hp": 0.05481644096499038,
    "tail_asym": -0.009265000000003076,
    "compress_ratio": 0.2,
    "compress_ratio_high": 0.2,
    "freq_shift_score": 0.510405115218215,
    "offset_slope": -0.000385763331070895,
    "high_low_energy_ratio": 0.7461366341691104,
    "band_offset_db_1": 0.04579999999999895,
    "band_offset_db_2": -0.002300000000001745,
    "band_offset_db_3": 0.002849999999998687,
    "band_offset_db_4": -0.0010999999999992127
  },
  "system": {
    "probs": {
      "正常": 0.033203638099135985,
      "幅度失准": 0.20013422142700285,
      "频率失准": 0.6669128990243566,
      "参考电平失准": 0.09974924144883765
    },
    "decision": "频率失准",
    "confidence": 0.6669128990243566,
    "is_normal": false
  },
  "module": {
    "topk": [
      {
        "module_id": "[RF板][Mixer1]",
        "gamma": 0.2776022569362489
      },
      {
        "module_id": "[时钟板][参考域] 10MHz 基准 OCXO",
        "gamma": 0.18729790829433662
      },
      {
        "module_id": "[时钟板][参考分配]",
        "gamma": 0.18729790829433662
      }
    ],
    "gating": {
      "disabled_modules": [
        "高频段YTF滤波器",
        "高频段混频器",
        "前置放大器",
        "衰减器"
      ],
      "topk_k": 3
    }
  },
  "evidence": {
    "global_offset_db": 0.0029000000000003467,
    "hf_std_db": 0.041534302909575306,
    "p95_abs_dev_db": 0.09681499999999994,
    "inside_env_frac": 0.9536585365853658,
    "peak_freq_mae_hz": 3874.03569106058,
    "peak_freq_outlier_frac": 0.0
  },
  "artifacts": {
    "output_json": "Output/diagnosis/batch/sim_00020_diagnosis.json"
  },
  "system_diagnosis": {
    "probabilities": {
      "正常": 0.033203638099135985,
      "幅度失准": 0.20013422142700285,
      "频率失准": 0.6669128990243566,
      "参考电平失准": 0.09974924144883765
    },
    "predicted_class": "频率失准",
    "max_prob": 0.6669128990243566,
    "is_normal": false
  },
  "module_diagnosis": {
    "probabilities": {
      "[RF板][Mixer1]": 0.2776022569362489,
      "[时钟板][参考域] 10MHz 基准 OCXO": 0.18729790829433662,
      "[时钟板][参考分配]": 0.18729790829433662,
      "[RF板][RF] 低频通路固定滤波/抑制网络": 0.16723027526280054,
      "[电源板] 电源管理模块": 0.10030111908613308,
      "[LO/时钟板][LO1] 合成链": 0.08027053212614425,
      "[RF板][RF] 输入衰减器组": 0.0,
      "前置放大器": 0.0,
      "[RF板][YTF]": 0.0,
      "[RF板][Mixer2]": 0.0
    },
    "topk": [
      {
        "module": "[RF板][Mixer1]",
        "probability": 0.2776022569362489
      },
      {
        "module": "[时钟板][参考域] 10MHz 基准 OCXO",
        "probability": 0.18729790829433662
      },
      {
        "module": "[时钟板][参考分配]",
        "probability": 0.18729790829433662
      }
    ],
    "disabled_modules": [
      "高频段YTF滤波器",
      "高频段混频器",
      "前置放大器",
      "衰减器"
    ]
  },
  "evidence_detail": {
    "viol_rate": 0.046341463414634146,
    "envelope_violation": false,
    "violation_max_db": 0.07105140749215089,
    "violation_energy": 0.4339526121936825,
    "baseline_coverage": 0.9536585365853658
  },
  "config": {
    "mode": "unified_entry",
    "gating_status": "fallback_brb_only",
    "run_name": null,
    "topk": 3
  },
  "uncertainty": {
    "is_uncertain": false,
    "reason": "",
    "top_class": "频率失准",
    "runner_up": "幅度失准",
    "max_prob": 0.6669128990243566,
    "second_prob": 0.20013422142700285,
    "prob_gap": 0.4667786775973537,
    "support_top_features": [],
    "support_runnerup_features": [],
    "conflict_features": [],
    "suggested_actions": []
  },
  "module_validation": {
    "sample_id": "sim_00020",
    "gt_module": "电源模块",
    "gt_module_v2": "[RF板][RF] 输入连接/匹配/保护",
    "top1": "[RF板][Mixer1]",
    "top3": [
      "[RF板][Mixer1]",
      "[时钟板][参考域] 10MHz 基准 OCXO",
      "[时钟板][参考分配]"
    ],
    "top5": [
      "[RF板][Mixer1]",
      "[时钟板][参考域] 10MHz 基准 OCXO",
      "[时钟板][参考分配]",
      "[RF板][RF] 低频通路固定滤波/抑制网络",
      "[电源板] 电源管理模块"
    ],
    "gt_rank": -1,
    "gt_prob": 0.0,
    "top1_hit": false,
    "top3_hit": false,
    "top5_hit": false
  },
  "ground_truth": {
    "type": "fault",
    "system_class_en": "amp_error",
    "system_class_cn": "幅度失准",
    "module": "电源模块",
    "module_v2": "[RF板][RF] 输入连接/匹配/保护",
    "fault_params": {
      "severity": "light",
      "tier_target": "mild_oos",
      "type": "power_noise",
      "subtype": "amp_error_ripple",
      "noise_std": 0.028783216913980607,
      "template_id": "T6"
    }
  }
}