{
  "status": "success",
  "meta": {
    "sample_id": "sim_00179",
    "input_file": "/home/runner/work/FMFD-python/FMFD-python/Output/sim_spectrum/raw_curves/sim_00179.csv",
    "operating_condition": {
      "inject_power_dbm": -10.0,
      "freq_start_hz": 10000000.0,
      "freq_end_hz": 8200000000.0,
      "step_hz": 10000000.0,
      "frontend": {
        "low_band_only": true,
        "ac_coupling": true,
        "preamp": false
      }
    }
  },
  "data_points": 820,
  "frequency_range": {
    "min": 10000000.0,
    "max": 8200000000.0
  },
  "features": {
    "X1": -9.954365243902439,
    "X2": 0.0007098877875272648,
    "X3": 0.00016279828057621037,
    "X4": 0.03238312861454997,
    "X5": 0.2530048222112451,
    "X6": 0.001217881462745389,
    "X7": 0.11059999999999981,
    "X8": 0.0277859756097561,
    "X9": 0.0010486670188664853,
    "X10": 0.016984663909982926,
    "X11": 0.0,
    "X12": 0.0,
    "X13": 0.20535327170085418,
    "X14": 0.010144322344322295,
    "X15": 0.015137556057322053,
    "X16": 0.025292018563017,
    "X17": 0.0,
    "X18": 0.0,
    "X19": -0.00013510217158137618,
    "X20": 0.15379735057289556,
    "X21": 3.0,
    "X22": 0.03699676199950737,
    "X23": 0.00021138925609756013,
    "X24": 0.0506004000535053,
    "X25": 0.00021138925609756013,
    "X26": 3.905933552459794e-05,
    "X27": 0.00013598884391699073,
    "X28": -0.09018778100790548,
    "X29": 0.5726163528240585,
    "X30": 0.012516006097561119,
    "X31": 0.0018153174526500913,
    "X32": -3.526108074124358,
    "X33": 0.5470663154609658,
    "X34": 0.01693475056847061,
    "X35": 0.0003644894561848406,
    "X36": 0.8242270975219401,
    "X37": 0.03238312861454997,
    "offset_db": -0.020500000000000185,
    "viol_rate_aligned": 0.0,
    "viol_energy_aligned": 0.20535327170085418,
    "global_offset_db": 0.0,
    "shape_rmse": 0.014539231619915825,
    "ripple_hp": 0.006013685883667443,
    "tail_asym": -0.0047049999999996955,
    "compress_ratio": 0.2,
    "compress_ratio_high": 0.19661016949152543,
    "freq_shift_score": 0.09023799653479658,
    "offset_slope": -0.0009969160297135771,
    "high_low_energy_ratio": 1.1647915952097738,
    "band_offset_db_1": 0.014750000000000263,
    "band_offset_db_2": 0.0007999999999981355,
    "band_offset_db_3": 0.0005000000000006111,
    "band_offset_db_4": -0.0017999999999993577
  },
  "system": {
    "probs": {
      "正常": 0.9623762986811746,
      "幅度失准": 0.01484992041874365,
      "频率失准": 0.022756622432306663,
      "参考电平失准": 1.7158371537497597e-05
    },
    "decision": "正常",
    "confidence": 0.9623762986811746,
    "is_normal": true
  },
  "module": {
    "topk": [
      {
        "module_id": "[电源板] 电源管理模块",
        "gamma": 0.7656518933551277
      },
      {
        "module_id": "[RF板][Mixer1]",
        "gamma": 0.07230815186440298
      },
      {
        "module_id": "[时钟板][参考域] 10MHz 基准 OCXO",
        "gamma": 0.04878622294465743
      }
    ],
    "gating": {
      "disabled_modules": [
        "高频段YTF滤波器",
        "高频段混频器",
        "前置放大器",
        "衰减器"
      ],
      "topk_k": 3
    }
  },
  "evidence": {
    "global_offset_db": -0.020500000000000185,
    "hf_std_db": 0.010751888160944951,
    "p95_abs_dev_db": 0.02620000000000111,
    "inside_env_frac": 1.0,
    "peak_freq_mae_hz": 3950.077033017605,
    "peak_freq_outlier_frac": 0.0
  },
  "artifacts": {
    "output_json": "Output/diagnosis/batch/sim_00179_diagnosis.json"
  },
  "system_diagnosis": {
    "probabilities": {
      "正常": 0.9623762986811746,
      "幅度失准": 0.01484992041874365,
      "频率失准": 0.022756622432306663,
      "参考电平失准": 1.7158371537497597e-05
    },
    "predicted_class": "正常",
    "max_prob": 0.9623762986811746,
    "is_normal": true
  },
  "module_diagnosis": {
    "probabilities": {
      "[电源板] 电源管理模块": 0.7656518933551277,
      "[RF板][Mixer1]": 0.07230815186440298,
      "[时钟板][参考域] 10MHz 基准 OCXO": 0.04878622294465743,
      "[时钟板][参考分配]": 0.04878622294465743,
      "[RF板][RF] 低频通路固定滤波/抑制网络": 0.04355912762915842,
      "[LO/时钟板][LO1] 合成链": 0.020908381261996043,
      "[RF板][RF] 输入衰减器组": 0.0,
      "前置放大器": 0.0,
      "[RF板][YTF]": 0.0,
      "[RF板][Mixer2]": 0.0
    },
    "topk": [
      {
        "module": "[电源板] 电源管理模块",
        "probability": 0.7656518933551277
      },
      {
        "module": "[RF板][Mixer1]",
        "probability": 0.07230815186440298
      },
      {
        "module": "[时钟板][参考域] 10MHz 基准 OCXO",
        "probability": 0.04878622294465743
      }
    ],
    "disabled_modules": [
      "高频段YTF滤波器",
      "高频段混频器",
      "前置放大器",
      "衰减器"
    ]
  },
  "evidence_detail": {
    "viol_rate": 0.0,
    "envelope_violation": false,
    "violation_max_db": 0.0,
    "violation_energy": 0.20535327170085418,
    "baseline_coverage": 1.0
  },
  "config": {
    "mode": "unified_entry",
    "gating_status": "gated_ok",
    "run_name": null,
    "topk": 3
  },
  "uncertainty": {
    "is_uncertain": false,
    "reason": "",
    "top_class": "正常",
    "runner_up": "频率失准",
    "max_prob": 0.9623762986811746,
    "second_prob": 0.022756622432306663,
    "prob_gap": 0.9396196762488679,
    "support_top_features": [],
    "support_runnerup_features": [],
    "conflict_features": [],
    "suggested_actions": []
  },
  "module_validation": {
    "sample_id": "sim_00179",
    "gt_module": null,
    "gt_module_v2": null,
    "top1": "[电源板] 电源管理模块",
    "top3": [
      "[电源板] 电源管理模块",
      "[RF板][Mixer1]",
      "[时钟板][参考域] 10MHz 基准 OCXO"
    ],
    "top5": [
      "[电源板] 电源管理模块",
      "[RF板][Mixer1]",
      "[时钟板][参考域] 10MHz 基准 OCXO",
      "[时钟板][参考分配]",
      "[RF板][RF] 低频通路固定滤波/抑制网络"
    ],
    "gt_rank": -1,
    "gt_prob": 0.0,
    "top1_hit": false,
    "top3_hit": false,
    "top5_hit": false
  },
  "ground_truth": {
    "type": "normal",
    "system_class_en": "normal",
    "system_class_cn": "正常",
    "module": null,
    "module_v2": null,
    "fault_params": {
      "severity": "mid",
      "tier_target": "in_spec_weak",
      "type": "normal",
      "normal_state": "normal_state_B"
    }
  }
}