{
  "status": "success",
  "meta": {
    "sample_id": "sim_00136",
    "input_file": "/home/runner/work/FMFD-python/FMFD-python/Output/sim_spectrum/raw_curves/sim_00136.csv",
    "operating_condition": {
      "inject_power_dbm": -10.0,
      "freq_start_hz": 10000000.0,
      "freq_end_hz": 8200000000.0,
      "step_hz": 10000000.0,
      "frontend": {
        "low_band_only": true,
        "ac_coupling": true,
        "preamp": false
      }
    }
  },
  "data_points": 820,
  "frequency_range": {
    "min": 10000000.0,
    "max": 8200000000.0
  },
  "features": {
    "X1": -10.022276341463414,
    "X2": 0.0006785429350915468,
    "X3": 0.000228788241535489,
    "X4": 0.02971687840750824,
    "X5": 0.25704465859440934,
    "X6": 0.0009661392451516957,
    "X7": 0.08230000000000004,
    "X8": 0.024586829268292688,
    "X9": 0.0008830928622866293,
    "X10": 0.014105416481712605,
    "X11": 0.0,
    "X12": 0.0,
    "X13": 0.13825922677560942,
    "X14": 0.004353113553113838,
    "X15": 0.005389957174209853,
    "X16": 0.012726211562905368,
    "X17": 0.0,
    "X18": 0.0,
    "X19": -5.783273669399113e-05,
    "X20": 0.0524653184285091,
    "X21": 3.0,
    "X22": 0.03911864696306822,
    "X23": 3.4581463414634574e-05,
    "X24": 0.08211833797017498,
    "X25": 3.4581463414634574e-05,
    "X26": 0.0003509994295633499,
    "X27": 4.181981178958583e-06,
    "X28": 0.06398274622086754,
    "X29": -0.08385942148188819,
    "X30": 0.0022051829268294465,
    "X31": 0.001711063980820414,
    "X32": -0.1844426931937498,
    "X33": 0.6197768571349167,
    "X34": 0.014764691498798603,
    "X35": 0.0003711166459886613,
    "X36": 0.789080450127291,
    "X37": 0.029716878407508238,
    "offset_db": -0.08949999999999925,
    "viol_rate_aligned": 0.0,
    "viol_energy_aligned": 0.13825922677560942,
    "global_offset_db": 0.0,
    "shape_rmse": 0.005880600599822656,
    "ripple_hp": 0.007645170524223556,
    "tail_asym": 0.000994999999999635,
    "compress_ratio": 0.2,
    "compress_ratio_high": 0.2,
    "freq_shift_score": 0.01797022590193409,
    "offset_slope": 0.0006486460075480771,
    "high_low_energy_ratio": 2.167495718255871,
    "band_offset_db_1": -0.003350000000000186,
    "band_offset_db_2": -0.001300000000000523,
    "band_offset_db_3": 0.0010499999999993292,
    "band_offset_db_4": 0.0016999999999995907
  },
  "system": {
    "probs": {
      "正常": 0.014649060757605185,
      "幅度失准": 0.0036503216180259444,
      "频率失准": 0.016966539357965583,
      "参考电平失准": 0.96473407816993
    },
    "decision": "参考电平失准",
    "confidence": 0.96473407816993,
    "is_normal": false
  },
  "module": {
    "topk": [
      {
        "module_id": "[校准链路][校准源]",
        "gamma": 0.377494805361843
      },
      {
        "module_id": "[校准链路][校准路径开关/耦合]",
        "gamma": 0.2726351372057754
      },
      {
        "module_id": "[校准链路][校准表/存储]",
        "gamma": 0.24117723675895522
      }
    ],
    "gating": {
      "disabled_modules": [
        "高频段YTF滤波器",
        "高频段混频器",
        "前置放大器",
        "衰减器"
      ],
      "topk_k": 3
    }
  },
  "evidence": {
    "global_offset_db": -0.08949999999999925,
    "hf_std_db": 0.005569490004039612,
    "p95_abs_dev_db": 0.011804999999999217,
    "inside_env_frac": 1.0,
    "peak_freq_mae_hz": 3946.183042120929,
    "peak_freq_outlier_frac": 0.0
  },
  "artifacts": {
    "output_json": "Output/diagnosis/batch/sim_00136_diagnosis.json"
  },
  "system_diagnosis": {
    "probabilities": {
      "正常": 0.014649060757605185,
      "幅度失准": 0.0036503216180259444,
      "频率失准": 0.016966539357965583,
      "参考电平失准": 0.96473407816993
    },
    "predicted_class": "参考电平失准",
    "max_prob": 0.96473407816993,
    "is_normal": false
  },
  "module_diagnosis": {
    "probabilities": {
      "[校准链路][校准源]": 0.377494805361843,
      "[校准链路][校准路径开关/耦合]": 0.2726351372057754,
      "[校准链路][校准表/存储]": 0.24117723675895522,
      "[电源板] 电源管理模块": 0.10869282067342635,
      "[RF板][RF] 输入衰减器组": 0.0,
      "前置放大器": 0.0,
      "[RF板][RF] 低频通路固定滤波/抑制网络": 0.0,
      "[RF板][Mixer1]": 0.0,
      "[RF板][YTF]": 0.0,
      "[RF板][Mixer2]": 0.0
    },
    "topk": [
      {
        "module": "[校准链路][校准源]",
        "probability": 0.377494805361843
      },
      {
        "module": "[校准链路][校准路径开关/耦合]",
        "probability": 0.2726351372057754
      },
      {
        "module": "[校准链路][校准表/存储]",
        "probability": 0.24117723675895522
      }
    ],
    "disabled_modules": [
      "高频段YTF滤波器",
      "高频段混频器",
      "前置放大器",
      "衰减器"
    ]
  },
  "evidence_detail": {
    "viol_rate": 0.0,
    "envelope_violation": false,
    "violation_max_db": 0.0,
    "violation_energy": 0.13825922677560942,
    "baseline_coverage": 1.0
  },
  "config": {
    "mode": "unified_entry",
    "gating_status": "gated_ok",
    "run_name": null,
    "topk": 3
  },
  "uncertainty": {
    "is_uncertain": false,
    "reason": "",
    "top_class": "参考电平失准",
    "runner_up": "频率失准",
    "max_prob": 0.96473407816993,
    "second_prob": 0.016966539357965583,
    "prob_gap": 0.9477675388119644,
    "support_top_features": [],
    "support_runnerup_features": [],
    "conflict_features": [],
    "suggested_actions": []
  },
  "module_validation": {
    "sample_id": "sim_00136",
    "gt_module": "校准信号开关",
    "gt_module_v2": "[校准链路][校准路径开关/耦合]",
    "top1": "[校准链路][校准源]",
    "top3": [
      "[校准链路][校准源]",
      "[校准链路][校准路径开关/耦合]",
      "[校准链路][校准表/存储]"
    ],
    "top5": [
      "[校准链路][校准源]",
      "[校准链路][校准路径开关/耦合]",
      "[校准链路][校准表/存储]",
      "[电源板] 电源管理模块",
      "[RF板][RF] 输入衰减器组"
    ],
    "gt_rank": 2,
    "gt_prob": 0.2726351372057754,
    "top1_hit": false,
    "top3_hit": true,
    "top5_hit": true
  },
  "ground_truth": {
    "type": "fault",
    "system_class_en": "ref_error",
    "system_class_cn": "参考电平失准",
    "module": "校准信号开关",
    "module_v2": "[校准链路][校准路径开关/耦合]",
    "fault_params": {
      "severity": "severe",
      "tier_target": "mild_oos",
      "type": "ref_miscal",
      "subtype": "ref_error_offset",
      "offset_db": 0.21569107404824234,
      "template_id": "T1",
      "mean_offset_db": -0.08920309382073603
    }
  }
}