{
  "status": "success",
  "meta": {
    "sample_id": "sim_00022",
    "input_file": "/home/runner/work/FMFD-python/FMFD-python/Output/sim_spectrum/raw_curves/sim_00022.csv",
    "operating_condition": {
      "inject_power_dbm": -10.0,
      "freq_start_hz": 10000000.0,
      "freq_end_hz": 8200000000.0,
      "step_hz": 10000000.0,
      "frontend": {
        "low_band_only": true,
        "ac_coupling": true,
        "preamp": false
      }
    }
  },
  "data_points": 820,
  "frequency_range": {
    "min": 10000000.0,
    "max": 8200000000.0
  },
  "features": {
    "X1": -9.933072195121952,
    "X2": 0.0026829643140243954,
    "X3": 8.683811026623733e-05,
    "X4": 0.05174859948937194,
    "X5": 0.31926007154515174,
    "X6": 0.002792743982986321,
    "X7": 0.15799999999999947,
    "X8": 0.042689756097560996,
    "X9": 0.0026779175491114257,
    "X10": 0.012993141617400145,
    "X11": 0.01951219512195122,
    "X12": 0.04460502782835363,
    "X13": 0.44774468699832004,
    "X14": 0.032531135531135506,
    "X15": 0.04278404362943652,
    "X16": 0.06057188102664083,
    "X17": 0.0,
    "X18": 0.0,
    "X19": 8.256745274477967e-06,
    "X20": -0.209690806303386,
    "X21": 3.0,
    "X22": 0.03612746187840538,
    "X23": 0.0017823172682926896,
    "X24": 0.5958762842972906,
    "X25": 0.0017823172682926896,
    "X26": 0.0003897338851467938,
    "X27": 0.00013718507040405326,
    "X28": -0.023842400809879163,
    "X29": 0.07076572740842728,
    "X30": 0.05786844512195142,
    "X31": 0.002790030229111882,
    "X32": -1.100222650761894,
    "X33": 0.866372362328642,
    "X34": 0.01578956530524635,
    "X35": 0.0020962366225227786,
    "X36": 0.6089251016257569,
    "X37": 0.05174859948937194,
    "offset_db": -0.00019999999999953388,
    "viol_rate_aligned": 0.01951219512195122,
    "viol_energy_aligned": 0.44774468699832004,
    "global_offset_db": 0.0,
    "shape_rmse": 0.042217499550455256,
    "ripple_hp": 0.04188779545907357,
    "tail_asym": -0.002500000000001293,
    "compress_ratio": 0.2,
    "compress_ratio_high": 0.2,
    "freq_shift_score": 0.3981930321580901,
    "offset_slope": -2.8430419090172075e-05,
    "high_low_energy_ratio": 4.768348257636751,
    "band_offset_db_1": -0.007900000000001128,
    "band_offset_db_2": 0.0002999999999993008,
    "band_offset_db_3": -0.003900000000001569,
    "band_offset_db_4": 0.0039999999999995595
  },
  "system": {
    "probs": {
      "正常": 0.03232010890258561,
      "幅度失准": 0.0650847068083224,
      "频率失准": 0.8055002112328901,
      "参考电平失准": 0.09709497305539634
    },
    "decision": "频率失准",
    "confidence": 0.8055002112328901,
    "is_normal": false
  },
  "module": {
    "topk": [
      {
        "module_id": "[RF板][Mixer1]",
        "gamma": 0.28247694236942633
      },
      {
        "module_id": "[时钟板][参考域] 10MHz 基准 OCXO",
        "gamma": 0.19058685268298647
      },
      {
        "module_id": "[时钟板][参考分配]",
        "gamma": 0.19058685268298647
      }
    ],
    "gating": {
      "disabled_modules": [
        "高频段YTF滤波器",
        "高频段混频器",
        "前置放大器",
        "衰减器"
      ],
      "topk_k": 3
    }
  },
  "evidence": {
    "global_offset_db": -0.00019999999999953388,
    "hf_std_db": 0.033546835324717535,
    "p95_abs_dev_db": 0.07980499999999884,
    "inside_env_frac": 0.9804878048780488,
    "peak_freq_mae_hz": 3954.7400896579843,
    "peak_freq_outlier_frac": 0.0
  },
  "artifacts": {
    "output_json": "Output/diagnosis/batch/sim_00022_diagnosis.json"
  },
  "system_diagnosis": {
    "probabilities": {
      "正常": 0.03232010890258561,
      "幅度失准": 0.0650847068083224,
      "频率失准": 0.8055002112328901,
      "参考电平失准": 0.09709497305539634
    },
    "predicted_class": "频率失准",
    "max_prob": 0.8055002112328901,
    "is_normal": false
  },
  "module_diagnosis": {
    "probabilities": {
      "[RF板][Mixer1]": 0.28247694236942633,
      "[时钟板][参考域] 10MHz 基准 OCXO": 0.19058685268298647,
      "[时钟板][参考分配]": 0.19058685268298647,
      "[RF板][RF] 低频通路固定滤波/抑制网络": 0.17016683275266647,
      "[电源板] 电源管理模块": 0.08450243979065428,
      "[LO/时钟板][LO1] 合成链": 0.08168007972127993,
      "[RF板][RF] 输入衰减器组": 0.0,
      "前置放大器": 0.0,
      "[RF板][YTF]": 0.0,
      "[RF板][Mixer2]": 0.0
    },
    "topk": [
      {
        "module": "[RF板][Mixer1]",
        "probability": 0.28247694236942633
      },
      {
        "module": "[时钟板][参考域] 10MHz 基准 OCXO",
        "probability": 0.19058685268298647
      },
      {
        "module": "[时钟板][参考分配]",
        "probability": 0.19058685268298647
      }
    ],
    "disabled_modules": [
      "高频段YTF滤波器",
      "高频段混频器",
      "前置放大器",
      "衰减器"
    ]
  },
  "evidence_detail": {
    "viol_rate": 0.01951219512195122,
    "envelope_violation": false,
    "violation_max_db": 0.04460502782835363,
    "violation_energy": 0.44774468699832004,
    "baseline_coverage": 0.9804878048780488
  },
  "config": {
    "mode": "unified_entry",
    "gating_status": "fallback_brb_only",
    "run_name": null,
    "topk": 3
  },
  "uncertainty": {
    "is_uncertain": false,
    "reason": "",
    "top_class": "频率失准",
    "runner_up": "参考电平失准",
    "max_prob": 0.8055002112328901,
    "second_prob": 0.09709497305539634,
    "prob_gap": 0.7084052381774937,
    "support_top_features": [],
    "support_runnerup_features": [],
    "conflict_features": [],
    "suggested_actions": []
  },
  "module_validation": {
    "sample_id": "sim_00022",
    "gt_module": "电源模块",
    "gt_module_v2": "[RF板][RF] 输入连接/匹配/保护",
    "top1": "[RF板][Mixer1]",
    "top3": [
      "[RF板][Mixer1]",
      "[时钟板][参考域] 10MHz 基准 OCXO",
      "[时钟板][参考分配]"
    ],
    "top5": [
      "[RF板][Mixer1]",
      "[时钟板][参考域] 10MHz 基准 OCXO",
      "[时钟板][参考分配]",
      "[RF板][RF] 低频通路固定滤波/抑制网络",
      "[电源板] 电源管理模块"
    ],
    "gt_rank": -1,
    "gt_prob": 0.0,
    "top1_hit": false,
    "top3_hit": false,
    "top5_hit": false
  },
  "ground_truth": {
    "type": "fault",
    "system_class_en": "amp_error",
    "system_class_cn": "幅度失准",
    "module": "电源模块",
    "module_v2": "[RF板][RF] 输入连接/匹配/保护",
    "fault_params": {
      "severity": "light",
      "tier_target": "mild_oos",
      "type": "power_noise",
      "subtype": "amp_error_ripple",
      "spike_count": 4.0,
      "spike_amp_db": 0.09590104678107955,
      "template_id": "T5"
    }
  }
}