{
  "status": "success",
  "meta": {
    "sample_id": "sim_00020",
    "input_file": "/home/runner/work/FMFD-python/FMFD-python/Output/sim_spectrum/raw_curves/sim_00020.csv",
    "operating_condition": {
      "inject_power_dbm": -10.0,
      "freq_start_hz": 10000000.0,
      "freq_end_hz": 8200000000.0,
      "step_hz": 10000000.0,
      "frontend": {
        "low_band_only": true,
        "ac_coupling": true,
        "preamp": false
      }
    }
  },
  "data_points": 820,
  "frequency_range": {
    "min": 10000000.0,
    "max": 8200000000.0
  },
  "features": {
    "X1": -9.933073902439025,
    "X2": 0.0041605308049111,
    "X3": 0.00034347856841644806,
    "X4": 0.0676817506567202,
    "X5": 0.2719771362162782,
    "X6": 0.0047021924164782885,
    "X7": 0.3108999999999984,
    "X8": 0.054379756097560995,
    "X9": 0.004580819371958446,
    "X10": 0.013276290382394267,
    "X11": 0.0975609756097561,
    "X12": 0.10555796111466442,
    "X13": 0.8939049313779752,
    "X14": 0.04931446886446884,
    "X15": 0.06030488386133327,
    "X16": -0.024221503661783612,
    "X17": 0.0,
    "X18": 0.0,
    "X19": -0.00016704141187609604,
    "X20": 0.07284802832511694,
    "X21": 5.0,
    "X22": 0.012588047408212032,
    "X23": 0.0035657721097560944,
    "X24": 0.7610593596619543,
    "X25": 0.0035657721097560944,
    "X26": 0.0009600511512036652,
    "X27": 0.0001124672884007144,
    "X28": -0.056661766670740465,
    "X29": -0.011271416299330027,
    "X30": 0.09212210365853671,
    "X31": 0.0017348738397181263,
    "X32": -0.10090174526120721,
    "X33": 1.2603033157201913,
    "X34": 0.022333781451966156,
    "X35": 0.007468795260398266,
    "X36": 0.18554439695689143,
    "X37": 0.0676817506567202,
    "offset_db": 0.002349999999999852,
    "viol_rate_aligned": 0.0975609756097561,
    "viol_energy_aligned": 0.8939049313779752,
    "global_offset_db": 0.0,
    "shape_rmse": 0.059714086359552505,
    "ripple_hp": 0.08397192341806745,
    "tail_asym": -0.007949999999999208,
    "compress_ratio": 0.2,
    "compress_ratio_high": 0.2,
    "freq_shift_score": 0.5050931985719769,
    "offset_slope": -0.0001556871774630638,
    "high_low_energy_ratio": 1.6811139076676953,
    "band_offset_db_1": 0.029900000000000482,
    "band_offset_db_2": -0.0012500000000006395,
    "band_offset_db_3": -0.0030999999999989925,
    "band_offset_db_4": 0.0003499999999991843
  },
  "system": {
    "probs": {
      "正常": 1.5976138076142835e-06,
      "幅度失准": 0.9832967164403003,
      "频率失准": 0.016699567018407108,
      "参考电平失准": 2.118829155431282e-06
    },
    "decision": "幅度失准",
    "confidence": 0.9832967164403003,
    "is_normal": false
  },
  "module": {
    "topk": [
      {
        "module_id": "[数字中频板][ADC] 数字检波与平均",
        "gamma": 0.27051422005737025
      },
      {
        "module_id": "[数字中频板][IF] 中频放大/衰减链",
        "gamma": 0.2635779580046171
      },
      {
        "module_id": "[数字中频板][DSP] 数字增益/偏置校准",
        "gamma": 0.16647028926607402
      }
    ],
    "gating": {
      "disabled_modules": [
        "高频段YTF滤波器",
        "高频段混频器",
        "前置放大器",
        "衰减器"
      ],
      "topk_k": 3
    }
  },
  "evidence": {
    "global_offset_db": 0.002349999999999852,
    "hf_std_db": 0.058850655007840695,
    "p95_abs_dev_db": 0.11956500000000021,
    "inside_env_frac": 0.9024390243902439,
    "peak_freq_mae_hz": 4038.5977386962463,
    "peak_freq_outlier_frac": 0.0
  },
  "artifacts": {
    "output_json": "Output/diagnosis/batch/sim_00020_diagnosis.json"
  },
  "system_diagnosis": {
    "probabilities": {
      "正常": 1.5976138076142835e-06,
      "幅度失准": 0.9832967164403003,
      "频率失准": 0.016699567018407108,
      "参考电平失准": 2.118829155431282e-06
    },
    "predicted_class": "幅度失准",
    "max_prob": 0.9832967164403003,
    "is_normal": false
  },
  "module_diagnosis": {
    "probabilities": {
      "[数字中频板][ADC] 数字检波与平均": 0.27051422005737025,
      "[数字中频板][IF] 中频放大/衰减链": 0.2635779580046171,
      "[数字中频板][DSP] 数字增益/偏置校准": 0.16647028926607402,
      "[数字中频板][IF] RBW数字滤波器": 0.12485271694955548,
      "[数字中频板][VBW]": 0.10404393079129623,
      "[电源板] 电源管理模块": 0.07054088493108693,
      "[RF板][RF] 输入衰减器组": 0.0,
      "前置放大器": 0.0,
      "[RF板][RF] 低频通路固定滤波/抑制网络": 0.0,
      "[RF板][Mixer1]": 0.0
    },
    "topk": [
      {
        "module": "[数字中频板][ADC] 数字检波与平均",
        "probability": 0.27051422005737025
      },
      {
        "module": "[数字中频板][IF] 中频放大/衰减链",
        "probability": 0.2635779580046171
      },
      {
        "module": "[数字中频板][DSP] 数字增益/偏置校准",
        "probability": 0.16647028926607402
      }
    ],
    "disabled_modules": [
      "高频段YTF滤波器",
      "高频段混频器",
      "前置放大器",
      "衰减器"
    ]
  },
  "evidence_detail": {
    "viol_rate": 0.0975609756097561,
    "envelope_violation": false,
    "violation_max_db": 0.10555796111466442,
    "violation_energy": 0.8939049313779752,
    "baseline_coverage": 0.9024390243902439
  },
  "config": {
    "mode": "unified_entry",
    "gating_status": "gated_ok",
    "run_name": null,
    "topk": 3
  },
  "uncertainty": {
    "is_uncertain": false,
    "reason": "",
    "top_class": "幅度失准",
    "runner_up": "频率失准",
    "max_prob": 0.9832967164403003,
    "second_prob": 0.016699567018407108,
    "prob_gap": 0.9665971494218931,
    "support_top_features": [],
    "support_runnerup_features": [],
    "conflict_features": [],
    "suggested_actions": []
  },
  "module_validation": {
    "sample_id": "sim_00020",
    "gt_module": "数字检波器",
    "gt_module_v2": "[数字中频板][检波/对数]",
    "top1": "[数字中频板][ADC] 数字检波与平均",
    "top3": [
      "[数字中频板][ADC] 数字检波与平均",
      "[数字中频板][IF] 中频放大/衰减链",
      "[数字中频板][DSP] 数字增益/偏置校准"
    ],
    "top5": [
      "[数字中频板][ADC] 数字检波与平均",
      "[数字中频板][IF] 中频放大/衰减链",
      "[数字中频板][DSP] 数字增益/偏置校准",
      "[数字中频板][IF] RBW数字滤波器",
      "[数字中频板][VBW]"
    ],
    "gt_rank": -1,
    "gt_prob": 0.0,
    "top1_hit": false,
    "top3_hit": false,
    "top5_hit": false
  },
  "ground_truth": {
    "type": "fault",
    "system_class_en": "amp_error",
    "system_class_cn": "幅度失准",
    "module": "数字检波器",
    "module_v2": "[数字中频板][检波/对数]",
    "fault_params": {
      "severity": "mid",
      "tier_target": "in_spec_weak",
      "type": "vbw_smoothing",
      "subtype": "amp_error_offset",
      "noise_std": 0.06893104395467628,
      "template_id": "T6"
    }
  }
}