{
  "status": "success",
  "meta": {
    "sample_id": "sim_00023",
    "input_file": "/home/runner/work/FMFD-python/FMFD-python/Output/sim_spectrum/raw_curves/sim_00023.csv",
    "operating_condition": {
      "inject_power_dbm": -10.0,
      "freq_start_hz": 10000000.0,
      "freq_end_hz": 8200000000.0,
      "step_hz": 10000000.0,
      "frontend": {
        "low_band_only": true,
        "ac_coupling": true,
        "preamp": false
      }
    }
  },
  "data_points": 820,
  "frequency_range": {
    "min": 10000000.0,
    "max": 8200000000.0
  },
  "features": {
    "X1": -9.925201341463415,
    "X2": 0.021441525216595626,
    "X3": 0.00016337613755391183,
    "X4": 0.1449799577639081,
    "X5": 0.46387861594058916,
    "X6": 0.02129755976649316,
    "X7": 0.06970000000000098,
    "X8": 0.12925719512195125,
    "X9": 0.021019188153224573,
    "X10": 0.01284177097065346,
    "X11": 0.6426829268292683,
    "X12": 0.16831083399064894,
    "X13": 0.0,
    "X14": 0.12659047619047636,
    "X15": 0.13538024492594014,
    "X16": 0.016948150132112254,
    "X17": -0.0010000000000000009,
    "X18": 0.0005,
    "X19": -0.00014687941385408865,
    "X20": -1.3504281092066297,
    "X21": 0.0,
    "X22": 0.1445991447012907,
    "X23": 0.01917867874802022,
    "X24": 0.26280943747307606,
    "X25": 0.01918905213414636,
    "X26": 0.0006487153781249144,
    "X27": 0.0005548192545968355,
    "X28": 0.056629421199855264,
    "X29": -0.029241189086860134,
    "X30": 0.22446890243902462,
    "X31": 0.02366353609609288,
    "X32": -6.09204197048986,
    "X33": 0.15979409598414762,
    "X34": 0.022337318334114564,
    "X35": 0.0005438151519840895,
    "X36": 0.9857771346465833,
    "X37": 0.1449799577639081,
    "offset_db": 0.0,
    "viol_rate_aligned": 0.6426829268292683,
    "viol_energy_aligned": 0.0,
    "global_offset_db": 0.0,
    "shape_rmse": 0.13852455426438434,
    "ripple_hp": 0.015764025015751228,
    "tail_asym": 0.020900000000001,
    "compress_ratio": 0.2,
    "compress_ratio_high": 0.2,
    "freq_shift_score": 0.6530816865187095,
    "offset_slope": -0.0025499444852701944,
    "high_low_energy_ratio": 0.6341373669280218,
    "band_offset_db_1": -0.17804999999999982,
    "band_offset_db_2": -0.001300000000000523,
    "band_offset_db_3": 0.015999999999999126,
    "band_offset_db_4": 0.00820000000000043
  },
  "system": {
    "probs": {
      "正常": 0.05459499678158975,
      "幅度失准": 0.2785950060355162,
      "频率失准": 0.43266460781144844,
      "参考电平失准": 0.23414538937101292
    },
    "decision": "频率失准",
    "confidence": 0.43266460781144844,
    "is_normal": false
  },
  "module": {
    "topk": [
      {
        "module_id": "[RF板][Mixer1]",
        "gamma": 0.26330383765688437
      },
      {
        "module_id": "[时钟板][参考域] 10MHz 基准 OCXO",
        "gamma": 0.17765078203356055
      },
      {
        "module_id": "[时钟板][参考分配]",
        "gamma": 0.17765078203356055
      }
    ],
    "gating": {
      "disabled_modules": [
        "高频段YTF滤波器",
        "高频段混频器",
        "前置放大器",
        "衰减器"
      ],
      "topk_k": 3
    }
  },
  "evidence": {
    "global_offset_db": 0.0,
    "hf_std_db": 0.07455058947634542,
    "p95_abs_dev_db": 0.20432000000000164,
    "inside_env_frac": 0.3573170731707317,
    "peak_freq_mae_hz": 3937.812657526892,
    "peak_freq_outlier_frac": 0.0
  },
  "artifacts": {
    "output_json": "Output/diagnosis/batch/sim_00023_diagnosis.json"
  },
  "system_diagnosis": {
    "probabilities": {
      "正常": 0.05459499678158975,
      "幅度失准": 0.2785950060355162,
      "频率失准": 0.43266460781144844,
      "参考电平失准": 0.23414538937101292
    },
    "predicted_class": "频率失准",
    "max_prob": 0.43266460781144844,
    "is_normal": false
  },
  "module_diagnosis": {
    "probabilities": {
      "[RF板][Mixer1]": 0.26330383765688437,
      "[时钟板][参考域] 10MHz 基准 OCXO": 0.17765078203356055,
      "[时钟板][参考分配]": 0.17765078203356055,
      "[RF板][RF] 低频通路固定滤波/抑制网络": 0.15861676967282193,
      "[电源板] 电源管理模块": 0.14664177916021803,
      "[LO/时钟板][LO1] 合成链": 0.07613604944295453,
      "[RF板][RF] 输入衰减器组": 0.0,
      "前置放大器": 0.0,
      "[RF板][YTF]": 0.0,
      "[RF板][Mixer2]": 0.0
    },
    "topk": [
      {
        "module": "[RF板][Mixer1]",
        "probability": 0.26330383765688437
      },
      {
        "module": "[时钟板][参考域] 10MHz 基准 OCXO",
        "probability": 0.17765078203356055
      },
      {
        "module": "[时钟板][参考分配]",
        "probability": 0.17765078203356055
      }
    ],
    "disabled_modules": [
      "高频段YTF滤波器",
      "高频段混频器",
      "前置放大器",
      "衰减器"
    ]
  },
  "evidence_detail": {
    "viol_rate": 0.6426829268292683,
    "envelope_violation": true,
    "violation_max_db": 0.16831083399064894,
    "violation_energy": 0.0,
    "baseline_coverage": 0.3573170731707317
  },
  "config": {
    "mode": "unified_entry",
    "gating_status": "fallback_brb_only",
    "run_name": null,
    "topk": 3
  },
  "uncertainty": {
    "is_uncertain": true,
    "reason": "max_prob(43.27%) < 55%",
    "top_class": "频率失准",
    "runner_up": "幅度失准",
    "max_prob": 0.43266460781144844,
    "second_prob": 0.2785950060355162,
    "prob_gap": 0.15406960177593226,
    "support_top_features": [
      {
        "feature": "X4",
        "contribution": 0.1304819619875173
      },
      {
        "feature": "X15",
        "contribution": 0.09476617144815809
      },
      {
        "feature": "X14",
        "contribution": 0.07595428571428582
      },
      {
        "feature": "X16",
        "contribution": 0.01525333511890103
      },
      {
        "feature": "X17",
        "contribution": 0.0009000000000000008
      }
    ],
    "support_runnerup_features": [
      {
        "feature": "X1",
        "contribution": 7.940161073170732
      },
      {
        "feature": "X20",
        "contribution": 0.9452996764446407
      },
      {
        "feature": "X11",
        "contribution": 0.385609756097561
      },
      {
        "feature": "X5",
        "contribution": 0.3247150311584124
      },
      {
        "feature": "X12",
        "contribution": 0.11781758379345425
      }
    ],
    "conflict_features": [
      {
        "feature": "X8",
        "top_contrib": 0.03877715853658537,
        "runnerup_contrib": 0.03877715853658537
      },
      {
        "feature": "X9",
        "top_contrib": 0.00840767526128983,
        "runnerup_contrib": 0.006305756445967372
      }
    ],
    "suggested_actions": [
      "复测频率标度线性度",
      "检查本振锁定状态",
      "复测全频段幅度响应",
      "建议重复测试或更换测试点以提高置信度"
    ]
  },
  "module_validation": {
    "sample_id": "sim_00023",
    "gt_module": "电源模块",
    "gt_module_v2": "[RF板][RF] 输入连接/匹配/保护",
    "top1": "[RF板][Mixer1]",
    "top3": [
      "[RF板][Mixer1]",
      "[时钟板][参考域] 10MHz 基准 OCXO",
      "[时钟板][参考分配]"
    ],
    "top5": [
      "[RF板][Mixer1]",
      "[时钟板][参考域] 10MHz 基准 OCXO",
      "[时钟板][参考分配]",
      "[RF板][RF] 低频通路固定滤波/抑制网络",
      "[电源板] 电源管理模块"
    ],
    "gt_rank": -1,
    "gt_prob": 0.0,
    "top1_hit": false,
    "top3_hit": false,
    "top5_hit": false
  },
  "ground_truth": {
    "type": "fault",
    "system_class_en": "amp_error",
    "system_class_cn": "幅度失准",
    "module": "电源模块",
    "module_v2": "[RF板][RF] 输入连接/匹配/保护",
    "fault_params": {
      "severity": "mid",
      "tier_target": "mild_oos",
      "subtype": "amp_error_ripple",
      "ripple_amp_db": 0.10810351369369448,
      "period_norm": 0.11956983007757604,
      "template_id": "T3",
      "mean_offset_db": 0.007871991025919121
    }
  }
}