{
  "status": "success",
  "meta": {
    "sample_id": "sim_00028",
    "input_file": "/home/runner/work/FMFD-python/FMFD-python/Output/sim_spectrum/raw_curves/sim_00028.csv",
    "operating_condition": {
      "inject_power_dbm": -10.0,
      "freq_start_hz": 10000000.0,
      "freq_end_hz": 8200000000.0,
      "step_hz": 10000000.0,
      "frontend": {
        "low_band_only": true,
        "ac_coupling": true,
        "preamp": false
      }
    }
  },
  "data_points": 820,
  "frequency_range": {
    "min": 10000000.0,
    "max": 8200000000.0
  },
  "features": {
    "X1": -9.933072073170731,
    "X2": 0.0005589757900389982,
    "X3": 0.00024325969556403197,
    "X4": 0.02980656425852231,
    "X5": 0.27580392366593026,
    "X6": 0.001022296842043426,
    "X7": 0.09569999999999901,
    "X8": 0.02485256097560975,
    "X9": 0.0008884312728974196,
    "X10": 0.01439618817027737,
    "X11": 0.0,
    "X12": 0.0,
    "X13": 0.5467598715897879,
    "X14": 0.0033340659340658873,
    "X15": 0.012415323322816706,
    "X16": 0.1941909907322241,
    "X17": -0.0004999999999999449,
    "X18": 0.0,
    "X19": -6.051677786908306e-05,
    "X20": 0.2512578732948323,
    "X21": 6.0,
    "X22": 0.03819394645528748,
    "X23": 6.751480956173758e-05,
    "X24": 0.18125843171050848,
    "X25": 9.08342317073155e-05,
    "X26": 0.00022331910330640394,
    "X27": 5.45661322361614e-05,
    "X28": -0.13704368640711462,
    "X29": 1.5115061550430087,
    "X30": 0.001790548780487978,
    "X31": 0.0022687632740272445,
    "X32": -0.9707739042115701,
    "X33": 0.5343016831830261,
    "X34": 0.015956782664998916,
    "X35": 0.0002918435529793762,
    "X36": 0.8349844494331254,
    "X37": 0.02980656425852231,
    "offset_db": 0.0015000000000000568,
    "viol_rate_aligned": 0.0,
    "viol_energy_aligned": 0.5467598715897879,
    "global_offset_db": 0.0,
    "shape_rmse": 0.009530699434318318,
    "ripple_hp": 0.01047601130482516,
    "tail_asym": -0.005800000000000697,
    "compress_ratio": 0.2,
    "compress_ratio_high": 0.2,
    "freq_shift_score": 0.04427669184978189,
    "offset_slope": -0.0003893390607688464,
    "high_low_energy_ratio": 25.583537969761085,
    "band_offset_db_1": 0.0005999999999994898,
    "band_offset_db_2": 0.00039999999999906777,
    "band_offset_db_3": 0.0,
    "band_offset_db_4": -0.002200000000000202
  },
  "system": {
    "probs": {
      "正常": 0.12596742590439353,
      "幅度失准": 0.2572435622052818,
      "频率失准": 0.22994430088072598,
      "参考电平失准": 0.38684471100921186
    },
    "decision": "参考电平失准",
    "confidence": 0.38684471100921186,
    "is_normal": false
  },
  "module": {
    "topk": [
      {
        "module_id": "[校准链路][校准源]",
        "gamma": 0.3247627071346249
      },
      {
        "module_id": "[校准链路][校准路径开关/耦合]",
        "gamma": 0.2345508440416735
      },
      {
        "module_id": "[电源板] 电源管理模块",
        "gamma": 0.23319916370991345
      }
    ],
    "gating": {
      "disabled_modules": [
        "高频段YTF滤波器",
        "高频段混频器",
        "前置放大器",
        "衰减器"
      ],
      "topk_k": 3
    }
  },
  "evidence": {
    "global_offset_db": 0.0015000000000000568,
    "hf_std_db": 0.008412906321884007,
    "p95_abs_dev_db": 0.01941000000000085,
    "inside_env_frac": 1.0,
    "peak_freq_mae_hz": 1712531.7082122157,
    "peak_freq_outlier_frac": 0.015853658536585366
  },
  "artifacts": {
    "output_json": "Output/diagnosis/batch/sim_00028_diagnosis.json"
  },
  "system_diagnosis": {
    "probabilities": {
      "正常": 0.12596742590439353,
      "幅度失准": 0.2572435622052818,
      "频率失准": 0.22994430088072598,
      "参考电平失准": 0.38684471100921186
    },
    "predicted_class": "参考电平失准",
    "max_prob": 0.38684471100921186,
    "is_normal": false
  },
  "module_diagnosis": {
    "probabilities": {
      "[校准链路][校准源]": 0.3247627071346249,
      "[校准链路][校准路径开关/耦合]": 0.2345508440416735,
      "[电源板] 电源管理模块": 0.23319916370991345,
      "[校准链路][校准表/存储]": 0.2074872851137881,
      "[RF板][RF] 输入衰减器组": 0.0,
      "前置放大器": 0.0,
      "[RF板][RF] 低频通路固定滤波/抑制网络": 0.0,
      "[RF板][Mixer1]": 0.0,
      "[RF板][YTF]": 0.0,
      "[RF板][Mixer2]": 0.0
    },
    "topk": [
      {
        "module": "[校准链路][校准源]",
        "probability": 0.3247627071346249
      },
      {
        "module": "[校准链路][校准路径开关/耦合]",
        "probability": 0.2345508440416735
      },
      {
        "module": "[电源板] 电源管理模块",
        "probability": 0.23319916370991345
      }
    ],
    "disabled_modules": [
      "高频段YTF滤波器",
      "高频段混频器",
      "前置放大器",
      "衰减器"
    ]
  },
  "evidence_detail": {
    "viol_rate": 0.0,
    "envelope_violation": false,
    "violation_max_db": 0.0,
    "violation_energy": 0.5467598715897879,
    "baseline_coverage": 1.0
  },
  "config": {
    "mode": "unified_entry",
    "gating_status": "fallback_brb_only",
    "run_name": null,
    "topk": 3
  },
  "uncertainty": {
    "is_uncertain": true,
    "reason": "max_prob(38.68%) < 55%",
    "top_class": "参考电平失准",
    "runner_up": "幅度失准",
    "max_prob": 0.38684471100921186,
    "second_prob": 0.2572435622052818,
    "prob_gap": 0.1296011488039301,
    "support_top_features": [
      {
        "feature": "X13",
        "contribution": 0.3827319101128515
      },
      {
        "feature": "X8",
        "contribution": 0.012426280487804874
      }
    ],
    "support_runnerup_features": [
      {
        "feature": "X1",
        "contribution": 7.946457658536585
      },
      {
        "feature": "X21",
        "contribution": 3.5999999999999996
      },
      {
        "feature": "X20",
        "contribution": 0.1758805113063826
      },
      {
        "feature": "X22",
        "contribution": 0.026735762518701234
      },
      {
        "feature": "X10",
        "contribution": 0.011516950536221897
      }
    ],
    "conflict_features": [
      {
        "feature": "X5",
        "top_contrib": 0.13790196183296513,
        "runnerup_contrib": 0.19306274656615116
      },
      {
        "feature": "X7",
        "top_contrib": 0.0574199999999994,
        "runnerup_contrib": 0.047849999999999504
      },
      {
        "feature": "X16",
        "top_contrib": 0.01941909907322241,
        "runnerup_contrib": 0.01941909907322241
      }
    ],
    "suggested_actions": [
      "复测参考电平校准点",
      "检查 ADC 量化状态",
      "复测全频段幅度响应",
      "建议重复测试或更换测试点以提高置信度"
    ]
  },
  "module_validation": {
    "sample_id": "sim_00028",
    "gt_module": "本振源（谐波发生器）",
    "gt_module_v2": "[LO/时钟板][LO1] 合成链",
    "top1": "[校准链路][校准源]",
    "top3": [
      "[校准链路][校准源]",
      "[校准链路][校准路径开关/耦合]",
      "[电源板] 电源管理模块"
    ],
    "top5": [
      "[校准链路][校准源]",
      "[校准链路][校准路径开关/耦合]",
      "[电源板] 电源管理模块",
      "[校准链路][校准表/存储]",
      "[RF板][RF] 输入衰减器组"
    ],
    "gt_rank": -1,
    "gt_prob": 0.0,
    "top1_hit": false,
    "top3_hit": false,
    "top5_hit": false
  },
  "ground_truth": {
    "type": "fault",
    "system_class_en": "freq_error",
    "system_class_cn": "频率失准",
    "module": "本振源（谐波发生器）",
    "module_v2": "[LO/时钟板][LO1] 合成链",
    "fault_params": {
      "severity": "light",
      "tier_target": "in_spec_weak",
      "delta_f_hz": 401081.3068906756,
      "ppm": 48.97207654342804,
      "shift_bins": 0.040108130689067566,
      "bandwidth_hz": 8190000000.0,
      "warp_scale": 1.0004491147469612,
      "warp_bias": 4.8912354498862884e-05,
      "type": "freq_miscal",
      "track_type": "dense",
      "template_id": "T8",
      "forced_peak_track_type": true,
      "peak_track_profile": {
        "bands": [
          {
            "start_hz": 5268196755.440664,
            "end_hz": 5974098463.811262,
            "center_hz": 5621147609.625963,
            "width_hz": 705901708.370598,
            "amplitude_hz": 13734971.50049522,
            "ramp_hz": 109935663.96495946
          },
          {
            "start_hz": 3355244340.477661,
            "end_hz": 3573895685.5209,
            "center_hz": 3464570012.9992805,
            "width_hz": 218651345.043239,
            "amplitude_hz": 49505451.1774995,