{
  "status": "success",
  "meta": {
    "sample_id": "sim_00028",
    "input_file": "/home/runner/work/FMFD-python/FMFD-python/Output/sim_spectrum/raw_curves/sim_00028.csv",
    "operating_condition": {
      "inject_power_dbm": -10.0,
      "freq_start_hz": 10000000.0,
      "freq_end_hz": 8200000000.0,
      "step_hz": 10000000.0,
      "frontend": {
        "low_band_only": true,
        "ac_coupling": true,
        "preamp": false
      }
    }
  },
  "data_points": 820,
  "frequency_range": {
    "min": 10000000.0,
    "max": 8200000000.0
  },
  "features": {
    "X1": -9.930497926829268,
    "X2": 0.00806990527013517,
    "X3": 6.658835852165166e-05,
    "X4": 0.0829294243076808,
    "X5": 0.3341671545056426,
    "X6": 0.0069902858371653775,
    "X7": 0.1164999999999985,
    "X8": 0.06900207317073172,
    "X9": 0.006877289416003359,
    "X10": 0.012608253754797589,
    "X11": 0.23780487804878048,
    "X12": 0.08628701434999897,
    "X13": 0.044444183127542364,
    "X14": 0.06133956043956059,
    "X15": 0.05912615275297473,
    "X16": 0.03257844412202949,
    "X17": 0.0,
    "X18": 0.0,
    "X19": -0.00032523798247689414,
    "X20": -0.47596648814234266,
    "X21": 2.0,
    "X22": 0.13228557896493784,
    "X23": 0.005508706329268306,
    "X24": 0.25980211473059156,
    "X25": 0.005508706329268306,
    "X26": 0.00046997507274650817,
    "X27": 0.00022685533895045986,
    "X28": 0.029620734514004137,
    "X29": -0.44826967736729867,
    "X30": 0.12149114503816813,
    "X31": 0.015282415673647033,
    "X32": -4.497366371491318,
    "X33": 0.3001817991062185,
    "X34": 0.03241744504750779,
    "X35": 0.00062988845302574,
    "X36": 0.9542207470191658,
    "X37": 0.0829294243076808,
    "offset_db": 8.881784197001252e-16,
    "viol_rate_aligned": 0.23780487804878048,
    "viol_energy_aligned": 0.044444183127542364,
    "global_offset_db": 0.0,
    "shape_rmse": 0.07422065971997491,
    "ripple_hp": 0.016899909597713845,
    "tail_asym": 0.0019950000000005796,
    "compress_ratio": 0.2,
    "compress_ratio_high": 0.2,
    "freq_shift_score": 0.5268836927215695,
    "offset_slope": 7.787297024163401e-06,
    "high_low_energy_ratio": 2.757373108110167,
    "band_offset_db_1": -0.03690000000000193,
    "band_offset_db_2": -0.0031999999999996476,
    "band_offset_db_3": 0.0012499999999988631,
    "band_offset_db_4": 0.009800000000000253
  },
  "system": {
    "probs": {
      "正常": 2.1148624431594988e-07,
      "幅度失准": 0.9991153364210476,
      "频率失准": 0.000884113982257444,
      "参考电平失准": 3.3801053904309835e-07
    },
    "decision": "幅度失准",
    "confidence": 0.9991153364210476,
    "is_normal": false
  },
  "module": {
    "topk": [
      {
        "module_id": "[数字中频板][ADC] 数字检波与平均",
        "gamma": 0.2708166809867309
      },
      {
        "module_id": "[数字中频板][IF] 中频放大/衰减链",
        "gamma": 0.2638726635255327
      },
      {
        "module_id": "[数字中频板][DSP] 数字增益/偏置校准",
        "gamma": 0.1666564190687575
      }
    ],
    "gating": {
      "disabled_modules": [
        "高频段YTF滤波器",
        "高频段混频器",
        "前置放大器",
        "衰减器"
      ],
      "topk_k": 3
    }
  },
  "evidence": {
    "global_offset_db": 8.881784197001252e-16,
    "hf_std_db": 0.038570395759291984,
    "p95_abs_dev_db": 0.12610500000000097,
    "inside_env_frac": 0.7621951219512195,
    "peak_freq_mae_hz": 4061.2067845217384,
    "peak_freq_outlier_frac": 0.0
  },
  "artifacts": {
    "output_json": "Output/diagnosis/batch/sim_00028_diagnosis.json"
  },
  "system_diagnosis": {
    "probabilities": {
      "正常": 2.1148624431594988e-07,
      "幅度失准": 0.9991153364210476,
      "频率失准": 0.000884113982257444,
      "参考电平失准": 3.3801053904309835e-07
    },
    "predicted_class": "幅度失准",
    "max_prob": 0.9991153364210476,
    "is_normal": false
  },
  "module_diagnosis": {
    "probabilities": {
      "[数字中频板][ADC] 数字检波与平均": 0.2708166809867309,
      "[数字中频板][IF] 中频放大/衰减链": 0.2638726635255327,
      "[数字中频板][DSP] 数字增益/偏置校准": 0.1666564190687575,
      "[数字中频板][IF] RBW数字滤波器": 0.12499231430156811,
      "[数字中频板][VBW]": 0.10416026191797344,
      "[电源板] 电源管理模块": 0.06950166019943747,
      "[RF板][RF] 输入衰减器组": 0.0,
      "前置放大器": 0.0,
      "[RF板][RF] 低频通路固定滤波/抑制网络": 0.0,
      "[RF板][Mixer1]": 0.0
    },
    "topk": [
      {
        "module": "[数字中频板][ADC] 数字检波与平均",
        "probability": 0.2708166809867309
      },
      {
        "module": "[数字中频板][IF] 中频放大/衰减链",
        "probability": 0.2638726635255327
      },
      {
        "module": "[数字中频板][DSP] 数字增益/偏置校准",
        "probability": 0.1666564190687575
      }
    ],
    "disabled_modules": [
      "高频段YTF滤波器",
      "高频段混频器",
      "前置放大器",
      "衰减器"
    ]
  },
  "evidence_detail": {
    "viol_rate": 0.23780487804878048,
    "envelope_violation": true,
    "violation_max_db": 0.08628701434999897,
    "violation_energy": 0.044444183127542364,
    "baseline_coverage": 0.7621951219512195
  },
  "config": {
    "mode": "unified_entry",
    "gating_status": "gated_ok",
    "run_name": null,
    "topk": 3
  },
  "uncertainty": {
    "is_uncertain": false,
    "reason": "",
    "top_class": "幅度失准",
    "runner_up": "频率失准",
    "max_prob": 0.9991153364210476,
    "second_prob": 0.000884113982257444,
    "prob_gap": 0.9982312224387901,
    "support_top_features": [],
    "support_runnerup_features": [],
    "conflict_features": [],
    "suggested_actions": []
  },
  "module_validation": {
    "sample_id": "sim_00028",
    "gt_module": "低频段前置低通滤波器",
    "gt_module_v2": "[RF板][RF] 低频通路固定滤波/抑制网络",
    "top1": "[数字中频板][ADC] 数字检波与平均",
    "top3": [
      "[数字中频板][ADC] 数字检波与平均",
      "[数字中频板][IF] 中频放大/衰减链",
      "[数字中频板][DSP] 数字增益/偏置校准"
    ],
    "top5": [
      "[数字中频板][ADC] 数字检波与平均",
      "[数字中频板][IF] 中频放大/衰减链",
      "[数字中频板][DSP] 数字增益/偏置校准",
      "[数字中频板][IF] RBW数字滤波器",
      "[数字中频板][VBW]"
    ],
    "gt_rank": 8,
    "gt_prob": 0.0,
    "top1_hit": false,
    "top3_hit": false,
    "top5_hit": false
  },
  "ground_truth": {
    "type": "fault",
    "system_class_en": "amp_error",
    "system_class_cn": "幅度失准",
    "module": "低频段前置低通滤波器",
    "module_v2": "[RF板][RF] 低频通路固定滤波/抑制网络",
    "fault_params": {
      "severity": "light",
      "tier_target": "in_spec_weak",
      "subtype": "amp_error_ripple",
      "ripple_amp_db": 0.051280662440198015,
      "period_norm": 0.13328611923604272,
      "template_id": "T3",
      "mean_offset_db": 0.002575440100861841
    }
  }
}