{
  "status": "success",
  "meta": {
    "sample_id": "sim_00134",
    "input_file": "/home/runner/work/FMFD-python/FMFD-python/Output/sim_spectrum/raw_curves/sim_00134.csv",
    "operating_condition": {
      "inject_power_dbm": -10.0,
      "freq_start_hz": 10000000.0,
      "freq_end_hz": 8200000000.0,
      "step_hz": 10000000.0,
      "frontend": {
        "low_band_only": true,
        "ac_coupling": true,
        "preamp": false
      }
    }
  },
  "data_points": 820,
  "frequency_range": {
    "min": 10000000.0,
    "max": 8200000000.0
  },
  "features": {
    "X1": -9.982684634146342,
    "X2": 0.0006078747535775666,
    "X3": 0.0002468983717165354,
    "X4": 0.02887653945514195,
    "X5": 0.27022109764043023,
    "X6": 0.0009425679102320038,
    "X7": 0.0732999999999997,
    "X8": 0.024410975609756084,
    "X9": 0.0008338545309043697,
    "X10": 0.014577921807433405,
    "X11": 0.0,
    "X12": 0.0,
    "X13": 0.06255969019279356,
    "X14": 0.0023959706959706035,
    "X15": 0.003000512436920945,
    "X16": -0.0016551417790217242,
    "X17": 0.0,
    "X18": 0.0,
    "X19": -6.683832235237159e-05,
    "X20": 0.009330157417150264,
    "X21": 5.0,
    "X22": 0.04018605698595118,
    "X23": 1.222078048780464e-05,
    "X24": 0.03640207635211057,
    "X25": 1.222078048780464e-05,
    "X26": 0.0005152138607816183,
    "X27": 9.941010470859424e-06,
    "X28": -0.010332950630081631,
    "X29": -0.031166978876168528,
    "X30": -1.234756097538009e-05,
    "X31": 0.0001980761124959111,
    "X32": 0.11254136439847759,
    "X33": 0.5904980428130326,
    "X34": 0.015576043284589247,
    "X35": 0.0003286620615986911,
    "X36": 0.8022161958920846,
    "X37": 0.028876539455141948,
    "offset_db": -0.0495000000000001,
    "viol_rate_aligned": 0.0,
    "viol_energy_aligned": 0.06255969019279356,
    "global_offset_db": 0.0,
    "shape_rmse": 0.003495823291844804,
    "ripple_hp": 0.004850905945462952,
    "tail_asym": -0.0003100000000009649,
    "compress_ratio": 0.19634146341463415,
    "compress_ratio_high": 0.2,
    "freq_shift_score": 0.006446895081531956,
    "offset_slope": 9.371678597197625e-05,
    "high_low_energy_ratio": 3.2352907607134713,
    "band_offset_db_1": 0.0007500000000000284,
    "band_offset_db_2": -0.0002999999999993008,
    "band_offset_db_3": -9.999999999887876e-05,
    "band_offset_db_4": 0.00019999999999953388
  },
  "system": {
    "probs": {
      "正常": 0.04825106679366108,
      "幅度失准": 0.008672737166440172,
      "频率失准": 0.013327173504756182,
      "参考电平失准": 0.9297490224421676
    },
    "decision": "参考电平失准",
    "confidence": 0.9297490224421676,
    "is_normal": false
  },
  "module": {
    "topk": [
      {
        "module_id": "[校准链路][校准源]",
        "gamma": 0.3759571604353281
      },
      {
        "module_id": "[校准链路][校准路径开关/耦合]",
        "gamma": 0.2715246158699592
      },
      {
        "module_id": "[校准链路][校准表/存储]",
        "gamma": 0.24019485250034844
      }
    ],
    "gating": {
      "disabled_modules": [
        "高频段YTF滤波器",
        "高频段混频器",
        "前置放大器",
        "衰减器"
      ],
      "topk_k": 3
    }
  },
  "evidence": {
    "global_offset_db": -0.0495000000000001,
    "hf_std_db": 0.003412976005995476,
    "p95_abs_dev_db": 0.0071999999999992955,
    "inside_env_frac": 1.0,
    "peak_freq_mae_hz": 4068.1324566585968,
    "peak_freq_outlier_frac": 0.0
  },
  "artifacts": {
    "output_json": "Output/diagnosis/batch/sim_00134_diagnosis.json"
  },
  "system_diagnosis": {
    "probabilities": {
      "正常": 0.04825106679366108,
      "幅度失准": 0.008672737166440172,
      "频率失准": 0.013327173504756182,
      "参考电平失准": 0.9297490224421676
    },
    "predicted_class": "参考电平失准",
    "max_prob": 0.9297490224421676,
    "is_normal": false
  },
  "module_diagnosis": {
    "probabilities": {
      "[校准链路][校准源]": 0.3759571604353281,
      "[校准链路][校准路径开关/耦合]": 0.2715246158699592,
      "[校准链路][校准表/存储]": 0.24019485250034844,
      "[电源板] 电源管理模块": 0.11232337119436425,
      "[RF板][RF] 输入衰减器组": 0.0,
      "前置放大器": 0.0,
      "[RF板][RF] 低频通路固定滤波/抑制网络": 0.0,
      "[RF板][Mixer1]": 0.0,
      "[RF板][YTF]": 0.0,
      "[RF板][Mixer2]": 0.0
    },
    "topk": [
      {
        "module": "[校准链路][校准源]",
        "probability": 0.3759571604353281
      },
      {
        "module": "[校准链路][校准路径开关/耦合]",
        "probability": 0.2715246158699592
      },
      {
        "module": "[校准链路][校准表/存储]",
        "probability": 0.24019485250034844
      }
    ],
    "disabled_modules": [
      "高频段YTF滤波器",
      "高频段混频器",
      "前置放大器",
      "衰减器"
    ]
  },
  "evidence_detail": {
    "viol_rate": 0.0,
    "envelope_violation": false,
    "violation_max_db": 0.0,
    "violation_energy": 0.06255969019279356,
    "baseline_coverage": 1.0
  },
  "config": {
    "mode": "unified_entry",
    "gating_status": "gated_ok",
    "run_name": null,
    "topk": 3
  },
  "uncertainty": {
    "is_uncertain": false,
    "reason": "",
    "top_class": "参考电平失准",
    "runner_up": "正常",
    "max_prob": 0.9297490224421676,
    "second_prob": 0.04825106679366108,
    "prob_gap": 0.8814979556485065,
    "support_top_features": [],
    "support_runnerup_features": [],
    "conflict_features": [],
    "suggested_actions": []
  },
  "module_validation": {
    "sample_id": "sim_00134",
    "gt_module": "校准信号开关",
    "gt_module_v2": "[校准链路][校准路径开关/耦合]",
    "top1": "[校准链路][校准源]",
    "top3": [
      "[校准链路][校准源]",
      "[校准链路][校准路径开关/耦合]",
      "[校准链路][校准表/存储]"
    ],
    "top5": [
      "[校准链路][校准源]",
      "[校准链路][校准路径开关/耦合]",
      "[校准链路][校准表/存储]",
      "[电源板] 电源管理模块",
      "[RF板][RF] 输入衰减器组"
    ],
    "gt_rank": 2,
    "gt_prob": 0.2715246158699592,
    "top1_hit": false,
    "top3_hit": true,
    "top5_hit": true
  },
  "ground_truth": {
    "type": "fault",
    "system_class_en": "ref_error",
    "system_class_cn": "参考电平失准",
    "module": "校准信号开关",
    "module_v2": "[校准链路][校准路径开关/耦合]",
    "fault_params": {
      "severity": "light",
      "tier_target": "in_spec_weak",
      "type": "ref_miscal",
      "subtype": "ref_error_offset",
      "offset_db": 0.04670984793959798,
      "template_id": "T1",
      "mean_offset_db": -0.049612038262800404
    }
  }
}