{
  "status": "success",
  "meta": {
    "sample_id": "sim_00106",
    "input_file": "/home/runner/work/FMFD-python/FMFD-python/Output/sim_spectrum/raw_curves/sim_00106.csv",
    "operating_condition": {
      "inject_power_dbm": -10.0,
      "freq_start_hz": 10000000.0,
      "freq_end_hz": 8200000000.0,
      "step_hz": 10000000.0,
      "frontend": {
        "low_band_only": true,
        "ac_coupling": true,
        "preamp": false
      }
    }
  },
  "data_points": 820,
  "frequency_range": {
    "min": 10000000.0,
    "max": 8200000000.0
  },
  "features": {
    "X1": -9.87631243902439,
    "X2": 0.0006618270657346809,
    "X3": 0.00021436793492307342,
    "X4": 0.030126194164808946,
    "X5": 0.29407228887883885,
    "X6": 0.001034770601368233,
    "X7": 0.08539999999999992,
    "X8": 0.025297804878048755,
    "X9": 0.0009075875748557686,
    "X10": 0.01552605150615512,
    "X11": 0.0,
    "X12": 0.0,
    "X13": 0.16639020431349016,
    "X14": 0.005067399267399293,
    "X15": 0.0067761133951859225,
    "X16": 0.004535600073177092,
    "X17": 0.0,
    "X18": 0.0,
    "X19": -6.273056511260987e-05,
    "X20": -1.2421106765359013e-07,
    "X21": 7.0,
    "X22": 0.03843940312781486,
    "X23": 5.3387073170731276e-05,
    "X24": 0.13423022456202616,
    "X25": 5.3387073170731276e-05,
    "X26": 0.0002557563421044215,
    "X27": 1.6847084216773895e-05,
    "X28": 0.07336343114722707,
    "X29": -0.05048656259069581,
    "X30": 0.0040285060975610645,
    "X31": 0.0010738839509162998,
    "X32": 0.06996615989494115,
    "X33": 0.6409770343929191,
    "X34": 0.01447991174501694,
    "X35": 0.0004251371144118372,
    "X36": 0.765015400829089,
    "X37": 0.030126194164808943,
    "offset_db": 0.05639999999999912,
    "viol_rate_aligned": 0.0,
    "viol_energy_aligned": 0.16639020431349016,
    "global_offset_db": 0.0,
    "shape_rmse": 0.0073066458221766354,
    "ripple_hp": 0.010320208793592167,
    "tail_asym": 0.001900000000000986,
    "compress_ratio": 0.2,
    "compress_ratio_high": 0.2,
    "freq_shift_score": 0.02593801594137346,
    "offset_slope": -0.00026577882274377924,
    "high_low_energy_ratio": 6.441019774767643,
    "band_offset_db_1": 0.0016999999999995907,
    "band_offset_db_2": 0.00019999999999953388,
    "band_offset_db_3": 0.0018500000000010175,
    "band_offset_db_4": -0.0009999999999994458
  },
  "system": {
    "probs": {
      "正常": 0.022628744035534856,
      "幅度失准": 0.01517715758519753,
      "频率失准": 0.023162954414460615,
      "参考电平失准": 0.9390311438709038
    },
    "decision": "参考电平失准",
    "confidence": 0.9390311438709038,
    "is_normal": false
  },
  "module": {
    "topk": [
      {
        "module_id": "[校准链路][校准源]",
        "gamma": 0.3763750468006867
      },
      {
        "module_id": "[校准链路][校准路径开关/耦合]",
        "gamma": 0.27182642268938484
      },
      {
        "module_id": "[校准链路][校准表/存储]",
        "gamma": 0.24046183545599426
      }
    ],
    "gating": {
      "disabled_modules": [
        "高频段YTF滤波器",
        "高频段混频器",
        "前置放大器",
        "衰减器"
      ],
      "topk_k": 3
    }
  },
  "evidence": {
    "global_offset_db": 0.05639999999999912,
    "hf_std_db": 0.007169078128825235,
    "p95_abs_dev_db": 0.014609999999999602,
    "inside_env_frac": 1.0,
    "peak_freq_mae_hz": 3932.197218878706,
    "peak_freq_outlier_frac": 0.0
  },
  "artifacts": {
    "output_json": "Output/diagnosis/batch/sim_00106_diagnosis.json"
  },
  "system_diagnosis": {
    "probabilities": {
      "正常": 0.022628744035534856,
      "幅度失准": 0.01517715758519753,
      "频率失准": 0.023162954414460615,
      "参考电平失准": 0.9390311438709038
    },
    "predicted_class": "参考电平失准",
    "max_prob": 0.9390311438709038,
    "is_normal": false
  },
  "module_diagnosis": {
    "probabilities": {
      "[校准链路][校准源]": 0.3763750468006867,
      "[校准链路][校准路径开关/耦合]": 0.27182642268938484,
      "[校准链路][校准表/存储]": 0.24046183545599426,
      "[电源板] 电源管理模块": 0.11133669505393422,
      "[RF板][RF] 输入衰减器组": 0.0,
      "前置放大器": 0.0,
      "[RF板][RF] 低频通路固定滤波/抑制网络": 0.0,
      "[RF板][Mixer1]": 0.0,
      "[RF板][YTF]": 0.0,
      "[RF板][Mixer2]": 0.0
    },
    "topk": [
      {
        "module": "[校准链路][校准源]",
        "probability": 0.3763750468006867
      },
      {
        "module": "[校准链路][校准路径开关/耦合]",
        "probability": 0.27182642268938484
      },
      {
        "module": "[校准链路][校准表/存储]",
        "probability": 0.24046183545599426
      }
    ],
    "disabled_modules": [
      "高频段YTF滤波器",
      "高频段混频器",
      "前置放大器",
      "衰减器"
    ]
  },
  "evidence_detail": {
    "viol_rate": 0.0,
    "envelope_violation": false,
    "violation_max_db": 0.0,
    "violation_energy": 0.16639020431349016,
    "baseline_coverage": 1.0
  },
  "config": {
    "mode": "unified_entry",
    "gating_status": "gated_ok",
    "run_name": null,
    "topk": 3
  },
  "uncertainty": {
    "is_uncertain": false,
    "reason": "",
    "top_class": "参考电平失准",
    "runner_up": "频率失准",
    "max_prob": 0.9390311438709038,
    "second_prob": 0.023162954414460615,
    "prob_gap": 0.9158681894564432,
    "support_top_features": [],
    "support_runnerup_features": [],
    "conflict_features": [],
    "suggested_actions": []
  },
  "module_validation": {
    "sample_id": "sim_00106",
    "gt_module": "校准信号开关",
    "gt_module_v2": "[校准链路][校准路径开关/耦合]",
    "top1": "[校准链路][校准源]",
    "top3": [
      "[校准链路][校准源]",
      "[校准链路][校准路径开关/耦合]",
      "[校准链路][校准表/存储]"
    ],
    "top5": [
      "[校准链路][校准源]",
      "[校准链路][校准路径开关/耦合]",
      "[校准链路][校准表/存储]",
      "[电源板] 电源管理模块",
      "[RF板][RF] 输入衰减器组"
    ],
    "gt_rank": 2,
    "gt_prob": 0.27182642268938484,
    "top1_hit": false,
    "top3_hit": true,
    "top5_hit": true
  },
  "ground_truth": {
    "type": "fault",
    "system_class_en": "ref_error",
    "system_class_cn": "参考电平失准",
    "module": "校准信号开关",
    "module_v2": "[校准链路][校准路径开关/耦合]",
    "fault_params": {
      "severity": "mid",
      "tier_target": "mild_oos",
      "type": "ref_miscal",
      "subtype": "ref_error_offset",
      "offset_db": -0.11673367277357523,
      "template_id": "T1",
      "mean_offset_db": 0.05676068354965528
    }
  }
}