{
  "status": "success",
  "meta": {
    "sample_id": "sim_00033",
    "input_file": "/home/runner/work/FMFD-python/FMFD-python/Output/sim_spectrum/raw_curves/sim_00033.csv",
    "operating_condition": {
      "inject_power_dbm": -10.0,
      "freq_start_hz": 10000000.0,
      "freq_end_hz": 8200000000.0,
      "step_hz": 10000000.0,
      "frontend": {
        "low_band_only": true,
        "ac_coupling": true,
        "preamp": false
      }
    }
  },
  "data_points": 820,
  "frequency_range": {
    "min": 10000000.0,
    "max": 8200000000.0
  },
  "features": {
    "X1": -9.93307280487805,
    "X2": 0.000887853087902373,
    "X3": 0.00021114211091914197,
    "X4": 0.031843130017336636,
    "X5": 0.28138584263901334,
    "X6": 0.0010741218579863182,
    "X7": 0.061500000000000554,
    "X8": 0.026282073170731696,
    "X9": 0.0010139849293010056,
    "X10": 0.01425326985403172,
    "X11": 0.0,
    "X12": 0.0,
    "X13": 0.7808104388842527,
    "X14": 0.009925641025640934,
    "X15": 0.00590560958967926,
    "X16": -0.05953068579822188,
    "X17": 0.0004999999999999449,
    "X18": 0.0,
    "X19": 8.093786129181265e-05,
    "X20": 0.07613935339304678,
    "X21": 3.0,
    "X22": 0.04674698318284947,
    "X23": 0.00013888391995235943,
    "X24": 0.10009091208580534,
    "X25": 0.0001399154756097534,
    "X26": 0.000767262216506302,
    "X27": 7.788017028054969e-05,
    "X28": -0.14877789584749151,
    "X29": -2.134954643186472,
    "X30": 0.0054911585365855446,
    "X31": 0.003416105053401047,
    "X32": -1.1458866026687713,
    "X33": 0.5342110483049598,
    "X34": 0.017031266497221434,
    "X35": 0.00030653444702360484,
    "X36": 0.8479312177318881,
    "X37": 0.031843130017336636,
    "offset_db": 0.0017999999999993577,
    "viol_rate_aligned": 0.0,
    "viol_energy_aligned": 0.7808104388842527,
    "global_offset_db": 0.0,
    "shape_rmse": 0.011828587219518374,
    "ripple_hp": 0.00787029629152767,
    "tail_asym": -0.004795000000001002,
    "compress_ratio": 0.19878048780487806,
    "compress_ratio_high": 0.19661016949152543,
    "freq_shift_score": 0.06576815195213759,
    "offset_slope": 0.0012224108442581434,
    "high_low_energy_ratio": 2.2271036380812124,
    "band_offset_db_1": 0.003650000000000375,
    "band_offset_db_2": -0.0011999999999989797,
    "band_offset_db_3": 0.0013500000000012946,
    "band_offset_db_4": 0.00020000000000131024
  },
  "system": {
    "probs": {
      "正常": 0.9384205703037501,
      "幅度失准": 0.014413034325933929,
      "频率失准": 0.0254919711358473,
      "参考电平失准": 0.02167442423353009
    },
    "decision": "正常",
    "confidence": 0.9384205703037501,
    "is_normal": true
  },
  "module": {
    "topk": [
      {
        "module_id": "[电源板] 电源管理模块",
        "gamma": 0.7446753782987066
      },
      {
        "module_id": "[RF板][Mixer1]",
        "gamma": 0.0787804594840422
      },
      {
        "module_id": "[时钟板][参考域] 10MHz 基准 OCXO",
        "gamma": 0.05315308109766703
      }
    ],
    "gating": {
      "disabled_modules": [
        "高频段YTF滤波器",
        "高频段混频器",
        "前置放大器",
        "衰减器"
      ],
      "topk_k": 3
    }
  },
  "evidence": {
    "global_offset_db": 0.0017999999999993577,
    "hf_std_db": 0.008917947899552775,
    "p95_abs_dev_db": 0.01780999999999925,
    "inside_env_frac": 1.0,
    "peak_freq_mae_hz": 2160264.814137714,
    "peak_freq_outlier_frac": 0.03780487804878049
  },
  "artifacts": {
    "output_json": "Output/diagnosis/batch/sim_00033_diagnosis.json"
  },
  "system_diagnosis": {
    "probabilities": {
      "正常": 0.9384205703037501,
      "幅度失准": 0.014413034325933929,
      "频率失准": 0.0254919711358473,
      "参考电平失准": 0.02167442423353009
    },
    "predicted_class": "正常",
    "max_prob": 0.9384205703037501,
    "is_normal": true
  },
  "module_diagnosis": {
    "probabilities": {
      "[电源板] 电源管理模块": 0.7446753782987066,
      "[RF板][Mixer1]": 0.0787804594840422,
      "[时钟板][参考域] 10MHz 基准 OCXO": 0.05315308109766703,
      "[时钟板][参考分配]": 0.05315308109766703,
      "[RF板][RF] 低频通路固定滤波/抑制网络": 0.04745810812291699,
      "[LO/时钟板][LO1] 合成链": 0.022779891899000152,
      "[RF板][RF] 输入衰减器组": 0.0,
      "前置放大器": 0.0,
      "[RF板][YTF]": 0.0,
      "[RF板][Mixer2]": 0.0
    },
    "topk": [
      {
        "module": "[电源板] 电源管理模块",
        "probability": 0.7446753782987066
      },
      {
        "module": "[RF板][Mixer1]",
        "probability": 0.0787804594840422
      },
      {
        "module": "[时钟板][参考域] 10MHz 基准 OCXO",
        "probability": 0.05315308109766703
      }
    ],
    "disabled_modules": [
      "高频段YTF滤波器",
      "高频段混频器",
      "前置放大器",
      "衰减器"
    ]
  },
  "evidence_detail": {
    "viol_rate": 0.0,
    "envelope_violation": false,
    "violation_max_db": 0.0,
    "violation_energy": 0.7808104388842527,
    "baseline_coverage": 1.0
  },
  "config": {
    "mode": "unified_entry",
    "gating_status": "fallback_brb_only",
    "run_name": null,
    "topk": 3
  },
  "uncertainty": {
    "is_uncertain": false,
    "reason": "",
    "top_class": "正常",
    "runner_up": "频率失准",
    "max_prob": 0.9384205703037501,
    "second_prob": 0.0254919711358473,
    "prob_gap": 0.9129285991679028,
    "support_top_features": [],
    "support_runnerup_features": [],
    "conflict_features": [],
    "suggested_actions": []
  },
  "module_validation": {
    "sample_id": "sim_00033",
    "gt_module": "本振源（谐波发生器）",
    "gt_module_v2": "[LO/时钟板][LO1] 合成链",
    "top1": "[电源板] 电源管理模块",
    "top3": [
      "[电源板] 电源管理模块",
      "[RF板][Mixer1]",
      "[时钟板][参考域] 10MHz 基准 OCXO"
    ],
    "top5": [
      "[电源板] 电源管理模块",
      "[RF板][Mixer1]",
      "[时钟板][参考域] 10MHz 基准 OCXO",
      "[时钟板][参考分配]",
      "[RF板][RF] 低频通路固定滤波/抑制网络"
    ],
    "gt_rank": 6,
    "gt_prob": 0.022779891899000152,
    "top1_hit": false,
    "top3_hit": false,
    "top5_hit": false
  },
  "ground_truth": {
    "type": "fault",
    "system_class_en": "freq_error",
    "system_class_cn": "频率失准",
    "module": "本振源（谐波发生器）",
    "module_v2": "[LO/时钟板][LO1] 合成链",
    "fault_params": {
      "severity": "light",
      "tier_target": "in_spec_weak",
      "delta_f_hz": 65520.00000000001,
      "ppm": 8.000000000000002,
      "shift_bins": 0.0065520000000000005,
      "bandwidth_hz": 8190000000.0,
      "warp_scale": 0.999724015318219,
      "warp_bias": 7.990243902439025e-06,
      "type": "freq_miscal",
      "track_type": "hole",
      "template_id": "T8",
      "forced_peak_track_type": true,
      "peak_track_profile": {
        "bands": [
          {
            "start_hz": 131915744.6633023,
            "end_hz": 530701079.93070996,
            "center_hz": 331308412.29700613,
            "width_hz": 398785335.26740766,
            "amplitude_hz": 60988181.441194676,
            "ramp_hz": 115237820.03710358
          }
        ],
        "track_type": "hole"
      },
      "freq_amp_coupling": {
        "bias_db_min": -0.1,
        "bias_db_max": -0.02
      }
    }
  }
}