{
  "status": "success",
  "meta": {
    "sample_id": "sim_00120",
    "input_file": "/home/runner/work/FMFD-python/FMFD-python/Output/sim_spectrum/raw_curves/sim_00120.csv",
    "operating_condition": {
      "inject_power_dbm": -10.0,
      "freq_start_hz": 10000000.0,
      "freq_end_hz": 8200000000.0,
      "step_hz": 10000000.0,
      "frontend": {
        "low_band_only": true,
        "ac_coupling": true,
        "preamp": false
      }
    }
  },
  "data_points": 820,
  "frequency_range": {
    "min": 10000000.0,
    "max": 8200000000.0
  },
  "features": {
    "X1": -9.86456536585366,
    "X2": 0.0006456323164121902,
    "X3": 0.00022051433079859362,
    "X4": 0.02917852063690096,
    "X5": 0.2533196451254482,
    "X6": 0.0009478461663295662,
    "X7": 0.08710000000000129,
    "X8": 0.02437585365853661,
    "X9": 0.000851386066558055,
    "X10": 0.014046453935912553,
    "X11": 0.0,
    "X12": 0.0,
    "X13": 0.07471092095312533,
    "X14": 0.0030901098901096507,
    "X15": 0.003764851440921563,
    "X16": 0.001684406887508613,
    "X17": 0.0,
    "X18": 0.0,
    "X19": -6.732710228301318e-05,
    "X20": 0.0980326087342438,
    "X21": 4.0,
    "X22": 0.03831046282339122,
    "X23": 1.6777390243902997e-05,
    "X24": 0.04207464090868074,
    "X25": 1.6777390243902997e-05,
    "X26": 0.00020523139106219462,
    "X27": 8.388919152979265e-06,
    "X28": 0.011099899091019562,
    "X29": 0.06107975489505957,
    "X30": 0.000983409669211302,
    "X31": 0.0008813904399721465,
    "X32": -0.13650935213553478,
    "X33": 0.6121649065395048,
    "X34": 0.01413355374358912,
    "X35": 0.00035520143890297975,
    "X36": 0.7907177894445786,
    "X37": 0.029178520636900955,
    "offset_db": 0.06849999999999845,
    "viol_rate_aligned": 0.0,
    "viol_energy_aligned": 0.07471092095312533,
    "global_offset_db": 0.0,
    "shape_rmse": 0.004096021269952464,
    "ripple_hp": 0.005423228066434324,
    "tail_asym": -4.999999996346469e-06,
    "compress_ratio": 0.1975609756097561,
    "compress_ratio_high": 0.19661016949152543,
    "freq_shift_score": 0.008843278381994168,
    "offset_slope": 0.00034936791123483146,
    "high_low_energy_ratio": 3.097119235605586,
    "band_offset_db_1": -0.0017999999999984695,
    "band_offset_db_2": -0.0009999999999976694,
    "band_offset_db_3": -0.00019999999999775753,
    "band_offset_db_4": 0.001300000000000523
  },
  "system": {
    "probs": {
      "正常": 0.17576767486015954,
      "幅度失准": 0.031815232405480606,
      "频率失准": 0.01807014747362367,
      "参考电平失准": 0.7743469451833016
    },
    "decision": "参考电平失准",
    "confidence": 0.7743469451833016,
    "is_normal": false
  },
  "module": {
    "topk": [
      {
        "module_id": "[校准链路][校准源]",
        "gamma": 0.36766918244079266
      },
      {
        "module_id": "[校准链路][校准路径开关/耦合]",
        "gamma": 0.26553885398501686
      },
      {
        "module_id": "[校准链路][校准表/存储]",
        "gamma": 0.23489975544828418
      }
    ],
    "gating": {
      "disabled_modules": [
        "高频段YTF滤波器",
        "高频段混频器",
        "前置放大器",
        "衰减器"
      ],
      "topk_k": 3
    }
  },
  "evidence": {
    "global_offset_db": 0.06849999999999845,
    "hf_std_db": 0.003909303833662466,
    "p95_abs_dev_db": 0.008004999999999103,
    "inside_env_frac": 1.0,
    "peak_freq_mae_hz": 4111.58063062396,
    "peak_freq_outlier_frac": 0.0
  },
  "artifacts": {
    "output_json": "Output/diagnosis/batch/sim_00120_diagnosis.json"
  },
  "system_diagnosis": {
    "probabilities": {
      "正常": 0.17576767486015954,
      "幅度失准": 0.031815232405480606,
      "频率失准": 0.01807014747362367,
      "参考电平失准": 0.7743469451833016
    },
    "predicted_class": "参考电平失准",
    "max_prob": 0.7743469451833016,
    "is_normal": false
  },
  "module_diagnosis": {
    "probabilities": {
      "[校准链路][校准源]": 0.36766918244079266,
      "[校准链路][校准路径开关/耦合]": 0.26553885398501686,
      "[校准链路][校准表/存储]": 0.23489975544828418,
      "[电源板] 电源管理模块": 0.13189220812590624,
      "[RF板][RF] 输入衰减器组": 0.0,
      "前置放大器": 0.0,
      "[RF板][RF] 低频通路固定滤波/抑制网络": 0.0,
      "[RF板][Mixer1]": 0.0,
      "[RF板][YTF]": 0.0,
      "[RF板][Mixer2]": 0.0
    },
    "topk": [
      {
        "module": "[校准链路][校准源]",
        "probability": 0.36766918244079266
      },
      {
        "module": "[校准链路][校准路径开关/耦合]",
        "probability": 0.26553885398501686
      },
      {
        "module": "[校准链路][校准表/存储]",
        "probability": 0.23489975544828418
      }
    ],
    "disabled_modules": [
      "高频段YTF滤波器",
      "高频段混频器",
      "前置放大器",
      "衰减器"
    ]
  },
  "evidence_detail": {
    "viol_rate": 0.0,
    "envelope_violation": false,
    "violation_max_db": 0.0,
    "violation_energy": 0.07471092095312533,
    "baseline_coverage": 1.0
  },
  "config": {
    "mode": "unified_entry",
    "gating_status": "gated_ok",
    "run_name": null,
    "topk": 3
  },
  "uncertainty": {
    "is_uncertain": false,
    "reason": "",
    "top_class": "参考电平失准",
    "runner_up": "正常",
    "max_prob": 0.7743469451833016,
    "second_prob": 0.17576767486015954,
    "prob_gap": 0.5985792703231421,
    "support_top_features": [],
    "support_runnerup_features": [],
    "conflict_features": [],
    "suggested_actions": []
  },
  "module_validation": {
    "sample_id": "sim_00120",
    "gt_module": "存储器",
    "gt_module_v2": "[校准链路][校准表/存储]",
    "top1": "[校准链路][校准源]",
    "top3": [
      "[校准链路][校准源]",
      "[校准链路][校准路径开关/耦合]",
      "[校准链路][校准表/存储]"
    ],
    "top5": [
      "[校准链路][校准源]",
      "[校准链路][校准路径开关/耦合]",
      "[校准链路][校准表/存储]",
      "[电源板] 电源管理模块",
      "[RF板][RF] 输入衰减器组"
    ],
    "gt_rank": 3,
    "gt_prob": 0.23489975544828418,
    "top1_hit": false,
    "top3_hit": true,
    "top5_hit": true
  },
  "ground_truth": {
    "type": "fault",
    "system_class_en": "ref_error",
    "system_class_cn": "参考电平失准",
    "module": "存储器",
    "module_v2": "[校准链路][校准表/存储]",
    "fault_params": {
      "severity": "mid",
      "tier_target": "in_spec_weak",
      "type": "ref_miscal",
      "subtype": "ref_error_offset",
      "offset_db": -0.10078999154224395,
      "template_id": "T1",
      "mean_offset_db": 0.06850721099325341
    }
  }
}