{
  "status": "success",
  "meta": {
    "sample_id": "sim_00059",
    "input_file": "/home/runner/work/FMFD-python/FMFD-python/Output/sim_spectrum/raw_curves/sim_00059.csv",
    "operating_condition": {
      "inject_power_dbm": -10.0,
      "freq_start_hz": 10000000.0,
      "freq_end_hz": 8200000000.0,
      "step_hz": 10000000.0,
      "frontend": {
        "low_band_only": true,
        "ac_coupling": true,
        "preamp": false
      }
    }
  },
  "data_points": 820,
  "frequency_range": {
    "min": 10000000.0,
    "max": 8200000000.0
  },
  "features": {
    "X1": -9.885307926829267,
    "X2": 0.0006223866357657495,
    "X3": 0.00021384653054557664,
    "X4": 0.0295262976623952,
    "X5": 0.29771130870940404,
    "X6": 0.0010339556810678178,
    "X7": 0.07209999999999894,
    "X8": 0.02534426829268295,
    "X9": 0.0008718022536483642,
    "X10": 0.016318084322365298,
    "X11": 0.0,
    "X12": 0.0,
    "X13": 0.10303156852121884,
    "X14": 0.004244688644688519,
    "X15": 0.0047273228841060964,
    "X16": 0.005811536009902778,
    "X17": 0.0,
    "X18": 0.0,
    "X19": -6.762560766669138e-05,
    "X20": 0.1424561410347449,
    "X21": 5.0,
    "X22": 0.03956380660771941,
    "X23": 3.1748060975608895e-05,
    "X24": 0.06835051245653612,
    "X25": 3.1748060975608895e-05,
    "X26": 0.00023752466452749534,
    "X27": 2.0491708806417566e-05,
    "X28": -0.029368575621957604,
    "X29": -0.20355622126381498,
    "X30": 0.002439786585366005,
    "X31": 0.0021678063324618723,
    "X32": -0.27984981867484277,
    "X33": 0.5966742520842581,
    "X34": 0.016259165831352337,
    "X35": 0.00036810907023515106,
    "X36": 0.7878926545519204,
    "X37": 0.0295262976623952,
    "offset_db": 0.04800000000000004,
    "viol_rate_aligned": 0.0,
    "viol_energy_aligned": 0.10303156852121884,
    "global_offset_db": 0.0,
    "shape_rmse": 0.005634541771573701,
    "ripple_hp": 0.0069745733260377545,
    "tail_asym": -0.0005900000000004096,
    "compress_ratio": 0.19634146341463415,
    "compress_ratio_high": 0.2,
    "freq_shift_score": 0.015082509579959269,
    "offset_slope": -0.0008810386211235175,
    "high_low_energy_ratio": 1.2033849817583253,
    "band_offset_db_1": 0.003350000000000186,
    "band_offset_db_2": 0.001900000000000901,
    "band_offset_db_3": -0.0004499999999998394,
    "band_offset_db_4": -0.0027999999999988034
  },
  "system": {
    "probs": {
      "正常": 0.9917630862535104,
      "幅度失准": 0.002756286366846923,
      "频率失准": 0.0013687313028167994,
      "参考电平失准": 0.004111896075834164
    },
    "decision": "正常",
    "confidence": 0.9917630862535104,
    "is_normal": true
  },
  "module": {
    "topk": [
      {
        "module_id": "[电源板] 电源管理模块",
        "gamma": 0.96622921016994
      },
      {
        "module_id": "[校准链路][校准源]",
        "gamma": 0.014302922751554833
      },
      {
        "module_id": "[校准链路][校准路径开关/耦合]",
        "gamma": 0.010329888653900712
      }
    ],
    "gating": {
      "disabled_modules": [
        "高频段YTF滤波器",
        "高频段混频器",
        "前置放大器",
        "衰减器"
      ],
      "topk_k": 3
    }
  },
  "evidence": {
    "global_offset_db": 0.04800000000000004,
    "hf_std_db": 0.005121422427825846,
    "p95_abs_dev_db": 0.011405000000001659,
    "inside_env_frac": 1.0,
    "peak_freq_mae_hz": 3931.910931573129,
    "peak_freq_outlier_frac": 0.0
  },
  "artifacts": {
    "output_json": "Output/diagnosis/batch/sim_00059_diagnosis.json"
  },
  "system_diagnosis": {
    "probabilities": {
      "正常": 0.9917630862535104,
      "幅度失准": 0.002756286366846923,
      "频率失准": 0.0013687313028167994,
      "参考电平失准": 0.004111896075834164
    },
    "predicted_class": "正常",
    "max_prob": 0.9917630862535104,
    "is_normal": true
  },
  "module_diagnosis": {
    "probabilities": {
      "[电源板] 电源管理模块": 0.96622921016994,
      "[校准链路][校准源]": 0.014302922751554833,
      "[校准链路][校准路径开关/耦合]": 0.010329888653900712,
      "[校准链路][校准表/存储]": 0.009137978424604475,
      "[RF板][RF] 输入衰减器组": 0.0,
      "前置放大器": 0.0,
      "[RF板][RF] 低频通路固定滤波/抑制网络": 0.0,
      "[RF板][Mixer1]": 0.0,
      "[RF板][YTF]": 0.0,
      "[RF板][Mixer2]": 0.0
    },
    "topk": [
      {
        "module": "[电源板] 电源管理模块",
        "probability": 0.96622921016994
      },
      {
        "module": "[校准链路][校准源]",
        "probability": 0.014302922751554833
      },
      {
        "module": "[校准链路][校准路径开关/耦合]",
        "probability": 0.010329888653900712
      }
    ],
    "disabled_modules": [
      "高频段YTF滤波器",
      "高频段混频器",
      "前置放大器",
      "衰减器"
    ]
  },
  "evidence_detail": {
    "viol_rate": 0.0,
    "envelope_violation": false,
    "violation_max_db": 0.0,
    "violation_energy": 0.10303156852121884,
    "baseline_coverage": 1.0
  },
  "config": {
    "mode": "unified_entry",
    "gating_status": "fallback_brb_only",
    "run_name": null,
    "topk": 3
  },
  "uncertainty": {
    "is_uncertain": false,
    "reason": "",
    "top_class": "正常",
    "runner_up": "参考电平失准",
    "max_prob": 0.9917630862535104,
    "second_prob": 0.004111896075834164,
    "prob_gap": 0.9876511901776762,
    "support_top_features": [],
    "support_runnerup_features": [],
    "conflict_features": [],
    "suggested_actions": []
  },
  "module_validation": {
    "sample_id": "sim_00059",
    "gt_module": "存储器",
    "gt_module_v2": "[校准链路][校准表/存储]",
    "top1": "[电源板] 电源管理模块",
    "top3": [
      "[电源板] 电源管理模块",
      "[校准链路][校准源]",
      "[校准链路][校准路径开关/耦合]"
    ],
    "top5": [
      "[电源板] 电源管理模块",
      "[校准链路][校准源]",
      "[校准链路][校准路径开关/耦合]",
      "[校准链路][校准表/存储]",
      "[RF板][RF] 输入衰减器组"
    ],
    "gt_rank": 4,
    "gt_prob": 0.009137978424604475,
    "top1_hit": false,
    "top3_hit": false,
    "top5_hit": true
  },
  "ground_truth": {
    "type": "fault",
    "system_class_en": "ref_error",
    "system_class_cn": "参考电平失准",
    "module": "存储器",
    "module_v2": "[校准链路][校准表/存储]",
    "fault_params": {
      "severity": "mid",
      "tier_target": "mild_oos",
      "type": "ref_miscal",
      "subtype": "ref_error_offset",
      "offset_db": -0.12209717527764302,
      "template_id": "T1",
      "mean_offset_db": 0.04776611093800078
    }
  }
}