{
  "status": "success",
  "meta": {
    "sample_id": "sim_00000",
    "input_file": "/home/runner/work/FMFD-python/FMFD-python/Output/sim_spectrum/raw_curves/sim_00000.csv",
    "operating_condition": {
      "inject_power_dbm": -10.0,
      "freq_start_hz": 10000000.0,
      "freq_end_hz": 8200000000.0,
      "step_hz": 10000000.0,
      "frontend": {
        "low_band_only": true,
        "ac_coupling": true,
        "preamp": false
      }
    }
  },
  "data_points": 820,
  "frequency_range": {
    "min": 10000000.0,
    "max": 8200000000.0
  },
  "features": {
    "X1": -9.93307280487805,
    "X2": 0.001999850301862315,
    "X3": 5.5828220858896345e-05,
    "X4": 0.039037746479524016,
    "X5": 0.3862853834264874,
    "X6": 0.0073491582482302165,
    "X7": 0.07830000000000048,
    "X8": 0.07263231707317072,
    "X9": 0.0015239456501995898,
    "X10": 0.07279732761957276,
    "X11": 0.05609756097560976,
    "X12": 0.04964394091679836,
    "X13": 0.025586323038567227,
    "X14": 0.07715091575091415,
    "X15": 0.0306118823491983,
    "X16": 0.009963330120349003,
    "X17": 0.0,
    "X18": 0.0,
    "X19": -0.00043569068546192764,
    "X20": -0.15168018012815798,
    "X21": 3.0,
    "X22": 0.04849280175621073,
    "X23": 0.004845152109756072,
    "X24": 0.09225130000145199,
    "X25": 0.004845152109756072,
    "X26": 0.0031626633484184144,
    "X27": 9.815165234083307e-05,
    "X28": 0.005345351640248933,
    "X29": -0.0019374660223859795,
    "X30": 0.11197439024390228,
    "X31": 0.06482802703669557,
    "X32": -3.60329071756552,
    "X33": 0.2273456143038249,
    "X34": 0.051530369181780535,
    "X35": 0.00037984880152542975,
    "X36": 0.8740873041338234,
    "X37": 0.039037746479524016,
    "offset_db": -0.0001999999999986457,
    "viol_rate_aligned": 0.05609756097560976,
    "viol_energy_aligned": 0.025586323038567227,
    "global_offset_db": -8.881784197001252e-16,
    "shape_rmse": 0.0696071268603731,
    "ripple_hp": 0.0081762532710011,
    "tail_asym": 0.0010499999999993292,
    "compress_ratio": 0.2,
    "compress_ratio_high": 0.2,
    "freq_shift_score": 0.3462818159134887,
    "offset_slope": -0.027744377712144486,
    "high_low_energy_ratio": 0.7616036243633821,
    "band_offset_db_1": 0.09089999999999865,
    "band_offset_db_2": 0.06579999999999764,
    "band_offset_db_3": -0.0065000000000008384,
    "band_offset_db_4": -0.0727000000000011
  },
  "system": {
    "probs": {
      "正常": 0.05484588054852797,
      "幅度失准": 0.19188132461367408,
      "频率失准": 0.4346439020897859,
      "参考电平失准": 0.3186288927475773
    },
    "decision": "频率失准",
    "confidence": 0.4346439020897859,
    "is_normal": false
  },
  "module": {
    "topk": [
      {
        "module_id": "[RF板][Mixer1]",
        "gamma": 0.2634797846296969
      },
      {
        "module_id": "[时钟板][参考域] 10MHz 基准 OCXO",
        "gamma": 0.17776949324413285
      },
      {
        "module_id": "[时钟板][参考分配]",
        "gamma": 0.17776949324413285
      }
    ],
    "gating": {
      "disabled_modules": [
        "高频段YTF滤波器",
        "高频段混频器",
        "前置放大器",
        "衰减器"
      ],
      "topk_k": 3
    }
  },
  "evidence": {
    "global_offset_db": -0.0001999999999986457,
    "hf_std_db": 0.013975644010158703,
    "p95_abs_dev_db": 0.12709999999999716,
    "inside_env_frac": 0.9439024390243902,
    "peak_freq_mae_hz": 4016.7949496229203,
    "peak_freq_outlier_frac": 0.0
  },
  "artifacts": {
    "output_json": "Output/diagnosis/batch/sim_00000_diagnosis.json"
  },
  "system_diagnosis": {
    "probabilities": {
      "正常": 0.05484588054852797,
      "幅度失准": 0.19188132461367408,
      "频率失准": 0.4346439020897859,
      "参考电平失准": 0.3186288927475773
    },
    "predicted_class": "频率失准",
    "max_prob": 0.4346439020897859,
    "is_normal": false
  },
  "module_diagnosis": {
    "probabilities": {
      "[RF板][Mixer1]": 0.2634797846296969,
      "[时钟板][参考域] 10MHz 基准 OCXO": 0.17776949324413285,
      "[时钟板][参考分配]": 0.17776949324413285,
      "[RF板][RF] 低频通路固定滤波/抑制网络": 0.15872276182511863,
      "[电源板] 电源管理模块": 0.1460715413808619,
      "[LO/时钟板][LO1] 合成链": 0.07618692567605694,
      "[RF板][RF] 输入衰减器组": 0.0,
      "前置放大器": 0.0,
      "[RF板][YTF]": 0.0,
      "[RF板][Mixer2]": 0.0
    },
    "topk": [
      {
        "module": "[RF板][Mixer1]",
        "probability": 0.2634797846296969
      },
      {
        "module": "[时钟板][参考域] 10MHz 基准 OCXO",
        "probability": 0.17776949324413285
      },
      {
        "module": "[时钟板][参考分配]",
        "probability": 0.17776949324413285
      }
    ],
    "disabled_modules": [
      "高频段YTF滤波器",
      "高频段混频器",
      "前置放大器",
      "衰减器"
    ]
  },
  "evidence_detail": {
    "viol_rate": 0.05609756097560976,
    "envelope_violation": false,
    "violation_max_db": 0.04964394091679836,
    "violation_energy": 0.025586323038567227,
    "baseline_coverage": 0.9439024390243902
  },
  "config": {
    "mode": "unified_entry",
    "gating_status": "fallback_brb_only",
    "run_name": null,
    "topk": 3
  },
  "uncertainty": {
    "is_uncertain": true,
    "reason": "max_prob(43.46%) < 55%",
    "top_class": "频率失准",
    "runner_up": "参考电平失准",
    "max_prob": 0.4346439020897859,
    "second_prob": 0.3186288927475773,
    "prob_gap": 0.11601500934220865,
    "support_top_features": [
      {
        "feature": "X14",
        "contribution": 0.04629054945054849
      },
      {
        "feature": "X4",
        "contribution": 0.03513397183157162
      },
      {
        "feature": "X15",
        "contribution": 0.021428317644438807
      },
      {
        "feature": "X16",
        "contribution": 0.008966997108314103
      }
    ],
    "support_runnerup_features": [
      {
        "feature": "X1",
        "contribution": 4.966536402439025
      },
      {
        "feature": "X5",
        "contribution": 0.1931426917132437
      },
      {
        "feature": "X7",
        "contribution": 0.046980000000000285
      },
      {
        "feature": "X8",
        "contribution": 0.03631615853658536
      },
      {
        "feature": "X11",
        "contribution": 0.02804878048780488
      }
    ],
    "conflict_features": [
      {
        "feature": "X20",
        "top_contrib": 0.030336036025631598,
        "runnerup_contrib": 0.030336036025631598
      },
      {
        "feature": "X22",
        "top_contrib": 0.009698560351242147,
        "runnerup_contrib": 0.009698560351242147
      },
      {
        "feature": "X9",
        "top_contrib": 0.000609578260079836,
        "runnerup_contrib": 0.000609578260079836
      }
    ],
    "suggested_actions": [
      "复测频率标度线性度",
      "检查本振锁定状态",
      "复测参考电平校准点",
      "建议重复测试或更换测试点以提高置信度"
    ]
  },
  "module_validation": {
    "sample_id": "sim_00000",
    "gt_module": "低频段第一混频器",
    "gt_module_v2": "[RF板][Mixer1]",
    "top1": "[RF板][Mixer1]",
    "top3": [
      "[RF板][Mixer1]",
      "[时钟板][参考域] 10MHz 基准 OCXO",
      "[时钟板][参考分配]"
    ],
    "top5": [
      "[RF板][Mixer1]",
      "[时钟板][参考域] 10MHz 基准 OCXO",
      "[时钟板][参考分配]",
      "[RF板][RF] 低频通路固定滤波/抑制网络",
      "[电源板] 电源管理模块"
    ],
    "gt_rank": 1,
    "gt_prob": 0.2634797846296969,
    "top1_hit": true,
    "top3_hit": true,
    "top5_hit": true
  },
  "ground_truth": {
    "type": "fault",
    "system_class_en": "amp_error",
    "system_class_cn": "幅度失准",
    "module": "低频段第一混频器",
    "module_v2": "[RF板][Mixer1]",
    "fault_params": {
      "severity": "mid",
      "tier_target": "in_spec_weak",
      "type": "mixer_ripple",
      "subtype": "amp_error_ripple",
      "spike_count": 12.0,
      "spike_amp_db": 0.13128276097956046,
      "template_id": "T5"
    }
  }
}