{
  "status": "success",
  "meta": {
    "sample_id": "sim_00076",
    "input_file": "/home/runner/work/FMFD-python/FMFD-python/Output/sim_spectrum/raw_curves/sim_00076.csv",
    "operating_condition": {
      "inject_power_dbm": -10.0,
      "freq_start_hz": 10000000.0,
      "freq_end_hz": 8200000000.0,
      "step_hz": 10000000.0,
      "frontend": {
        "low_band_only": true,
        "ac_coupling": true,
        "preamp": false
      }
    }
  },
  "data_points": 820,
  "frequency_range": {
    "min": 10000000.0,
    "max": 8200000000.0
  },
  "features": {
    "X1": -9.933071707317074,
    "X2": 0.0007575738364647354,
    "X3": 0.0002679288017085408,
    "X4": 0.030653201919906573,
    "X5": 0.27920191480592427,
    "X6": 0.0010530779068411648,
    "X7": 0.08569999999999922,
    "X8": 0.025737073170731702,
    "X9": 0.0009396187879425641,
    "X10": 0.01448452301253488,
    "X11": 0.0,
    "X12": 0.0,
    "X13": 0.5131239583717028,
    "X14": 0.006668131868131658,
    "X15": 0.006582747445802076,
    "X16": -0.009498997094260875,
    "X17": 0.0,
    "X18": 0.0,
    "X19": -8.136577008260782e-05,
    "X20": 0.03922711625984787,
    "X21": 3.0,
    "X22": 0.035034748137090115,
    "X23": 9.623780487805114e-05,
    "X24": 0.19334292216387794,
    "X25": 9.623780487805114e-05,
    "X26": 0.00022885776624056834,
    "X27": 7.887458505421817e-05,
    "X28": -0.10652537645823934,
    "X29": -0.9720500718953053,
    "X30": 0.004713871951219537,
    "X31": 0.0018427502207209007,
    "X32": -0.027923871678536633,
    "X33": 0.6711306895764003,
    "X34": 0.014978101632391267,
    "X35": 0.0004743235623716931,
    "X36": 0.7469991162111137,
    "X37": 0.030653201919906573,
    "offset_db": 0.0010000000000012221,
    "viol_rate_aligned": 0.0,
    "viol_energy_aligned": 0.5131239583717028,
    "global_offset_db": 0.0,
    "shape_rmse": 0.009810086894520922,
    "ripple_hp": 0.012872175257510872,
    "tail_asym": -0.005095000000004117,
    "compress_ratio": 0.1975609756097561,
    "compress_ratio_high": 0.2,
    "freq_shift_score": 0.04628211330273102,
    "offset_slope": -1.3974716448786728e-06,
    "high_low_energy_ratio": 5.711853081678681,
    "band_offset_db_1": 0.0015499999999990521,
    "band_offset_db_2": 0.0004999999999970584,
    "band_offset_db_3": -0.0002000000000030866,
    "band_offset_db_4": -0.00019999999999953388
  },
  "system": {
    "probs": {
      "正常": 0.09897643077758887,
      "幅度失准": 0.07384789987474426,
      "频率失准": 0.6169820544635821,
      "参考电平失准": 0.21019361482238647
    },
    "decision": "频率失准",
    "confidence": 0.6169820544635821,
    "is_normal": false
  },
  "module": {
    "topk": [
      {
        "module_id": "[RF板][Mixer1]",
        "gamma": 0.275367068410475
      },
      {
        "module_id": "[时钟板][参考域] 10MHz 基准 OCXO",
        "gamma": 0.18578982928899515
      },
      {
        "module_id": "[时钟板][参考分配]",
        "gamma": 0.18578982928899515
      }
    ],
    "gating": {
      "disabled_modules": [
        "高频段YTF滤波器",
        "高频段混频器",
        "前置放大器",
        "衰减器"
      ],
      "topk_k": 3
    }
  },
  "evidence": {
    "global_offset_db": 0.0010000000000012221,
    "hf_std_db": 0.009215252595557796,
    "p95_abs_dev_db": 0.01801500000000223,
    "inside_env_frac": 1.0,
    "peak_freq_mae_hz": 3116380.4327378487,
    "peak_freq_outlier_frac": 0.06097560975609756
  },
  "artifacts": {
    "output_json": "Output/diagnosis/batch/sim_00076_diagnosis.json"
  },
  "system_diagnosis": {
    "probabilities": {
      "正常": 0.09897643077758887,
      "幅度失准": 0.07384789987474426,
      "频率失准": 0.6169820544635821,
      "参考电平失准": 0.21019361482238647
    },
    "predicted_class": "频率失准",
    "max_prob": 0.6169820544635821,
    "is_normal": false
  },
  "module_diagnosis": {
    "probabilities": {
      "[RF板][Mixer1]": 0.275367068410475,
      "[时钟板][参考域] 10MHz 基准 OCXO": 0.18578982928899515,
      "[时钟板][参考分配]": 0.18578982928899515,
      "[RF板][RF] 低频通路固定滤波/抑制网络": 0.16588377615088856,
      "[电源板] 电源管理模块": 0.10754528430821969,
      "[LO/时钟板][LO1] 合成链": 0.0796242125524265,
      "[RF板][RF] 输入衰减器组": 0.0,
      "前置放大器": 0.0,
      "[RF板][YTF]": 0.0,
      "[RF板][Mixer2]": 0.0
    },
    "topk": [
      {
        "module": "[RF板][Mixer1]",
        "probability": 0.275367068410475
      },
      {
        "module": "[时钟板][参考域] 10MHz 基准 OCXO",
        "probability": 0.18578982928899515
      },
      {
        "module": "[时钟板][参考分配]",
        "probability": 0.18578982928899515
      }
    ],
    "disabled_modules": [
      "高频段YTF滤波器",
      "高频段混频器",
      "前置放大器",
      "衰减器"
    ]
  },
  "evidence_detail": {
    "viol_rate": 0.0,
    "envelope_violation": false,
    "violation_max_db": 0.0,
    "violation_energy": 0.5131239583717028,
    "baseline_coverage": 1.0
  },
  "config": {
    "mode": "unified_entry",
    "gating_status": "gated_ok",
    "run_name": null,
    "topk": 3
  },
  "uncertainty": {
    "is_uncertain": false,
    "reason": "",
    "top_class": "频率失准",
    "runner_up": "参考电平失准",
    "max_prob": 0.6169820544635821,
    "second_prob": 0.21019361482238647,
    "prob_gap": 0.40678843964119565,
    "support_top_features": [],
    "support_runnerup_features": [],
    "conflict_features": [],
    "suggested_actions": []
  },
  "module_validation": {
    "sample_id": "sim_00076",
    "gt_module": "本振混频组件",
    "gt_module_v2": "[RF板][LO1] LO1 注入链",
    "top1": "[RF板][Mixer1]",
    "top3": [
      "[RF板][Mixer1]",
      "[时钟板][参考域] 10MHz 基准 OCXO",
      "[时钟板][参考分配]"
    ],
    "top5": [
      "[RF板][Mixer1]",
      "[时钟板][参考域] 10MHz 基准 OCXO",
      "[时钟板][参考分配]",
      "[RF板][RF] 低频通路固定滤波/抑制网络",
      "[电源板] 电源管理模块"
    ],
    "gt_rank": -1,
    "gt_prob": 0.0,
    "top1_hit": false,
    "top3_hit": false,
    "top5_hit": false
  },
  "ground_truth": {
    "type": "fault",
    "system_class_en": "freq_error",
    "system_class_cn": "频率失准",
    "module": "本振混频组件",
    "module_v2": "[RF板][LO1] LO1 注入链",
    "fault_params": {
      "severity": "light",
      "tier_target": "edge",
      "type": "lo_path_error",
      "track_type": "hole",
      "template_id": "T8",
      "forced_peak_track_type": true,
      "peak_track_profile": {
        "bands": [
          {
            "start_hz": 1876305273.5554683,
            "end_hz": 2361529574.807417,
            "center_hz": 2118917424.1814427,
            "width_hz": 485224301.25194883,
            "amplitude_hz": -46756087.344443254,
            "ramp_hz": 83254098.05929536
          },
          {
            "start_hz": 2576492578.6192646,
            "end_hz": 2983698127.7208157,
            "center_hz": 2780095353.17004,
            "width_hz": 407205549.101551,
            "amplitude_hz": 18650270.752363775,
            "ramp_hz": 83254098.05929536
          }
        ],
        "track_type": "hole"
      },
      "freq_amp_coupling": {
        "bias_db_min": -0.1,
        "bias_db_max": -0.02
      }
    }
  }
}