{
  "status": "success",
  "meta": {
    "sample_id": "sim_00009",
    "input_file": "/home/runner/work/FMFD-python/FMFD-python/Output/sim_spectrum/raw_curves/sim_00009.csv",
    "operating_condition": {
      "inject_power_dbm": -10.0,
      "freq_start_hz": 10000000.0,
      "freq_end_hz": 8200000000.0,
      "step_hz": 10000000.0,
      "frontend": {
        "low_band_only": true,
        "ac_coupling": true,
        "preamp": false
      }
    }
  },
  "data_points": 820,
  "frequency_range": {
    "min": 10000000.0,
    "max": 8200000000.0
  },
  "features": {
    "X1": -9.933073536585365,
    "X2": 0.003161331100989818,
    "X3": -3.2609198373435543e-06,
    "X4": 0.03787059841246076,
    "X5": 0.4516678786285804,
    "X6": 0.011890720116760857,
    "X7": 0.07949999999999946,
    "X8": 0.09204060975609757,
    "X9": 0.0014341822241178753,
    "X10": 0.0993988152924552,
    "X11": 0.2951219512195122,
    "X12": 0.05490133944975817,
    "X13": 0.00785343658190124,
    "X14": 0.10841062271062277,
    "X15": 0.03584541922012564,
    "X16": -0.0031420808581602492,
    "X17": 0.0,
    "X18": 0.0,
    "X19": -0.0005579197949603551,
    "X20": -0.3468575757347243,
    "X21": 1.0,
    "X22": 0.058653533600581606,
    "X23": 0.009101943963414608,
    "X24": 0.004420953281350726,
    "X25": 0.009101943963414608,
    "X26": 0.0035006720908610537,
    "X27": 0.00015523027359072003,
    "X28": 0.031855577650284676,
    "X29": -0.09773930307689421,
    "X30": 0.16515980106407563,
    "X31": 0.08982124810607187,
    "X32": -14.67800525301736,
    "X33": 0.16255637582104143,
    "X34": 0.07465435154177717,
    "X35": 0.0003142072293410015,
    "X36": 0.8889348795326447,
    "X37": 0.03787059841246076,
    "offset_db": -0.0033000000000003027,
    "viol_rate_aligned": 0.2951219512195122,
    "viol_energy_aligned": 0.00785343658190124,
    "global_offset_db": 0.0,
    "shape_rmse": 0.09540410873444921,
    "ripple_hp": 0.0016650519086658228,
    "tail_asym": 0.01229499999999975,
    "compress_ratio": 0.2,
    "compress_ratio_high": 0.2,
    "freq_shift_score": 0.442074137363752,
    "offset_slope": -0.038700297504106,
    "high_low_energy_ratio": 0.3257141155904145,
    "band_offset_db_1": 0.18659999999999943,
    "band_offset_db_2": 0.09859999999999758,
    "band_offset_db_3": -0.0042999999999997485,
    "band_offset_db_4": -0.09680000000000177
  },
  "system": {
    "probs": {
      "正常": 4.517206493331542e-07,
      "幅度失准": 0.9971078207102513,
      "频率失准": 0.0028910145781693964,
      "参考电平失准": 7.128912192104137e-07
    },
    "decision": "幅度失准",
    "confidence": 0.9971078207102513,
    "is_normal": false
  },
  "module": {
    "topk": [
      {
        "module_id": "[数字中频板][ADC] 数字检波与平均",
        "gamma": 0.2707787908080381
      },
      {
        "module_id": "[数字中频板][IF] 中频放大/衰减链",
        "gamma": 0.26383574488988315
      },
      {
        "module_id": "[数字中频板][DSP] 数字增益/偏置校准",
        "gamma": 0.1666331020357157
      }
    ],
    "gating": {
      "disabled_modules": [
        "高频段YTF滤波器",
        "高频段混频器",
        "前置放大器",
        "衰减器"
      ],
      "topk_k": 3
    }
  },
  "evidence": {
    "global_offset_db": -0.0033000000000003027,
    "hf_std_db": 0.01896120543656123,
    "p95_abs_dev_db": 0.16710999999999795,
    "inside_env_frac": 0.7048780487804878,
    "peak_freq_mae_hz": 3901.990330276041,
    "peak_freq_outlier_frac": 0.0
  },
  "artifacts": {
    "output_json": "Output/diagnosis/batch/sim_00009_diagnosis.json"
  },
  "system_diagnosis": {
    "probabilities": {
      "正常": 4.517206493331542e-07,
      "幅度失准": 0.9971078207102513,
      "频率失准": 0.0028910145781693964,
      "参考电平失准": 7.128912192104137e-07
    },
    "predicted_class": "幅度失准",
    "max_prob": 0.9971078207102513,
    "is_normal": false
  },
  "module_diagnosis": {
    "probabilities": {
      "[数字中频板][ADC] 数字检波与平均": 0.2707787908080381,
      "[数字中频板][IF] 中频放大/衰减链": 0.26383574488988315,
      "[数字中频板][DSP] 数字增益/偏置校准": 0.1666331020357157,
      "[数字中频板][IF] RBW数字滤波器": 0.1249748265267868,
      "[数字中频板][VBW]": 0.10414568877232233,
      "[电源板] 电源管理模块": 0.06963184696725387,
      "[RF板][RF] 输入衰减器组": 0.0,
      "前置放大器": 0.0,
      "[RF板][RF] 低频通路固定滤波/抑制网络": 0.0,
      "[RF板][Mixer1]": 0.0
    },
    "topk": [
      {
        "module": "[数字中频板][ADC] 数字检波与平均",
        "probability": 0.2707787908080381
      },
      {
        "module": "[数字中频板][IF] 中频放大/衰减链",
        "probability": 0.26383574488988315
      },
      {
        "module": "[数字中频板][DSP] 数字增益/偏置校准",
        "probability": 0.1666331020357157
      }
    ],
    "disabled_modules": [
      "高频段YTF滤波器",
      "高频段混频器",
      "前置放大器",
      "衰减器"
    ]
  },
  "evidence_detail": {
    "viol_rate": 0.2951219512195122,
    "envelope_violation": true,
    "violation_max_db": 0.05490133944975817,
    "violation_energy": 0.00785343658190124,
    "baseline_coverage": 0.7048780487804878
  },
  "config": {
    "mode": "unified_entry",
    "gating_status": "gated_ok",
    "run_name": null,
    "topk": 3
  },
  "uncertainty": {
    "is_uncertain": false,
    "reason": "",
    "top_class": "幅度失准",
    "runner_up": "频率失准",
    "max_prob": 0.9971078207102513,
    "second_prob": 0.0028910145781693964,
    "prob_gap": 0.9942168061320819,
    "support_top_features": [],
    "support_runnerup_features": [],
    "conflict_features": [],
    "suggested_actions": []
  },
  "module_validation": {
    "sample_id": "sim_00009",
    "gt_module": "低频段第一混频器",
    "gt_module_v2": "[RF板][Mixer1]",
    "top1": "[数字中频板][ADC] 数字检波与平均",
    "top3": [
      "[数字中频板][ADC] 数字检波与平均",
      "[数字中频板][IF] 中频放大/衰减链",
      "[数字中频板][DSP] 数字增益/偏置校准"
    ],
    "top5": [
      "[数字中频板][ADC] 数字检波与平均",
      "[数字中频板][IF] 中频放大/衰减链",
      "[数字中频板][DSP] 数字增益/偏置校准",
      "[数字中频板][IF] RBW数字滤波器",
      "[数字中频板][VBW]"
    ],
    "gt_rank": 9,
    "gt_prob": 0.0,
    "top1_hit": false,
    "top3_hit": false,
    "top5_hit": false
  },
  "ground_truth": {
    "type": "fault",
    "system_class_en": "amp_error",
    "system_class_cn": "幅度失准",
    "module": "低频段第一混频器",
    "module_v2": "[RF板][Mixer1]",
    "fault_params": {
      "severity": "mid",
      "tier_target": "in_spec_weak",
      "type": "mixer_ripple",
      "subtype": "amp_error_ripple",
      "slope_db": -0.06524721376056948,
      "template_id": "T2"
    }
  }
}