{
  "status": "success",
  "meta": {
    "sample_id": "sim_00086",
    "input_file": "/home/runner/work/FMFD-python/FMFD-python/Output/sim_spectrum/raw_curves/sim_00086.csv",
    "operating_condition": {
      "inject_power_dbm": -10.0,
      "freq_start_hz": 10000000.0,
      "freq_end_hz": 8200000000.0,
      "step_hz": 10000000.0,
      "frontend": {
        "low_band_only": true,
        "ac_coupling": true,
        "preamp": false
      }
    }
  },
  "data_points": 820,
  "frequency_range": {
    "min": 10000000.0,
    "max": 8200000000.0
  },
  "features": {
    "X1": -9.933075243902438,
    "X2": 0.0020922664083465525,
    "X3": 0.00015766000571323187,
    "X4": 0.038198619494740654,
    "X5": 0.37391652077841,
    "X6": 0.0015319241798185598,
    "X7": 0.06359999999999921,
    "X8": 0.032227195121951206,
    "X9": 0.0014591345313039808,
    "X10": 0.01509115069545461,
    "X11": 0.003658536585365854,
    "X12": 0.014341394037854727,
    "X13": 1.1297231582791702,
    "X14": 0.046452747252747714,
    "X15": 0.01047356252099978,
    "X16": 0.5620682701369659,
    "X17": 0.0004999999999999449,
    "X18": -0.001,
    "X19": 0.0002057700826009033,
    "X20": -0.8425339841427535,
    "X21": 0.0,
    "X22": 0.05082899160103052,
    "X23": 0.001144919227389501,
    "X24": 0.37841942001063,
    "X25": 0.0012087813919414087,
    "X26": 0.0006819331073753949,
    "X27": 0.0001595884244565824,
    "X28": -0.6321676674834152,
    "X29": -1.4336804492107778,
    "X30": 0.022776705991209848,
    "X31": 0.01821350744503466,
    "X32": -2.896518550724231,
    "X33": 0.36637478655199734,
    "X34": 0.01671492945852158,
    "X35": 0.0002056309244574441,
    "X36": 0.927092926184138,
    "X37": 0.038198619494740654,
    "offset_db": 0.013500000000000512,
    "viol_rate_aligned": 0.003658536585365854,
    "viol_energy_aligned": 1.1297231582791702,
    "global_offset_db": 0.0,
    "shape_rmse": 0.0350863580952806,
    "ripple_hp": 0.014240599505914745,
    "tail_asym": -0.055995000000000954,
    "compress_ratio": 0.2,
    "compress_ratio_high": 0.2,
    "freq_shift_score": 0.3976233457040771,
    "offset_slope": 0.008102664761439076,
    "high_low_energy_ratio": 0.051861240380438614,
    "band_offset_db_1": -0.05940000000000101,
    "band_offset_db_2": -0.03300000000000125,
    "band_offset_db_3": 0.002149999999998542,
    "band_offset_db_4": 0.004799999999999471
  },
  "system": {
    "probs": {
      "正常": 0.005787633731065616,
      "幅度失准": 0.044494198978481926,
      "频率失准": 0.9430514393924746,
      "参考电平失准": 0.006666727803672705
    },
    "decision": "频率失准",
    "confidence": 0.9430514393924746,
    "is_normal": false
  },
  "module": {
    "topk": [
      {
        "module_id": "[RF板][Mixer1]",
        "gamma": 0.28600200975472156
      },
      {
        "module_id": "[时钟板][参考域] 10MHz 基准 OCXO",
        "gamma": 0.192965211400776
      },
      {
        "module_id": "[时钟板][参考分配]",
        "gamma": 0.192965211400776
      }
    ],
    "gating": {
      "disabled_modules": [
        "高频段YTF滤波器",
        "高频段混频器",
        "前置放大器",
        "衰减器"
      ],
      "topk_k": 3
    }
  },
  "evidence": {
    "global_offset_db": 0.013500000000000512,
    "hf_std_db": 0.016399853439317044,
    "p95_abs_dev_db": 0.07699999999999996,
    "inside_env_frac": 0.9963414634146341,
    "peak_freq_mae_hz": 11522048.656943038,
    "peak_freq_outlier_frac": 0.24146341463414633
  },
  "artifacts": {
    "output_json": "Output/diagnosis/batch/sim_00086_diagnosis.json"
  },
  "system_diagnosis": {
    "probabilities": {
      "正常": 0.005787633731065616,
      "幅度失准": 0.044494198978481926,
      "频率失准": 0.9430514393924746,
      "参考电平失准": 0.006666727803672705
    },
    "predicted_class": "频率失准",
    "max_prob": 0.9430514393924746,
    "is_normal": false
  },
  "module_diagnosis": {
    "probabilities": {
      "[RF板][Mixer1]": 0.28600200975472156,
      "[时钟板][参考域] 10MHz 基准 OCXO": 0.192965211400776,
      "[时钟板][参考分配]": 0.192965211400776,
      "[RF板][RF] 低频通路固定滤波/抑制网络": 0.1722903673221214,
      "[LO/时钟板][LO1] 合成链": 0.08269937631461828,
      "[电源板] 电源管理模块": 0.07307782380698682,
      "[RF板][RF] 输入衰减器组": 0.0,
      "前置放大器": 0.0,
      "[RF板][YTF]": 0.0,
      "[RF板][Mixer2]": 0.0
    },
    "topk": [
      {
        "module": "[RF板][Mixer1]",
        "probability": 0.28600200975472156
      },
      {
        "module": "[时钟板][参考域] 10MHz 基准 OCXO",
        "probability": 0.192965211400776
      },
      {
        "module": "[时钟板][参考分配]",
        "probability": 0.192965211400776
      }
    ],
    "disabled_modules": [
      "高频段YTF滤波器",
      "高频段混频器",
      "前置放大器",
      "衰减器"
    ]
  },
  "evidence_detail": {
    "viol_rate": 0.003658536585365854,
    "envelope_violation": false,
    "violation_max_db": 0.014341394037854727,
    "violation_energy": 1.1297231582791702,
    "baseline_coverage": 0.9963414634146341
  },
  "config": {
    "mode": "unified_entry",
    "gating_status": "gated_ok",
    "run_name": null,
    "topk": 3
  },
  "uncertainty": {
    "is_uncertain": false,
    "reason": "",
    "top_class": "频率失准",
    "runner_up": "幅度失准",
    "max_prob": 0.9430514393924746,
    "second_prob": 0.044494198978481926,
    "prob_gap": 0.8985572404139927,
    "support_top_features": [],
    "support_runnerup_features": [],
    "conflict_features": [],
    "suggested_actions": []
  },
  "module_validation": {
    "sample_id": "sim_00086",
    "gt_module": "本振源（谐波发生器）",
    "gt_module_v2": "[LO/时钟板][LO1] 合成链",
    "top1": "[RF板][Mixer1]",
    "top3": [
      "[RF板][Mixer1]",
      "[时钟板][参考域] 10MHz 基准 OCXO",
      "[时钟板][参考分配]"
    ],
    "top5": [
      "[RF板][Mixer1]",
      "[时钟板][参考域] 10MHz 基准 OCXO",
      "[时钟板][参考分配]",
      "[RF板][RF] 低频通路固定滤波/抑制网络",
      "[LO/时钟板][LO1] 合成链"
    ],
    "gt_rank": 5,
    "gt_prob": 0.08269937631461828,
    "top1_hit": false,
    "top3_hit": false,
    "top5_hit": true
  },
  "ground_truth": {
    "type": "fault",
    "system_class_en": "freq_error",
    "system_class_cn": "频率失准",
    "module": "本振源（谐波发生器）",
    "module_v2": "[LO/时钟板][LO1] 合成链",
    "fault_params": {
      "severity": "severe",
      "tier_target": "edge",
      "delta_f_hz": 3180838.4701791215,
      "ppm": 388.3807655896363,
      "shift_bins": 0.31808384701791215,
      "bandwidth_hz": 8190000000.0,
      "warp_scale": 0.9999097637965925,
      "warp_bias": 0.000387907130509649,
      "type": "freq_miscal",
      "track_type": "dense",
      "template_id": "T8",
      "forced_peak_track_type": true,
      "peak_track_profile": {
        "bands": [
          {
            "start_hz": 1896583471.630816,
            "end_hz": 2695852635.2439837,
            "center_hz": 2296218053.4374,
            "width_hz": 799269163.6131675,
            "amplitude_hz": 48316648.5332396,
            "ramp_hz": 38472999.21520756
          },
          {
            "start_hz": 10000000.0,
            "end_hz": 840273367.249434,
            "center_hz": 409167925.5887251,
            "width_hz": 862210883.3214179,
            "amplitude_hz": 41273834.039174,
            "ramp_hz": 38472999.21520756
          },
          {
            "start_hz": 3356897267.9343033,
            "end_hz": 3785830823.763792,
            "center_hz": 3571364045.8490477,
            "width_hz": 428933555.82948875,
            "amplitude_hz": 35525370.75964625,
            "ramp_hz": 38472999.21520756
          },
          {
            "start_hz": 1254703236.9676208,
            "end_hz": 1820446439.381661,
            "center_hz": 1537574838.174641,
            "width_hz": 565743202.4140403,
            "amplitude_hz": 17763695.261326678,
            "ramp_hz": 38472999.21520756
          }
        ],
        "track_type": "dense"
      },
      "freq_amp_coupling": {
        "bias_db_min": -0.1,
        "bias_db_max": -0.02
      }
    }
  }
}