{
  "status": "success",
  "meta": {
    "sample_id": "sim_00065",
    "input_file": "/home/runner/work/FMFD-python/FMFD-python/Output/sim_spectrum/raw_curves/sim_00065.csv",
    "operating_condition": {
      "inject_power_dbm": -10.0,
      "freq_start_hz": 10000000.0,
      "freq_end_hz": 8200000000.0,
      "step_hz": 10000000.0,
      "frontend": {
        "low_band_only": true,
        "ac_coupling": true,
        "preamp": false
      }
    }
  },
  "data_points": 820,
  "frequency_range": {
    "min": 10000000.0,
    "max": 8200000000.0
  },
  "features": {
    "X1": -9.93307231707317,
    "X2": 0.0005304984944064375,
    "X3": 0.0002561223185014764,
    "X4": 0.029933669235865764,
    "X5": 0.2942535370041841,
    "X6": 0.0010444003921921475,
    "X7": 0.051600000000000534,
    "X8": 0.02533134146341462,
    "X9": 0.0008960245539222164,
    "X10": 0.015022712554315943,
    "X11": 0.0,
    "X12": 0.0,
    "X13": 0.5119401021344147,
    "X14": 0.005146520146520177,
    "X15": 0.016119729215707788,
    "X16": -0.41101237128849727,
    "X17": 0.0,
    "X18": 0.0005,
    "X19": -5.68535053140151e-05,
    "X20": -0.16985117397218064,
    "X21": 4.0,
    "X22": 0.04910352446381437,
    "X23": 7.186802770007686e-05,
    "X24": 0.25222658943899723,
    "X25": 0.00013478757317073002,
    "X26": 0.00042639157272749795,
    "X27": 8.149343743420783e-05,
    "X28": -0.1590638635399723,
    "X29": 1.858048398778599,
    "X30": 0.0013068597560976806,
    "X31": 0.003365478429950551,
    "X32": -1.2631947706368842,
    "X33": 0.4275547079770566,
    "X34": 0.015830219783406402,
    "X35": 0.00019091955447618624,
    "X36": 0.8926397554817762,
    "X37": 0.029933669235865757,
    "offset_db": 0.0015000000000000568,
    "viol_rate_aligned": 0.0,
    "viol_energy_aligned": 0.5119401021344147,
    "global_offset_db": 0.0,
    "shape_rmse": 0.011609805044475554,
    "ripple_hp": 0.011745230851080417,
    "tail_asym": -0.007325000000000692,
    "compress_ratio": 0.2,
    "compress_ratio_high": 0.2,
    "freq_shift_score": 0.06541576800050874,
    "offset_slope": -0.0006474288513145976,
    "high_low_energy_ratio": 13.598030199450163,
    "band_offset_db_1": -0.000900000000000567,
    "band_offset_db_2": 0.000700000000000145,
    "band_offset_db_3": -0.0005500000000004945,
    "band_offset_db_4": -0.0017999999999993577
  },
  "system": {
    "probs": {
      "正常": 0.004589118954725448,
      "幅度失准": 0.0012948638034208067,
      "频率失准": 0.9926789820451848,
      "参考电平失准": 0.001437035097401128
    },
    "decision": "频率失准",
    "confidence": 0.9926789820451848,
    "is_normal": false
  },
  "module": {
    "topk": [
      {
        "module_id": "[RF板][Mixer1]",
        "gamma": 0.287050726495969
      },
      {
        "module_id": "[时钟板][参考域] 10MHz 基准 OCXO",
        "gamma": 0.19367277932258148
      },
      {
        "module_id": "[时钟板][参考分配]",
        "gamma": 0.19367277932258148
      }
    ],
    "gating": {
      "disabled_modules": [
        "高频段YTF滤波器",
        "高频段混频器",
        "前置放大器",
        "衰减器"
      ],
      "topk_k": 3
    }
  },
  "evidence": {
    "global_offset_db": 0.0015000000000000568,
    "hf_std_db": 0.009470561275340692,
    "p95_abs_dev_db": 0.024804999999999116,
    "inside_env_frac": 1.0,
    "peak_freq_mae_hz": 1210311.1735970129,
    "peak_freq_outlier_frac": 0.05
  },
  "artifacts": {
    "output_json": "Output/diagnosis/batch/sim_00065_diagnosis.json"
  },
  "system_diagnosis": {
    "probabilities": {
      "正常": 0.004589118954725448,
      "幅度失准": 0.0012948638034208067,
      "频率失准": 0.9926789820451848,
      "参考电平失准": 0.001437035097401128
    },
    "predicted_class": "频率失准",
    "max_prob": 0.9926789820451848,
    "is_normal": false
  },
  "module_diagnosis": {
    "probabilities": {
      "[RF板][Mixer1]": 0.287050726495969,
      "[时钟板][参考域] 10MHz 基准 OCXO": 0.19367277932258148,
      "[时钟板][参考分配]": 0.19367277932258148,
      "[RF板][RF] 低频通路固定滤波/抑制网络": 0.17292212439516208,
      "[LO/时钟板][LO1] 合成链": 0.08300261970967777,
      "[电源板] 电源管理模块": 0.06967897075402812,
      "[RF板][RF] 输入衰减器组": 0.0,
      "前置放大器": 0.0,
      "[RF板][YTF]": 0.0,
      "[RF板][Mixer2]": 0.0
    },
    "topk": [
      {
        "module": "[RF板][Mixer1]",
        "probability": 0.287050726495969
      },
      {
        "module": "[时钟板][参考域] 10MHz 基准 OCXO",
        "probability": 0.19367277932258148
      },
      {
        "module": "[时钟板][参考分配]",
        "probability": 0.19367277932258148
      }
    ],
    "disabled_modules": [
      "高频段YTF滤波器",
      "高频段混频器",
      "前置放大器",
      "衰减器"
    ]
  },
  "evidence_detail": {
    "viol_rate": 0.0,
    "envelope_violation": false,
    "violation_max_db": 0.0,
    "violation_energy": 0.5119401021344147,
    "baseline_coverage": 1.0
  },
  "config": {
    "mode": "unified_entry",
    "gating_status": "gated_ok",
    "run_name": null,
    "topk": 3
  },
  "uncertainty": {
    "is_uncertain": false,
    "reason": "",
    "top_class": "频率失准",
    "runner_up": "正常",
    "max_prob": 0.9926789820451848,
    "second_prob": 0.004589118954725448,
    "prob_gap": 0.9880898630904593,
    "support_top_features": [],
    "support_runnerup_features": [],
    "conflict_features": [],
    "suggested_actions": []
  },
  "module_validation": {
    "sample_id": "sim_00065",
    "gt_module": "时钟合成与同步网络",
    "gt_module_v2": "[LO/时钟板][LO1] 合成链",
    "top1": "[RF板][Mixer1]",
    "top3": [
      "[RF板][Mixer1]",
      "[时钟板][参考域] 10MHz 基准 OCXO",
      "[时钟板][参考分配]"
    ],
    "top5": [
      "[RF板][Mixer1]",
      "[时钟板][参考域] 10MHz 基准 OCXO",
      "[时钟板][参考分配]",
      "[RF板][RF] 低频通路固定滤波/抑制网络",
      "[LO/时钟板][LO1] 合成链"
    ],
    "gt_rank": 5,
    "gt_prob": 0.08300261970967777,
    "top1_hit": false,
    "top3_hit": false,
    "top5_hit": true
  },
  "ground_truth": {
    "type": "fault",
    "system_class_en": "freq_error",
    "system_class_cn": "频率失准",
    "module": "时钟合成与同步网络",
    "module_v2": "[LO/时钟板][LO1] 合成链",
    "fault_params": {
      "severity": "mid",
      "tier_target": "in_spec_weak",
      "delta_f_hz": -1422191.4561902173,
      "ppm": -173.649750450576,
      "shift_bins": -0.14221914561902174,
      "bandwidth_hz": 8190000000.0,
      "warp_scale": 0.9995243164572526,
      "warp_bias": -0.00017343798246222163,
      "type": "freq_miscal",
      "track_type": "dense",
      "template_id": "T8",
      "forced_peak_track_type": true,
      "peak_track_profile": {
        "bands": [
          {
            "start_hz": 5797919303.867268,
            "end_hz": 6255097752.4944935,
            "center_hz": 6026508528.180881,
            "width_hz": 457178448.627226,
            "amplitude_hz": 23096519.4581913,
            "ramp_hz": 38495684.143027164
          }
        ],
        "track_type": "dense"
      },
      "freq_amp_coupling": {
        "bias_db_min": -0.1,
        "bias_db_max": -0.02
      }
    }
  }
}