{
  "status": "success",
  "meta": {
    "sample_id": "sim_00014",
    "input_file": "/home/runner/work/FMFD-python/FMFD-python/Output/sim_spectrum/raw_curves/sim_00014.csv",
    "operating_condition": {
      "inject_power_dbm": -10.0,
      "freq_start_hz": 10000000.0,
      "freq_end_hz": 8200000000.0,
      "step_hz": 10000000.0,
      "frontend": {
        "low_band_only": true,
        "ac_coupling": true,
        "preamp": false
      }
    }
  },
  "data_points": 820,
  "frequency_range": {
    "min": 10000000.0,
    "max": 8200000000.0
  },
  "features": {
    "X1": -10.02781719512195,
    "X2": 0.004915774695948176,
    "X3": 0.00029629861385058756,
    "X4": 0.07062392046485194,
    "X5": 0.5699633377682072,
    "X6": 0.01663400964335217,
    "X7": 0.21069999999999922,
    "X8": 0.12019768292682925,
    "X9": 0.004987738141825735,
    "X10": 0.11757486009516527,
    "X11": 0.46463414634146344,
    "X12": 0.15422465816900655,
    "X13": 0.11057531893455702,
    "X14": 0.011164835164834241,
    "X15": 0.02098807299085248,
    "X16": -0.023333165100820504,
    "X17": 0.0,
    "X18": 0.0,
    "X19": -8.098424593609528e-05,
    "X20": 0.13001598166152561,
    "X21": 2.0,
    "X22": 0.06844563371469517,
    "X23": 0.021969104158536718,
    "X24": 0.24138206408273255,
    "X25": 0.021969104158536718,
    "X26": 0.0005984653554377994,
    "X27": 0.00244694575754856,
    "X28": -0.8594142259378339,
    "X29": 5.7024119222474985,
    "X30": 0.13551994910941473,
    "X31": 0.1022935888957809,
    "X32": -3.829678192066113,
    "X33": 0.17855666922660693,
    "X34": 0.08543105848488837,
    "X35": 0.0005303335484024853,
    "X36": 0.9354087588746384,
    "X37": 0.07062392046485194,
    "offset_db": 8.881784197001252e-16,
    "viol_rate_aligned": 0.46463414634146344,
    "viol_energy_aligned": 0.11057531893455702,
    "global_offset_db": 0.0,
    "shape_rmse": 0.14821978329000726,
    "ripple_hp": 0.015005478385924961,
    "tail_asym": -0.2059050000000048,
    "compress_ratio": 0.2,
    "compress_ratio_high": 0.2,
    "freq_shift_score": 0.4223777857639164,
    "offset_slope": -0.041091660733234,
    "high_low_energy_ratio": 376.4534466380179,
    "band_offset_db_1": 0.011299999999999422,
    "band_offset_db_2": 0.010899999999999466,
    "band_offset_db_3": 0.004249999999998977,
    "band_offset_db_4": -0.21649999999999991
  },
  "system": {
    "probs": {
      "正常": 0.05844019112850313,
      "幅度失准": 0.2573951585921626,
      "频率失准": 0.438736593293465,
      "参考电平失准": 0.24542805698543044
    },
    "decision": "频率失准",
    "confidence": 0.438736593293465,
    "is_normal": false
  },
  "module": {
    "topk": [
      {
        "module_id": "[RF板][Mixer1]",
        "gamma": 0.2638392939943893
      },
      {
        "module_id": "[时钟板][参考域] 10MHz 基准 OCXO",
        "gamma": 0.178012053779347
      },
      {
        "module_id": "[时钟板][参考分配]",
        "gamma": 0.178012053779347
      }
    ],
    "gating": {
      "disabled_modules": [
        "高频段YTF滤波器",
        "高频段混频器",
        "前置放大器",
        "衰减器"
      ],
      "topk_k": 3
    }
  },
  "evidence": {
    "global_offset_db": 8.881784197001252e-16,
    "hf_std_db": 0.02321600890196626,
    "p95_abs_dev_db": 0.22611500000000218,
    "inside_env_frac": 0.5353658536585366,
    "peak_freq_mae_hz": 3877.868096053046,
    "peak_freq_outlier_frac": 0.0
  },
  "artifacts": {
    "output_json": "Output/diagnosis/batch/sim_00014_diagnosis.json"
  },
  "system_diagnosis": {
    "probabilities": {
      "正常": 0.05844019112850313,
      "幅度失准": 0.2573951585921626,
      "频率失准": 0.438736593293465,
      "参考电平失准": 0.24542805698543044
    },
    "predicted_class": "频率失准",
    "max_prob": 0.438736593293465,
    "is_normal": false
  },
  "module_diagnosis": {
    "probabilities": {
      "[RF板][Mixer1]": 0.2638392939943893,
      "[时钟板][参考域] 10MHz 基准 OCXO": 0.178012053779347,
      "[时钟板][参考分配]": 0.178012053779347,
      "[RF板][RF] 低频通路固定滤波/抑制网络": 0.15893933373155983,
      "[电源板] 电源管理模块": 0.14490638452420812,
      "[LO/时钟板][LO1] 合成链": 0.07629088019114873,
      "[RF板][RF] 输入衰减器组": 0.0,
      "前置放大器": 0.0,
      "[RF板][YTF]": 0.0,
      "[RF板][Mixer2]": 0.0
    },
    "topk": [
      {
        "module": "[RF板][Mixer1]",
        "probability": 0.2638392939943893
      },
      {
        "module": "[时钟板][参考域] 10MHz 基准 OCXO",
        "probability": 0.178012053779347
      },
      {
        "module": "[时钟板][参考分配]",
        "probability": 0.178012053779347
      }
    ],
    "disabled_modules": [
      "高频段YTF滤波器",
      "高频段混频器",
      "前置放大器",
      "衰减器"
    ]
  },
  "evidence_detail": {
    "viol_rate": 0.46463414634146344,
    "envelope_violation": true,
    "violation_max_db": 0.15422465816900655,
    "violation_energy": 0.11057531893455702,
    "baseline_coverage": 0.5353658536585366
  },
  "config": {
    "mode": "unified_entry",
    "gating_status": "fallback_brb_only",
    "run_name": null,
    "topk": 3
  },
  "uncertainty": {
    "is_uncertain": true,
    "reason": "max_prob(43.87%) < 55%",
    "top_class": "频率失准",
    "runner_up": "幅度失准",
    "max_prob": 0.438736593293465,
    "second_prob": 0.2573951585921626,
    "prob_gap": 0.18134143470130237,
    "support_top_features": [
      {
        "feature": "X4",
        "contribution": 0.06356152841836675
      },
      {
        "feature": "X16",
        "contribution": 0.020999848590738453
      },
      {
        "feature": "X15",
        "contribution": 0.014691651093596735
      },
      {
        "feature": "X14",
        "contribution": 0.006698901098900545
      }
    ],
    "support_runnerup_features": [
      {
        "feature": "X1",
        "contribution": 8.02225375609756
      },
      {
        "feature": "X21",
        "contribution": 1.2
      },
      {
        "feature": "X5",
        "contribution": 0.398974336437745
      },
      {
        "feature": "X11",
        "contribution": 0.2787804878048781
      },
      {
        "feature": "X12",
        "contribution": 0.10795726071830458
      }
    ],
    "conflict_features": [
      {
        "feature": "X8",
        "top_contrib": 0.03605930487804877,
        "runnerup_contrib": 0.03605930487804877
      },
      {
        "feature": "X9",
        "top_contrib": 0.0019950952567302943,
        "runnerup_contrib": 0.0014963214425477206
      }
    ],
    "suggested_actions": [
      "复测频率标度线性度",
      "检查本振锁定状态",
      "复测全频段幅度响应",
      "建议重复测试或更换测试点以提高置信度"
    ]
  },
  "module_validation": {
    "sample_id": "sim_00014",
    "gt_module": "电源模块",
    "gt_module_v2": "[RF板][RF] 输入连接/匹配/保护",
    "top1": "[RF板][Mixer1]",
    "top3": [
      "[RF板][Mixer1]",
      "[时钟板][参考域] 10MHz 基准 OCXO",
      "[时钟板][参考分配]"
    ],
    "top5": [
      "[RF板][Mixer1]",
      "[时钟板][参考域] 10MHz 基准 OCXO",
      "[时钟板][参考分配]",
      "[RF板][RF] 低频通路固定滤波/抑制网络",
      "[电源板] 电源管理模块"
    ],
    "gt_rank": -1,
    "gt_prob": 0.0,
    "top1_hit": false,
    "top3_hit": false,
    "top5_hit": false
  },
  "ground_truth": {
    "type": "fault",
    "system_class_en": "amp_error",
    "system_class_cn": "幅度失准",
    "module": "电源模块",
    "module_v2": "[RF板][RF] 输入连接/匹配/保护",
    "fault_params": {
      "severity": "severe",
      "tier_target": "mild_oos",
      "subtype": "amp_error_band",
      "band_offset_db": -0.22785121154311247,
      "band_start_norm": 0.5334501518116554,
      "band_end_norm": 0.9976542488725277,
      "template_id": "T9",
      "mean_offset_db": -0.09474536984148482
    }
  }
}