{
  "status": "success",
  "meta": {
    "sample_id": "sim_00075",
    "input_file": "/home/runner/work/FMFD-python/FMFD-python/Output/sim_spectrum/raw_curves/sim_00075.csv",
    "operating_condition": {
      "inject_power_dbm": -10.0,
      "freq_start_hz": 10000000.0,
      "freq_end_hz": 8200000000.0,
      "step_hz": 10000000.0,
      "frontend": {
        "low_band_only": true,
        "ac_coupling": true,
        "preamp": false
      }
    }
  },
  "data_points": 820,
  "frequency_range": {
    "min": 10000000.0,
    "max": 8200000000.0
  },
  "features": {
    "X1": -9.933071341463416,
    "X2": 0.0006249014979509558,
    "X3": 0.00022481819542115983,
    "X4": 0.0295604912617952,
    "X5": 0.29399465276366826,
    "X6": 0.0009771911664931592,
    "X7": 0.06579999999999941,
    "X8": 0.024904999999999997,
    "X9": 0.0008738226436386704,
    "X10": 0.014761188903456623,
    "X11": 0.0,
    "X12": 0.0,
    "X13": 0.16067502924028934,
    "X14": 0.004152380952380964,
    "X15": 0.0058358624679970715,
    "X16": 0.009756938543719491,
    "X17": 0.0,
    "X18": 0.0,
    "X19": -5.49968659023842e-05,
    "X20": -0.17035878267523152,
    "X21": 5.0,
    "X22": 0.039594711284187754,
    "X23": 3.794247560975507e-05,
    "X24": 0.08919532736317215,
    "X25": 3.794247560975507e-05,
    "X26": 0.0006526315671410106,
    "X27": 1.3152645765617682e-05,
    "X28": 0.07681564245267951,
    "X29": 0.29146216397089275,
    "X30": 0.0018437057598890785,
    "X31": 0.0009971169773443278,
    "X32": -0.38849181786249876,
    "X33": 0.6097691475435748,
    "X34": 0.013854711734463307,
    "X35": 0.0003633376690356173,
    "X36": 0.7912880264603519,
    "X37": 0.0295604912617952,
    "offset_db": -0.00019999999999953388,
    "viol_rate_aligned": 0.0,
    "viol_energy_aligned": 0.16067502924028934,
    "global_offset_db": 0.0,
    "shape_rmse": 0.006159746391675153,
    "ripple_hp": 0.007875175972465374,
    "tail_asym": 0.0010999999999975214,
    "compress_ratio": 0.2,
    "compress_ratio_high": 0.19661016949152543,
    "freq_shift_score": 0.019571309072894394,
    "offset_slope": 0.00020335976472164768,
    "high_low_energy_ratio": 2.9596985592244627,
    "band_offset_db_1": -0.00280000000000058,
    "band_offset_db_2": -0.0005000000000006111,
    "band_offset_db_3": 0.001100000000000101,
    "band_offset_db_4": 9.999999999976694e-05
  },
  "system": {
    "probs": {
      "正常": 0.9240103848755062,
      "幅度失准": 0.01447138503224711,
      "频率失准": 0.03161152069753146,
      "参考电平失准": 0.02990670930231395
    },
    "decision": "正常",
    "confidence": 0.9240103848755062,
    "is_normal": true
  },
  "module": {
    "topk": [
      {
        "module_id": "[电源板] 电源管理模块",
        "gamma": 0.7016682391359038
      },
      {
        "module_id": "[RF板][Mixer1]",
        "gamma": 0.09205032026661705
      },
      {
        "module_id": "[时钟板][参考域] 10MHz 基准 OCXO",
        "gamma": 0.062106240179886196
      }
    ],
    "gating": {
      "disabled_modules": [
        "高频段YTF滤波器",
        "高频段混频器",
        "前置放大器",
        "衰减器"
      ],
      "topk_k": 3
    }
  },
  "evidence": {
    "global_offset_db": -0.00019999999999953388,
    "hf_std_db": 0.005559209377042007,
    "p95_abs_dev_db": 0.01190999999999888,
    "inside_env_frac": 1.0,
    "peak_freq_mae_hz": 79481.37229473087,
    "peak_freq_outlier_frac": 0.0012195121951219512
  },
  "artifacts": {
    "output_json": "Output/diagnosis/batch/sim_00075_diagnosis.json"
  },
  "system_diagnosis": {
    "probabilities": {
      "正常": 0.9240103848755062,
      "幅度失准": 0.01447138503224711,
      "频率失准": 0.03161152069753146,
      "参考电平失准": 0.02990670930231395
    },
    "predicted_class": "正常",
    "max_prob": 0.9240103848755062,
    "is_normal": true
  },
  "module_diagnosis": {
    "probabilities": {
      "[电源板] 电源管理模块": 0.7016682391359038,
      "[RF板][Mixer1]": 0.09205032026661705,
      "[时钟板][参考域] 10MHz 基准 OCXO": 0.062106240179886196,
      "[时钟板][参考分配]": 0.062106240179886196,
      "[RF板][RF] 低频通路固定滤波/抑制网络": 0.055452000160612684,
      "[LO/时钟板][LO1] 合成链": 0.026616960077094083,
      "[RF板][RF] 输入衰减器组": 0.0,
      "前置放大器": 0.0,
      "[RF板][YTF]": 0.0,
      "[RF板][Mixer2]": 0.0
    },
    "topk": [
      {
        "module": "[电源板] 电源管理模块",
        "probability": 0.7016682391359038
      },
      {
        "module": "[RF板][Mixer1]",
        "probability": 0.09205032026661705
      },
      {
        "module": "[时钟板][参考域] 10MHz 基准 OCXO",
        "probability": 0.062106240179886196
      }
    ],
    "disabled_modules": [
      "高频段YTF滤波器",
      "高频段混频器",
      "前置放大器",
      "衰减器"
    ]
  },
  "evidence_detail": {
    "viol_rate": 0.0,
    "envelope_violation": false,
    "violation_max_db": 0.0,
    "violation_energy": 0.16067502924028934,
    "baseline_coverage": 1.0
  },
  "config": {
    "mode": "unified_entry",
    "gating_status": "gated_ok",
    "run_name": null,
    "topk": 3
  },
  "uncertainty": {
    "is_uncertain": false,
    "reason": "",
    "top_class": "正常",
    "runner_up": "频率失准",
    "max_prob": 0.9240103848755062,
    "second_prob": 0.03161152069753146,
    "prob_gap": 0.8923988641779748,
    "support_top_features": [],
    "support_runnerup_features": [],
    "conflict_features": [],
    "suggested_actions": []
  },
  "module_validation": {
    "sample_id": "sim_00075",
    "gt_module": "时钟合成与同步网络",
    "gt_module_v2": "[LO/时钟板][LO1] 合成链",
    "top1": "[电源板] 电源管理模块",
    "top3": [
      "[电源板] 电源管理模块",
      "[RF板][Mixer1]",
      "[时钟板][参考域] 10MHz 基准 OCXO"
    ],
    "top5": [
      "[电源板] 电源管理模块",
      "[RF板][Mixer1]",
      "[时钟板][参考域] 10MHz 基准 OCXO",
      "[时钟板][参考分配]",
      "[RF板][RF] 低频通路固定滤波/抑制网络"
    ],
    "gt_rank": 6,
    "gt_prob": 0.026616960077094083,
    "top1_hit": false,
    "top3_hit": false,
    "top5_hit": false
  },
  "ground_truth": {
    "type": "fault",
    "system_class_en": "freq_error",
    "system_class_cn": "频率失准",
    "module": "时钟合成与同步网络",
    "module_v2": "[LO/时钟板][LO1] 合成链",
    "fault_params": {
      "severity": "light",
      "tier_target": "in_spec_weak",
      "delta_f_hz": 228284.9328767423,
      "ppm": 27.873618177868416,
      "shift_bins": 0.02282849328767423,
      "bandwidth_hz": 8190000000.0,
      "type": "clock_drift",
      "track_type": "spike",
      "template_id": "T8",
      "forced_peak_track_type": true,
      "peak_track_profile": {
        "bands": [],
        "track_type": "spike"
      },
      "freq_amp_coupling": {
        "bias_db_min": -0.1,
        "bias_db_max": -0.02
      }
    }
  }
}