{
  "status": "success",
  "meta": {
    "sample_id": "sim_00129",
    "input_file": "/home/runner/work/FMFD-python/FMFD-python/Output/sim_spectrum/raw_curves/sim_00129.csv",
    "operating_condition": {
      "inject_power_dbm": -10.0,
      "freq_start_hz": 10000000.0,
      "freq_end_hz": 8200000000.0,
      "step_hz": 10000000.0,
      "frontend": {
        "low_band_only": true,
        "ac_coupling": true,
        "preamp": false
      }
    }
  },
  "data_points": 820,
  "frequency_range": {
    "min": 10000000.0,
    "max": 8200000000.0
  },
  "features": {
    "X1": -9.99243219512195,
    "X2": 0.0006799068935488119,
    "X3": 0.00025300341436205066,
    "X4": 0.028853823269628112,
    "X5": 0.2638417663046331,
    "X6": 0.0008602905488399756,
    "X7": 0.0840999999999994,
    "X8": 0.02338219512195121,
    "X9": 0.0008325431172749328,
    "X10": 0.011470082336939368,
    "X11": 0.0,
    "X12": 0.0,
    "X13": 0.0404635398942973,
    "X14": 0.006430036630036135,
    "X15": 0.004207742597592561,
    "X16": -0.008268608412384065,
    "X17": 0.0,
    "X18": 0.0,
    "X19": -4.567773119190793e-05,
    "X20": -0.11512146046606997,
    "X21": 3.0,
    "X22": 0.03900075999259077,
    "X23": 4.7711487804879373e-05,
    "X24": 0.054263348585538385,
    "X25": 4.7711487804879373e-05,
    "X26": 0.0008928825629269584,
    "X27": 5.429259233684808e-06,
    "X28": 0.02816123688435184,
    "X29": -0.45361383036521696,
    "X30": -0.00011981707317061663,
    "X31": 0.00528076486909034,
    "X32": -0.213543317353018,
    "X33": 0.6221788015221397,
    "X34": 0.012804982860520751,
    "X35": 0.0003330240298705496,
    "X36": 0.7991637570475078,
    "X37": 0.028853823269628112,
    "offset_db": -0.059500000000000774,
    "viol_rate_aligned": 0.0,
    "viol_energy_aligned": 0.0404635398942973,
    "global_offset_db": -8.881784197001252e-16,
    "shape_rmse": 0.006907350273793825,
    "ripple_hp": 0.0059436898197978314,
    "tail_asym": 0.0005050000000041428,
    "compress_ratio": 0.19878048780487806,
    "compress_ratio_high": 0.2,
    "freq_shift_score": 0.025175397245028597,
    "offset_slope": 0.002273140087881252,
    "high_low_energy_ratio": 0.6741669183830934,
    "band_offset_db_1": -0.009599999999998943,
    "band_offset_db_2": -0.005799999999998917,
    "band_offset_db_3": -0.0003499999999991843,
    "band_offset_db_4": 0.006299999999999528
  },
  "system": {
    "probs": {
      "正常": 0.22056388825260503,
      "幅度失准": 0.005322865414492404,
      "频率失准": 0.009470684586116102,
      "参考电平失准": 0.7646425616703221
    },
    "decision": "参考电平失准",
    "confidence": 0.7646425616703221,
    "is_normal": false
  },
  "module": {
    "topk": [
      {
        "module_id": "[校准链路][校准源]",
        "gamma": 0.36705477071488024
      },
      {
        "module_id": "[校准链路][校准路径开关/耦合]",
        "gamma": 0.26509511218296905
      },
      {
        "module_id": "[校准链路][校准表/存储]",
        "gamma": 0.2345072146233957
      }
    ],
    "gating": {
      "disabled_modules": [
        "高频段YTF滤波器",
        "高频段混频器",
        "前置放大器",
        "衰减器"
      ],
      "topk_k": 3
    }
  },
  "evidence": {
    "global_offset_db": -0.059500000000000774,
    "hf_std_db": 0.004267060967818907,
    "p95_abs_dev_db": 0.012199999999999989,
    "inside_env_frac": 1.0,
    "peak_freq_mae_hz": 4025.3963165497203,
    "peak_freq_outlier_frac": 0.0
  },
  "artifacts": {
    "output_json": "Output/diagnosis/batch/sim_00129_diagnosis.json"
  },
  "system_diagnosis": {
    "probabilities": {
      "正常": 0.22056388825260503,
      "幅度失准": 0.005322865414492404,
      "频率失准": 0.009470684586116102,
      "参考电平失准": 0.7646425616703221
    },
    "predicted_class": "参考电平失准",
    "max_prob": 0.7646425616703221,
    "is_normal": false
  },
  "module_diagnosis": {
    "probabilities": {
      "[校准链路][校准源]": 0.36705477071488024,
      "[校准链路][校准路径开关/耦合]": 0.26509511218296905,
      "[校准链路][校准表/存储]": 0.2345072146233957,
      "[电源板] 电源管理模块": 0.13334290247875502,
      "[RF板][RF] 输入衰减器组": 0.0,
      "前置放大器": 0.0,
      "[RF板][RF] 低频通路固定滤波/抑制网络": 0.0,
      "[RF板][Mixer1]": 0.0,
      "[RF板][YTF]": 0.0,
      "[RF板][Mixer2]": 0.0
    },
    "topk": [
      {
        "module": "[校准链路][校准源]",
        "probability": 0.36705477071488024
      },
      {
        "module": "[校准链路][校准路径开关/耦合]",
        "probability": 0.26509511218296905
      },
      {
        "module": "[校准链路][校准表/存储]",
        "probability": 0.2345072146233957
      }
    ],
    "disabled_modules": [
      "高频段YTF滤波器",
      "高频段混频器",
      "前置放大器",
      "衰减器"
    ]
  },
  "evidence_detail": {
    "viol_rate": 0.0,
    "envelope_violation": false,
    "violation_max_db": 0.0,
    "violation_energy": 0.0404635398942973,
    "baseline_coverage": 1.0
  },
  "config": {
    "mode": "unified_entry",
    "gating_status": "gated_ok",
    "run_name": null,
    "topk": 3
  },
  "uncertainty": {
    "is_uncertain": false,
    "reason": "",
    "top_class": "参考电平失准",
    "runner_up": "正常",
    "max_prob": 0.7646425616703221,
    "second_prob": 0.22056388825260503,
    "prob_gap": 0.544078673417717,
    "support_top_features": [],
    "support_runnerup_features": [],
    "conflict_features": [],
    "suggested_actions": []
  },
  "module_validation": {
    "sample_id": "sim_00129",
    "gt_module": "校准信号开关",
    "gt_module_v2": "[校准链路][校准路径开关/耦合]",
    "top1": "[校准链路][校准源]",
    "top3": [
      "[校准链路][校准源]",
      "[校准链路][校准路径开关/耦合]",
      "[校准链路][校准表/存储]"
    ],
    "top5": [
      "[校准链路][校准源]",
      "[校准链路][校准路径开关/耦合]",
      "[校准链路][校准表/存储]",
      "[电源板] 电源管理模块",
      "[RF板][RF] 输入衰减器组"
    ],
    "gt_rank": 2,
    "gt_prob": 0.26509511218296905,
    "top1_hit": false,
    "top3_hit": true,
    "top5_hit": true
  },
  "ground_truth": {
    "type": "fault",
    "system_class_en": "ref_error",
    "system_class_cn": "参考电平失准",
    "module": "校准信号开关",
    "module_v2": "[校准链路][校准路径开关/耦合]",
    "fault_params": {
      "severity": "light",
      "tier_target": "in_spec_weak",
      "type": "ref_miscal",
      "subtype": "ref_error_offset",
      "offset_db": 0.05505034947840082,
      "template_id": "T1",
      "mean_offset_db": -0.05936124978458532
    }
  }
}