{
  "status": "success",
  "meta": {
    "sample_id": "sim_00037",
    "input_file": "/home/runner/work/FMFD-python/FMFD-python/Output/sim_spectrum/raw_curves/sim_00037.csv",
    "operating_condition": {
      "inject_power_dbm": -10.0,
      "freq_start_hz": 10000000.0,
      "freq_end_hz": 8200000000.0,
      "step_hz": 10000000.0,
      "frontend": {
        "low_band_only": true,
        "ac_coupling": true,
        "preamp": false
      }
    }
  },
  "data_points": 820,
  "frequency_range": {
    "min": 10000000.0,
    "max": 8200000000.0
  },
  "features": {
    "X1": -9.933074024390244,
    "X2": 0.0038734509611920817,
    "X3": 0.00018682328295677105,
    "X4": 0.06601343029342108,
    "X5": 0.4007673170944122,
    "X6": 0.00488660141063355,
    "X7": 0.07760000000000034,
    "X8": 0.05800182926829266,
    "X9": 0.004357772979104364,
    "X10": 0.02624139865510141,
    "X11": 0.014634146341463415,
    "X12": 0.002548685916647031,
    "X13": 0.04467375028170334,
    "X14": 0.04680402930402909,
    "X15": 0.05565462592795844,
    "X16": 0.053175283907368885,
    "X17": 0.0,
    "X18": 0.0,
    "X19": 0.0001280067139335181,
    "X20": -0.8709817838089791,
    "X21": 0.0,
    "X22": 0.14018638034157974,
    "X23": 0.002971602841463406,
    "X24": 0.019441057632909042,
    "X25": 0.002971602841463406,
    "X26": 3.022999771344387e-05,
    "X27": 0.00032689571591998086,
    "X28": 0.10780131588380686,
    "X29": 0.2945977314887826,
    "X30": 0.0839027439024391,
    "X31": 0.020227152049698882,
    "X32": -15.81903053316272,
    "X33": 0.25886244899719035,
    "X34": 0.024655390775748954,
    "X35": 0.0003274500244051163,
    "X36": 0.9608593082406619,
    "X37": 0.06601343029342108,
    "offset_db": -0.0012999999999987466,
    "viol_rate_aligned": 0.014634146341463415,
    "viol_energy_aligned": 0.04467375028170334,
    "global_offset_db": 0.0,
    "shape_rmse": 0.0545124099766595,
    "ripple_hp": 0.003551648956104349,
    "tail_asym": -5.0000000017674795e-06,
    "compress_ratio": 0.2,
    "compress_ratio_high": 0.2,
    "freq_shift_score": 0.3346661090540769,
    "offset_slope": -0.005216374358734892,
    "high_low_energy_ratio": 0.9162776161698448,
    "band_offset_db_1": 0.06124999999999847,
    "band_offset_db_2": 0.0019999999999988916,
    "band_offset_db_3": 0.005049999999999777,
    "band_offset_db_4": -0.00990000000000002
  },
  "system": {
    "probs": {
      "正常": 0.00029549374966412816,
      "幅度失准": 0.9984661311640567,
      "频率失准": 0.0012380023881230124,
      "参考电平失准": 3.7259830952835903e-07
    },
    "decision": "幅度失准",
    "confidence": 0.9984661311640567,
    "is_normal": false
  },
  "module": {
    "topk": [
      {
        "module_id": "[数字中频板][ADC] 数字检波与平均",
        "gamma": 0.2708044432908948
      },
      {
        "module_id": "[数字中频板][IF] 中频放大/衰减链",
        "gamma": 0.26386073961676937
      },
      {
        "module_id": "[数字中频板][DSP] 数字增益/偏置校准",
        "gamma": 0.16664888817901222
      }
    ],
    "gating": {
      "disabled_modules": [
        "高频段YTF滤波器",
        "高频段混频器",
        "前置放大器",
        "衰减器"
      ],
      "topk_k": 3
    }
  },
  "evidence": {
    "global_offset_db": -0.0012999999999987466,
    "hf_std_db": 0.0304931767144897,
    "p95_abs_dev_db": 0.08479999999999954,
    "inside_env_frac": 0.9853658536585366,
    "peak_freq_mae_hz": 4053.8122326256025,
    "peak_freq_outlier_frac": 0.0
  },
  "artifacts": {
    "output_json": "Output/diagnosis/batch/sim_00037_diagnosis.json"
  },
  "system_diagnosis": {
    "probabilities": {
      "正常": 0.00029549374966412816,
      "幅度失准": 0.9984661311640567,
      "频率失准": 0.0012380023881230124,
      "参考电平失准": 3.7259830952835903e-07
    },
    "predicted_class": "幅度失准",
    "max_prob": 0.9984661311640567,
    "is_normal": false
  },
  "module_diagnosis": {
    "probabilities": {
      "[数字中频板][ADC] 数字检波与平均": 0.2708044432908948,
      "[数字中频板][IF] 中频放大/衰减链": 0.26386073961676937,
      "[数字中频板][DSP] 数字增益/偏置校准": 0.16664888817901222,
      "[数字中频板][IF] RBW数字滤波器": 0.12498666613425917,
      "[数字中频板][VBW]": 0.10415555511188264,
      "[电源板] 电源管理模块": 0.06954370766718174,
      "[RF板][RF] 输入衰减器组": 0.0,
      "前置放大器": 0.0,
      "[RF板][RF] 低频通路固定滤波/抑制网络": 0.0,
      "[RF板][Mixer1]": 0.0
    },
    "topk": [
      {
        "module": "[数字中频板][ADC] 数字检波与平均",
        "probability": 0.2708044432908948
      },
      {
        "module": "[数字中频板][IF] 中频放大/衰减链",
        "probability": 0.26386073961676937
      },
      {
        "module": "[数字中频板][DSP] 数字增益/偏置校准",
        "probability": 0.16664888817901222
      }
    ],
    "disabled_modules": [
      "高频段YTF滤波器",
      "高频段混频器",
      "前置放大器",
      "衰减器"
    ]
  },
  "evidence_detail": {
    "viol_rate": 0.014634146341463415,
    "envelope_violation": false,
    "violation_max_db": 0.002548685916647031,
    "violation_energy": 0.04467375028170334,
    "baseline_coverage": 0.9853658536585366
  },
  "config": {
    "mode": "unified_entry",
    "gating_status": "gated_ok",
    "run_name": null,
    "topk": 3
  },
  "uncertainty": {
    "is_uncertain": false,
    "reason": "",
    "top_class": "幅度失准",
    "runner_up": "频率失准",
    "max_prob": 0.9984661311640567,
    "second_prob": 0.0012380023881230124,
    "prob_gap": 0.9972281287759337,
    "support_top_features": [],
    "support_runnerup_features": [],
    "conflict_features": [],
    "suggested_actions": []
  },
  "module_validation": {
    "sample_id": "sim_00037",
    "gt_module": "低频段前置低通滤波器",
    "gt_module_v2": "[RF板][RF] 低频通路固定滤波/抑制网络",
    "top1": "[数字中频板][ADC] 数字检波与平均",
    "top3": [
      "[数字中频板][ADC] 数字检波与平均",
      "[数字中频板][IF] 中频放大/衰减链",
      "[数字中频板][DSP] 数字增益/偏置校准"
    ],
    "top5": [
      "[数字中频板][ADC] 数字检波与平均",
      "[数字中频板][IF] 中频放大/衰减链",
      "[数字中频板][DSP] 数字增益/偏置校准",
      "[数字中频板][IF] RBW数字滤波器",
      "[数字中频板][VBW]"
    ],
    "gt_rank": 8,
    "gt_prob": 0.0,
    "top1_hit": false,
    "top3_hit": false,
    "top5_hit": false
  },
  "ground_truth": {
    "type": "fault",
    "system_class_en": "amp_error",
    "system_class_cn": "幅度失准",
    "module": "低频段前置低通滤波器",
    "module_v2": "[RF板][RF] 低频通路固定滤波/抑制网络",
    "fault_params": {
      "severity": "mid",
      "tier_target": "in_spec_weak",
      "type": "lpf_shift",
      "subtype": "amp_error_band",
      "ripple_amp_db": 0.11180478482538897,
      "period_norm": 0.1125955711481503,
      "template_id": "T3"
    }
  }
}