{
  "status": "success",
  "meta": {
    "sample_id": "sim_00004",
    "input_file": "/home/runner/work/FMFD-python/FMFD-python/Output/sim_spectrum/raw_curves/sim_00004.csv",
    "operating_condition": {
      "inject_power_dbm": -10.0,
      "freq_start_hz": 10000000.0,
      "freq_end_hz": 8200000000.0,
      "step_hz": 10000000.0,
      "frontend": {
        "low_band_only": true,
        "ac_coupling": true,
        "preamp": false
      }
    }
  },
  "data_points": 820,
  "frequency_range": {
    "min": 10000000.0,
    "max": 8200000000.0
  },
  "features": {
    "X1": -9.933072073170733,
    "X2": 0.0023415850510195677,
    "X3": 0.00017691102254023465,
    "X4": 0.04900474979923953,
    "X5": 0.2752552614079974,
    "X6": 0.002462227427409279,
    "X7": 0.15549999999999997,
    "X8": 0.039522804878048795,
    "X9": 0.002401465502886066,
    "X10": 0.014521527597215473,
    "X11": 0.018292682926829267,
    "X12": 0.04883324956282564,
    "X13": 0.3476691421405034,
    "X14": 0.03281886446886441,
    "X15": 0.04015993910787291,
    "X16": 0.027781907530422697,
    "X17": 0.0,
    "X18": 0.0,
    "X19": 3.513769135408908e-05,
    "X20": -0.04918717843642284,
    "X21": 2.0,
    "X22": 0.031928039236231956,
    "X23": 0.0017374100121951232,
    "X24": 0.6079771548685766,
    "X25": 0.0017374100121951232,
    "X26": 0.0013915091398954678,
    "X27": 0.0001398126572868809,
    "X28": 0.03779123096645867,
    "X29": 0.00652442465105637,
    "X30": 0.05584360397871843,
    "X31": 0.005018408178145259,
    "X32": -1.0251577863587558,
    "X33": 0.9061115948781208,
    "X34": 0.021168043599795214,
    "X35": 0.0020215828301585856,
    "X36": 0.5786343435224858,
    "X37": 0.04900474979923952,
    "offset_db": -0.0004500000000007276,
    "viol_rate_aligned": 0.018292682926829267,
    "viol_energy_aligned": 0.3476691421405034,
    "global_offset_db": 0.0,
    "shape_rmse": 0.041682250565380025,
    "ripple_hp": 0.04136307194718561,
    "tail_asym": 0.0029000000000038023,
    "compress_ratio": 0.2,
    "compress_ratio_high": 0.2,
    "freq_shift_score": 0.45242632192606824,
    "offset_slope": 0.0012054311611366553,
    "high_low_energy_ratio": 1.3253007087640256,
    "band_offset_db_1": 0.019200000000001438,
    "band_offset_db_2": -0.0015499999999999403,
    "band_offset_db_3": 0.0011499999999999844,
    "band_offset_db_4": 0.00024999999999941735
  },
  "system": {
    "probs": {
      "正常": 0.004521186261387609,
      "幅度失准": 0.9433812702519183,
      "频率失准": 0.05209242001506445,
      "参考电平失准": 5.123377291656593e-06
    },
    "decision": "幅度失准",
    "confidence": 0.9433812702519183,
    "is_normal": false
  },
  "module": {
    "topk": [
      {
        "module_id": "[数字中频板][ADC] 数字检波与平均",
        "gamma": 0.26970923011987014
      },
      {
        "module_id": "[数字中频板][IF] 中频放大/衰减链",
        "gamma": 0.26279360883474534
      },
      {
        "module_id": "[数字中频板][DSP] 数字增益/偏置校准",
        "gamma": 0.16597491084299704
      }
    ],
    "gating": {
      "disabled_modules": [
        "高频段YTF滤波器",
        "高频段混频器",
        "前置放大器",
        "衰减器"
      ],
      "topk_k": 3
    }
  },
  "evidence": {
    "global_offset_db": -0.0004500000000007276,
    "hf_std_db": 0.03310251407126077,
    "p95_abs_dev_db": 0.07617000000000188,
    "inside_env_frac": 0.9817073170731707,
    "peak_freq_mae_hz": 3953.0959707983816,
    "peak_freq_outlier_frac": 0.0
  },
  "artifacts": {
    "output_json": "Output/diagnosis/batch/sim_00004_diagnosis.json"
  },
  "system_diagnosis": {
    "probabilities": {
      "正常": 0.004521186261387609,
      "幅度失准": 0.9433812702519183,
      "频率失准": 0.05209242001506445,
      "参考电平失准": 5.123377291656593e-06
    },
    "predicted_class": "幅度失准",
    "max_prob": 0.9433812702519183,
    "is_normal": false
  },
  "module_diagnosis": {
    "probabilities": {
      "[数字中频板][ADC] 数字检波与平均": 0.26970923011987014,
      "[数字中频板][IF] 中频放大/衰减链": 0.26279360883474534,
      "[数字中频板][DSP] 数字增益/偏置校准": 0.16597491084299704,
      "[数字中频板][IF] RBW数字滤波器": 0.12448118313224779,
      "[数字中频板][VBW]": 0.10373431927687314,
      "[电源板] 电源管理模块": 0.07330674779326651,
      "[RF板][RF] 输入衰减器组": 0.0,
      "前置放大器": 0.0,
      "[RF板][RF] 低频通路固定滤波/抑制网络": 0.0,
      "[RF板][Mixer1]": 0.0
    },
    "topk": [
      {
        "module": "[数字中频板][ADC] 数字检波与平均",
        "probability": 0.26970923011987014
      },
      {
        "module": "[数字中频板][IF] 中频放大/衰减链",
        "probability": 0.26279360883474534
      },
      {
        "module": "[数字中频板][DSP] 数字增益/偏置校准",
        "probability": 0.16597491084299704
      }
    ],
    "disabled_modules": [
      "高频段YTF滤波器",
      "高频段混频器",
      "前置放大器",
      "衰减器"
    ]
  },
  "evidence_detail": {
    "viol_rate": 0.018292682926829267,
    "envelope_violation": false,
    "violation_max_db": 0.04883324956282564,
    "violation_energy": 0.3476691421405034,
    "baseline_coverage": 0.9817073170731707
  },
  "config": {
    "mode": "unified_entry",
    "gating_status": "gated_ok",
    "run_name": null,
    "topk": 3
  },
  "uncertainty": {
    "is_uncertain": false,
    "reason": "",
    "top_class": "幅度失准",
    "runner_up": "频率失准",
    "max_prob": 0.9433812702519183,
    "second_prob": 0.05209242001506445,
    "prob_gap": 0.8912888502368539,
    "support_top_features": [],
    "support_runnerup_features": [],
    "conflict_features": [],
    "suggested_actions": []
  },
  "module_validation": {
    "sample_id": "sim_00004",
    "gt_module": "电源模块",
    "gt_module_v2": "[RF板][RF] 输入连接/匹配/保护",
    "top1": "[数字中频板][ADC] 数字检波与平均",
    "top3": [
      "[数字中频板][ADC] 数字检波与平均",
      "[数字中频板][IF] 中频放大/衰减链",
      "[数字中频板][DSP] 数字增益/偏置校准"
    ],
    "top5": [
      "[数字中频板][ADC] 数字检波与平均",
      "[数字中频板][IF] 中频放大/衰减链",
      "[数字中频板][DSP] 数字增益/偏置校准",
      "[数字中频板][IF] RBW数字滤波器",
      "[数字中频板][VBW]"
    ],
    "gt_rank": -1,
    "gt_prob": 0.0,
    "top1_hit": false,
    "top3_hit": false,
    "top5_hit": false
  },
  "ground_truth": {
    "type": "fault",
    "system_class_en": "amp_error",
    "system_class_cn": "幅度失准",
    "module": "电源模块",
    "module_v2": "[RF板][RF] 输入连接/匹配/保护",
    "fault_params": {
      "severity": "light",
      "tier_target": "in_spec_weak",
      "type": "power_noise",
      "subtype": "amp_error_ripple",
      "spike_count": 8.0,
      "spike_amp_db": 0.12750326766480083,
      "template_id": "T5"
    }
  }
}