{
  "status": "success",
  "meta": {
    "sample_id": "sim_00089",
    "input_file": "/home/runner/work/FMFD-python/FMFD-python/Output/sim_spectrum/raw_curves/sim_00089.csv",
    "operating_condition": {
      "inject_power_dbm": -10.0,
      "freq_start_hz": 10000000.0,
      "freq_end_hz": 8200000000.0,
      "step_hz": 10000000.0,
      "frontend": {
        "low_band_only": true,
        "ac_coupling": true,
        "preamp": false
      }
    }
  },
  "data_points": 820,
  "frequency_range": {
    "min": 10000000.0,
    "max": 8200000000.0
  },
  "features": {
    "X1": -9.933071951219512,
    "X2": 0.0022691051660304732,
    "X3": -0.0003574186878511689,
    "X4": 0.05167104844669922,
    "X5": 0.3253960694769433,
    "X6": 0.003086273140095181,
    "X7": 0.06940000000000168,
    "X8": 0.04579268292682928,
    "X9": 0.0026698972475811384,
    "X10": 0.03498631178665459,
    "X11": 0.0024390243902439024,
    "X12": 0.005316764059296375,
    "X13": 1.0270627786578408,
    "X14": 0.03468516483516476,
    "X15": 0.04728827556502787,
    "X16": -0.3370838914323799,
    "X17": 0.0,
    "X18": 0.0005,
    "X19": -0.0005258668913930417,
    "X20": -0.6759884880310012,
    "X21": 0.0,
    "X22": 0.06843029626849605,
    "X23": 0.0022244978488890842,
    "X24": 0.26005970046186777,
    "X25": 0.0022726463048780322,
    "X26": 8.470078609066397e-05,
    "X27": 0.0008788809829071498,
    "X28": -0.7024970737348548,
    "X29": 0.4192584331574939,
    "X30": 0.03786280487804891,
    "X31": 0.018995293379755602,
    "X32": -3.6328732851573724,
    "X33": 0.29702424661755694,
    "X34": 0.02766380323417328,
    "X35": 0.0002722815192594689,
    "X36": 0.9473954417883989,
    "X37": 0.05167104844669922,
    "offset_db": 0.023749999999999716,
    "viol_rate_aligned": 0.0024390243902439024,
    "viol_energy_aligned": 1.0270627786578408,
    "global_offset_db": 0.0,
    "shape_rmse": 0.047672280256749126,
    "ripple_hp": 0.012368394001219495,
    "tail_asym": -0.0740100000000015,
    "compress_ratio": 0.2,
    "compress_ratio_high": 0.2,
    "freq_shift_score": 0.32027217321163237,
    "offset_slope": -0.004121810732368884,
    "high_low_energy_ratio": 45.320008782000286,
    "band_offset_db_1": 0.004550000000000054,
    "band_offset_db_2": -0.028850000000000264,
    "band_offset_db_3": 0.0052000000000003155,
    "band_offset_db_4": -0.04184999999999839
  },
  "system": {
    "probs": {
      "正常": 0.010175865271657258,
      "幅度失准": 0.10185702836694663,
      "频率失准": 0.8862065784921814,
      "参考电平失准": 0.0017605277805940078
    },
    "decision": "频率失准",
    "confidence": 0.8862065784921814,
    "is_normal": false
  },
  "module": {
    "topk": [
      {
        "module_id": "[RF板][Mixer1]",
        "gamma": 0.2846676285138746
      },
      {
        "module_id": "[时钟板][参考域] 10MHz 基准 OCXO",
        "gamma": 0.19206490598526482
      },
      {
        "module_id": "[时钟板][参考分配]",
        "gamma": 0.19206490598526482
      }
    ],
    "gating": {
      "disabled_modules": [
        "高频段YTF滤波器",
        "高频段混频器",
        "前置放大器",
        "衰减器"
      ],
      "topk_k": 3
    }
  },
  "evidence": {
    "global_offset_db": 0.023749999999999716,
    "hf_std_db": 0.019166128718268116,
    "p95_abs_dev_db": 0.09266500000000073,
    "inside_env_frac": 0.9975609756097561,
    "peak_freq_mae_hz": 15373211.307591675,
    "peak_freq_outlier_frac": 0.37073170731707317
  },
  "artifacts": {
    "output_json": "Output/diagnosis/batch/sim_00089_diagnosis.json"
  },
  "system_diagnosis": {
    "probabilities": {
      "正常": 0.010175865271657258,
      "幅度失准": 0.10185702836694663,
      "频率失准": 0.8862065784921814,
      "参考电平失准": 0.0017605277805940078
    },
    "predicted_class": "频率失准",
    "max_prob": 0.8862065784921814,
    "is_normal": false
  },
  "module_diagnosis": {
    "probabilities": {
      "[RF板][Mixer1]": 0.2846676285138746,
      "[时钟板][参考域] 10MHz 基准 OCXO": 0.19206490598526482,
      "[时钟板][参考分配]": 0.19206490598526482,
      "[RF板][RF] 低频通路固定滤波/抑制网络": 0.1714865232011293,
      "[LO/时钟板][LO1] 合成链": 0.08231353113654208,
      "[电源板] 电源管理模块": 0.07740250517792438,
      "[RF板][RF] 输入衰减器组": 0.0,
      "前置放大器": 0.0,
      "[RF板][YTF]": 0.0,
      "[RF板][Mixer2]": 0.0
    },
    "topk": [
      {
        "module": "[RF板][Mixer1]",
        "probability": 0.2846676285138746
      },
      {
        "module": "[时钟板][参考域] 10MHz 基准 OCXO",
        "probability": 0.19206490598526482
      },
      {
        "module": "[时钟板][参考分配]",
        "probability": 0.19206490598526482
      }
    ],
    "disabled_modules": [
      "高频段YTF滤波器",
      "高频段混频器",
      "前置放大器",
      "衰减器"
    ]
  },
  "evidence_detail": {
    "viol_rate": 0.0024390243902439024,
    "envelope_violation": false,
    "violation_max_db": 0.005316764059296375,
    "violation_energy": 1.0270627786578408,
    "baseline_coverage": 0.9975609756097561
  },
  "config": {
    "mode": "unified_entry",
    "gating_status": "gated_ok",
    "run_name": null,
    "topk": 3
  },
  "uncertainty": {
    "is_uncertain": false,
    "reason": "",
    "top_class": "频率失准",
    "runner_up": "幅度失准",
    "max_prob": 0.8862065784921814,
    "second_prob": 0.10185702836694663,
    "prob_gap": 0.7843495501252348,
    "support_top_features": [],
    "support_runnerup_features": [],
    "conflict_features": [],
    "suggested_actions": []
  },
  "module_validation": {
    "sample_id": "sim_00089",
    "gt_module": "时钟合成与同步网络",
    "gt_module_v2": "[LO/时钟板][LO1] 合成链",
    "top1": "[RF板][Mixer1]",
    "top3": [
      "[RF板][Mixer1]",
      "[时钟板][参考域] 10MHz 基准 OCXO",
      "[时钟板][参考分配]"
    ],
    "top5": [
      "[RF板][Mixer1]",
      "[时钟板][参考域] 10MHz 基准 OCXO",
      "[时钟板][参考分配]",
      "[RF板][RF] 低频通路固定滤波/抑制网络",
      "[LO/时钟板][LO1] 合成链"
    ],
    "gt_rank": 5,
    "gt_prob": 0.08231353113654208,
    "top1_hit": false,
    "top3_hit": false,
    "top5_hit": true
  },
  "ground_truth": {
    "type": "fault",
    "system_class_en": "freq_error",
    "system_class_cn": "频率失准",
    "module": "时钟合成与同步网络",
    "module_v2": "[LO/时钟板][LO1] 合成链",
    "fault_params": {
      "severity": "severe",
      "tier_target": "in_spec_weak",
      "delta_f_hz": -3000415.50853282,
      "ppm": -366.3510999429572,
      "shift_bins": -0.300041550853282,
      "bandwidth_hz": 8190000000.0,
      "warp_scale": 1.0003140004410755,
      "warp_bias": -0.00036590433030888047,
      "type": "freq_miscal",
      "track_type": "hole",
      "template_id": "T8",
      "forced_peak_track_type": true,
      "peak_track_profile": {
        "bands": [
          {
            "start_hz": 2314961389.202156,
            "end_hz": 3304689771.4861937,
            "center_hz": 2809825580.344175,
            "width_hz": 989728382.2840378,
            "amplitude_hz": 23512021.60436055,
            "ramp_hz": 50381393.439050645
          },
          {
            "start_hz": 7198295643.575613,
            "end_hz": 8200000000.0,
            "center_hz": 7736326237.444374,
            "width_hz": 1076061187.737523,
            "amplitude_hz": -41528212.75772008,
            "ramp_hz": 50381393.439050645
          },
          {
            "start_hz": 6099084649.95571,
            "end_hz": 6662750110.869653,
            "center_hz": 6380917380.412682,
            "width_hz": 563665460.9139432,
            "amplitude_hz": -65556732.68200356,
            "ramp_hz": 50381393.439050645
          },
          {
            "start_hz": 1159395008.0446901,
            "end_hz": 1932627462.1621556,
            "center_hz": 1546011235.1034229,
            "width_hz": 773232454.1174655,
            "amplitude_hz": -41325943.45058198,
            "ramp_hz": 50381393.439050645
          }
        ],
        "track_type": "hole"
      },
      "freq_amp_coupling": {
        "bias_db_min": -0.1,
        "bias_db_max": -0.02
      }
    }
  }
}