{
  "status": "success",
  "meta": {
    "sample_id": "sim_00011",
    "input_file": "/home/runner/work/FMFD-python/FMFD-python/Output/sim_spectrum/raw_curves/sim_00011.csv",
    "operating_condition": {
      "inject_power_dbm": -10.0,
      "freq_start_hz": 10000000.0,
      "freq_end_hz": 8200000000.0,
      "step_hz": 10000000.0,
      "frontend": {
        "low_band_only": true,
        "ac_coupling": true,
        "preamp": false
      }
    }
  },
  "data_points": 820,
  "frequency_range": {
    "min": 10000000.0,
    "max": 8200000000.0
  },
  "features": {
    "X1": -9.933072195121952,
    "X2": 0.0014015890714439152,
    "X3": -4.867696869943679e-05,
    "X4": 0.04495126129350093,
    "X5": 0.35857229980604455,
    "X6": 0.002734224373230219,
    "X7": 0.07860000000000156,
    "X8": 0.04262902439024389,
    "X9": 0.0020206158918765955,
    "X10": 0.032181278903085746,
    "X11": 0.0,
    "X12": 0.0,
    "X13": 0.34991041204921647,
    "X14": 0.029899267399267595,
    "X15": 0.03924604501929282,
    "X16": 0.01773909333200781,
    "X17": 0.0,
    "X18": 0.0,
    "X19": -0.00013866264573554287,
    "X20": -0.7298807704067758,
    "X21": 0.0,
    "X22": 0.07702416270076604,
    "X23": 0.0014296957560975623,
    "X24": 0.005003841846218826,
    "X25": 0.0014296957560975623,
    "X26": 0.00016642415854174503,
    "X27": 0.0003614370065314345,
    "X28": 0.03120787973010751,
    "X29": 0.722464789188943,
    "X30": 0.051062042682926884,
    "X31": 0.020700619132067492,
    "X32": -14.80656198005156,
    "X33": 0.3393619566071354,
    "X34": 0.02579755558194674,
    "X35": 0.0003148911540772352,
    "X36": 0.9219383333741326,
    "X37": 0.04495126129350094,
    "offset_db": 0.00039999999999995595,
    "viol_rate_aligned": 0.0,
    "viol_energy_aligned": 0.34991041204921647,
    "global_offset_db": 0.0,
    "shape_rmse": 0.037811317830744304,
    "ripple_hp": 0.001773003886629781,
    "tail_asym": -0.012364999999999966,
    "compress_ratio": 0.2,
    "compress_ratio_high": 0.2,
    "freq_shift_score": 0.3004752552910196,
    "offset_slope": -0.006786704061710697,
    "high_low_energy_ratio": 36.23703654537478,
    "band_offset_db_1": -0.002800000000001468,
    "band_offset_db_2": 0.014800000000001035,
    "band_offset_db_3": 0.018050000000000566,
    "band_offset_db_4": -0.024299999999998434
  },
  "system": {
    "probs": {
      "正常": 0.006176086704374363,
      "幅度失准": 0.9369854236627959,
      "频率失准": 0.05682950695440447,
      "参考电平失准": 8.982584726617702e-06
    },
    "decision": "幅度失准",
    "confidence": 0.9369854236627959,
    "is_normal": false
  },
  "module": {
    "topk": [
      {
        "module_id": "[数字中频板][ADC] 数字检波与平均",
        "gamma": 0.269574337651138
      },
      {
        "module_id": "[数字中频板][IF] 中频放大/衰减链",
        "gamma": 0.26266217514726264
      },
      {
        "module_id": "[数字中频板][DSP] 数字增益/偏置校准",
        "gamma": 0.165891900093008
      }
    ],
    "gating": {
      "disabled_modules": [
        "高频段YTF滤波器",
        "高频段混频器",
        "前置放大器",
        "衰减器"
      ],
      "topk_k": 3
    }
  },
  "evidence": {
    "global_offset_db": 0.00039999999999995595,
    "hf_std_db": 0.013020620394378445,
    "p95_abs_dev_db": 0.06537000000000052,
    "inside_env_frac": 1.0,
    "peak_freq_mae_hz": 4091.6371546831006,
    "peak_freq_outlier_frac": 0.0
  },
  "artifacts": {
    "output_json": "Output/diagnosis/batch/sim_00011_diagnosis.json"
  },
  "system_diagnosis": {
    "probabilities": {
      "正常": 0.006176086704374363,
      "幅度失准": 0.9369854236627959,
      "频率失准": 0.05682950695440447,
      "参考电平失准": 8.982584726617702e-06
    },
    "predicted_class": "幅度失准",
    "max_prob": 0.9369854236627959,
    "is_normal": false
  },
  "module_diagnosis": {
    "probabilities": {
      "[数字中频板][ADC] 数字检波与平均": 0.269574337651138,
      "[数字中频板][IF] 中频放大/衰减链": 0.26266217514726264,
      "[数字中频板][DSP] 数字增益/偏置校准": 0.165891900093008,
      "[数字中频板][IF] RBW数字滤波器": 0.12441892506975596,
      "[数字中频板][VBW]": 0.10368243755812999,
      "[电源板] 电源管理模块": 0.07377022448070542,
      "[RF板][RF] 输入衰减器组": 0.0,
      "前置放大器": 0.0,
      "[RF板][RF] 低频通路固定滤波/抑制网络": 0.0,
      "[RF板][Mixer1]": 0.0
    },
    "topk": [
      {
        "module": "[数字中频板][ADC] 数字检波与平均",
        "probability": 0.269574337651138
      },
      {
        "module": "[数字中频板][IF] 中频放大/衰减链",
        "probability": 0.26266217514726264
      },
      {
        "module": "[数字中频板][DSP] 数字增益/偏置校准",
        "probability": 0.165891900093008
      }
    ],
    "disabled_modules": [
      "高频段YTF滤波器",
      "高频段混频器",
      "前置放大器",
      "衰减器"
    ]
  },
  "evidence_detail": {
    "viol_rate": 0.0,
    "envelope_violation": false,
    "violation_max_db": 0.0,
    "violation_energy": 0.34991041204921647,
    "baseline_coverage": 1.0
  },
  "config": {
    "mode": "unified_entry",
    "gating_status": "gated_ok",
    "run_name": null,
    "topk": 3
  },
  "uncertainty": {
    "is_uncertain": false,
    "reason": "",
    "top_class": "幅度失准",
    "runner_up": "频率失准",
    "max_prob": 0.9369854236627959,
    "second_prob": 0.05682950695440447,
    "prob_gap": 0.8801559167083914,
    "support_top_features": [],
    "support_runnerup_features": [],
    "conflict_features": [],
    "suggested_actions": []
  },
  "module_validation": {
    "sample_id": "sim_00011",
    "gt_module": "低频段前置低通滤波器",
    "gt_module_v2": "[RF板][RF] 低频通路固定滤波/抑制网络",
    "top1": "[数字中频板][ADC] 数字检波与平均",
    "top3": [
      "[数字中频板][ADC] 数字检波与平均",
      "[数字中频板][IF] 中频放大/衰减链",
      "[数字中频板][DSP] 数字增益/偏置校准"
    ],
    "top5": [
      "[数字中频板][ADC] 数字检波与平均",
      "[数字中频板][IF] 中频放大/衰减链",
      "[数字中频板][DSP] 数字增益/偏置校准",
      "[数字中频板][IF] RBW数字滤波器",
      "[数字中频板][VBW]"
    ],
    "gt_rank": 8,
    "gt_prob": 0.0,
    "top1_hit": false,
    "top3_hit": false,
    "top5_hit": false
  },
  "ground_truth": {
    "type": "fault",
    "system_class_en": "amp_error",
    "system_class_cn": "幅度失准",
    "module": "低频段前置低通滤波器",
    "module_v2": "[RF板][RF] 低频通路固定滤波/抑制网络",
    "fault_params": {
      "severity": "light",
      "tier_target": "mild_oos",
      "type": "lpf_shift",
      "subtype": "amp_error_band",
      "ripple_amp_db": 0.05076612154403241,
      "period_norm": 0.14001195771921263,
      "template_id": "T3"
    }
  }
}