{
  "status": "success",
  "meta": {
    "sample_id": "sim_00048",
    "input_file": "/home/runner/work/FMFD-python/FMFD-python/Output/sim_spectrum/raw_curves/sim_00048.csv",
    "operating_condition": {
      "inject_power_dbm": -10.0,
      "freq_start_hz": 10000000.0,
      "freq_end_hz": 8200000000.0,
      "step_hz": 10000000.0,
      "frontend": {
        "low_band_only": true,
        "ac_coupling": true,
        "preamp": false
      }
    }
  },
  "data_points": 820,
  "frequency_range": {
    "min": 10000000.0,
    "max": 8200000000.0
  },
  "features": {
    "X1": -9.933072926829269,
    "X2": 0.000872114213224601,
    "X3": 0.00014016037979675236,
    "X4": 0.03205688709261202,
    "X5": 0.30646293620649767,
    "X6": 0.001150373071921476,
    "X7": 0.08109999999999928,
    "X8": 0.026773658536585393,
    "X9": 0.0010276440100684752,
    "X10": 0.015329037992332565,
    "X11": 0.0,
    "X12": 0.0,
    "X13": 0.0,
    "X14": 0.011473260073260078,
    "X15": 0.013436831808068088,
    "X16": 0.005667320281519478,
    "X17": 0.0,
    "X18": 0.0,
    "X19": -3.780264935715166e-05,
    "X20": 0.2442647287725883,
    "X21": 4.0,
    "X22": 0.039252495630460404,
    "X23": 0.0001800603170731721,
    "X24": 0.0021476830177930006,
    "X25": 0.0001800603170731721,
    "X26": 0.0005974996119764657,
    "X27": 1.2791502186062998e-05,
    "X28": 0.01885775862013193,
    "X29": -0.06041816322183651,
    "X30": 0.013194809160305394,
    "X31": 0.00022989619518218663,
    "X32": -10.671407827933177,
    "X33": 0.5221437754931072,
    "X34": 0.017961535285594434,
    "X35": 0.000313630952783481,
    "X36": 0.8469203599078149,
    "X37": 0.03205688709261202,
    "offset_db": -0.00019999999999953388,
    "viol_rate_aligned": 0.0,
    "viol_energy_aligned": 0.0,
    "global_offset_db": 0.0,
    "shape_rmse": 0.013418655561313587,
    "ripple_hp": 0.0011600613789932857,
    "tail_asym": 0.0007999999999999084,
    "compress_ratio": 0.2,
    "compress_ratio_high": 0.2,
    "freq_shift_score": 0.08151597708753189,
    "offset_slope": -0.00018161363902720928,
    "high_low_energy_ratio": 0.5430991474512655,
    "band_offset_db_1": -0.01750000000000096,
    "band_offset_db_2": 0.0007999999999999119,
    "band_offset_db_3": 0.0019999999999997797,
    "band_offset_db_4": -0.001200000000000756
  },
  "system": {
    "probs": {
      "正常": 0.9947514412593355,
      "幅度失准": 0.0025287659257864077,
      "频率失准": 0.0019573673967320793,
      "参考电平失准": 0.0007624253186709944
    },
    "decision": "正常",
    "confidence": 0.9947514412593355,
    "is_normal": true
  },
  "module": {
    "topk": [
      {
        "module_id": "[电源板] 电源管理模块",
        "gamma": 0.9672251283097435
      },
      {
        "module_id": "[数字中频板][ADC] 数字检波与平均",
        "gamma": 0.009538955193432855
      },
      {
        "module_id": "[数字中频板][IF] 中频放大/衰减链",
        "gamma": 0.009294366598729452
      }
    ],
    "gating": {
      "disabled_modules": [
        "高频段YTF滤波器",
        "高频段混频器",
        "前置放大器",
        "衰减器"
      ],
      "topk_k": 3
    }
  },
  "evidence": {
    "global_offset_db": -0.00019999999999953388,
    "hf_std_db": 0.009772728831880234,
    "p95_abs_dev_db": 0.0221000000000001,
    "inside_env_frac": 1.0,
    "peak_freq_mae_hz": 3744.848577892426,
    "peak_freq_outlier_frac": 0.0
  },
  "artifacts": {
    "output_json": "Output/diagnosis/batch/sim_00048_diagnosis.json"
  },
  "system_diagnosis": {
    "probabilities": {
      "正常": 0.9947514412593355,
      "幅度失准": 0.0025287659257864077,
      "频率失准": 0.0019573673967320793,
      "参考电平失准": 0.0007624253186709944
    },
    "predicted_class": "正常",
    "max_prob": 0.9947514412593355,
    "is_normal": true
  },
  "module_diagnosis": {
    "probabilities": {
      "[电源板] 电源管理模块": 0.9672251283097435,
      "[数字中频板][ADC] 数字检波与平均": 0.009538955193432855,
      "[数字中频板][IF] 中频放大/衰减链": 0.009294366598729452,
      "[数字中频板][DSP] 数字增益/偏置校准": 0.005870126272881759,
      "[数字中频板][IF] RBW数字滤波器": 0.004402594704661317,
      "[数字中频板][VBW]": 0.0036688289205510983,
      "[RF板][RF] 输入衰减器组": 0.0,
      "前置放大器": 0.0,
      "[RF板][RF] 低频通路固定滤波/抑制网络": 0.0,
      "[RF板][Mixer1]": 0.0
    },
    "topk": [
      {
        "module": "[电源板] 电源管理模块",
        "probability": 0.9672251283097435
      },
      {
        "module": "[数字中频板][ADC] 数字检波与平均",
        "probability": 0.009538955193432855
      },
      {
        "module": "[数字中频板][IF] 中频放大/衰减链",
        "probability": 0.009294366598729452
      }
    ],
    "disabled_modules": [
      "高频段YTF滤波器",
      "高频段混频器",
      "前置放大器",
      "衰减器"
    ]
  },
  "evidence_detail": {
    "viol_rate": 0.0,
    "envelope_violation": false,
    "violation_max_db": 0.0,
    "violation_energy": 0.0,
    "baseline_coverage": 1.0
  },
  "config": {
    "mode": "unified_entry",
    "gating_status": "gated_ok",
    "run_name": null,
    "topk": 3
  },
  "uncertainty": {
    "is_uncertain": false,
    "reason": "",
    "top_class": "正常",
    "runner_up": "幅度失准",
    "max_prob": 0.9947514412593355,
    "second_prob": 0.0025287659257864077,
    "prob_gap": 0.992222675333549,
    "support_top_features": [],
    "support_runnerup_features": [],
    "conflict_features": [],
    "suggested_actions": []
  },
  "module_validation": {
    "sample_id": "sim_00048",
    "gt_module": "ADC",
    "gt_module_v2": "[数字中频板][ADC]",
    "top1": "[电源板] 电源管理模块",
    "top3": [
      "[电源板] 电源管理模块",
      "[数字中频板][ADC] 数字检波与平均",
      "[数字中频板][IF] 中频放大/衰减链"
    ],
    "top5": [
      "[电源板] 电源管理模块",
      "[数字中频板][ADC] 数字检波与平均",
      "[数字中频板][IF] 中频放大/衰减链",
      "[数字中频板][DSP] 数字增益/偏置校准",
      "[数字中频板][IF] RBW数字滤波器"
    ],
    "gt_rank": -1,
    "gt_prob": 0.0,
    "top1_hit": false,
    "top3_hit": false,
    "top5_hit": false
  },
  "ground_truth": {
    "type": "fault",
    "system_class_en": "amp_error",
    "system_class_cn": "幅度失准",
    "module": "ADC",
    "module_v2": "[数字中频板][ADC]",
    "fault_params": {
      "severity": "light",
      "tier_target": "in_spec_weak",
      "type": "adc_bias",
      "subtype": "amp_error_offset",
      "offset_db": 0.09771602513173741,
      "template_id": "T1"
    }
  }
}