{
  "status": "success",
  "meta": {
    "sample_id": "sim_00152",
    "input_file": "/home/runner/work/FMFD-python/FMFD-python/Output/sim_spectrum/raw_curves/sim_00152.csv",
    "operating_condition": {
      "inject_power_dbm": -10.0,
      "freq_start_hz": 10000000.0,
      "freq_end_hz": 8200000000.0,
      "step_hz": 10000000.0,
      "frontend": {
        "low_band_only": true,
        "ac_coupling": true,
        "preamp": false
      }
    }
  },
  "data_points": 820,
  "frequency_range": {
    "min": 10000000.0,
    "max": 8200000000.0
  },
  "features": {
    "X1": -9.913087195121951,
    "X2": 0.0007133107579400452,
    "X3": 0.00010344741746355258,
    "X4": 0.032415636865926016,
    "X5": 0.30124962718434645,
    "X6": 0.001257478165303388,
    "X7": 0.07140000000000057,
    "X8": 0.027703536585365812,
    "X9": 0.001050773513423582,
    "X10": 0.019577308066262677,
    "X11": 0.0,
    "X12": 0.0,
    "X13": 0.14676768471476845,
    "X14": 0.008908424908424917,
    "X15": 0.01113272308002462,
    "X16": -0.0003816198083928753,
    "X17": 0.0,
    "X18": 0.0,
    "X19": -0.00012402223119889,
    "X20": 0.06559793420008919,
    "X21": 6.0,
    "X22": 0.047185715172096805,
    "X23": 0.00014299552439024185,
    "X24": 0.04998207062356286,
    "X25": 0.00014299552439024185,
    "X26": 0.0003893279606291389,
    "X27": 0.00015840207559717108,
    "X28": -0.03223726627870895,
    "X29": -0.7743368428676738,
    "X30": 0.009573170731707294,
    "X31": 0.004892021162964506,
    "X32": -2.864134048427456,
    "X33": 0.5188909652871903,
    "X34": 0.019962111382840413,
    "X35": 0.0003385732721490949,
    "X36": 0.8380878459763866,
    "X37": 0.032415636865926016,
    "offset_db": 0.019999999999999574,
    "viol_rate_aligned": 0.0,
    "viol_energy_aligned": 0.14676768471476845,
    "global_offset_db": 0.0,
    "shape_rmse": 0.011958073606992133,
    "ripple_hp": 0.005747501520543011,
    "tail_asym": -0.0016000000000014301,
    "compress_ratio": 0.19878048780487806,
    "compress_ratio_high": 0.19322033898305085,
    "freq_shift_score": 0.05554301283827823,
    "offset_slope": -0.0015752446854017917,
    "high_low_energy_ratio": 2.582431937636026,
    "band_offset_db_1": 0.008799999999999919,
    "band_offset_db_2": 0.0030000000000001137,
    "band_offset_db_3": 0.004350000000001408,
    "band_offset_db_4": -0.005299999999998306
  },
  "system": {
    "probs": {
      "正常": 0.9986464906109853,
      "幅度失准": 0.0003430137767146892,
      "频率失准": 0.0007851998426307949,
      "参考电平失准": 0.0002252956698044338
    },
    "decision": "正常",
    "confidence": 0.9986464906109853,
    "is_normal": true
  },
  "module": {
    "topk": [
      {
        "module_id": "[电源板] 电源管理模块",
        "gamma": 0.9895494299378877
      },
      {
        "module_id": "[RF板][Mixer1]",
        "gamma": 0.003224525335149882
      },
      {
        "module_id": "[时钟板][参考域] 10MHz 基准 OCXO",
        "gamma": 0.0021755833586553424
      }
    ],
    "gating": {
      "disabled_modules": [
        "高频段YTF滤波器",
        "高频段混频器",
        "前置放大器",
        "衰减器"
      ],
      "topk_k": 3
    }
  },
  "evidence": {
    "global_offset_db": 0.019999999999999574,
    "hf_std_db": 0.008766061539026785,
    "p95_abs_dev_db": 0.02239999999999931,
    "inside_env_frac": 1.0,
    "peak_freq_mae_hz": 3903.904801783488,
    "peak_freq_outlier_frac": 0.0
  },
  "artifacts": {
    "output_json": "Output/diagnosis/batch/sim_00152_diagnosis.json"
  },
  "system_diagnosis": {
    "probabilities": {
      "正常": 0.9986464906109853,
      "幅度失准": 0.0003430137767146892,
      "频率失准": 0.0007851998426307949,
      "参考电平失准": 0.0002252956698044338
    },
    "predicted_class": "正常",
    "max_prob": 0.9986464906109853,
    "is_normal": true
  },
  "module_diagnosis": {
    "probabilities": {
      "[电源板] 电源管理模块": 0.9895494299378877,
      "[RF板][Mixer1]": 0.003224525335149882,
      "[时钟板][参考域] 10MHz 基准 OCXO": 0.0021755833586553424,
      "[时钟板][参考分配]": 0.0021755833586553424,
      "[RF板][RF] 低频通路固定滤波/抑制网络": 0.0019424851416565555,
      "[LO/时钟板][LO1] 合成链": 0.0009323928679951468,
      "[RF板][RF] 输入衰减器组": 0.0,
      "前置放大器": 0.0,
      "[RF板][YTF]": 0.0,
      "[RF板][Mixer2]": 0.0
    },
    "topk": [
      {
        "module": "[电源板] 电源管理模块",
        "probability": 0.9895494299378877
      },
      {
        "module": "[RF板][Mixer1]",
        "probability": 0.003224525335149882
      },
      {
        "module": "[时钟板][参考域] 10MHz 基准 OCXO",
        "probability": 0.0021755833586553424
      }
    ],
    "disabled_modules": [
      "高频段YTF滤波器",
      "高频段混频器",
      "前置放大器",
      "衰减器"
    ]
  },
  "evidence_detail": {
    "viol_rate": 0.0,
    "envelope_violation": false,
    "violation_max_db": 0.0,
    "violation_energy": 0.14676768471476845,
    "baseline_coverage": 1.0
  },
  "config": {
    "mode": "unified_entry",
    "gating_status": "gated_ok",
    "run_name": null,
    "topk": 3
  },
  "uncertainty": {
    "is_uncertain": false,
    "reason": "",
    "top_class": "正常",
    "runner_up": "频率失准",
    "max_prob": 0.9986464906109853,
    "second_prob": 0.0007851998426307949,
    "prob_gap": 0.9978612907683545,
    "support_top_features": [],
    "support_runnerup_features": [],
    "conflict_features": [],
    "suggested_actions": []
  },
  "module_validation": {
    "sample_id": "sim_00152",
    "gt_module": null,
    "gt_module_v2": null,
    "top1": "[电源板] 电源管理模块",
    "top3": [
      "[电源板] 电源管理模块",
      "[RF板][Mixer1]",
      "[时钟板][参考域] 10MHz 基准 OCXO"
    ],
    "top5": [
      "[电源板] 电源管理模块",
      "[RF板][Mixer1]",
      "[时钟板][参考域] 10MHz 基准 OCXO",
      "[时钟板][参考分配]",
      "[RF板][RF] 低频通路固定滤波/抑制网络"
    ],
    "gt_rank": -1,
    "gt_prob": 0.0,
    "top1_hit": false,
    "top3_hit": false,
    "top5_hit": false
  },
  "ground_truth": {
    "type": "normal",
    "system_class_en": "normal",
    "system_class_cn": "正常",
    "module": null,
    "module_v2": null,
    "fault_params": {
      "severity": "mid",
      "tier_target": "edge",
      "type": "normal",
      "normal_state": "normal_state_A"
    }
  }
}