{
  "status": "success",
  "meta": {
    "sample_id": "sim_00046",
    "input_file": "/home/runner/work/FMFD-python/FMFD-python/Output/sim_spectrum/raw_curves/sim_00046.csv",
    "operating_condition": {
      "inject_power_dbm": -10.0,
      "freq_start_hz": 10000000.0,
      "freq_end_hz": 8200000000.0,
      "step_hz": 10000000.0,
      "frontend": {
        "low_band_only": true,
        "ac_coupling": true,
        "preamp": false
      }
    }
  },
  "data_points": 820,
  "frequency_range": {
    "min": 10000000.0,
    "max": 8200000000.0
  },
  "features": {
    "X1": -9.933075487804878,
    "X2": 0.000620987013021349,
    "X3": 0.0002652979745078817,
    "X4": 0.030256024502980268,
    "X5": 0.28186167259166467,
    "X6": 0.0010365509967132649,
    "X7": 0.06430000000000113,
    "X8": 0.025254512195121943,
    "X9": 0.0009154270187249424,
    "X10": 0.01446470620390143,
    "X11": 0.0,
    "X12": 0.0,
    "X13": 0.20944353303149738,
    "X14": 0.0066446886446885215,
    "X15": 0.008568490931468784,
    "X16": -0.03015352415942023,
    "X17": -0.0010000000000000009,
    "X18": 0.0005,
    "X19": -4.206627571703522e-05,
    "X20": 0.042767862546948976,
    "X21": 6.0,
    "X22": 0.03877653601529403,
    "X23": 7.393946722751458e-05,
    "X24": 0.1491647107048404,
    "X25": 7.579447560975343e-05,
    "X26": 0.001389219459334023,
    "X27": 5.2436698767091184e-05,
    "X28": -0.01477832512239109,
    "X29": 0.018140746675393764,
    "X30": 0.0040867378048781615,
    "X31": 0.001020483432812522,
    "X32": -0.8582163772518308,
    "X33": 0.5639285452928894,
    "X34": 0.01648107956349295,
    "X35": 0.00032963918421017284,
    "X36": 0.8183444033243681,
    "X37": 0.03025602450298027,
    "offset_db": 9.999999999976694e-05,
    "viol_rate_aligned": 0.0,
    "viol_energy_aligned": 0.20944353303149738,
    "global_offset_db": 0.0,
    "shape_rmse": 0.00870600227485345,
    "ripple_hp": 0.009794286492838368,
    "tail_asym": -0.0006949999999966965,
    "compress_ratio": 0.2,
    "compress_ratio_high": 0.2,
    "freq_shift_score": 0.037232299586170914,
    "offset_slope": -0.0001509094175681042,
    "high_low_energy_ratio": 2.599591121838986,
    "band_offset_db_1": 0.004100000000001103,
    "band_offset_db_2": 1.7763568394002505e-15,
    "band_offset_db_3": 0.002349999999999852,
    "band_offset_db_4": -0.001300000000000523
  },
  "system": {
    "probs": {
      "正常": 0.4690616222308619,
      "幅度失准": 0.1773644163207727,
      "频率失准": 0.0868520820479612,
      "参考电平失准": 0.26672187939993514
    },
    "decision": "正常",
    "confidence": 0.4690616222308619,
    "is_normal": true
  },
  "module": {
    "topk": [
      {
        "module_id": "[电源板] 电源管理模块",
        "gamma": 0.30607847597490234
      },
      {
        "module_id": "[校准链路][校准源]",
        "gamma": 0.2938961748812179
      },
      {
        "module_id": "[校准链路][校准路径开关/耦合]",
        "gamma": 0.212258348525324
      }
    ],
    "gating": {
      "disabled_modules": [
        "高频段YTF滤波器",
        "高频段混频器",
        "前置放大器",
        "衰减器"
      ],
      "topk_k": 3
    }
  },
  "evidence": {
    "global_offset_db": 9.999999999976694e-05,
    "hf_std_db": 0.0074662012659291324,
    "p95_abs_dev_db": 0.016299999999999315,
    "inside_env_frac": 1.0,
    "peak_freq_mae_hz": 158588.6757213268,
    "peak_freq_outlier_frac": 0.003658536585365854
  },
  "artifacts": {
    "output_json": "Output/diagnosis/batch/sim_00046_diagnosis.json"
  },
  "system_diagnosis": {
    "probabilities": {
      "正常": 0.4690616222308619,
      "幅度失准": 0.1773644163207727,
      "频率失准": 0.0868520820479612,
      "参考电平失准": 0.26672187939993514
    },
    "predicted_class": "正常",
    "max_prob": 0.4690616222308619,
    "is_normal": true
  },
  "module_diagnosis": {
    "probabilities": {
      "[电源板] 电源管理模块": 0.30607847597490234,
      "[校准链路][校准源]": 0.2938961748812179,
      "[校准链路][校准路径开关/耦合]": 0.212258348525324,
      "[校准链路][校准表/存储]": 0.18776700061855583,
      "[RF板][RF] 输入衰减器组": 0.0,
      "前置放大器": 0.0,
      "[RF板][RF] 低频通路固定滤波/抑制网络": 0.0,
      "[RF板][Mixer1]": 0.0,
      "[RF板][YTF]": 0.0,
      "[RF板][Mixer2]": 0.0
    },
    "topk": [
      {
        "module": "[电源板] 电源管理模块",
        "probability": 0.30607847597490234
      },
      {
        "module": "[校准链路][校准源]",
        "probability": 0.2938961748812179
      },
      {
        "module": "[校准链路][校准路径开关/耦合]",
        "probability": 0.212258348525324
      }
    ],
    "disabled_modules": [
      "高频段YTF滤波器",
      "高频段混频器",
      "前置放大器",
      "衰减器"
    ]
  },
  "evidence_detail": {
    "viol_rate": 0.0,
    "envelope_violation": false,
    "violation_max_db": 0.0,
    "violation_energy": 0.20944353303149738,
    "baseline_coverage": 1.0
  },
  "config": {
    "mode": "unified_entry",
    "gating_status": "fallback_brb_only",
    "run_name": null,
    "topk": 3
  },
  "uncertainty": {
    "is_uncertain": true,
    "reason": "max_prob(46.91%) < 55%",
    "top_class": "正常",
    "runner_up": "参考电平失准",
    "max_prob": 0.4690616222308619,
    "second_prob": 0.26672187939993514,
    "prob_gap": 0.20233974283092676,
    "support_top_features": [],
    "support_runnerup_features": [
      {
        "feature": "X1",
        "contribution": 4.966537743902439
      },
      {
        "feature": "X21",
        "contribution": 1.7999999999999998
      },
      {
        "feature": "X13",
        "contribution": 0.14661047312204814
      },
      {
        "feature": "X5",
        "contribution": 0.14093083629583233
      },
      {
        "feature": "X7",
        "contribution": 0.038580000000000676
      }
    ],
    "conflict_features": [
      {
        "feature": "X4",
        "top_contrib": 0.003025602450298027,
        "runnerup_contrib": 0.003025602450298027
      },
      {
        "feature": "X16",
        "top_contrib": 0.0030153524159420232,
        "runnerup_contrib": 0.0030153524159420232
      },
      {
        "feature": "X17",
        "top_contrib": 0.0001000000000000001,
        "runnerup_contrib": 0.0001000000000000001
      }
    ],
    "suggested_actions": [
      "当前诊断为正常，但置信度较低",
      "建议增加测试样本或更换测试信号",
      "复测参考电平校准点",
      "建议重复测试或更换测试点以提高置信度"
    ]
  },
  "module_validation": {
    "sample_id": "sim_00046",
    "gt_module": "时钟振荡器",
    "gt_module_v2": "[LO/时钟板][LO1] 合成链",
    "top1": "[电源板] 电源管理模块",
    "top3": [
      "[电源板] 电源管理模块",
      "[校准链路][校准源]",
      "[校准链路][校准路径开关/耦合]"
    ],
    "top5": [
      "[电源板] 电源管理模块",
      "[校准链路][校准源]",
      "[校准链路][校准路径开关/耦合]",
      "[校准链路][校准表/存储]",
      "[RF板][RF] 输入衰减器组"
    ],
    "gt_rank": -1,
    "gt_prob": 0.0,
    "top1_hit": false,
    "top3_hit": false,
    "top5_hit": false
  },
  "ground_truth": {
    "type": "fault",
    "system_class_en": "freq_error",
    "system_class_cn": "频率失准",
    "module": "时钟振荡器",
    "module_v2": "[LO/时钟板][LO1] 合成链",
    "fault_params": {
      "severity": "mid",
      "tier_target": "edge",
      "delta_f_hz": -1207131.2511972287,
      "ppm": -147.3908731620548,
      "shift_bins": -0.12071312511972286,
      "bandwidth_hz": 8190000000.0,
      "warp_scale": 1.0004992716981038,
      "warp_bias": -0.00014721112819478398,
      "type": "freq_miscal",
      "track_type": "spike",
      "template_id": "T8",
      "forced_peak_track_type": true,
      "peak_track_profile": {
        "bands": [],
        "track_type": "spike"
      },
      "freq_amp_coupling": {
        "bias_db_min": -0.1,
        "bias_db_max": -0.02
      },
      "peak_track_warning": "peak_freq mismatch too weak"
    }
  }
}