{
  "status": "success",
  "meta": {
    "sample_id": "sim_00165",
    "input_file": "/home/runner/work/FMFD-python/FMFD-python/Output/sim_spectrum/raw_curves/sim_00165.csv",
    "operating_condition": {
      "inject_power_dbm": -10.0,
      "freq_start_hz": 10000000.0,
      "freq_end_hz": 8200000000.0,
      "step_hz": 10000000.0,
      "frontend": {
        "low_band_only": true,
        "ac_coupling": true,
        "preamp": false
      }
    }
  },
  "data_points": 820,
  "frequency_range": {
    "min": 10000000.0,
    "max": 8200000000.0
  },
  "features": {
    "X1": -9.922909390243904,
    "X2": 0.0007525806290485166,
    "X3": 0.00011025301647324938,
    "X4": 0.03161097424394584,
    "X5": 0.28423083101968133,
    "X6": 0.001090647558164781,
    "X7": 0.08490000000000109,
    "X8": 0.02611768292682924,
    "X9": 0.0009992536926514077,
    "X10": 0.013443850783889356,
    "X11": 0.0,
    "X12": 0.0,
    "X13": 0.17599504124840207,
    "X14": 0.007154578754578809,
    "X15": 0.01228522644699563,
    "X16": 0.011112462916088299,
    "X17": 0.0,
    "X18": 0.0,
    "X19": -9.341742001089444e-05,
    "X20": 0.014395624389266448,
    "X21": 5.0,
    "X22": 0.03799629754441064,
    "X23": 0.00011510479268292833,
    "X24": 0.038362604250177235,
    "X25": 0.00011510479268292833,
    "X26": 0.0007835809898122959,
    "X27": 8.504012217920231e-05,
    "X28": 0.004118307749809213,
    "X29": 0.9774812406017319,
    "X30": 0.00806280487804898,
    "X31": 0.0026291744688904098,
    "X32": -3.1286576127690746,
    "X33": 0.5681171556005707,
    "X34": 0.014682756256292845,
    "X35": 0.0003520142457298496,
    "X36": 0.8227728691721162,
    "X37": 0.03161097424394584,
    "offset_db": 0.009999999999999787,
    "viol_rate_aligned": 0.0,
    "viol_energy_aligned": 0.17599504124840207,
    "global_offset_db": 0.0,
    "shape_rmse": 0.01072869016622851,
    "ripple_hp": 0.005160597082908931,
    "tail_asym": 0.002789999999999005,
    "compress_ratio": 0.1975609756097561,
    "compress_ratio_high": 0.2,
    "freq_shift_score": 0.054138905496248446,
    "offset_slope": 0.0004597952674659472,
    "high_low_energy_ratio": 13.367351791462225,
    "band_offset_db_1": 0.0035500000000006082,
    "band_offset_db_2": -0.00280000000000058,
    "band_offset_db_3": 0.0033500000000019625,
    "band_offset_db_4": 0.000600000000000378
  },
  "system": {
    "probs": {
      "正常": 0.9995358389647463,
      "幅度失准": 0.0003459238034447613,
      "频率失准": 4.422306732418362e-05,
      "参考电平失准": 7.401406453137518e-05
    },
    "decision": "正常",
    "confidence": 0.9995358389647463,
    "is_normal": true
  },
  "module": {
    "topk": [
      {
        "module_id": "[电源板] 电源管理模块",
        "gamma": 0.9953860086323757
      },
      {
        "module_id": "[数字中频板][ADC] 数字检波与平均",
        "gamma": 0.0013428780846070642
      },
      {
        "module_id": "[数字中频板][IF] 中频放大/衰减链",
        "gamma": 0.0013084453132068835
      }
    ],
    "gating": {
      "disabled_modules": [
        "高频段YTF滤波器",
        "高频段混频器",
        "前置放大器",
        "衰减器"
      ],
      "topk_k": 3
    }
  },
  "evidence": {
    "global_offset_db": 0.009999999999999787,
    "hf_std_db": 0.008116506438075972,
    "p95_abs_dev_db": 0.021605000000001158,
    "inside_env_frac": 1.0,
    "peak_freq_mae_hz": 3996.1729177784673,
    "peak_freq_outlier_frac": 0.0
  },
  "artifacts": {
    "output_json": "Output/diagnosis/batch/sim_00165_diagnosis.json"
  },
  "system_diagnosis": {
    "probabilities": {
      "正常": 0.9995358389647463,
      "幅度失准": 0.0003459238034447613,
      "频率失准": 4.422306732418362e-05,
      "参考电平失准": 7.401406453137518e-05
    },
    "predicted_class": "正常",
    "max_prob": 0.9995358389647463,
    "is_normal": true
  },
  "module_diagnosis": {
    "probabilities": {
      "[电源板] 电源管理模块": 0.9953860086323757,
      "[数字中频板][ADC] 数字检波与平均": 0.0013428780846070642,
      "[数字中频板][IF] 中频放大/衰减链": 0.0013084453132068835,
      "[数字中频板][DSP] 数字增益/偏置校准": 0.0008263865136043474,
      "[数字中频板][IF] RBW数字滤波器": 0.0006197898852032603,
      "[数字中频板][VBW]": 0.000516491571002717,
      "[RF板][RF] 输入衰减器组": 0.0,
      "前置放大器": 0.0,
      "[RF板][RF] 低频通路固定滤波/抑制网络": 0.0,
      "[RF板][Mixer1]": 0.0
    },
    "topk": [
      {
        "module": "[电源板] 电源管理模块",
        "probability": 0.9953860086323757
      },
      {
        "module": "[数字中频板][ADC] 数字检波与平均",
        "probability": 0.0013428780846070642
      },
      {
        "module": "[数字中频板][IF] 中频放大/衰减链",
        "probability": 0.0013084453132068835
      }
    ],
    "disabled_modules": [
      "高频段YTF滤波器",
      "高频段混频器",
      "前置放大器",
      "衰减器"
    ]
  },
  "evidence_detail": {
    "viol_rate": 0.0,
    "envelope_violation": false,
    "violation_max_db": 0.0,
    "violation_energy": 0.17599504124840207,
    "baseline_coverage": 1.0
  },
  "config": {
    "mode": "unified_entry",
    "gating_status": "gated_ok",
    "run_name": null,
    "topk": 3
  },
  "uncertainty": {
    "is_uncertain": false,
    "reason": "",
    "top_class": "正常",
    "runner_up": "幅度失准",
    "max_prob": 0.9995358389647463,
    "second_prob": 0.0003459238034447613,
    "prob_gap": 0.9991899151613015,
    "support_top_features": [],
    "support_runnerup_features": [],
    "conflict_features": [],
    "suggested_actions": []
  },
  "module_validation": {
    "sample_id": "sim_00165",
    "gt_module": null,
    "gt_module_v2": null,
    "top1": "[电源板] 电源管理模块",
    "top3": [
      "[电源板] 电源管理模块",
      "[数字中频板][ADC] 数字检波与平均",
      "[数字中频板][IF] 中频放大/衰减链"
    ],
    "top5": [
      "[电源板] 电源管理模块",
      "[数字中频板][ADC] 数字检波与平均",
      "[数字中频板][IF] 中频放大/衰减链",
      "[数字中频板][DSP] 数字增益/偏置校准",
      "[数字中频板][IF] RBW数字滤波器"
    ],
    "gt_rank": -1,
    "gt_prob": 0.0,
    "top1_hit": false,
    "top3_hit": false,
    "top5_hit": false
  },
  "ground_truth": {
    "type": "normal",
    "system_class_en": "normal",
    "system_class_cn": "正常",
    "module": null,
    "module_v2": null,
    "fault_params": {
      "severity": "light",
      "tier_target": "in_spec_weak",
      "type": "normal",
      "normal_state": "normal_state_A"
    }
  }
}