{
  "status": "success",
  "meta": {
    "sample_id": "sim_00093",
    "input_file": "/home/runner/work/FMFD-python/FMFD-python/Output/sim_spectrum/raw_curves/sim_00093.csv",
    "operating_condition": {
      "inject_power_dbm": -10.0,
      "freq_start_hz": 10000000.0,
      "freq_end_hz": 8200000000.0,
      "step_hz": 10000000.0,
      "frontend": {
        "low_band_only": true,
        "ac_coupling": true,
        "preamp": false
      }
    }
  },
  "data_points": 820,
  "frequency_range": {
    "min": 10000000.0,
    "max": 8200000000.0
  },
  "features": {
    "X1": -9.95231987804878,
    "X2": 0.0007485374156834562,
    "X3": 0.00015235210098891013,
    "X4": 0.029177254388455854,
    "X5": 0.2549508146583105,
    "X6": 0.000917065470716835,
    "X7": 0.09130000000000038,
    "X8": 0.02349573170731705,
    "X9": 0.0008513121736486664,
    "X10": 0.0107511313482674,
    "X11": 0.0,
    "X12": 0.0,
    "X13": 0.4439672916754273,
    "X14": 0.006820879120879198,
    "X15": 0.015191372589778887,
    "X16": -0.0026260971786774352,
    "X17": 0.0,
    "X18": 0.0,
    "X19": -3.603724700864302e-05,
    "X20": 0.459828800012299,
    "X21": 8.0,
    "X22": 0.03564497595909814,
    "X23": 0.00017722779268292526,
    "X24": 0.04756453794142801,
    "X25": 0.00017722779268292526,
    "X26": 6.249867326327241e-05,
    "X27": 5.457141012702638e-05,
    "X28": 0.07811993516757783,
    "X29": -0.0809335028541349,
    "X30": 0.0058983231707318284,
    "X31": 0.004595258409630506,
    "X32": -3.0425603507279493,
    "X33": 0.6253421584058966,
    "X34": 0.014327272856960392,
    "X35": 0.0003586210339599347,
    "X36": 0.7887352076361572,
    "X37": 0.029177254388455854,
    "offset_db": -0.019999999999998685,
    "viol_rate_aligned": 0.0,
    "viol_energy_aligned": 0.4439672916754273,
    "global_offset_db": 0.0,
    "shape_rmse": 0.013312692916270744,
    "ripple_hp": 0.0057828297916391585,
    "tail_asym": 0.006819999999999896,
    "compress_ratio": 0.2,
    "compress_ratio_high": 0.2,
    "freq_shift_score": 0.09452030776742448,
    "offset_slope": 0.0010728459027975325,
    "high_low_energy_ratio": 24.13551033939979,
    "band_offset_db_1": 0.0021999999999993136,
    "band_offset_db_2": -0.0012000000000025324,
    "band_offset_db_3": -0.001000000000000334,
    "band_offset_db_4": 0.0015999999999980474
  },
  "system": {
    "probs": {
      "正常": 0.9479447254501921,
      "幅度失准": 0.00902141736236602,
      "频率失准": 0.02960378757117927,
      "参考电平失准": 0.013430069615314653
    },
    "decision": "正常",
    "confidence": 0.9479447254501921,
    "is_normal": true
  },
  "module": {
    "topk": [
      {
        "module_id": "[电源板] 电源管理模块",
        "gamma": 0.7152201275004603
      },
      {
        "module_id": "[RF板][Mixer1]",
        "gamma": 0.08786888259279481
      },
      {
        "module_id": "[时钟板][参考域] 10MHz 基准 OCXO",
        "gamma": 0.05928502921923505
      }
    ],
    "gating": {
      "disabled_modules": [
        "高频段YTF滤波器",
        "高频段混频器",
        "前置放大器",
        "衰减器"
      ],
      "topk_k": 3
    }
  },
  "evidence": {
    "global_offset_db": -0.019999999999998685,
    "hf_std_db": 0.009831181003558299,
    "p95_abs_dev_db": 0.02911999999999962,
    "inside_env_frac": 1.0,
    "peak_freq_mae_hz": 3944.9922257401413,
    "peak_freq_outlier_frac": 0.0
  },
  "artifacts": {
    "output_json": "Output/diagnosis/batch/sim_00093_diagnosis.json"
  },
  "system_diagnosis": {
    "probabilities": {
      "正常": 0.9479447254501921,
      "幅度失准": 0.00902141736236602,
      "频率失准": 0.02960378757117927,
      "参考电平失准": 0.013430069615314653
    },
    "predicted_class": "正常",
    "max_prob": 0.9479447254501921,
    "is_normal": true
  },
  "module_diagnosis": {
    "probabilities": {
      "[电源板] 电源管理模块": 0.7152201275004603,
      "[RF板][Mixer1]": 0.08786888259279481,
      "[时钟板][参考域] 10MHz 基准 OCXO": 0.05928502921923505,
      "[时钟板][参考分配]": 0.05928502921923505,
      "[RF板][RF] 低频通路固定滤波/抑制网络": 0.05293306180288845,
      "[LO/时钟板][LO1] 合成链": 0.02540786966538645,
      "[RF板][RF] 输入衰减器组": 0.0,
      "前置放大器": 0.0,
      "[RF板][YTF]": 0.0,
      "[RF板][Mixer2]": 0.0
    },
    "topk": [
      {
        "module": "[电源板] 电源管理模块",
        "probability": 0.7152201275004603
      },
      {
        "module": "[RF板][Mixer1]",
        "probability": 0.08786888259279481
      },
      {
        "module": "[时钟板][参考域] 10MHz 基准 OCXO",
        "probability": 0.05928502921923505
      }
    ],
    "disabled_modules": [
      "高频段YTF滤波器",
      "高频段混频器",
      "前置放大器",
      "衰减器"
    ]
  },
  "evidence_detail": {
    "viol_rate": 0.0,
    "envelope_violation": false,
    "violation_max_db": 0.0,
    "violation_energy": 0.4439672916754273,
    "baseline_coverage": 1.0
  },
  "config": {
    "mode": "unified_entry",
    "gating_status": "fallback_brb_only",
    "run_name": null,
    "topk": 3
  },
  "uncertainty": {
    "is_uncertain": false,
    "reason": "",
    "top_class": "正常",
    "runner_up": "频率失准",
    "max_prob": 0.9479447254501921,
    "second_prob": 0.02960378757117927,
    "prob_gap": 0.9183409378790128,
    "support_top_features": [],
    "support_runnerup_features": [],
    "conflict_features": [],
    "suggested_actions": []
  },
  "module_validation": {
    "sample_id": "sim_00093",
    "gt_module": null,
    "gt_module_v2": null,
    "top1": "[电源板] 电源管理模块",
    "top3": [
      "[电源板] 电源管理模块",
      "[RF板][Mixer1]",
      "[时钟板][参考域] 10MHz 基准 OCXO"
    ],
    "top5": [
      "[电源板] 电源管理模块",
      "[RF板][Mixer1]",
      "[时钟板][参考域] 10MHz 基准 OCXO",
      "[时钟板][参考分配]",
      "[RF板][RF] 低频通路固定滤波/抑制网络"
    ],
    "gt_rank": -1,
    "gt_prob": 0.0,
    "top1_hit": false,
    "top3_hit": false,
    "top5_hit": false
  },
  "ground_truth": {
    "type": "normal",
    "system_class_en": "normal",
    "system_class_cn": "正常",
    "module": null,
    "module_v2": null,
    "fault_params": {
      "severity": "light",
      "tier_target": "in_spec_weak",
      "type": "normal",
      "normal_state": "normal_state_A"
    }
  }
}