{
  "status": "success",
  "meta": {
    "sample_id": "sim_00058",
    "input_file": "/home/runner/work/FMFD-python/FMFD-python/Output/sim_spectrum/raw_curves/sim_00058.csv",
    "operating_condition": {
      "inject_power_dbm": -10.0,
      "freq_start_hz": 10000000.0,
      "freq_end_hz": 8200000000.0,
      "step_hz": 10000000.0,
      "frontend": {
        "low_band_only": true,
        "ac_coupling": true,
        "preamp": false
      }
    }
  },
  "data_points": 820,
  "frequency_range": {
    "min": 10000000.0,
    "max": 8200000000.0
  },
  "features": {
    "X1": -9.933073780487804,
    "X2": 0.0006326850946443905,
    "X3": 0.0002453436807095089,
    "X4": 0.029734231083275314,
    "X5": 0.2654848089119653,
    "X6": 0.0010035779588786437,
    "X7": 0.0948000000000011,
    "X8": 0.025210121951219504,
    "X9": 0.000884124498113616,
    "X10": 0.013836201352300384,
    "X11": 0.0,
    "X12": 0.0,
    "X13": 0.1341599616653177,
    "X14": 0.005970329670329746,
    "X15": 0.008405687293735623,
    "X16": -0.006408336979798319,
    "X17": 0.0,
    "X18": 0.0,
    "X19": -6.142538758340693e-05,
    "X20": -0.012603027859013682,
    "X21": 4.0,
    "X22": 0.0326716645750279,
    "X23": 7.930974390243864e-05,
    "X24": 0.18204998736586797,
    "X25": 7.930974390243864e-05,
    "X26": 0.00030105395477742836,
    "X27": 6.552139916762164e-05,
    "X28": -0.056719022684928656,
    "X29": 0.2967097531612798,
    "X30": 0.003932164634146438,
    "X31": 0.0015452476992740668,
    "X32": 0.01830202110356876,
    "X33": 0.6806969835892644,
    "X34": 0.014939609268448792,
    "X35": 0.00046500622495941325,
    "X36": 0.7362167205009024,
    "X37": 0.029734231083275314,
    "offset_db": 0.0002999999999993008,
    "viol_rate_aligned": 0.0,
    "viol_energy_aligned": 0.1341599616653177,
    "global_offset_db": 0.0,
    "shape_rmse": 0.008905601827077081,
    "ripple_hp": 0.012405571535132815,
    "tail_asym": -0.0014849999999966418,
    "compress_ratio": 0.2,
    "compress_ratio_high": 0.2,
    "freq_shift_score": 0.04019478348258532,
    "offset_slope": -0.0001187366647393929,
    "high_low_energy_ratio": 5.727118904783574,
    "band_offset_db_1": 0.0018500000000001293,
    "band_offset_db_2": 0.000700000000000145,
    "band_offset_db_3": -0.0019999999999988916,
    "band_offset_db_4": -0.00019999999999953388
  },
  "system": {
    "probs": {
      "正常": 0.09829240511182735,
      "幅度失准": 0.1839825472940901,
      "频率失准": 0.3675686296278202,
      "参考电平失准": 0.35015641792950536
    },
    "decision": "频率失准",
    "confidence": 0.3675686296278202,
    "is_normal": false
  },
  "module": {
    "topk": [
      {
        "module_id": "[RF板][Mixer1]",
        "gamma": 0.2566389024958759
      },
      {
        "module_id": "[时钟板][参考域] 10MHz 基准 OCXO",
        "gamma": 0.17315395831047048
      },
      {
        "module_id": "[时钟板][参考分配]",
        "gamma": 0.17315395831047048
      }
    ],
    "gating": {
      "disabled_modules": [
        "高频段YTF滤波器",
        "高频段混频器",
        "前置放大器",
        "衰减器"
      ],
      "topk_k": 3
    }
  },
  "evidence": {
    "global_offset_db": 0.0002999999999993008,
    "hf_std_db": 0.00868875084018776,
    "p95_abs_dev_db": 0.017699999999999605,
    "inside_env_frac": 1.0,
    "peak_freq_mae_hz": 39458.38019500768,
    "peak_freq_outlier_frac": 0.0
  },
  "artifacts": {
    "output_json": "Output/diagnosis/batch/sim_00058_diagnosis.json"
  },
  "system_diagnosis": {
    "probabilities": {
      "正常": 0.09829240511182735,
      "幅度失准": 0.1839825472940901,
      "频率失准": 0.3675686296278202,
      "参考电平失准": 0.35015641792950536
    },
    "predicted_class": "频率失准",
    "max_prob": 0.3675686296278202,
    "is_normal": false
  },
  "module_diagnosis": {
    "probabilities": {
      "[RF板][Mixer1]": 0.2566389024958759,
      "[时钟板][参考域] 10MHz 基准 OCXO": 0.17315395831047048,
      "[时钟板][参考分配]": 0.17315395831047048,
      "[电源板] 电源管理模块": 0.16824259311577566,
      "[RF板][RF] 低频通路固定滤波/抑制网络": 0.1546017484914915,
      "[LO/时钟板][LO1] 合成链": 0.07420883927591593,
      "[RF板][RF] 输入衰减器组": 0.0,
      "前置放大器": 0.0,
      "[RF板][YTF]": 0.0,
      "[RF板][Mixer2]": 0.0
    },
    "topk": [
      {
        "module": "[RF板][Mixer1]",
        "probability": 0.2566389024958759
      },
      {
        "module": "[时钟板][参考域] 10MHz 基准 OCXO",
        "probability": 0.17315395831047048
      },
      {
        "module": "[时钟板][参考分配]",
        "probability": 0.17315395831047048
      }
    ],
    "disabled_modules": [
      "高频段YTF滤波器",
      "高频段混频器",
      "前置放大器",
      "衰减器"
    ]
  },
  "evidence_detail": {
    "viol_rate": 0.0,
    "envelope_violation": false,
    "violation_max_db": 0.0,
    "violation_energy": 0.1341599616653177,
    "baseline_coverage": 1.0
  },
  "config": {
    "mode": "unified_entry",
    "gating_status": "gated_ok",
    "run_name": null,
    "topk": 3
  },
  "uncertainty": {
    "is_uncertain": true,
    "reason": "max_prob(36.76%) < 55% && prob_gap(1.74%) < 10%",
    "top_class": "频率失准",
    "runner_up": "参考电平失准",
    "max_prob": 0.3675686296278202,
    "second_prob": 0.35015641792950536,
    "prob_gap": 0.01741221169831486,
    "support_top_features": [
      {
        "feature": "X4",
        "contribution": 0.026760807974947783
      },
      {
        "feature": "X15",
        "contribution": 0.005883981105614936
      },
      {
        "feature": "X16",
        "contribution": 0.005767503281818487
      },
      {
        "feature": "X14",
        "contribution": 0.0035821978021978473
      }
    ],
    "support_runnerup_features": [
      {
        "feature": "X1",
        "contribution": 4.966536890243902
      },
      {
        "feature": "X5",
        "contribution": 0.13274240445598265
      },
      {
        "feature": "X13",
        "contribution": 0.09391197316572239
      },
      {
        "feature": "X7",
        "contribution": 0.05688000000000066
      },
      {
        "feature": "X8",
        "contribution": 0.012605060975609752
      }
    ],
    "conflict_features": [
      {
        "feature": "X22",
        "top_contrib": 0.006534332915005581,
        "runnerup_contrib": 0.006534332915005581
      },
      {
        "feature": "X20",
        "top_contrib": 0.0025206055718027367,
        "runnerup_contrib": 0.0025206055718027367
      },
      {
        "feature": "X9",
        "top_contrib": 0.00035364979924544645,
        "runnerup_contrib": 0.00035364979924544645
      }
    ],
    "suggested_actions": [
      "复测频率标度线性度",
      "检查本振锁定状态",
      "复测参考电平校准点",
      "建议重复测试或更换测试点以提高置信度"
    ]
  },
  "module_validation": {
    "sample_id": "sim_00058",
    "gt_module": "本振混频组件",
    "gt_module_v2": "[RF板][LO1] LO1 注入链",
    "top1": "[RF板][Mixer1]",
    "top3": [
      "[RF板][Mixer1]",
      "[时钟板][参考域] 10MHz 基准 OCXO",
      "[时钟板][参考分配]"
    ],
    "top5": [
      "[RF板][Mixer1]",
      "[时钟板][参考域] 10MHz 基准 OCXO",
      "[时钟板][参考分配]",
      "[电源板] 电源管理模块",
      "[RF板][RF] 低频通路固定滤波/抑制网络"
    ],
    "gt_rank": -1,
    "gt_prob": 0.0,
    "top1_hit": false,
    "top3_hit": false,
    "top5_hit": false
  },
  "ground_truth": {
    "type": "fault",
    "system_class_en": "freq_error",
    "system_class_cn": "频率失准",
    "module": "本振混频组件",
    "module_v2": "[RF板][LO1] LO1 注入链",
    "fault_params": {
      "severity": "light",
      "tier_target": "in_spec_weak",
      "type": "lo_path_error",
      "track_type": "spike",
      "template_id": "T8",
      "forced_peak_track_type": true,
      "peak_track_profile": {
        "bands": [],
        "track_type": "spike"
      },
      "freq_amp_coupling": {
        "bias_db_min": -0.1,
        "bias_db_max": -0.02
      },
      "peak_track_warning": "peak_freq mismatch too weak"
    }
  }
}