{
  "status": "success",
  "meta": {
    "sample_id": "sim_00076",
    "input_file": "/home/runner/work/FMFD-python/FMFD-python/Output/sim_spectrum/raw_curves/sim_00076.csv",
    "operating_condition": {
      "inject_power_dbm": -10.0,
      "freq_start_hz": 10000000.0,
      "freq_end_hz": 8200000000.0,
      "step_hz": 10000000.0,
      "frontend": {
        "low_band_only": true,
        "ac_coupling": true,
        "preamp": false
      }
    }
  },
  "data_points": 820,
  "frequency_range": {
    "min": 10000000.0,
    "max": 8200000000.0
  },
  "features": {
    "X1": -9.95831743902439,
    "X2": 0.0006452434266557607,
    "X3": 0.00021686667664223917,
    "X4": 0.02962505889194121,
    "X5": 0.3003142215736929,
    "X6": 0.0010072991227096965,
    "X7": 0.07900000000000063,
    "X8": 0.025007682926829252,
    "X9": 0.0008776441143509851,
    "X10": 0.01697917842141214,
    "X11": 0.0,
    "X12": 0.0,
    "X13": 0.39757461619304774,
    "X14": 0.006592307692307626,
    "X15": 0.015208873735262772,
    "X16": -0.014497067167291284,
    "X17": 0.0,
    "X18": 0.0,
    "X19": -1.2408937053406832e-05,
    "X20": 0.011884875625305824,
    "X21": 8.0,
    "X22": 0.04316001451215677,
    "X23": 0.00014339564634146133,
    "X24": 0.05460914067521627,
    "X25": 0.00014339564634146133,
    "X26": 0.0004796665688103955,
    "X27": 0.00011285102231387802,
    "X28": -0.06431852985963336,
    "X29": 0.3180581985915218,
    "X30": 0.004332774390244036,
    "X31": 0.0040473443052258355,
    "X32": -2.4567328568009428,
    "X33": 0.5811537685695128,
    "X34": 0.01476147390223403,
    "X35": 0.00034020490627809346,
    "X36": 0.8062049103492115,
    "X37": 0.02962505889194121,
    "offset_db": -0.02430000000000021,
    "viol_rate_aligned": 0.0,
    "viol_energy_aligned": 0.39757461619304774,
    "global_offset_db": 0.0,
    "shape_rmse": 0.011974792121012429,
    "ripple_hp": 0.006016177532363213,
    "tail_asym": -0.004894999999997571,
    "compress_ratio": 0.19878048780487806,
    "compress_ratio_high": 0.2,
    "freq_shift_score": 0.07242515905333657,
    "offset_slope": -0.00031185566757884164,
    "high_low_energy_ratio": 3.7194360950491907,
    "band_offset_db_1": -0.007600000000000051,
    "band_offset_db_2": -9.999999999976694e-05,
    "band_offset_db_3": -0.00140000000000029,
    "band_offset_db_4": 0.0008999999999996788
  },
  "system": {
    "probs": {
      "正常": 0.9804733815855383,
      "幅度失准": 0.004246693841929527,
      "频率失准": 0.008957925306783672,
      "参考电平失准": 0.006321999264767815
    },
    "decision": "正常",
    "confidence": 0.9804733815855383,
    "is_normal": true
  },
  "module": {
    "topk": [
      {
        "module_id": "[电源板] 电源管理模块",
        "gamma": 0.8924713917195016
      },
      {
        "module_id": "[RF板][Mixer1]",
        "gamma": 0.03317797207167795
      },
      {
        "module_id": "[时钟板][参考域] 10MHz 基准 OCXO",
        "gamma": 0.022385137783300785
      }
    ],
    "gating": {
      "disabled_modules": [
        "高频段YTF滤波器",
        "高频段混频器",
        "前置放大器",
        "衰减器"
      ],
      "topk_k": 3
    }
  },
  "evidence": {
    "global_offset_db": -0.02430000000000021,
    "hf_std_db": 0.010046574211003871,
    "p95_abs_dev_db": 0.02550500000000086,
    "inside_env_frac": 1.0,
    "peak_freq_mae_hz": 3977.7407737278427,
    "peak_freq_outlier_frac": 0.0
  },
  "artifacts": {
    "output_json": "Output/diagnosis/batch/sim_00076_diagnosis.json"
  },
  "system_diagnosis": {
    "probabilities": {
      "正常": 0.9804733815855383,
      "幅度失准": 0.004246693841929527,
      "频率失准": 0.008957925306783672,
      "参考电平失准": 0.006321999264767815
    },
    "predicted_class": "正常",
    "max_prob": 0.9804733815855383,
    "is_normal": true
  },
  "module_diagnosis": {
    "probabilities": {
      "[电源板] 电源管理模块": 0.8924713917195016,
      "[RF板][Mixer1]": 0.03317797207167795,
      "[时钟板][参考域] 10MHz 基准 OCXO": 0.022385137783300785,
      "[时钟板][参考分配]": 0.022385137783300785,
      "[RF板][RF] 低频通路固定滤波/抑制网络": 0.019986730163661415,
      "[LO/时钟板][LO1] 合成链": 0.009593630478557479,
      "[RF板][RF] 输入衰减器组": 0.0,
      "前置放大器": 0.0,
      "[RF板][YTF]": 0.0,
      "[RF板][Mixer2]": 0.0
    },
    "topk": [
      {
        "module": "[电源板] 电源管理模块",
        "probability": 0.8924713917195016
      },
      {
        "module": "[RF板][Mixer1]",
        "probability": 0.03317797207167795
      },
      {
        "module": "[时钟板][参考域] 10MHz 基准 OCXO",
        "probability": 0.022385137783300785
      }
    ],
    "disabled_modules": [
      "高频段YTF滤波器",
      "高频段混频器",
      "前置放大器",
      "衰减器"
    ]
  },
  "evidence_detail": {
    "viol_rate": 0.0,
    "envelope_violation": false,
    "violation_max_db": 0.0,
    "violation_energy": 0.39757461619304774,
    "baseline_coverage": 1.0
  },
  "config": {
    "mode": "unified_entry",
    "gating_status": "fallback_brb_only",
    "run_name": null,
    "topk": 3
  },
  "uncertainty": {
    "is_uncertain": false,
    "reason": "",
    "top_class": "正常",
    "runner_up": "频率失准",
    "max_prob": 0.9804733815855383,
    "second_prob": 0.008957925306783672,
    "prob_gap": 0.9715154562787547,
    "support_top_features": [],
    "support_runnerup_features": [],
    "conflict_features": [],
    "suggested_actions": []
  },
  "module_validation": {
    "sample_id": "sim_00076",
    "gt_module": null,
    "gt_module_v2": null,
    "top1": "[电源板] 电源管理模块",
    "top3": [
      "[电源板] 电源管理模块",
      "[RF板][Mixer1]",
      "[时钟板][参考域] 10MHz 基准 OCXO"
    ],
    "top5": [
      "[电源板] 电源管理模块",
      "[RF板][Mixer1]",
      "[时钟板][参考域] 10MHz 基准 OCXO",
      "[时钟板][参考分配]",
      "[RF板][RF] 低频通路固定滤波/抑制网络"
    ],
    "gt_rank": -1,
    "gt_prob": 0.0,
    "top1_hit": false,
    "top3_hit": false,
    "top5_hit": false
  },
  "ground_truth": {
    "type": "normal",
    "system_class_en": "normal",
    "system_class_cn": "正常",
    "module": null,
    "module_v2": null,
    "fault_params": {
      "severity": "light",
      "tier_target": "in_spec_weak",
      "type": "normal",
      "normal_state": "normal_state_B"
    }
  }
}