{
  "status": "success",
  "meta": {
    "sample_id": "sim_00087",
    "input_file": "/home/runner/work/FMFD-python/FMFD-python/Output/sim_spectrum/raw_curves/sim_00087.csv",
    "operating_condition": {
      "inject_power_dbm": -10.0,
      "freq_start_hz": 10000000.0,
      "freq_end_hz": 8200000000.0,
      "step_hz": 10000000.0,
      "frontend": {
        "low_band_only": true,
        "ac_coupling": true,
        "preamp": false
      }
    }
  },
  "data_points": 820,
  "frequency_range": {
    "min": 10000000.0,
    "max": 8200000000.0
  },
  "features": {
    "X1": -9.933073902439025,
    "X2": 0.0006812449036618439,
    "X3": 0.0001978805109300305,
    "X4": 0.029458321055696145,
    "X5": 0.2705710221200587,
    "X6": 0.0009385461725758492,
    "X7": 0.07739999999999903,
    "X8": 0.024417073170731714,
    "X9": 0.0008677926794204707,
    "X10": 0.013266348272609333,
    "X11": 0.0,
    "X12": 0.0,
    "X13": 0.44116333763618176,
    "X14": 0.007654212454212652,
    "X15": 0.010090089855292148,
    "X16": 0.06352707594729746,
    "X17": 0.0,
    "X18": 0.0,
    "X19": 1.7103954534709895e-05,
    "X20": 0.044336076832389715,
    "X21": 7.0,
    "X22": 0.03663220092618487,
    "X23": 0.00013097478048780642,
    "X24": 0.15720639496264255,
    "X25": 0.00013097478048780642,
    "X26": 9.780501056575982e-05,
    "X27": 6.645824527552471e-05,
    "X28": -0.1006819093421653,
    "X29": 0.4374885065021515,
    "X30": 0.004112957317073382,
    "X31": 0.003669738306548375,
    "X32": -0.9214816077396781,
    "X33": 0.6715780897294832,
    "X34": 0.013815786049227381,
    "X35": 0.00042330040172281917,
    "X36": 0.7556687533811227,
    "X37": 0.02945832105569614,
    "offset_db": 0.00140000000000029,
    "viol_rate_aligned": 0.0,
    "viol_energy_aligned": 0.44116333763618176,
    "global_offset_db": 0.0,
    "shape_rmse": 0.011444421369724483,
    "ripple_hp": 0.011078635452613946,
    "tail_asym": -0.004599999999999941,
    "compress_ratio": 0.19878048780487806,
    "compress_ratio_high": 0.2,
    "freq_shift_score": 0.06832390241880859,
    "offset_slope": 0.0009449829059466981,
    "high_low_energy_ratio": 1.0830498316098969,
    "band_offset_db_1": -0.010250000000000092,
    "band_offset_db_2": -0.0028999999999985704,
    "band_offset_db_3": -0.002300000000000857,
    "band_offset_db_4": 0.002700000000000813
  },
  "system": {
    "probs": {
      "正常": 0.18838682580042262,
      "幅度失准": 0.0105373573864857,
      "频率失准": 0.7933137131368491,
      "参考电平失准": 0.007762103596911252
    },
    "decision": "频率失准",
    "confidence": 0.7933137131368491,
    "is_normal": false
  },
  "module": {
    "topk": [
      {
        "module_id": "[RF板][Mixer1]",
        "gamma": 0.2821107385836585
      },
      {
        "module_id": "[时钟板][参考域] 10MHz 基准 OCXO",
        "gamma": 0.1903397754299382
      },
      {
        "module_id": "[时钟板][参考分配]",
        "gamma": 0.1903397754299382
      }
    ],
    "gating": {
      "disabled_modules": [
        "高频段YTF滤波器",
        "高频段混频器",
        "前置放大器",
        "衰减器"
      ],
      "topk_k": 3
    }
  },
  "evidence": {
    "global_offset_db": 0.00140000000000029,
    "hf_std_db": 0.009439424235176129,
    "p95_abs_dev_db": 0.020904999999999237,
    "inside_env_frac": 1.0,
    "peak_freq_mae_hz": 3042540.018236604,
    "peak_freq_outlier_frac": 0.08048780487804878
  },
  "artifacts": {
    "output_json": "Output/diagnosis/batch/sim_00087_diagnosis.json"
  },
  "system_diagnosis": {
    "probabilities": {
      "正常": 0.18838682580042262,
      "幅度失准": 0.0105373573864857,
      "频率失准": 0.7933137131368491,
      "参考电平失准": 0.007762103596911252
    },
    "predicted_class": "频率失准",
    "max_prob": 0.7933137131368491,
    "is_normal": false
  },
  "module_diagnosis": {
    "probabilities": {
      "[RF板][Mixer1]": 0.2821107385836585,
      "[时钟板][参考域] 10MHz 基准 OCXO": 0.1903397754299382,
      "[时钟板][参考分配]": 0.1903397754299382,
      "[RF板][RF] 低频通路固定滤波/抑制网络": 0.16994622806244486,
      "[电源板] 电源管理模块": 0.08568929302404665,
      "[LO/时钟板][LO1] 合成链": 0.08157418946997352,
      "[RF板][RF] 输入衰减器组": 0.0,
      "前置放大器": 0.0,
      "[RF板][YTF]": 0.0,
      "[RF板][Mixer2]": 0.0
    },
    "topk": [
      {
        "module": "[RF板][Mixer1]",
        "probability": 0.2821107385836585
      },
      {
        "module": "[时钟板][参考域] 10MHz 基准 OCXO",
        "probability": 0.1903397754299382
      },
      {
        "module": "[时钟板][参考分配]",
        "probability": 0.1903397754299382
      }
    ],
    "disabled_modules": [
      "高频段YTF滤波器",
      "高频段混频器",
      "前置放大器",
      "衰减器"
    ]
  },
  "evidence_detail": {
    "viol_rate": 0.0,
    "envelope_violation": false,
    "violation_max_db": 0.0,
    "violation_energy": 0.44116333763618176,
    "baseline_coverage": 1.0
  },
  "config": {
    "mode": "unified_entry",
    "gating_status": "gated_ok",
    "run_name": null,
    "topk": 3
  },
  "uncertainty": {
    "is_uncertain": false,
    "reason": "",
    "top_class": "频率失准",
    "runner_up": "正常",
    "max_prob": 0.7933137131368491,
    "second_prob": 0.18838682580042262,
    "prob_gap": 0.6049268873364264,
    "support_top_features": [],
    "support_runnerup_features": [],
    "conflict_features": [],
    "suggested_actions": []
  },
  "module_validation": {
    "sample_id": "sim_00087",
    "gt_module": "时钟合成与同步网络",
    "gt_module_v2": "[LO/时钟板][LO1] 合成链",
    "top1": "[RF板][Mixer1]",
    "top3": [
      "[RF板][Mixer1]",
      "[时钟板][参考域] 10MHz 基准 OCXO",
      "[时钟板][参考分配]"
    ],
    "top5": [
      "[RF板][Mixer1]",
      "[时钟板][参考域] 10MHz 基准 OCXO",
      "[时钟板][参考分配]",
      "[RF板][RF] 低频通路固定滤波/抑制网络",
      "[电源板] 电源管理模块"
    ],
    "gt_rank": 6,
    "gt_prob": 0.08157418946997352,
    "top1_hit": false,
    "top3_hit": false,
    "top5_hit": false
  },
  "ground_truth": {
    "type": "fault",
    "system_class_en": "freq_error",
    "system_class_cn": "频率失准",
    "module": "时钟合成与同步网络",
    "module_v2": "[LO/时钟板][LO1] 合成链",
    "fault_params": {
      "severity": "light",
      "tier_target": "edge",
      "delta_f_hz": 581383.329496401,
      "ppm": 70.98697551848609,
      "shift_bins": 0.058138332949640104,
      "bandwidth_hz": 8190000000.0,
      "type": "clock_drift",
      "track_type": "hole",
      "template_id": "T8",
      "forced_peak_track_type": true,
      "peak_track_profile": {
        "bands": [
          {
            "start_hz": 7791146868.003596,
            "end_hz": 7959789533.896752,
            "center_hz": 7875468200.950174,
            "width_hz": 168642665.89315695,
            "amplitude_hz": 60381872.52331649,
            "ramp_hz": 40803121.197231606
          },
          {
            "start_hz": 3348326620.6358433,
            "end_hz": 3921181057.162361,
            "center_hz": 3634753838.899102,
            "width_hz": 572854436.5265176,
            "amplitude_hz": -33059619.543139197,
            "ramp_hz": 40803121.197231606
          }
        ],
        "track_type": "hole"
      },
      "freq_amp_coupling": {
        "bias_db_min": -0.1,
        "bias_db_max": -0.02
      }
    }
  }
}