{
  "status": "success",
  "meta": {
    "sample_id": "sim_00044",
    "input_file": "/home/runner/work/FMFD-python/FMFD-python/Output/sim_spectrum/raw_curves/sim_00044.csv",
    "operating_condition": {
      "inject_power_dbm": -10.0,
      "freq_start_hz": 10000000.0,
      "freq_end_hz": 8200000000.0,
      "step_hz": 10000000.0,
      "frontend": {
        "low_band_only": true,
        "ac_coupling": true,
        "preamp": false
      }
    }
  },
  "data_points": 820,
  "frequency_range": {
    "min": 10000000.0,
    "max": 8200000000.0
  },
  "features": {
    "X1": -9.93307256097561,
    "X2": 0.000529447582788021,
    "X3": -0.00036993810618530214,
    "X4": 0.038837483782138076,
    "X5": 0.37606105037507476,
    "X6": 0.005534644966612132,
    "X7": 0.08029999999999937,
    "X8": 0.058098658536585336,
    "X9": 0.0015083501465278381,
    "X10": 0.06582474880009298,
    "X11": 0.11951219512195121,
    "X12": 0.03554370779239413,
    "X13": 2.239397040896315,
    "X14": 0.034900183150182576,
    "X15": 0.04560309026809608,
    "X16": 0.01956651278559323,
    "X17": 0.0,
    "X18": 0.0,
    "X19": -0.00019053056789849573,
    "X20": -0.4519959403028828,
    "X21": 3.0,
    "X22": 0.0877734350631742,
    "X23": 0.003482448402439018,
    "X24": 7.022666078071449e-05,
    "X25": 0.003482448402439018,
    "X26": 0.00130871497092487,
    "X27": 0.00044467205272184324,
    "X28": -0.4833920950053615,
    "X29": 0.9313189592798992,
    "X30": 0.05211276891047881,
    "X31": 0.05468763008618831,
    "X32": -12.087227747432589,
    "X33": 0.23746841396765297,
    "X34": 0.049660827659841034,
    "X35": 0.00031210553487754776,
    "X36": 0.8965321356485555,
    "X37": 0.038837483782138076,
    "offset_db": 0.01625000000000032,
    "viol_rate_aligned": 0.11951219512195121,
    "viol_energy_aligned": 2.239397040896315,
    "global_offset_db": 0.0,
    "shape_rmse": 0.05901227332037817,
    "ripple_hp": 0.00020936941979534215,
    "tail_asym": -0.09461499999999985,
    "compress_ratio": 0.2,
    "compress_ratio_high": 0.2,
    "freq_shift_score": 0.287673355342541,
    "offset_slope": -0.022307428635850172,
    "high_low_energy_ratio": 3.1436910164940732,
    "band_offset_db_1": 0.051599999999999646,
    "band_offset_db_2": 0.030950000000002476,
    "band_offset_db_3": -0.0019500000000016726,
    "band_offset_db_4": -0.07104999999999961
  },
  "system": {
    "probs": {
      "正常": 4.770944182283642e-06,
      "幅度失准": 0.9537007706880953,
      "频率失准": 0.04628779777120402,
      "参考电平失准": 6.660501148224136e-06
    },
    "decision": "幅度失准",
    "confidence": 0.9537007706880953,
    "is_normal": false
  },
  "module": {
    "topk": [
      {
        "module_id": "[数字中频板][ADC] 数字检波与平均",
        "gamma": 0.26992333715002614
      },
      {
        "module_id": "[数字中频板][IF] 中频放大/衰减链",
        "gamma": 0.2630022259410511
      },
      {
        "module_id": "[数字中频板][DSP] 数字增益/偏置校准",
        "gamma": 0.1661066690154007
      }
    ],
    "gating": {
      "disabled_modules": [
        "高频段YTF滤波器",
        "高频段混频器",
        "前置放大器",
        "衰减器"
      ],
      "topk_k": 3
    }
  },
  "evidence": {
    "global_offset_db": 0.01625000000000032,
    "hf_std_db": 0.009306700562967554,
    "p95_abs_dev_db": 0.1415750000000005,
    "inside_env_frac": 0.8804878048780488,
    "peak_freq_mae_hz": 4020.8792569496736,
    "peak_freq_outlier_frac": 0.0
  },
  "artifacts": {
    "output_json": "Output/diagnosis/batch/sim_00044_diagnosis.json"
  },
  "system_diagnosis": {
    "probabilities": {
      "正常": 4.770944182283642e-06,
      "幅度失准": 0.9537007706880953,
      "频率失准": 0.04628779777120402,
      "参考电平失准": 6.660501148224136e-06
    },
    "predicted_class": "幅度失准",
    "max_prob": 0.9537007706880953,
    "is_normal": false
  },
  "module_diagnosis": {
    "probabilities": {
      "[数字中频板][ADC] 数字检波与平均": 0.26992333715002614,
      "[数字中频板][IF] 中频放大/衰减链": 0.2630022259410511,
      "[数字中频板][DSP] 数字增益/偏置校准": 0.1661066690154007,
      "[数字中频板][IF] RBW数字滤波器": 0.12458000176155053,
      "[数字中频板][VBW]": 0.10381666813462545,
      "[电源板] 电源管理模块": 0.07257109799734612,
      "[RF板][RF] 输入衰减器组": 0.0,
      "前置放大器": 0.0,
      "[RF板][RF] 低频通路固定滤波/抑制网络": 0.0,
      "[RF板][Mixer1]": 0.0
    },
    "topk": [
      {
        "module": "[数字中频板][ADC] 数字检波与平均",
        "probability": 0.26992333715002614
      },
      {
        "module": "[数字中频板][IF] 中频放大/衰减链",
        "probability": 0.2630022259410511
      },
      {
        "module": "[数字中频板][DSP] 数字增益/偏置校准",
        "probability": 0.1661066690154007
      }
    ],
    "disabled_modules": [
      "高频段YTF滤波器",
      "高频段混频器",
      "前置放大器",
      "衰减器"
    ]
  },
  "evidence_detail": {
    "viol_rate": 0.11951219512195121,
    "envelope_violation": true,
    "violation_max_db": 0.03554370779239413,
    "violation_energy": 2.239397040896315,
    "baseline_coverage": 0.8804878048780488
  },
  "config": {
    "mode": "unified_entry",
    "gating_status": "gated_ok",
    "run_name": null,
    "topk": 3
  },
  "uncertainty": {
    "is_uncertain": false,
    "reason": "",
    "top_class": "幅度失准",
    "runner_up": "频率失准",
    "max_prob": 0.9537007706880953,
    "second_prob": 0.04628779777120402,
    "prob_gap": 0.9074129729168913,
    "support_top_features": [],
    "support_runnerup_features": [],
    "conflict_features": [],
    "suggested_actions": []
  },
  "module_validation": {
    "sample_id": "sim_00044",
    "gt_module": "低频段前置低通滤波器",
    "gt_module_v2": "[RF板][RF] 低频通路固定滤波/抑制网络",
    "top1": "[数字中频板][ADC] 数字检波与平均",
    "top3": [
      "[数字中频板][ADC] 数字检波与平均",
      "[数字中频板][IF] 中频放大/衰减链",
      "[数字中频板][DSP] 数字增益/偏置校准"
    ],
    "top5": [
      "[数字中频板][ADC] 数字检波与平均",
      "[数字中频板][IF] 中频放大/衰减链",
      "[数字中频板][DSP] 数字增益/偏置校准",
      "[数字中频板][IF] RBW数字滤波器",
      "[数字中频板][VBW]"
    ],
    "gt_rank": 8,
    "gt_prob": 0.0,
    "top1_hit": false,
    "top3_hit": false,
    "top5_hit": false
  },
  "ground_truth": {
    "type": "fault",
    "system_class_en": "amp_error",
    "system_class_cn": "幅度失准",
    "module": "低频段前置低通滤波器",
    "module_v2": "[RF板][RF] 低频通路固定滤波/抑制网络",
    "fault_params": {
      "severity": "mid",
      "tier_target": "in_spec_weak",
      "type": "lpf_shift",
      "subtype": "amp_error_band",
      "slope_db": -0.104203036868348,
      "template_id": "T2"
    }
  }
}