{
  "status": "success",
  "meta": {
    "sample_id": "sim_00061",
    "input_file": "/home/runner/work/FMFD-python/FMFD-python/Output/sim_spectrum/raw_curves/sim_00061.csv",
    "operating_condition": {
      "inject_power_dbm": -10.0,
      "freq_start_hz": 10000000.0,
      "freq_end_hz": 8200000000.0,
      "step_hz": 10000000.0,
      "frontend": {
        "low_band_only": true,
        "ac_coupling": true,
        "preamp": false
      }
    }
  },
  "data_points": 820,
  "frequency_range": {
    "min": 10000000.0,
    "max": 8200000000.0
  },
  "features": {
    "X1": -9.933071829268291,
    "X2": 0.000746747193593427,
    "X3": 0.00036212098540390914,
    "X4": 0.031076381821049066,
    "X5": 0.3089138586058529,
    "X6": 0.0010586779503123122,
    "X7": 0.06199999999999939,
    "X8": 0.026084999999999983,
    "X9": 0.0009657415070876289,
    "X10": 0.015122100472808169,
    "X11": 0.0,
    "X12": 0.0,
    "X13": 0.28421961877190627,
    "X14": 0.00829304029304014,
    "X15": 0.00816303516193813,
    "X16": -0.03223053266712481,
    "X17": 0.0,
    "X18": 0.0,
    "X19": 2.4582189968116165e-05,
    "X20": -0.2186707057393753,
    "X21": 3.0,
    "X22": 0.039979590313034705,
    "X23": 0.00010109964634146203,
    "X24": 0.16706991192137244,
    "X25": 0.00010109964634146203,
    "X26": 0.00039488623997446467,
    "X27": 8.660107217814635e-05,
    "X28": -0.13960354280302031,
    "X29": -0.5774523940375371,
    "X30": 0.00588628048780504,
    "X31": 0.0018462593176944951,
    "X32": -0.6196211967042934,
    "X33": 0.6087025908213709,
    "X34": 0.015235274361701504,
    "X35": 0.00039226013041903095,
    "X36": 0.7961216389988639,
    "X37": 0.031076381821049066,
    "offset_db": 0.0011999999999998678,
    "viol_rate_aligned": 0.0,
    "viol_energy_aligned": 0.28421961877190627,
    "global_offset_db": 0.0,
    "shape_rmse": 0.010054831989718278,
    "ripple_hp": 0.011022188610552304,
    "tail_asym": -0.005164999999998974,
    "compress_ratio": 0.2,
    "compress_ratio_high": 0.2,
    "freq_shift_score": 0.04822038844396914,
    "offset_slope": 0.000425855053614253,
    "high_low_energy_ratio": 4.250905160590445,
    "band_offset_db_1": 0.0039999999999995595,
    "band_offset_db_2": -0.0012999999999987466,
    "band_offset_db_3": 5.000000000077165e-05,
    "band_offset_db_4": 0.0005000000000023874
  },
  "system": {
    "probs": {
      "正常": 0.21373402583555853,
      "幅度失准": 0.11824632822617762,
      "频率失准": 0.4650385728380234,
      "参考电平失准": 0.2029810730537365
    },
    "decision": "频率失准",
    "confidence": 0.4650385728380234,
    "is_normal": false
  },
  "module": {
    "topk": [
      {
        "module_id": "[RF板][Mixer1]",
        "gamma": 0.2660195147824848
      },
      {
        "module_id": "[时钟板][参考域] 10MHz 基准 OCXO",
        "gamma": 0.179483046118303
      },
      {
        "module_id": "[时钟板][参考分配]",
        "gamma": 0.179483046118303
      }
    ],
    "gating": {
      "disabled_modules": [
        "高频段YTF滤波器",
        "高频段混频器",
        "前置放大器",
        "衰减器"
      ],
      "topk_k": 3
    }
  },
  "evidence": {
    "global_offset_db": 0.0011999999999998678,
    "hf_std_db": 0.008204182433539344,
    "p95_abs_dev_db": 0.02100500000000069,
    "inside_env_frac": 1.0,
    "peak_freq_mae_hz": 1877338.5237588992,
    "peak_freq_outlier_frac": 0.05731707317073171
  },
  "artifacts": {
    "output_json": "Output/diagnosis/batch/sim_00061_diagnosis.json"
  },
  "system_diagnosis": {
    "probabilities": {
      "正常": 0.21373402583555853,
      "幅度失准": 0.11824632822617762,
      "频率失准": 0.4650385728380234,
      "参考电平失准": 0.2029810730537365
    },
    "predicted_class": "频率失准",
    "max_prob": 0.4650385728380234,
    "is_normal": false
  },
  "module_diagnosis": {
    "probabilities": {
      "[RF板][Mixer1]": 0.2660195147824848,
      "[时钟板][参考域] 10MHz 基准 OCXO": 0.179483046118303,
      "[时钟板][参考分配]": 0.179483046118303,
      "[RF板][RF] 低频通路固定滤波/抑制网络": 0.1602527197484848,
      "[电源板] 电源管理模块": 0.13784036775315162,
      "[LO/时钟板][LO1] 合成链": 0.07692130547927271,
      "[RF板][RF] 输入衰减器组": 0.0,
      "前置放大器": 0.0,
      "[RF板][YTF]": 0.0,
      "[RF板][Mixer2]": 0.0
    },
    "topk": [
      {
        "module": "[RF板][Mixer1]",
        "probability": 0.2660195147824848
      },
      {
        "module": "[时钟板][参考域] 10MHz 基准 OCXO",
        "probability": 0.179483046118303
      },
      {
        "module": "[时钟板][参考分配]",
        "probability": 0.179483046118303
      }
    ],
    "disabled_modules": [
      "高频段YTF滤波器",
      "高频段混频器",
      "前置放大器",
      "衰减器"
    ]
  },
  "evidence_detail": {
    "viol_rate": 0.0,
    "envelope_violation": false,
    "violation_max_db": 0.0,
    "violation_energy": 0.28421961877190627,
    "baseline_coverage": 1.0
  },
  "config": {
    "mode": "unified_entry",
    "gating_status": "gated_ok",
    "run_name": null,
    "topk": 3
  },
  "uncertainty": {
    "is_uncertain": true,
    "reason": "max_prob(46.50%) < 55%",
    "top_class": "频率失准",
    "runner_up": "正常",
    "max_prob": 0.4650385728380234,
    "second_prob": 0.21373402583555853,
    "prob_gap": 0.25130454700246485,
    "support_top_features": [
      {
        "feature": "X21",
        "contribution": 0.6000000000000001
      },
      {
        "feature": "X20",
        "contribution": 0.043734141147875064
      },
      {
        "feature": "X16",
        "contribution": 0.02900747940041233
      },
      {
        "feature": "X4",
        "contribution": 0.02796874363894416
      },
      {
        "feature": "X7",
        "contribution": 0.012399999999999878
      }
    ],
    "support_runnerup_features": [],
    "conflict_features": [
      {
        "feature": "X1",
        "top_contrib": 0.9933071829268292,
        "runnerup_contrib": 0.9933071829268292
      },
      {
        "feature": "X5",
        "top_contrib": 0.03089138586058529,
        "runnerup_contrib": 0.03089138586058529
      },
      {
        "feature": "X13",
        "top_contrib": 0.028421961877190628,
        "runnerup_contrib": 0.028421961877190628
      }
    ],
    "suggested_actions": [
      "复测频率标度线性度",
      "检查本振锁定状态",
      "当前诊断为正常，但置信度较低",
      "建议重复测试或更换测试点以提高置信度"
    ]
  },
  "module_validation": {
    "sample_id": "sim_00061",
    "gt_module": "时钟合成与同步网络",
    "gt_module_v2": "[LO/时钟板][LO1] 合成链",
    "top1": "[RF板][Mixer1]",
    "top3": [
      "[RF板][Mixer1]",
      "[时钟板][参考域] 10MHz 基准 OCXO",
      "[时钟板][参考分配]"
    ],
    "top5": [
      "[RF板][Mixer1]",
      "[时钟板][参考域] 10MHz 基准 OCXO",
      "[时钟板][参考分配]",
      "[RF板][RF] 低频通路固定滤波/抑制网络",
      "[电源板] 电源管理模块"
    ],
    "gt_rank": 6,
    "gt_prob": 0.07692130547927271,
    "top1_hit": false,
    "top3_hit": false,
    "top5_hit": false
  },
  "ground_truth": {
    "type": "fault",
    "system_class_en": "freq_error",
    "system_class_cn": "频率失准",
    "module": "时钟合成与同步网络",
    "module_v2": "[LO/时钟板][LO1] 合成链",
    "fault_params": {
      "severity": "mid",
      "tier_target": "in_spec_weak",
      "delta_f_hz": -548392.1674716723,
      "ppm": -66.9587506070418,
      "shift_bins": -0.05483921674716723,
      "bandwidth_hz": 8190000000.0,
      "type": "clock_drift",
      "track_type": "dense",
      "template_id": "T8",
      "forced_peak_track_type": true,
      "peak_track_profile": {
        "bands": [
          {
            "start_hz": 4505180936.777425,
            "end_hz": 4795268557.274278,
            "center_hz": 4650224747.025851,
            "width_hz": 290087620.49685335,
            "amplitude_hz": 7173298.933970834,
            "ramp_hz": 63988880.08445196
          },
          {
            "start_hz": 150047971.02640778,
            "end_hz": 702705203.1339068,
            "center_hz": 426376587.08015734,
            "width_hz": 552657232.1074991,
            "amplitude_hz": 27968237.131179065,
            "ramp_hz": 63988880.08445196
          }
        ],
        "track_type": "dense"
      },
      "freq_amp_coupling": {
        "bias_db_min": -0.1,