{
  "status": "success",
  "meta": {
    "sample_id": "sim_00197",
    "input_file": "/home/runner/work/FMFD-python/FMFD-python/Output/sim_spectrum/raw_curves/sim_00197.csv",
    "operating_condition": {
      "inject_power_dbm": -10.0,
      "freq_start_hz": 10000000.0,
      "freq_end_hz": 8200000000.0,
      "step_hz": 10000000.0,
      "frontend": {
        "low_band_only": true,
        "ac_coupling": true,
        "preamp": false
      }
    }
  },
  "data_points": 820,
  "frequency_range": {
    "min": 10000000.0,
    "max": 8200000000.0
  },
  "features": {
    "X1": -9.914244268292682,
    "X2": 0.0005289988384476837,
    "X3": 0.00021717111259233834,
    "X4": 0.028914193967970264,
    "X5": 0.26197665327820474,
    "X6": 0.0010375827354402144,
    "X7": 0.08950000000000102,
    "X8": 0.02559329268292683,
    "X9": 0.000836030612817408,
    "X10": 0.01743857211549001,
    "X11": 0.0,
    "X12": 0.0,
    "X13": 0.16951711691447968,
    "X14": 0.01051648351648348,
    "X15": 0.013109699248879739,
    "X16": 0.0083399885220174,
    "X17": 0.0,
    "X18": 0.0,
    "X19": -3.6698750539726756e-05,
    "X20": -0.16596771419740985,
    "X21": 1.0,
    "X22": 0.037415787962448925,
    "X23": 0.0001684605731707278,
    "X24": 0.04675227185242248,
    "X25": 0.0001684605731707278,
    "X26": 0.00028270850176069615,
    "X27": 6.28255055378169e-05,
    "X28": -0.12939057339750823,
    "X29": -0.6264315383101696,
    "X30": 0.003816006097561081,
    "X31": 0.005022344785511552,
    "X32": -3.198662272900476,
    "X33": 0.5743478808293261,
    "X34": 0.01416968097101611,
    "X35": 0.00034227311143611525,
    "X36": 0.7944444455223069,
    "X37": 0.028914193967970264,
    "offset_db": 0.019999999999999574,
    "viol_rate_aligned": 0.0,
    "viol_energy_aligned": 0.16951711691447968,
    "global_offset_db": 0.0,
    "shape_rmse": 0.012979236232179758,
    "ripple_hp": 0.005590786131015065,
    "tail_asym": -0.003894999999999812,
    "compress_ratio": 0.19878048780487806,
    "compress_ratio_high": 0.2,
    "freq_shift_score": 0.08319090383911776,
    "offset_slope": -0.0014990675723570764,
    "high_low_energy_ratio": 7.251688680826409,
    "band_offset_db_1": 0.004700000000000593,
    "band_offset_db_2": 0.00590000000000046,
    "band_offset_db_3": -0.0036999999999993705,
    "band_offset_db_4": -0.004399999999998627
  },
  "system": {
    "probs": {
      "正常": 0.9859312461213268,
      "幅度失准": 0.004534044072743419,
      "频率失准": 0.0060198148948816445,
      "参考电平失准": 0.0035148948124549347
    },
    "decision": "正常",
    "confidence": 0.9859312461213268,
    "is_normal": true
  },
  "module": {
    "topk": [
      {
        "module_id": "[电源板] 电源管理模块",
        "gamma": 0.9250980399837002
      },
      {
        "module_id": "[RF板][Mixer1]",
        "gamma": 0.023111013685326726
      },
      {
        "module_id": "[时钟板][参考域] 10MHz 基准 OCXO",
        "gamma": 0.015592973088895143
      }
    ],
    "gating": {
      "disabled_modules": [
        "高频段YTF滤波器",
        "高频段混频器",
        "前置放大器",
        "衰减器"
      ],
      "topk_k": 3
    }
  },
  "evidence": {
    "global_offset_db": 0.019999999999999574,
    "hf_std_db": 0.009374817173890326,
    "p95_abs_dev_db": 0.02461500000000115,
    "inside_env_frac": 1.0,
    "peak_freq_mae_hz": 4144.178822764986,
    "peak_freq_outlier_frac": 0.0
  },
  "artifacts": {
    "output_json": "Output/diagnosis/batch/sim_00197_diagnosis.json"
  },
  "system_diagnosis": {
    "probabilities": {
      "正常": 0.9859312461213268,
      "幅度失准": 0.004534044072743419,
      "频率失准": 0.0060198148948816445,
      "参考电平失准": 0.0035148948124549347
    },
    "predicted_class": "正常",
    "max_prob": 0.9859312461213268,
    "is_normal": true
  },
  "module_diagnosis": {
    "probabilities": {
      "[电源板] 电源管理模块": 0.9250980399837002,
      "[RF板][Mixer1]": 0.023111013685326726,
      "[时钟板][参考域] 10MHz 基准 OCXO": 0.015592973088895143,
      "[时钟板][参考分配]": 0.015592973088895143,
      "[RF板][RF] 低频通路固定滤波/抑制网络": 0.013922297400799232,
      "[LO/时钟板][LO1] 合成链": 0.006682702752383632,
      "[RF板][RF] 输入衰减器组": 0.0,
      "前置放大器": 0.0,
      "[RF板][YTF]": 0.0,
      "[RF板][Mixer2]": 0.0
    },
    "topk": [
      {
        "module": "[电源板] 电源管理模块",
        "probability": 0.9250980399837002
      },
      {
        "module": "[RF板][Mixer1]",
        "probability": 0.023111013685326726
      },
      {
        "module": "[时钟板][参考域] 10MHz 基准 OCXO",
        "probability": 0.015592973088895143
      }
    ],
    "disabled_modules": [
      "高频段YTF滤波器",
      "高频段混频器",
      "前置放大器",
      "衰减器"
    ]
  },
  "evidence_detail": {
    "viol_rate": 0.0,
    "envelope_violation": false,
    "violation_max_db": 0.0,
    "violation_energy": 0.16951711691447968,
    "baseline_coverage": 1.0
  },
  "config": {
    "mode": "unified_entry",
    "gating_status": "gated_ok",
    "run_name": null,
    "topk": 3
  },
  "uncertainty": {
    "is_uncertain": false,
    "reason": "",
    "top_class": "正常",
    "runner_up": "频率失准",
    "max_prob": 0.9859312461213268,
    "second_prob": 0.0060198148948816445,
    "prob_gap": 0.9799114312264451,
    "support_top_features": [],
    "support_runnerup_features": [],
    "conflict_features": [],
    "suggested_actions": []
  },
  "module_validation": {
    "sample_id": "sim_00197",
    "gt_module": null,
    "gt_module_v2": null,
    "top1": "[电源板] 电源管理模块",
    "top3": [
      "[电源板] 电源管理模块",
      "[RF板][Mixer1]",
      "[时钟板][参考域] 10MHz 基准 OCXO"
    ],
    "top5": [
      "[电源板] 电源管理模块",
      "[RF板][Mixer1]",
      "[时钟板][参考域] 10MHz 基准 OCXO",
      "[时钟板][参考分配]",
      "[RF板][RF] 低频通路固定滤波/抑制网络"
    ],
    "gt_rank": -1,
    "gt_prob": 0.0,
    "top1_hit": false,
    "top3_hit": false,
    "top5_hit": false
  },
  "ground_truth": {
    "type": "normal",
    "system_class_en": "normal",
    "system_class_cn": "正常",
    "module": null,
    "module_v2": null,
    "fault_params": {
      "severity": "mid",
      "tier_target": "in_spec_weak",
      "type": "normal",
      "normal_state": "normal_state_A"
    }
  }
}