{
  "status": "success",
  "meta": {
    "sample_id": "sim_00107",
    "input_file": "/home/runner/work/FMFD-python/FMFD-python/Output/sim_spectrum/raw_curves/sim_00107.csv",
    "operating_condition": {
      "inject_power_dbm": -10.0,
      "freq_start_hz": 10000000.0,
      "freq_end_hz": 8200000000.0,
      "step_hz": 10000000.0,
      "frontend": {
        "low_band_only": true,
        "ac_coupling": true,
        "preamp": false
      }
    }
  },
  "data_points": 820,
  "frequency_range": {
    "min": 10000000.0,
    "max": 8200000000.0
  },
  "features": {
    "X1": -9.987726829268292,
    "X2": 0.0006260743530223423,
    "X3": 0.0002505540516643263,
    "X4": 0.029432051192703035,
    "X5": 0.2815610184283128,
    "X6": 0.0009745362314098767,
    "X7": 0.08000000000000007,
    "X8": 0.024866097560975617,
    "X9": 0.0008662456374098925,
    "X10": 0.014124086939897345,
    "X11": 0.0,
    "X12": 0.0,
    "X13": 0.13407163197358624,
    "X14": 0.004610256410256409,
    "X15": 0.00648870961513135,
    "X16": 0.00117669206085016,
    "X17": 0.0,
    "X18": 0.0,
    "X19": -7.035868005739093e-05,
    "X20": -0.10496563211763466,
    "X21": 4.0,
    "X22": 0.03529063221947639,
    "X23": 4.229121951219508e-05,
    "X24": 0.1112569044184002,
    "X25": 4.229121951219508e-05,
    "X26": 0.0008329335573098325,
    "X27": 9.996854583791475e-06,
    "X28": 0.03846153845898888,
    "X29": -0.013248244925478317,
    "X30": 0.0022179878048781826,
    "X31": 0.0007702657591239301,
    "X32": -0.023633528723883458,
    "X33": 0.6376275777124818,
    "X34": 0.013864991603708432,
    "X35": 0.00039621615078992267,
    "X36": 0.7708132568897393,
    "X37": 0.02943205119270304,
    "offset_db": -0.05469999999999953,
    "viol_rate_aligned": 0.0,
    "viol_energy_aligned": 0.13407163197358624,
    "global_offset_db": 0.0,
    "shape_rmse": 0.006503169958735131,
    "ripple_hp": 0.009124678513590919,
    "tail_asym": 0.0013099999999986213,
    "compress_ratio": 0.19878048780487806,
    "compress_ratio_high": 0.2,
    "freq_shift_score": 0.02189759003448144,
    "offset_slope": 0.00010229009278360105,
    "high_low_energy_ratio": 5.557510974626735,
    "band_offset_db_1": 0.0011999999999989797,
    "band_offset_db_2": -1.7763568394002505e-15,
    "band_offset_db_3": -0.0011499999999999844,
    "band_offset_db_4": 0.0004999999999988347
  },
  "system": {
    "probs": {
      "正常": 0.0054136785668153775,
      "幅度失准": 0.0021763622886011268,
      "频率失准": 0.00389490821146036,
      "参考电平失准": 0.9885150508342715
    },
    "decision": "参考电平失准",
    "confidence": 0.9885150508342715,
    "is_normal": false
  },
  "module": {
    "topk": [
      {
        "module_id": "[校准链路][校准源]",
        "gamma": 0.3784844864464888
      },
      {
        "module_id": "[校准链路][校准路径开关/耦合]",
        "gamma": 0.2733499068780197
      },
      {
        "module_id": "[校准链路][校准表/存储]",
        "gamma": 0.24180953300747887
      }
    ],
    "gating": {
      "disabled_modules": [
        "高频段YTF滤波器",
        "高频段混频器",
        "前置放大器",
        "衰减器"
      ],
      "topk_k": 3
    }
  },
  "evidence": {
    "global_offset_db": -0.05469999999999953,
    "hf_std_db": 0.00641078839777433,
    "p95_abs_dev_db": 0.012899999999998446,
    "inside_env_frac": 1.0,
    "peak_freq_mae_hz": 3828.1803741468434,
    "peak_freq_outlier_frac": 0.0
  },
  "artifacts": {
    "output_json": "Output/diagnosis/batch/sim_00107_diagnosis.json"
  },
  "system_diagnosis": {
    "probabilities": {
      "正常": 0.0054136785668153775,
      "幅度失准": 0.0021763622886011268,
      "频率失准": 0.00389490821146036,
      "参考电平失准": 0.9885150508342715
    },
    "predicted_class": "参考电平失准",
    "max_prob": 0.9885150508342715,
    "is_normal": false
  },
  "module_diagnosis": {
    "probabilities": {
      "[校准链路][校准源]": 0.3784844864464888,
      "[校准链路][校准路径开关/耦合]": 0.2733499068780197,
      "[校准链路][校准表/存储]": 0.24180953300747887,
      "[电源板] 电源管理模块": 0.10635607366801268,
      "[RF板][RF] 输入衰减器组": 0.0,
      "前置放大器": 0.0,
      "[RF板][RF] 低频通路固定滤波/抑制网络": 0.0,
      "[RF板][Mixer1]": 0.0,
      "[RF板][YTF]": 0.0,
      "[RF板][Mixer2]": 0.0
    },
    "topk": [
      {
        "module": "[校准链路][校准源]",
        "probability": 0.3784844864464888
      },
      {
        "module": "[校准链路][校准路径开关/耦合]",
        "probability": 0.2733499068780197
      },
      {
        "module": "[校准链路][校准表/存储]",
        "probability": 0.24180953300747887
      }
    ],
    "disabled_modules": [
      "高频段YTF滤波器",
      "高频段混频器",
      "前置放大器",
      "衰减器"
    ]
  },
  "evidence_detail": {
    "viol_rate": 0.0,
    "envelope_violation": false,
    "violation_max_db": 0.0,
    "violation_energy": 0.13407163197358624,
    "baseline_coverage": 1.0
  },
  "config": {
    "mode": "unified_entry",
    "gating_status": "gated_ok",
    "run_name": null,
    "topk": 3
  },
  "uncertainty": {
    "is_uncertain": false,
    "reason": "",
    "top_class": "参考电平失准",
    "runner_up": "正常",
    "max_prob": 0.9885150508342715,
    "second_prob": 0.0054136785668153775,
    "prob_gap": 0.9831013722674561,
    "support_top_features": [],
    "support_runnerup_features": [],
    "conflict_features": [],
    "suggested_actions": []
  },
  "module_validation": {
    "sample_id": "sim_00107",
    "gt_module": "存储器",
    "gt_module_v2": "[校准链路][校准表/存储]",
    "top1": "[校准链路][校准源]",
    "top3": [
      "[校准链路][校准源]",
      "[校准链路][校准路径开关/耦合]",
      "[校准链路][校准表/存储]"
    ],
    "top5": [
      "[校准链路][校准源]",
      "[校准链路][校准路径开关/耦合]",
      "[校准链路][校准表/存储]",
      "[电源板] 电源管理模块",
      "[RF板][RF] 输入衰减器组"
    ],
    "gt_rank": 3,
    "gt_prob": 0.24180953300747887,
    "top1_hit": false,
    "top3_hit": true,
    "top5_hit": true
  },
  "ground_truth": {
    "type": "fault",
    "system_class_en": "ref_error",
    "system_class_cn": "参考电平失准",
    "module": "存储器",
    "module_v2": "[校准链路][校准表/存储]",
    "fault_params": {
      "severity": "mid",
      "tier_target": "edge",
      "type": "ref_miscal",
      "subtype": "ref_error_offset",
      "offset_db": -0.1673224387077451,
      "template_id": "T1",
      "mean_offset_db": -0.05465418890894566
    }
  }
}