{
  "status": "success",
  "meta": {
    "sample_id": "sim_00054",
    "input_file": "/home/runner/work/FMFD-python/FMFD-python/Output/sim_spectrum/raw_curves/sim_00054.csv",
    "operating_condition": {
      "inject_power_dbm": -10.0,
      "freq_start_hz": 10000000.0,
      "freq_end_hz": 8200000000.0,
      "step_hz": 10000000.0,
      "frontend": {
        "low_band_only": true,
        "ac_coupling": true,
        "preamp": false
      }
    }
  },
  "data_points": 820,
  "frequency_range": {
    "min": 10000000.0,
    "max": 8200000000.0
  },
  "features": {
    "X1": -9.933073902439025,
    "X2": 0.0005913290327764581,
    "X3": 0.00023698556717859749,
    "X4": 0.02953161363178108,
    "X5": 0.28210825429933334,
    "X6": 0.0010077158798929237,
    "X7": 0.07980000000000054,
    "X8": 0.02499292682926831,
    "X9": 0.0008721162036967981,
    "X10": 0.015577772330449111,
    "X11": 0.0,
    "X12": 0.0,
    "X13": 0.20610506798450748,
    "X14": 0.003344505494505573,
    "X15": 0.007694449275701983,
    "X16": 0.03391504764272832,
    "X17": 0.0,
    "X18": 0.0,
    "X19": -5.809627947791676e-05,
    "X20": 0.01043520193349634,
    "X21": 3.0,
    "X22": 0.03973252868947843,
    "X23": 3.877523170731733e-05,
    "X24": 0.07235596986907156,
    "X25": 3.877523170731733e-05,
    "X26": 0.0005214917584826208,
    "X27": 1.7480684407937352e-05,
    "X28": -0.07183908045458536,
    "X29": 0.9788045193224088,
    "X30": 0.0011731707317074857,
    "X31": 0.0012562355121972877,
    "X32": -0.5664608813928746,
    "X33": 0.5924243593080926,
    "X34": 0.014457429936117025,
    "X35": 0.0003536746378218181,
    "X36": 0.7963382673761213,
    "X37": 0.02953161363178108,
    "offset_db": 0.0004499999999998394,
    "viol_rate_aligned": 0.0,
    "viol_energy_aligned": 0.20610506798450748,
    "global_offset_db": 0.0,
    "shape_rmse": 0.0062269761286933905,
    "ripple_hp": 0.0070269496753207,
    "tail_asym": -0.0017949999999975971,
    "compress_ratio": 0.19634146341463415,
    "compress_ratio_high": 0.19661016949152543,
    "freq_shift_score": 0.01927264149975283,
    "offset_slope": -0.00042089556364231686,
    "high_low_energy_ratio": 16.891005436432764,
    "band_offset_db_1": 0.0013500000000012946,
    "band_offset_db_2": 0.0006500000000002615,
    "band_offset_db_3": -0.000249999999997641,
    "band_offset_db_4": -0.0011499999999990962
  },
  "system": {
    "probs": {
      "正常": 0.48643388620555655,
      "幅度失准": 0.03812422910338498,
      "频率失准": 0.4201433430364646,
      "参考电平失准": 0.055298541605950415
    },
    "decision": "正常",
    "confidence": 0.48643388620555655,
    "is_normal": true
  },
  "module": {
    "topk": [
      {
        "module_id": "[RF板][Mixer1]",
        "gamma": 0.2621581353881516
      },
      {
        "module_id": "[时钟板][参考域] 10MHz 基准 OCXO",
        "gamma": 0.17687777809321073
      },
      {
        "module_id": "[时钟板][参考分配]",
        "gamma": 0.17687777809321073
      }
    ],
    "gating": {
      "disabled_modules": [
        "高频段YTF滤波器",
        "高频段混频器",
        "前置放大器",
        "衰减器"
      ],
      "topk_k": 3
    }
  },
  "evidence": {
    "global_offset_db": 0.0004499999999998394,
    "hf_std_db": 0.005424965329406386,
    "p95_abs_dev_db": 0.011955000000000467,
    "inside_env_frac": 1.0,
    "peak_freq_mae_hz": 983700.1789349561,
    "peak_freq_outlier_frac": 0.006097560975609756
  },
  "artifacts": {
    "output_json": "Output/diagnosis/batch/sim_00054_diagnosis.json"
  },
  "system_diagnosis": {
    "probabilities": {
      "正常": 0.48643388620555655,
      "幅度失准": 0.03812422910338498,
      "频率失准": 0.4201433430364646,
      "参考电平失准": 0.055298541605950415
    },
    "predicted_class": "正常",
    "max_prob": 0.48643388620555655,
    "is_normal": true
  },
  "module_diagnosis": {
    "probabilities": {
      "[RF板][Mixer1]": 0.2621581353881516,
      "[时钟板][参考域] 10MHz 基准 OCXO": 0.17687777809321073,
      "[时钟板][参考分配]": 0.17687777809321073,
      "[RF板][RF] 低频通路固定滤波/抑制网络": 0.1579265875832239,
      "[电源板] 电源管理模块": 0.15035495880225558,
      "[LO/时钟板][LO1] 合成链": 0.07580476203994746,
      "[RF板][RF] 输入衰减器组": 0.0,
      "前置放大器": 0.0,
      "[RF板][YTF]": 0.0,
      "[RF板][Mixer2]": 0.0
    },
    "topk": [
      {
        "module": "[RF板][Mixer1]",
        "probability": 0.2621581353881516
      },
      {
        "module": "[时钟板][参考域] 10MHz 基准 OCXO",
        "probability": 0.17687777809321073
      },
      {
        "module": "[时钟板][参考分配]",
        "probability": 0.17687777809321073
      }
    ],
    "disabled_modules": [
      "高频段YTF滤波器",
      "高频段混频器",
      "前置放大器",
      "衰减器"
    ]
  },
  "evidence_detail": {
    "viol_rate": 0.0,
    "envelope_violation": false,
    "violation_max_db": 0.0,
    "violation_energy": 0.20610506798450748,
    "baseline_coverage": 1.0
  },
  "config": {
    "mode": "unified_entry",
    "gating_status": "gated_ok",
    "run_name": null,
    "topk": 3
  },
  "uncertainty": {
    "is_uncertain": true,
    "reason": "max_prob(48.64%) < 55% && prob_gap(6.63%) < 10%",
    "top_class": "正常",
    "runner_up": "频率失准",
    "max_prob": 0.48643388620555655,
    "second_prob": 0.4201433430364646,
    "prob_gap": 0.06629054316909194,
    "support_top_features": [],
    "support_runnerup_features": [
      {
        "feature": "X21",
        "contribution": 0.6000000000000001
      },
      {
        "feature": "X16",
        "contribution": 0.030523542878455486
      },
      {
        "feature": "X4",
        "contribution": 0.026578452268602972
      },
      {
        "feature": "X7",
        "contribution": 0.01596000000000011
      },
      {
        "feature": "X22",
        "contribution": 0.007946505737895687
      }
    ],
    "conflict_features": [
      {
        "feature": "X1",
        "top_contrib": 0.9933073902439026,
        "runnerup_contrib": 0.9933073902439026
      },
      {
        "feature": "X5",
        "top_contrib": 0.028210825429933334,
        "runnerup_contrib": 0.028210825429933334
      },
      {
        "feature": "X13",
        "top_contrib": 0.02061050679845075,
        "runnerup_contrib": 0.02061050679845075
      }
    ],
    "suggested_actions": [
      "当前诊断为正常，但置信度较低",
      "建议增加测试样本或更换测试信号",
      "复测频率标度线性度",
      "建议重复测试或更换测试点以提高置信度"
    ]
  },
  "module_validation": {
    "sample_id": "sim_00054",
    "gt_module": "时钟合成与同步网络",
    "gt_module_v2": "[LO/时钟板][LO1] 合成链",
    "top1": "[RF板][Mixer1]",
    "top3": [
      "[RF板][Mixer1]",
      "[时钟板][参考域] 10MHz 基准 OCXO",
      "[时钟板][参考分配]"
    ],
    "top5": [
      "[RF板][Mixer1]",
      "[时钟板][参考域] 10MHz 基准 OCXO",
      "[时钟板][参考分配]",
      "[RF板][RF] 低频通路固定滤波/抑制网络",
      "[电源板] 电源管理模块"
    ],
    "gt_rank": 6,
    "gt_prob": 0.07580476203994746,
    "top1_hit": false,
    "top3_hit": false,
    "top5_hit": false
  },
  "ground_truth": {
    "type": "fault",
    "system_class_en": "freq_error",
    "system_class_cn": "频率失准",
    "module": "时钟合成与同步网络",
    "module_v2": "[LO/时钟板][LO1] 合成链",
    "fault_params": {
      "severity": "light",
      "tier_target": "edge",
      "delta_f_hz": 502234.83981297596,
      "ppm": 61.32293526409963,
      "shift_bins": 0.0502234839812976,
      "bandwidth_hz": 8190000000.0,
      "type": "clock_drift",
      "track_type": "dense",
      "template_id": "T8",
      "forced_peak_track_type": true,
      "peak_track_profile": {
        "bands": [
          {
            "start_hz": 6472697922.013682,
            "end_hz": 6972616843.621495,
            "center_hz": 6722657382.817589,
            "width_hz": 499918921.6078122,
            "amplitude_hz": 6601907.915438817,
            "ramp_hz": 63459060.44083904
          },
          {
            "start_hz": 5446755044.666646,
            "end_hz": 5773836391.674508,
            "center_hz": 5610295718.170577,
            "width_hz": 327081347.00786185,
            "amplitude_hz": 19202115.808232248,
            "ramp_hz": 63459060.44083904
          }
        ],
        "track_type": "dense"
      },