{
  "status": "success",
  "meta": {
    "sample_id": "sim_00183",
    "input_file": "/home/runner/work/FMFD-python/FMFD-python/Output/sim_spectrum/raw_curves/sim_00183.csv",
    "operating_condition": {
      "inject_power_dbm": -10.0,
      "freq_start_hz": 10000000.0,
      "freq_end_hz": 8200000000.0,
      "step_hz": 10000000.0,
      "frontend": {
        "low_band_only": true,
        "ac_coupling": true,
        "preamp": false
      }
    }
  },
  "data_points": 820,
  "frequency_range": {
    "min": 10000000.0,
    "max": 8200000000.0
  },
  "features": {
    "X1": -9.912116951219511,
    "X2": 0.0006830007445964712,
    "X3": 0.0003472698706351366,
    "X4": 0.031209856397298518,
    "X5": 0.2749312363686116,
    "X6": 0.0010557438224122544,
    "X7": 0.0749000000000013,
    "X8": 0.02519573170731706,
    "X9": 0.0009740551363399953,
    "X10": 0.014456097558403457,
    "X11": 0.0,
    "X12": 0.0,
    "X13": 0.3134822697304444,
    "X14": 0.007424542124542064,
    "X15": 0.008748271112391801,
    "X16": -0.008008991415011154,
    "X17": 0.0,
    "X18": 0.0,
    "X19": 8.844562688942877e-06,
    "X20": 0.12456117529040034,
    "X21": 4.0,
    "X22": 0.037723745293110185,
    "X23": 0.00015063445121951251,
    "X24": 0.047504320089005736,
    "X25": 0.00015063445121951251,
    "X26": 0.000691187120331083,
    "X27": 4.291737781328593e-05,
    "X28": 0.17056856186718147,
    "X29": 0.059494589257880495,
    "X30": 0.00930451538283597,
    "X31": 0.002712599011425801,
    "X32": -3.284899572215651,
    "X33": 0.5714002608889296,
    "X34": 0.016881568482791286,
    "X35": 0.00034469851908504025,
    "X36": 0.8224502660776428,
    "X37": 0.031209856397298518,
    "offset_db": 0.019999999999999574,
    "viol_rate_aligned": 0.0,
    "viol_energy_aligned": 0.3134822697304444,
    "global_offset_db": 0.0,
    "shape_rmse": 0.012273322745675375,
    "ripple_hp": 0.005654360334015021,
    "tail_asym": 0.008500000000001501,
    "compress_ratio": 0.2,
    "compress_ratio_high": 0.2,
    "freq_shift_score": 0.07336519343579984,
    "offset_slope": 0.000680245168020407,
    "high_low_energy_ratio": 7.6827773345079855,
    "band_offset_db_1": -0.003149999999999764,
    "band_offset_db_2": -0.001700000000001367,
    "band_offset_db_3": 0.0010500000000019938,
    "band_offset_db_4": 0.001100000000000989
  },
  "system": {
    "probs": {
      "正常": 0.9948783526849285,
      "幅度失准": 0.0008350803815380973,
      "频率失准": 0.0032746712988791157,
      "参考电平失准": 0.0010118955351664661
    },
    "decision": "正常",
    "confidence": 0.9948783526849285,
    "is_normal": true
  },
  "module": {
    "topk": [
      {
        "module_id": "[电源板] 电源管理模块",
        "gamma": 0.9578137366893423
      },
      {
        "module_id": "[RF板][Mixer1]",
        "gamma": 0.013016579385816303
      },
      {
        "module_id": "[时钟板][参考域] 10MHz 基准 OCXO",
        "gamma": 0.008782270428984492
      }
    ],
    "gating": {
      "disabled_modules": [
        "高频段YTF滤波器",
        "高频段混频器",
        "前置放大器",
        "衰减器"
      ],
      "topk_k": 3
    }
  },
  "evidence": {
    "global_offset_db": 0.019999999999999574,
    "hf_std_db": 0.008607496062391818,
    "p95_abs_dev_db": 0.02600500000000147,
    "inside_env_frac": 1.0,
    "peak_freq_mae_hz": 3990.575435657924,
    "peak_freq_outlier_frac": 0.0
  },
  "artifacts": {
    "output_json": "Output/diagnosis/batch/sim_00183_diagnosis.json"
  },
  "system_diagnosis": {
    "probabilities": {
      "正常": 0.9948783526849285,
      "幅度失准": 0.0008350803815380973,
      "频率失准": 0.0032746712988791157,
      "参考电平失准": 0.0010118955351664661
    },
    "predicted_class": "正常",
    "max_prob": 0.9948783526849285,
    "is_normal": true
  },
  "module_diagnosis": {
    "probabilities": {
      "[电源板] 电源管理模块": 0.9578137366893423,
      "[RF板][Mixer1]": 0.013016579385816303,
      "[时钟板][参考域] 10MHz 基准 OCXO": 0.008782270428984492,
      "[时钟板][参考分配]": 0.008782270428984492,
      "[RF板][RF] 低频通路固定滤波/抑制网络": 0.007841312883021869,
      "[LO/时钟板][LO1] 合成链": 0.003763830183850497,
      "[RF板][RF] 输入衰减器组": 0.0,
      "前置放大器": 0.0,
      "[RF板][YTF]": 0.0,
      "[RF板][Mixer2]": 0.0
    },
    "topk": [
      {
        "module": "[电源板] 电源管理模块",
        "probability": 0.9578137366893423
      },
      {
        "module": "[RF板][Mixer1]",
        "probability": 0.013016579385816303
      },
      {
        "module": "[时钟板][参考域] 10MHz 基准 OCXO",
        "probability": 0.008782270428984492
      }
    ],
    "disabled_modules": [
      "高频段YTF滤波器",
      "高频段混频器",
      "前置放大器",
      "衰减器"
    ]
  },
  "evidence_detail": {
    "viol_rate": 0.0,
    "envelope_violation": false,
    "violation_max_db": 0.0,
    "violation_energy": 0.3134822697304444,
    "baseline_coverage": 1.0
  },
  "config": {
    "mode": "unified_entry",
    "gating_status": "gated_ok",
    "run_name": null,
    "topk": 3
  },
  "uncertainty": {
    "is_uncertain": false,
    "reason": "",
    "top_class": "正常",
    "runner_up": "频率失准",
    "max_prob": 0.9948783526849285,
    "second_prob": 0.0032746712988791157,
    "prob_gap": 0.9916036813860494,
    "support_top_features": [],
    "support_runnerup_features": [],
    "conflict_features": [],
    "suggested_actions": []
  },
  "module_validation": {
    "sample_id": "sim_00183",
    "gt_module": null,
    "gt_module_v2": null,
    "top1": "[电源板] 电源管理模块",
    "top3": [
      "[电源板] 电源管理模块",
      "[RF板][Mixer1]",
      "[时钟板][参考域] 10MHz 基准 OCXO"
    ],
    "top5": [
      "[电源板] 电源管理模块",
      "[RF板][Mixer1]",
      "[时钟板][参考域] 10MHz 基准 OCXO",
      "[时钟板][参考分配]",
      "[RF板][RF] 低频通路固定滤波/抑制网络"
    ],
    "gt_rank": -1,
    "gt_prob": 0.0,
    "top1_hit": false,
    "top3_hit": false,
    "top5_hit": false
  },
  "ground_truth": {
    "type": "normal",
    "system_class_en": "normal",
    "system_class_cn": "正常",
    "module": null,
    "module_v2": null,
    "fault_params": {
      "severity": "light",
      "tier_target": "in_spec_weak",
      "type": "normal",
      "normal_state": "normal_state_A"
    }
  }
}