{
  "status": "success",
  "meta": {
    "sample_id": "sim_00098",
    "input_file": "/home/runner/work/FMFD-python/FMFD-python/Output/sim_spectrum/raw_curves/sim_00098.csv",
    "operating_condition": {
      "inject_power_dbm": -10.0,
      "freq_start_hz": 10000000.0,
      "freq_end_hz": 8200000000.0,
      "step_hz": 10000000.0,
      "frontend": {
        "low_band_only": true,
        "ac_coupling": true,
        "preamp": false
      }
    }
  },
  "data_points": 820,
  "frequency_range": {
    "min": 10000000.0,
    "max": 8200000000.0
  },
  "features": {
    "X1": -9.921218780487806,
    "X2": 0.0007785326939569707,
    "X3": 0.00037852801545302405,
    "X4": 0.0337201777101759,
    "X5": 0.2935741485813245,
    "X6": 0.0012866029155859614,
    "X7": 0.08530000000000015,
    "X8": 0.028263902439024397,
    "X9": 0.0011370503848058436,
    "X10": 0.01671883587075709,
    "X11": 0.0,
    "X12": 0.0,
    "X13": 0.2985961909934556,
    "X14": 0.009803113553113349,
    "X15": 0.01547455920291026,
    "X16": -0.014632809975839779,
    "X17": 0.0,
    "X18": 0.0,
    "X19": 7.831761641435784e-06,
    "X20": -0.13004192935587655,
    "X21": 4.0,
    "X22": 0.039444812471473106,
    "X23": 0.00025075254878048674,
    "X24": 0.05047018582186613,
    "X25": 0.00025075254878048674,
    "X26": 0.0006438112844585417,
    "X27": 0.00033488969296052175,
    "X28": -0.07273181704395536,
    "X29": 0.3848343394706841,
    "X30": 0.015362248438584476,
    "X31": 0.007492752867829569,
    "X32": -3.424419400055136,
    "X33": 0.5179461920279055,
    "X34": 0.015748435471025567,
    "X35": 0.00034515472271047666,
    "X36": 0.8469869717495458,
    "X37": 0.0337201777101759,
    "offset_db": 0.01175000000000015,
    "viol_rate_aligned": 0.0,
    "viol_energy_aligned": 0.2985961909934556,
    "global_offset_db": -8.881784197001252e-16,
    "shape_rmse": 0.01583516810079662,
    "ripple_hp": 0.005827649964822278,
    "tail_asym": -1.999999999658525e-05,
    "compress_ratio": 0.2,
    "compress_ratio_high": 0.2,
    "freq_shift_score": 0.10186450493332666,
    "offset_slope": -0.0006677931755023415,
    "high_low_energy_ratio": 5.767662536075507,
    "band_offset_db_1": -0.005700000000000038,
    "band_offset_db_2": 0.003449999999999065,
    "band_offset_db_3": -0.003149999999998876,
    "band_offset_db_4": -0.003049999999999997
  },
  "system": {
    "probs": {
      "正常": 0.9616737862395742,
      "幅度失准": 0.006220655540980981,
      "频率失准": 0.022825430646928695,
      "参考电平失准": 0.00928012757155444
    },
    "decision": "正常",
    "confidence": 0.9616737862395742,
    "is_normal": true
  },
  "module": {
    "topk": [
      {
        "module_id": "[电源板] 电源管理模块",
        "gamma": 0.7651097455944655
      },
      {
        "module_id": "[RF板][Mixer1]",
        "gamma": 0.07247543165672626
      },
      {
        "module_id": "[时钟板][参考域] 10MHz 基准 OCXO",
        "gamma": 0.04889908641899603
      }
    ],
    "gating": {
      "disabled_modules": [
        "高频段YTF滤波器",
        "高频段混频器",
        "前置放大器",
        "衰减器"
      ],
      "topk_k": 3
    }
  },
  "evidence": {
    "global_offset_db": 0.01175000000000015,
    "hf_std_db": 0.009714168115312187,
    "p95_abs_dev_db": 0.03294999999999968,
    "inside_env_frac": 1.0,
    "peak_freq_mae_hz": 4027.700999013691,
    "peak_freq_outlier_frac": 0.0
  },
  "artifacts": {
    "output_json": "Output/diagnosis/batch/sim_00098_diagnosis.json"
  },
  "system_diagnosis": {
    "probabilities": {
      "正常": 0.9616737862395742,
      "幅度失准": 0.006220655540980981,
      "频率失准": 0.022825430646928695,
      "参考电平失准": 0.00928012757155444
    },
    "predicted_class": "正常",
    "max_prob": 0.9616737862395742,
    "is_normal": true
  },
  "module_diagnosis": {
    "probabilities": {
      "[电源板] 电源管理模块": 0.7651097455944655,
      "[RF板][Mixer1]": 0.07247543165672626,
      "[时钟板][参考域] 10MHz 基准 OCXO": 0.04889908641899603,
      "[时钟板][参考分配]": 0.04889908641899603,
      "[RF板][RF] 低频通路固定滤波/抑制网络": 0.04365989858838932,
      "[LO/时钟板][LO1] 合成链": 0.02095675132242687,
      "[RF板][RF] 输入衰减器组": 0.0,
      "前置放大器": 0.0,
      "[RF板][YTF]": 0.0,
      "[RF板][Mixer2]": 0.0
    },
    "topk": [
      {
        "module": "[电源板] 电源管理模块",
        "probability": 0.7651097455944655
      },
      {
        "module": "[RF板][Mixer1]",
        "probability": 0.07247543165672626
      },
      {
        "module": "[时钟板][参考域] 10MHz 基准 OCXO",
        "probability": 0.04889908641899603
      }
    ],
    "disabled_modules": [
      "高频段YTF滤波器",
      "高频段混频器",
      "前置放大器",
      "衰减器"
    ]
  },
  "evidence_detail": {
    "viol_rate": 0.0,
    "envelope_violation": false,
    "violation_max_db": 0.0,
    "violation_energy": 0.2985961909934556,
    "baseline_coverage": 1.0
  },
  "config": {
    "mode": "unified_entry",
    "gating_status": "fallback_brb_only",
    "run_name": null,
    "topk": 3
  },
  "uncertainty": {
    "is_uncertain": false,
    "reason": "",
    "top_class": "正常",
    "runner_up": "频率失准",
    "max_prob": 0.9616737862395742,
    "second_prob": 0.022825430646928695,
    "prob_gap": 0.9388483555926456,
    "support_top_features": [],
    "support_runnerup_features": [],
    "conflict_features": [],
    "suggested_actions": []
  },
  "module_validation": {
    "sample_id": "sim_00098",
    "gt_module": null,
    "gt_module_v2": null,
    "top1": "[电源板] 电源管理模块",
    "top3": [
      "[电源板] 电源管理模块",
      "[RF板][Mixer1]",
      "[时钟板][参考域] 10MHz 基准 OCXO"
    ],
    "top5": [
      "[电源板] 电源管理模块",
      "[RF板][Mixer1]",
      "[时钟板][参考域] 10MHz 基准 OCXO",
      "[时钟板][参考分配]",
      "[RF板][RF] 低频通路固定滤波/抑制网络"
    ],
    "gt_rank": -1,
    "gt_prob": 0.0,
    "top1_hit": false,
    "top3_hit": false,
    "top5_hit": false
  },
  "ground_truth": {
    "type": "normal",
    "system_class_en": "normal",
    "system_class_cn": "正常",
    "module": null,
    "module_v2": null,
    "fault_params": {
      "severity": "light",
      "tier_target": "in_spec_weak",
      "type": "normal",
      "normal_state": "normal_state_B"
    }
  }
}