{
  "status": "success",
  "meta": {
    "sample_id": "sim_00073",
    "input_file": "/home/runner/work/FMFD-python/FMFD-python/Output/sim_spectrum/raw_curves/sim_00073.csv",
    "operating_condition": {
      "inject_power_dbm": -10.0,
      "freq_start_hz": 10000000.0,
      "freq_end_hz": 8200000000.0,
      "step_hz": 10000000.0,
      "frontend": {
        "low_band_only": true,
        "ac_coupling": true,
        "preamp": false
      }
    }
  },
  "data_points": 820,
  "frequency_range": {
    "min": 10000000.0,
    "max": 8200000000.0
  },
  "features": {
    "X1": -9.933075853658535,
    "X2": 0.0006017438498909392,
    "X3": 0.0002514967420728466,
    "X4": 0.02970563846155283,
    "X5": 0.2670035050801127,
    "X6": 0.0010065684901249278,
    "X7": 0.0818999999999992,
    "X8": 0.02491756097560979,
    "X9": 0.000882424956408487,
    "X10": 0.014892681287099028,
    "X11": 0.0,
    "X12": 0.0,
    "X13": 0.13796840657901058,
    "X14": 0.004193040293040164,
    "X15": 0.005215343139738041,
    "X16": 0.03377156256974887,
    "X17": 0.0,
    "X18": 0.0,
    "X19": -6.781546433393102e-05,
    "X20": -0.008383654528586693,
    "X21": 3.0,
    "X22": 0.03819408852445424,
    "X23": 3.372570731707242e-05,
    "X24": 0.07303284082088746,
    "X25": 3.372570731707242e-05,
    "X26": 0.0008062051511593275,
    "X27": 1.5195854167291476e-05,
    "X28": -0.02898550724447921,
    "X29": -0.05505172794588381,
    "X30": 0.0017423733518392146,
    "X31": 0.0008179279838673668,
    "X32": -0.46886335310882415,
    "X33": 0.6055030561411663,
    "X34": 0.015940364110537817,
    "X35": 0.0003690421825061388,
    "X36": 0.7901966949092439,
    "X37": 0.029705638461552834,
    "offset_db": 1.7763568394002505e-15,
    "viol_rate_aligned": 0.0,
    "viol_energy_aligned": 0.13796840657901058,
    "global_offset_db": 0.0,
    "shape_rmse": 0.005807383861694732,
    "ripple_hp": 0.007208048713296442,
    "tail_asym": -0.0003950000000026363,
    "compress_ratio": 0.1975609756097561,
    "compress_ratio_high": 0.2,
    "freq_shift_score": 0.016821790689994454,
    "offset_slope": -0.00020850555522722186,
    "high_low_energy_ratio": 1.7965765757709724,
    "band_offset_db_1": 0.0038499999999972445,
    "band_offset_db_2": 0.000600000000000378,
    "band_offset_db_3": 0.0005499999999987182,
    "band_offset_db_4": -0.0008000000000016882
  },
  "system": {
    "probs": {
      "正常": 0.02313837259539745,
      "幅度失准": 0.12044639567351403,
      "频率失准": 0.5996225604317099,
      "参考电平失准": 0.25679267123941635
    },
    "decision": "频率失准",
    "confidence": 0.5996225604317099,
    "is_normal": false
  },
  "module": {
    "topk": [
      {
        "module_id": "[RF板][Mixer1]",
        "gamma": 0.27451237099402787
      },
      {
        "module_id": "[时钟板][参考域] 10MHz 基准 OCXO",
        "gamma": 0.18521316597187426
      },
      {
        "module_id": "[时钟板][参考分配]",
        "gamma": 0.18521316597187426
      }
    ],
    "gating": {
      "disabled_modules": [
        "高频段YTF滤波器",
        "高频段混频器",
        "前置放大器",
        "衰减器"
      ],
      "topk_k": 3
    }
  },
  "evidence": {
    "global_offset_db": 1.7763568394002505e-15,
    "hf_std_db": 0.005180725501670385,
    "p95_abs_dev_db": 0.011300000000002086,
    "inside_env_frac": 1.0,
    "peak_freq_mae_hz": 53521.60492420012,
    "peak_freq_outlier_frac": 0.0012195121951219512
  },
  "artifacts": {
    "output_json": "Output/diagnosis/batch/sim_00073_diagnosis.json"
  },
  "system_diagnosis": {
    "probabilities": {
      "正常": 0.02313837259539745,
      "幅度失准": 0.12044639567351403,
      "频率失准": 0.5996225604317099,
      "参考电平失准": 0.25679267123941635
    },
    "predicted_class": "频率失准",
    "max_prob": 0.5996225604317099,
    "is_normal": false
  },
  "module_diagnosis": {
    "probabilities": {
      "[RF板][Mixer1]": 0.27451237099402787,
      "[时钟板][参考域] 10MHz 基准 OCXO": 0.18521316597187426,
      "[时钟板][参考分配]": 0.18521316597187426,
      "[RF板][RF] 低频通路固定滤波/抑制网络": 0.1653688981891734,
      "[电源板] 电源管理模块": 0.11031532774224698,
      "[LO/时钟板][LO1] 合成链": 0.07937707113080324,
      "[RF板][RF] 输入衰减器组": 0.0,
      "前置放大器": 0.0,
      "[RF板][YTF]": 0.0,
      "[RF板][Mixer2]": 0.0
    },
    "topk": [
      {
        "module": "[RF板][Mixer1]",
        "probability": 0.27451237099402787
      },
      {
        "module": "[时钟板][参考域] 10MHz 基准 OCXO",
        "probability": 0.18521316597187426
      },
      {
        "module": "[时钟板][参考分配]",
        "probability": 0.18521316597187426
      }
    ],
    "disabled_modules": [
      "高频段YTF滤波器",
      "高频段混频器",
      "前置放大器",
      "衰减器"
    ]
  },
  "evidence_detail": {
    "viol_rate": 0.0,
    "envelope_violation": false,
    "violation_max_db": 0.0,
    "violation_energy": 0.13796840657901058,
    "baseline_coverage": 1.0
  },
  "config": {
    "mode": "unified_entry",
    "gating_status": "gated_ok",
    "run_name": null,
    "topk": 3
  },
  "uncertainty": {
    "is_uncertain": false,
    "reason": "",
    "top_class": "频率失准",
    "runner_up": "参考电平失准",
    "max_prob": 0.5996225604317099,
    "second_prob": 0.25679267123941635,
    "prob_gap": 0.34282988919229357,
    "support_top_features": [],
    "support_runnerup_features": [],
    "conflict_features": [],
    "suggested_actions": []
  },
  "module_validation": {
    "sample_id": "sim_00073",
    "gt_module": "时钟合成与同步网络",
    "gt_module_v2": "[LO/时钟板][LO1] 合成链",
    "top1": "[RF板][Mixer1]",
    "top3": [
      "[RF板][Mixer1]",
      "[时钟板][参考域] 10MHz 基准 OCXO",
      "[时钟板][参考分配]"
    ],
    "top5": [
      "[RF板][Mixer1]",
      "[时钟板][参考域] 10MHz 基准 OCXO",
      "[时钟板][参考分配]",
      "[RF板][RF] 低频通路固定滤波/抑制网络",
      "[电源板] 电源管理模块"
    ],
    "gt_rank": 6,
    "gt_prob": 0.07937707113080324,
    "top1_hit": false,
    "top3_hit": false,
    "top5_hit": false
  },
  "ground_truth": {
    "type": "fault",
    "system_class_en": "freq_error",
    "system_class_cn": "频率失准",
    "module": "时钟合成与同步网络",
    "module_v2": "[LO/时钟板][LO1] 合成链",
    "fault_params": {
      "severity": "light",
      "tier_target": "mild_oos",
      "delta_f_hz": 464549.9964879501,
      "ppm": 56.72161129279,
      "shift_bins": 0.04645499964879501,
      "bandwidth_hz": 8190000000.0,
      "type": "clock_drift",
      "track_type": "spike",
      "template_id": "T8",
      "forced_peak_track_type": true,
      "peak_track_profile": {
        "bands": [],
        "track_type": "spike"
      },
      "freq_amp_coupling": {
        "bias_db_min": -0.1,
        "bias_db_max": -0.02
      }
    }
  }
}