{
  "status": "success",
  "meta": {
    "sample_id": "sim_00192",
    "input_file": "/home/runner/work/FMFD-python/FMFD-python/Output/sim_spectrum/raw_curves/sim_00192.csv",
    "operating_condition": {
      "inject_power_dbm": -10.0,
      "freq_start_hz": 10000000.0,
      "freq_end_hz": 8200000000.0,
      "step_hz": 10000000.0,
      "frontend": {
        "low_band_only": true,
        "ac_coupling": true,
        "preamp": false
      }
    }
  },
  "data_points": 820,
  "frequency_range": {
    "min": 10000000.0,
    "max": 8200000000.0
  },
  "features": {
    "X1": -9.957291219512195,
    "X2": 0.000778574851609492,
    "X3": 0.00038412552881803106,
    "X4": 0.03234294174976827,
    "X5": 0.2934438740293589,
    "X6": 0.001097755264366449,
    "X7": 0.06680000000000064,
    "X8": 0.026090731707317086,
    "X9": 0.0010460658810289034,
    "X10": 0.01242134529897286,
    "X11": 0.0,
    "X12": 0.0,
    "X13": 0.14326366361422518,
    "X14": 0.00872857142857127,
    "X15": 0.013455397481147597,
    "X16": 0.01108209537341642,
    "X17": 0.0,
    "X18": 0.0,
    "X19": 8.274463372847826e-05,
    "X20": 0.16374660431578691,
    "X21": 7.0,
    "X22": 0.03253337251689748,
    "X23": 0.00018722690243902452,
    "X24": 0.05122608937650952,
    "X25": 0.00018722690243902452,
    "X26": 0.00034755432587495313,
    "X27": 0.00022502683018993906,
    "X28": 0.08761329304894842,
    "X29": -0.35540655629350826,
    "X30": 0.01062045245200997,
    "X31": 0.005150767149737544,
    "X32": -3.1454580728818593,
    "X33": 0.5633735379874409,
    "X34": 0.01543885382947287,
    "X35": 0.00034841626158944774,
    "X36": 0.8324861941406136,
    "X37": 0.03234294174976827,
    "offset_db": -0.025000000000000355,
    "viol_rate_aligned": 0.0,
    "viol_energy_aligned": 0.14326366361422518,
    "global_offset_db": 0.0,
    "shape_rmse": 0.01368308819086629,
    "ripple_hp": 0.005897763832056062,
    "tail_asym": 0.0033000000000011874,
    "compress_ratio": 0.2,
    "compress_ratio_high": 0.2,
    "freq_shift_score": 0.08876361751686912,
    "offset_slope": 0.0014612090621716498,
    "high_low_energy_ratio": 1.8397260097274508,
    "band_offset_db_1": -0.009449999999999292,
    "band_offset_db_2": -0.001200000000000756,
    "band_offset_db_3": -0.007299999999998974,
    "band_offset_db_4": 0.004200000000002646
  },
  "system": {
    "probs": {
      "正常": 0.9974628586109217,
      "幅度失准": 0.00031653061198020895,
      "频率失准": 0.002051773137423055,
      "参考电平失准": 0.00016883753992883937
    },
    "decision": "正常",
    "confidence": 0.9974628586109217,
    "is_normal": true
  },
  "module": {
    "topk": [
      {
        "module_id": "[电源板] 电源管理模块",
        "gamma": 0.973144757926304
      },
      {
        "module_id": "[RF板][Mixer1]",
        "gamma": 0.008286189933519594
      },
      {
        "module_id": "[时钟板][参考域] 10MHz 基准 OCXO",
        "gamma": 0.005590682364784305
      }
    ],
    "gating": {
      "disabled_modules": [
        "高频段YTF滤波器",
        "高频段混频器",
        "前置放大器",
        "衰减器"
      ],
      "topk_k": 3
    }
  },
  "evidence": {
    "global_offset_db": -0.025000000000000355,
    "hf_std_db": 0.009787826911928164,
    "p95_abs_dev_db": 0.02450499999999973,
    "inside_env_frac": 1.0,
    "peak_freq_mae_hz": 3986.2440526424225,
    "peak_freq_outlier_frac": 0.0
  },
  "artifacts": {
    "output_json": "Output/diagnosis/batch/sim_00192_diagnosis.json"
  },
  "system_diagnosis": {
    "probabilities": {
      "正常": 0.9974628586109217,
      "幅度失准": 0.00031653061198020895,
      "频率失准": 0.002051773137423055,
      "参考电平失准": 0.00016883753992883937
    },
    "predicted_class": "正常",
    "max_prob": 0.9974628586109217,
    "is_normal": true
  },
  "module_diagnosis": {
    "probabilities": {
      "[电源板] 电源管理模块": 0.973144757926304,
      "[RF板][Mixer1]": 0.008286189933519594,
      "[时钟板][参考域] 10MHz 基准 OCXO": 0.005590682364784305,
      "[时钟板][参考分配]": 0.005590682364784305,
      "[RF板][RF] 低频通路固定滤波/抑制网络": 0.004991680682843129,
      "[LO/时钟板][LO1] 合成链": 0.002396006727764702,
      "[RF板][RF] 输入衰减器组": 0.0,
      "前置放大器": 0.0,
      "[RF板][YTF]": 0.0,
      "[RF板][Mixer2]": 0.0
    },
    "topk": [
      {
        "module": "[电源板] 电源管理模块",
        "probability": 0.973144757926304
      },
      {
        "module": "[RF板][Mixer1]",
        "probability": 0.008286189933519594
      },
      {
        "module": "[时钟板][参考域] 10MHz 基准 OCXO",
        "probability": 0.005590682364784305
      }
    ],
    "disabled_modules": [
      "高频段YTF滤波器",
      "高频段混频器",
      "前置放大器",
      "衰减器"
    ]
  },
  "evidence_detail": {
    "viol_rate": 0.0,
    "envelope_violation": false,
    "violation_max_db": 0.0,
    "violation_energy": 0.14326366361422518,
    "baseline_coverage": 1.0
  },
  "config": {
    "mode": "unified_entry",
    "gating_status": "gated_ok",
    "run_name": null,
    "topk": 3
  },
  "uncertainty": {
    "is_uncertain": false,
    "reason": "",
    "top_class": "正常",
    "runner_up": "频率失准",
    "max_prob": 0.9974628586109217,
    "second_prob": 0.002051773137423055,
    "prob_gap": 0.9954110854734985,
    "support_top_features": [],
    "support_runnerup_features": [],
    "conflict_features": [],
    "suggested_actions": []
  },
  "module_validation": {
    "sample_id": "sim_00192",
    "gt_module": null,
    "gt_module_v2": null,
    "top1": "[电源板] 电源管理模块",
    "top3": [
      "[电源板] 电源管理模块",
      "[RF板][Mixer1]",
      "[时钟板][参考域] 10MHz 基准 OCXO"
    ],
    "top5": [
      "[电源板] 电源管理模块",
      "[RF板][Mixer1]",
      "[时钟板][参考域] 10MHz 基准 OCXO",
      "[时钟板][参考分配]",
      "[RF板][RF] 低频通路固定滤波/抑制网络"
    ],
    "gt_rank": -1,
    "gt_prob": 0.0,
    "top1_hit": false,
    "top3_hit": false,
    "top5_hit": false
  },
  "ground_truth": {
    "type": "normal",
    "system_class_en": "normal",
    "system_class_cn": "正常",
    "module": null,
    "module_v2": null,
    "fault_params": {
      "severity": "mid",
      "tier_target": "in_spec_weak",
      "type": "normal",
      "normal_state": "normal_state_A"
    }
  }
}