{
  "status": "success",
  "meta": {
    "sample_id": "sim_00079",
    "input_file": "/home/runner/work/FMFD-python/FMFD-python/Output/sim_spectrum/raw_curves/sim_00079.csv",
    "operating_condition": {
      "inject_power_dbm": -10.0,
      "freq_start_hz": 10000000.0,
      "freq_end_hz": 8200000000.0,
      "step_hz": 10000000.0,
      "frontend": {
        "low_band_only": true,
        "ac_coupling": true,
        "preamp": false
      }
    }
  },
  "data_points": 820,
  "frequency_range": {
    "min": 10000000.0,
    "max": 8200000000.0
  },
  "features": {
    "X1": -9.911779268292683,
    "X2": 0.0007733196067155788,
    "X3": 0.0002412761008257069,
    "X4": 0.033499502531249274,
    "X5": 0.2897889195008042,
    "X6": 0.0012238473994646052,
    "X7": 0.07950000000000124,
    "X8": 0.027632439024390245,
    "X9": 0.0011222166698411763,
    "X10": 0.017166035737084365,
    "X11": 0.0,
    "X12": 0.0,
    "X13": 0.2054109797014595,
    "X14": 0.007758974358974397,
    "X15": 0.013616405730157263,
    "X16": -0.005026752682357486,
    "X17": 0.0,
    "X18": 0.0,
    "X19": 9.679904166265125e-06,
    "X20": 0.0028383179230941913,
    "X21": 5.0,
    "X22": 0.044688231352556895,
    "X23": 0.00017815892682926894,
    "X24": 0.04587323379290664,
    "X25": 0.00017815892682926894,
    "X26": 0.0008167886999994871,
    "X27": 0.00011728920028016635,
    "X28": 0.18332347722693904,
    "X29": 0.346959221772597,
    "X30": 0.011716463414634361,
    "X31": 0.0052300851570078475,
    "X32": -3.309708881954858,
    "X33": 0.5326540565174402,
    "X34": 0.01639856569205093,
    "X35": 0.00034723040510703474,
    "X36": 0.8448211351271828,
    "X37": 0.033499502531249274,
    "offset_db": 0.020000000000000462,
    "viol_rate_aligned": 0.0,
    "viol_energy_aligned": 0.2054109797014595,
    "global_offset_db": 0.0,
    "shape_rmse": 0.013347618770000473,
    "ripple_hp": 0.005580256811950869,
    "tail_asym": 0.00849499999999636,
    "compress_ratio": 0.19878048780487806,
    "compress_ratio_high": 0.19661016949152543,
    "freq_shift_score": 0.07379012682206099,
    "offset_slope": 0.00023961643854106875,
    "high_low_energy_ratio": 1.6855462947747883,
    "band_offset_db_1": -0.010600000000001053,
    "band_offset_db_2": -0.0009999999999994458,
    "band_offset_db_3": -0.0014500000000010616,
    "band_offset_db_4": 0.0024999999999977263
  },
  "system": {
    "probs": {
      "正常": 0.9796096488038973,
      "幅度失准": 0.004371709728415615,
      "频率失准": 0.009496816922938288,
      "参考电平失准": 0.006521824543769028
    },
    "decision": "正常",
    "confidence": 0.9796096488038973,
    "is_normal": true
  },
  "module": {
    "topk": [
      {
        "module_id": "[电源板] 电源管理模块",
        "gamma": 0.8867353534673655
      },
      {
        "module_id": "[RF板][Mixer1]",
        "gamma": 0.03494782774055265
      },
      {
        "module_id": "[时钟板][参考域] 10MHz 基准 OCXO",
        "gamma": 0.023579257270734313
      }
    ],
    "gating": {
      "disabled_modules": [
        "高频段YTF滤波器",
        "高频段混频器",
        "前置放大器",
        "衰减器"
      ],
      "topk_k": 3
    }
  },
  "evidence": {
    "global_offset_db": 0.020000000000000462,
    "hf_std_db": 0.009802144944122673,
    "p95_abs_dev_db": 0.026705000000001616,
    "inside_env_frac": 1.0,
    "peak_freq_mae_hz": 4052.622278715041,
    "peak_freq_outlier_frac": 0.0
  },
  "artifacts": {
    "output_json": "Output/diagnosis/batch/sim_00079_diagnosis.json"
  },
  "system_diagnosis": {
    "probabilities": {
      "正常": 0.9796096488038973,
      "幅度失准": 0.004371709728415615,
      "频率失准": 0.009496816922938288,
      "参考电平失准": 0.006521824543769028
    },
    "predicted_class": "正常",
    "max_prob": 0.9796096488038973,
    "is_normal": true
  },
  "module_diagnosis": {
    "probabilities": {
      "[电源板] 电源管理模块": 0.8867353534673655,
      "[RF板][Mixer1]": 0.03494782774055265,
      "[时钟板][参考域] 10MHz 基准 OCXO": 0.023579257270734313,
      "[时钟板][参考分配]": 0.023579257270734313,
      "[RF板][RF] 低频通路固定滤波/抑制网络": 0.021052908277441353,
      "[LO/时钟板][LO1] 合成链": 0.010105395973171852,
      "[RF板][RF] 输入衰减器组": 0.0,
      "前置放大器": 0.0,
      "[RF板][YTF]": 0.0,
      "[RF板][Mixer2]": 0.0
    },
    "topk": [
      {
        "module": "[电源板] 电源管理模块",
        "probability": 0.8867353534673655
      },
      {
        "module": "[RF板][Mixer1]",
        "probability": 0.03494782774055265
      },
      {
        "module": "[时钟板][参考域] 10MHz 基准 OCXO",
        "probability": 0.023579257270734313
      }
    ],
    "disabled_modules": [
      "高频段YTF滤波器",
      "高频段混频器",
      "前置放大器",
      "衰减器"
    ]
  },
  "evidence_detail": {
    "viol_rate": 0.0,
    "envelope_violation": false,
    "violation_max_db": 0.0,
    "violation_energy": 0.2054109797014595,
    "baseline_coverage": 1.0
  },
  "config": {
    "mode": "unified_entry",
    "gating_status": "fallback_brb_only",
    "run_name": null,
    "topk": 3
  },
  "uncertainty": {
    "is_uncertain": false,
    "reason": "",
    "top_class": "正常",
    "runner_up": "频率失准",
    "max_prob": 0.9796096488038973,
    "second_prob": 0.009496816922938288,
    "prob_gap": 0.9701128318809591,
    "support_top_features": [],
    "support_runnerup_features": [],
    "conflict_features": [],
    "suggested_actions": []
  },
  "module_validation": {
    "sample_id": "sim_00079",
    "gt_module": null,
    "gt_module_v2": null,
    "top1": "[电源板] 电源管理模块",
    "top3": [
      "[电源板] 电源管理模块",
      "[RF板][Mixer1]",
      "[时钟板][参考域] 10MHz 基准 OCXO"
    ],
    "top5": [
      "[电源板] 电源管理模块",
      "[RF板][Mixer1]",
      "[时钟板][参考域] 10MHz 基准 OCXO",
      "[时钟板][参考分配]",
      "[RF板][RF] 低频通路固定滤波/抑制网络"
    ],
    "gt_rank": -1,
    "gt_prob": 0.0,
    "top1_hit": false,
    "top3_hit": false,
    "top5_hit": false
  },
  "ground_truth": {
    "type": "normal",
    "system_class_en": "normal",
    "system_class_cn": "正常",
    "module": null,
    "module_v2": null,
    "fault_params": {
      "severity": "light",
      "tier_target": "in_spec_weak",
      "type": "normal",
      "normal_state": "normal_state_A"
    }
  }
}