{
  "status": "success",
  "meta": {
    "sample_id": "sim_00054",
    "input_file": "/home/runner/work/FMFD-python/FMFD-python/Output/sim_spectrum/raw_curves/sim_00054.csv",
    "operating_condition": {
      "inject_power_dbm": -10.0,
      "freq_start_hz": 10000000.0,
      "freq_end_hz": 8200000000.0,
      "step_hz": 10000000.0,
      "frontend": {
        "low_band_only": true,
        "ac_coupling": true,
        "preamp": false
      }
    }
  },
  "data_points": 820,
  "frequency_range": {
    "min": 10000000.0,
    "max": 8200000000.0
  },
  "features": {
    "X1": -9.998574268292682,
    "X2": 0.0006348474004808624,
    "X3": 0.00024053092650277877,
    "X4": 0.030035429935945716,
    "X5": 0.2554217649436097,
    "X6": 0.001059327081781675,
    "X7": 0.0823999999999998,
    "X8": 0.025813780487804874,
    "X9": 0.0009021270514371039,
    "X10": 0.015810016510279537,
    "X11": 0.0,
    "X12": 0.0,
    "X13": 0.11666749392893255,
    "X14": 0.005438095238095233,
    "X15": 0.006024559641739133,
    "X16": 0.010317973610728507,
    "X17": 0.0,
    "X18": 0.0,
    "X19": -8.82667743867408e-05,
    "X20": 0.08572956700528289,
    "X21": 6.0,
    "X22": 0.03688723838315473,
    "X23": 4.979803658536533e-05,
    "X24": 0.11188797307053788,
    "X25": 4.979803658536533e-05,
    "X26": 2.4940347173780814e-07,
    "X27": 1.3724081843481502e-05,
    "X28": 0.02298850574584511,
    "X29": 0.1407462643456521,
    "X30": 0.004046341463414635,
    "X31": 0.0018817021560713632,
    "X32": -0.1690068658129593,
    "X33": 0.610227534815238,
    "X34": 0.016190047629704735,
    "X35": 0.00039446972322481255,
    "X36": 0.7803661679226558,
    "X37": 0.030035429935945716,
    "offset_db": -0.0658000000000003,
    "viol_rate_aligned": 0.0,
    "viol_energy_aligned": 0.11666749392893255,
    "global_offset_db": 0.0,
    "shape_rmse": 0.007056772391494949,
    "ripple_hp": 0.009128813650292042,
    "tail_asym": -0.0002099999999995092,
    "compress_ratio": 0.19878048780487806,
    "compress_ratio_high": 0.2,
    "freq_shift_score": 0.023281059764089673,
    "offset_slope": -0.0007982363041629748,
    "high_low_energy_ratio": 1.0234495292421988,
    "band_offset_db_1": 0.005700000000000038,
    "band_offset_db_2": 0.0029000000000003467,
    "band_offset_db_3": 0.0002500000000011937,
    "band_offset_db_4": -0.0025999999999992696
  },
  "system": {
    "probs": {
      "正常": 0.9096618937935176,
      "幅度失准": 0.03017820174539452,
      "频率失准": 0.014777708564217557,
      "参考电平失准": 0.04538219589596064
    },
    "decision": "正常",
    "confidence": 0.9096618937935176,
    "is_normal": true
  },
  "module": {
    "topk": [
      {
        "module_id": "[电源板] 电源管理模块",
        "gamma": 0.7216315809451147
      },
      {
        "module_id": "[校准链路][校准源]",
        "gamma": 0.11789721277618673
      },
      {
        "module_id": "[校准链路][校准路径开关/耦合]",
        "gamma": 0.08514798700502374
      }
    ],
    "gating": {
      "disabled_modules": [
        "高频段YTF滤波器",
        "高频段混频器",
        "前置放大器",
        "衰减器"
      ],
      "topk_k": 3
    }
  },
  "evidence": {
    "global_offset_db": -0.0658000000000003,
    "hf_std_db": 0.006603655536005107,
    "p95_abs_dev_db": 0.013799999999998125,
    "inside_env_frac": 1.0,
    "peak_freq_mae_hz": 4002.274619912065,
    "peak_freq_outlier_frac": 0.0
  },
  "artifacts": {
    "output_json": "Output/diagnosis/batch/sim_00054_diagnosis.json"
  },
  "system_diagnosis": {
    "probabilities": {
      "正常": 0.9096618937935176,
      "幅度失准": 0.03017820174539452,
      "频率失准": 0.014777708564217557,
      "参考电平失准": 0.04538219589596064
    },
    "predicted_class": "正常",
    "max_prob": 0.9096618937935176,
    "is_normal": true
  },
  "module_diagnosis": {
    "probabilities": {
      "[电源板] 电源管理模块": 0.7216315809451147,
      "[校准链路][校准源]": 0.11789721277618673,
      "[校准链路][校准路径开关/耦合]": 0.08514798700502374,
      "[校准链路][校准表/存储]": 0.07532321927367484,
      "[RF板][RF] 输入衰减器组": 0.0,
      "前置放大器": 0.0,
      "[RF板][RF] 低频通路固定滤波/抑制网络": 0.0,
      "[RF板][Mixer1]": 0.0,
      "[RF板][YTF]": 0.0,
      "[RF板][Mixer2]": 0.0
    },
    "topk": [
      {
        "module": "[电源板] 电源管理模块",
        "probability": 0.7216315809451147
      },
      {
        "module": "[校准链路][校准源]",
        "probability": 0.11789721277618673
      },
      {
        "module": "[校准链路][校准路径开关/耦合]",
        "probability": 0.08514798700502374
      }
    ],
    "disabled_modules": [
      "高频段YTF滤波器",
      "高频段混频器",
      "前置放大器",
      "衰减器"
    ]
  },
  "evidence_detail": {
    "viol_rate": 0.0,
    "envelope_violation": false,
    "violation_max_db": 0.0,
    "violation_energy": 0.11666749392893255,
    "baseline_coverage": 1.0
  },
  "config": {
    "mode": "unified_entry",
    "gating_status": "fallback_brb_only",
    "run_name": null,
    "topk": 3
  },
  "uncertainty": {
    "is_uncertain": false,
    "reason": "",
    "top_class": "正常",
    "runner_up": "参考电平失准",
    "max_prob": 0.9096618937935176,
    "second_prob": 0.04538219589596064,
    "prob_gap": 0.864279697897557,
    "support_top_features": [],
    "support_runnerup_features": [],
    "conflict_features": [],
    "suggested_actions": []
  },
  "module_validation": {
    "sample_id": "sim_00054",
    "gt_module": "存储器",
    "gt_module_v2": "[校准链路][校准表/存储]",
    "top1": "[电源板] 电源管理模块",
    "top3": [
      "[电源板] 电源管理模块",
      "[校准链路][校准源]",
      "[校准链路][校准路径开关/耦合]"
    ],
    "top5": [
      "[电源板] 电源管理模块",
      "[校准链路][校准源]",
      "[校准链路][校准路径开关/耦合]",
      "[校准链路][校准表/存储]",
      "[RF板][RF] 输入衰减器组"
    ],
    "gt_rank": 4,
    "gt_prob": 0.07532321927367484,
    "top1_hit": false,
    "top3_hit": false,
    "top5_hit": true
  },
  "ground_truth": {
    "type": "fault",
    "system_class_en": "ref_error",
    "system_class_cn": "参考电平失准",
    "module": "存储器",
    "module_v2": "[校准链路][校准表/存储]",
    "fault_params": {
      "severity": "mid",
      "tier_target": "in_spec_weak",
      "type": "ref_miscal",
      "subtype": "ref_error_offset",
      "offset_db": 0.10237440355128441,
      "template_id": "T1",
      "mean_offset_db": -0.06550235431070989
    }
  }
}