{
  "status": "success",
  "meta": {
    "sample_id": "sim_00015",
    "input_file": "/home/runner/work/FMFD-python/FMFD-python/Output/sim_spectrum/raw_curves/sim_00015.csv",
    "operating_condition": {
      "inject_power_dbm": -10.0,
      "freq_start_hz": 10000000.0,
      "freq_end_hz": 8200000000.0,
      "step_hz": 10000000.0,
      "frontend": {
        "low_band_only": true,
        "ac_coupling": true,
        "preamp": false
      }
    }
  },
  "data_points": 820,
  "frequency_range": {
    "min": 10000000.0,
    "max": 8200000000.0
  },
  "features": {
    "X1": -9.933073170731706,
    "X2": 0.0017092878674648056,
    "X3": 0.00019309605103859931,
    "X4": 0.043798950718789975,
    "X5": 0.36538455755816834,
    "X6": 0.0020287919387269506,
    "X7": 0.08680000000000021,
    "X8": 0.03678609756097562,
    "X9": 0.001918348084066993,
    "X10": 0.014699319226506967,
    "X11": 0.0,
    "X12": 0.0,
    "X13": 0.0,
    "X14": 0.029121062271062353,
    "X15": 0.03371833746052458,
    "X16": -0.008773290730054497,
    "X17": 0.0,
    "X18": 0.0,
    "X19": -5.4693206669338035e-05,
    "X20": -0.502761494470148,
    "X21": 0.0,
    "X22": 0.08940313110496811,
    "X23": 0.0011325888170731755,
    "X24": 0.06572928668496447,
    "X25": 0.0011325888170731755,
    "X26": 0.00046057076609374827,
    "X27": 4.214414181819657e-06,
    "X28": -1.5278982280190424e-14,
    "X29": -0.012571466710474162,
    "X30": 0.040882621951219646,
    "X31": 0.001313925948437469,
    "X32": -8.141382289923405,
    "X33": 0.41664323141439,
    "X34": 0.013563000097647318,
    "X35": 0.0003521812027831065,
    "X36": 0.9078140038732739,
    "X37": 0.04379895071878998,
    "offset_db": 4.999999999988347e-05,
    "viol_rate_aligned": 0.0,
    "viol_energy_aligned": 0.0,
    "global_offset_db": 0.0,
    "shape_rmse": 0.03365395693039937,
    "ripple_hp": 0.006692790000484179,
    "tail_asym": -1.7832957333041577e-15,
    "compress_ratio": 0.2,
    "compress_ratio_high": 0.2,
    "freq_shift_score": 0.3350870460822457,
    "offset_slope": 5.8798494317395985e-05,
    "high_low_energy_ratio": 0.9919878364307665,
    "band_offset_db_1": -0.027650000000000396,
    "band_offset_db_2": 0.0009499999999995623,
    "band_offset_db_3": -0.00140000000000029,
    "band_offset_db_4": 0.0014500000000019497
  },
  "system": {
    "probs": {
      "正常": 0.004968692478289747,
      "幅度失准": 0.9580183435903583,
      "频率失准": 0.037007333042136506,
      "参考电平失准": 5.630793413422911e-06
    },
    "decision": "幅度失准",
    "confidence": 0.9580183435903583,
    "is_normal": false
  },
  "module": {
    "topk": [
      {
        "module_id": "[数字中频板][ADC] 数字检波与平均",
        "gamma": 0.270011647589791
      },
      {
        "module_id": "[数字中频板][IF] 中频放大/衰减链",
        "gamma": 0.26308827201056556
      },
      {
        "module_id": "[数字中频板][DSP] 数字增益/偏置校准",
        "gamma": 0.1661610139014098
      }
    ],
    "gating": {
      "disabled_modules": [
        "高频段YTF滤波器",
        "高频段混频器",
        "前置放大器",
        "衰减器"
      ],
      "topk_k": 3
    }
  },
  "evidence": {
    "global_offset_db": 4.999999999988347e-05,
    "hf_std_db": 0.03725148102737513,
    "p95_abs_dev_db": 0.05526500000000077,
    "inside_env_frac": 1.0,
    "peak_freq_mae_hz": 3991.111028580129,
    "peak_freq_outlier_frac": 0.0
  },
  "artifacts": {
    "output_json": "Output/diagnosis/batch/sim_00015_diagnosis.json"
  },
  "system_diagnosis": {
    "probabilities": {
      "正常": 0.004968692478289747,
      "幅度失准": 0.9580183435903583,
      "频率失准": 0.037007333042136506,
      "参考电平失准": 5.630793413422911e-06
    },
    "predicted_class": "幅度失准",
    "max_prob": 0.9580183435903583,
    "is_normal": false
  },
  "module_diagnosis": {
    "probabilities": {
      "[数字中频板][ADC] 数字检波与平均": 0.270011647589791,
      "[数字中频板][IF] 中频放大/衰减链": 0.26308827201056556,
      "[数字中频板][DSP] 数字增益/偏置校准": 0.1661610139014098,
      "[数字中频板][IF] RBW数字滤波器": 0.1246207604260574,
      "[数字中频板][VBW]": 0.10385063368838116,
      "[电源板] 电源管理模块": 0.07226767238379514,
      "[RF板][RF] 输入衰减器组": 0.0,
      "前置放大器": 0.0,
      "[RF板][RF] 低频通路固定滤波/抑制网络": 0.0,
      "[RF板][Mixer1]": 0.0
    },
    "topk": [
      {
        "module": "[数字中频板][ADC] 数字检波与平均",
        "probability": 0.270011647589791
      },
      {
        "module": "[数字中频板][IF] 中频放大/衰减链",
        "probability": 0.26308827201056556
      },
      {
        "module": "[数字中频板][DSP] 数字增益/偏置校准",
        "probability": 0.1661610139014098
      }
    ],
    "disabled_modules": [
      "高频段YTF滤波器",
      "高频段混频器",
      "前置放大器",
      "衰减器"
    ]
  },
  "evidence_detail": {
    "viol_rate": 0.0,
    "envelope_violation": false,
    "violation_max_db": 0.0,
    "violation_energy": 0.0,
    "baseline_coverage": 1.0
  },
  "config": {
    "mode": "unified_entry",
    "gating_status": "gated_ok",
    "run_name": null,
    "topk": 3
  },
  "uncertainty": {
    "is_uncertain": false,
    "reason": "",
    "top_class": "幅度失准",
    "runner_up": "频率失准",
    "max_prob": 0.9580183435903583,
    "second_prob": 0.037007333042136506,
    "prob_gap": 0.9210110105482218,
    "support_top_features": [],
    "support_runnerup_features": [],
    "conflict_features": [],
    "suggested_actions": []
  },
  "module_validation": {
    "sample_id": "sim_00015",
    "gt_module": "ADC",
    "gt_module_v2": "[数字中频板][ADC]",
    "top1": "[数字中频板][ADC] 数字检波与平均",
    "top3": [
      "[数字中频板][ADC] 数字检波与平均",
      "[数字中频板][IF] 中频放大/衰减链",
      "[数字中频板][DSP] 数字增益/偏置校准"
    ],
    "top5": [
      "[数字中频板][ADC] 数字检波与平均",
      "[数字中频板][IF] 中频放大/衰减链",
      "[数字中频板][DSP] 数字增益/偏置校准",
      "[数字中频板][IF] RBW数字滤波器",
      "[数字中频板][VBW]"
    ],
    "gt_rank": -1,
    "gt_prob": 0.0,
    "top1_hit": false,
    "top3_hit": false,
    "top5_hit": false
  },
  "ground_truth": {
    "type": "fault",
    "system_class_en": "amp_error",
    "system_class_cn": "幅度失准",
    "module": "ADC",
    "module_v2": "[数字中频板][ADC]",
    "fault_params": {
      "severity": "mid",
      "tier_target": "edge",
      "type": "adc_bias",
      "subtype": "amp_error_offset",
      "offset_db": -0.1680379054886219,
      "template_id": "T1"
    }
  }
}