{
  "status": "success",
  "meta": {
    "sample_id": "sim_00158",
    "input_file": "/home/runner/work/FMFD-python/FMFD-python/Output/sim_spectrum/raw_curves/sim_00158.csv",
    "operating_condition": {
      "inject_power_dbm": -10.0,
      "freq_start_hz": 10000000.0,
      "freq_end_hz": 8200000000.0,
      "step_hz": 10000000.0,
      "frontend": {
        "low_band_only": true,
        "ac_coupling": true,
        "preamp": false
      }
    }
  },
  "data_points": 820,
  "frequency_range": {
    "min": 10000000.0,
    "max": 8200000000.0
  },
  "features": {
    "X1": -9.94243743902439,
    "X2": 0.0007386460086588675,
    "X3": 0.00026828261668005013,
    "X4": 0.030781661923180628,
    "X5": 0.3012075031033254,
    "X6": 0.0009862530251487204,
    "X7": 0.06729999999999947,
    "X8": 0.025082560975609736,
    "X9": 0.0009475107107529884,
    "X10": 0.009410902453752652,
    "X11": 0.0,
    "X12": 0.0,
    "X13": 0.22935485897649438,
    "X14": 0.007690842490842018,
    "X15": 0.013067057145526492,
    "X16": -0.019280549382504217,
    "X17": 0.0,
    "X18": 0.0,
    "X19": -3.7408449527070697e-05,
    "X20": -0.04264168447461447,
    "X21": 3.0,
    "X22": 0.035525806733402644,
    "X23": 0.00015756440243903022,
    "X24": 0.045332514199992846,
    "X25": 0.00015756440243903022,
    "X26": 0.00031489310989313583,
    "X27": 0.00010125795243825844,
    "X28": 0.11551155115138413,
    "X29": -0.3301998766606585,
    "X30": 0.006490396341463616,
    "X31": 0.006673759162742203,
    "X32": -3.028418872123081,
    "X33": 0.5824001454415101,
    "X34": 0.013183840037183812,
    "X35": 0.0003345270940021859,
    "X36": 0.8213964327407116,
    "X37": 0.03078166192318063,
    "offset_db": -0.010700000000001708,
    "viol_rate_aligned": 0.0,
    "viol_energy_aligned": 0.22935485897649438,
    "global_offset_db": 0.0,
    "shape_rmse": 0.01255246599035545,
    "ripple_hp": 0.005448354283428342,
    "tail_asym": 0.004900000000002791,
    "compress_ratio": 0.2,
    "compress_ratio_high": 0.2,
    "freq_shift_score": 0.0803163186180541,
    "offset_slope": 0.0018689596649550902,
    "high_low_energy_ratio": 161.79643772204412,
    "band_offset_db_1": -0.0005999999999986017,
    "band_offset_db_2": -0.0030999999999981043,
    "band_offset_db_3": -0.000249999999997641,
    "band_offset_db_4": 0.007100000000002993
  },
  "system": {
    "probs": {
      "正常": 0.9964103656594673,
      "幅度失准": 0.00029337238076787065,
      "频率失准": 0.00246828499139471,
      "参考电平失准": 0.0008279768687293173
    },
    "decision": "正常",
    "confidence": 0.9964103656594673,
    "is_normal": true
  },
  "module": {
    "topk": [
      {
        "module_id": "[电源板] 电源管理模块",
        "gamma": 0.9678682893144256
      },
      {
        "module_id": "[RF板][Mixer1]",
        "gamma": 0.00991424530447093
      },
      {
        "module_id": "[时钟板][参考域] 10MHz 基准 OCXO",
        "gamma": 0.006689129362052675
      }
    ],
    "gating": {
      "disabled_modules": [
        "高频段YTF滤波器",
        "高频段混频器",
        "前置放大器",
        "衰减器"
      ],
      "topk_k": 3
    }
  },
  "evidence": {
    "global_offset_db": -0.010700000000001708,
    "hf_std_db": 0.00986531286834074,
    "p95_abs_dev_db": 0.02510999999999849,
    "inside_env_frac": 1.0,
    "peak_freq_mae_hz": 4137.3726434688315,
    "peak_freq_outlier_frac": 0.0
  },
  "artifacts": {
    "output_json": "Output/diagnosis/batch/sim_00158_diagnosis.json"
  },
  "system_diagnosis": {
    "probabilities": {
      "正常": 0.9964103656594673,
      "幅度失准": 0.00029337238076787065,
      "频率失准": 0.00246828499139471,
      "参考电平失准": 0.0008279768687293173
    },
    "predicted_class": "正常",
    "max_prob": 0.9964103656594673,
    "is_normal": true
  },
  "module_diagnosis": {
    "probabilities": {
      "[电源板] 电源管理模块": 0.9678682893144256,
      "[RF板][Mixer1]": 0.00991424530447093,
      "[时钟板][参考域] 10MHz 基准 OCXO": 0.006689129362052675,
      "[时钟板][参考分配]": 0.006689129362052675,
      "[RF板][RF] 低频通路固定滤波/抑制网络": 0.005972436930404174,
      "[LO/时钟板][LO1] 合成链": 0.0028667697265940036,
      "[RF板][RF] 输入衰减器组": 0.0,
      "前置放大器": 0.0,
      "[RF板][YTF]": 0.0,
      "[RF板][Mixer2]": 0.0
    },
    "topk": [
      {
        "module": "[电源板] 电源管理模块",
        "probability": 0.9678682893144256
      },
      {
        "module": "[RF板][Mixer1]",
        "probability": 0.00991424530447093
      },
      {
        "module": "[时钟板][参考域] 10MHz 基准 OCXO",
        "probability": 0.006689129362052675
      }
    ],
    "disabled_modules": [
      "高频段YTF滤波器",
      "高频段混频器",
      "前置放大器",
      "衰减器"
    ]
  },
  "evidence_detail": {
    "viol_rate": 0.0,
    "envelope_violation": false,
    "violation_max_db": 0.0,
    "violation_energy": 0.22935485897649438,
    "baseline_coverage": 1.0
  },
  "config": {
    "mode": "unified_entry",
    "gating_status": "gated_ok",
    "run_name": null,
    "topk": 3
  },
  "uncertainty": {
    "is_uncertain": false,
    "reason": "",
    "top_class": "正常",
    "runner_up": "频率失准",
    "max_prob": 0.9964103656594673,
    "second_prob": 0.00246828499139471,
    "prob_gap": 0.9939420806680725,
    "support_top_features": [],
    "support_runnerup_features": [],
    "conflict_features": [],
    "suggested_actions": []
  },
  "module_validation": {
    "sample_id": "sim_00158",
    "gt_module": null,
    "gt_module_v2": null,
    "top1": "[电源板] 电源管理模块",
    "top3": [
      "[电源板] 电源管理模块",
      "[RF板][Mixer1]",
      "[时钟板][参考域] 10MHz 基准 OCXO"
    ],
    "top5": [
      "[电源板] 电源管理模块",
      "[RF板][Mixer1]",
      "[时钟板][参考域] 10MHz 基准 OCXO",
      "[时钟板][参考分配]",
      "[RF板][RF] 低频通路固定滤波/抑制网络"
    ],
    "gt_rank": -1,
    "gt_prob": 0.0,
    "top1_hit": false,
    "top3_hit": false,
    "top5_hit": false
  },
  "ground_truth": {
    "type": "normal",
    "system_class_en": "normal",
    "system_class_cn": "正常",
    "module": null,
    "module_v2": null,
    "fault_params": {
      "severity": "mid",
      "tier_target": "in_spec_weak",
      "type": "normal",
      "normal_state": "normal_state_B"
    }
  }
}