{
  "status": "success",
  "meta": {
    "sample_id": "sim_00184",
    "input_file": "/home/runner/work/FMFD-python/FMFD-python/Output/sim_spectrum/raw_curves/sim_00184.csv",
    "operating_condition": {
      "inject_power_dbm": -10.0,
      "freq_start_hz": 10000000.0,
      "freq_end_hz": 8200000000.0,
      "step_hz": 10000000.0,
      "frontend": {
        "low_band_only": true,
        "ac_coupling": true,
        "preamp": false
      }
    }
  },
  "data_points": 820,
  "frequency_range": {
    "min": 10000000.0,
    "max": 8200000000.0
  },
  "features": {
    "X1": -9.928131951219513,
    "X2": 0.0006381699617869645,
    "X3": 0.0002593620176023042,
    "X4": 0.028507631578045485,
    "X5": 0.25933169406766043,
    "X6": 0.0008982283449732305,
    "X7": 0.09670000000000023,
    "X8": 0.023480487804878047,
    "X9": 0.000812685058189576,
    "X10": 0.011733234495700818,
    "X11": 0.0,
    "X12": 0.0,
    "X13": 0.1639074735488061,
    "X14": 0.006855311355311548,
    "X15": 0.009337188110476858,
    "X16": 0.005979899424097493,
    "X17": 0.0,
    "X18": 0.0,
    "X19": -3.088966583555047e-05,
    "X20": 0.18648013944224795,
    "X21": 5.0,
    "X22": 0.031108603358119442,
    "X23": 0.0001222039268292675,
    "X24": 0.04692160569563042,
    "X25": 0.0001222039268292675,
    "X26": 0.0005743724967803483,
    "X27": 0.00016818065596912508,
    "X28": -0.04531304046880728,
    "X29": 0.38181820946595424,
    "X30": 0.0032678353658537086,
    "X31": 0.004074829142449394,
    "X32": -2.8325771922146674,
    "X33": 0.6108654310980299,
    "X34": 0.01502391959198065,
    "X35": 0.0003351798127201787,
    "X36": 0.7932575553924619,
    "X37": 0.028507631578045485,
    "offset_db": 0.004999999999999893,
    "viol_rate_aligned": 0.0,
    "viol_energy_aligned": 0.1639074735488061,
    "global_offset_db": -8.881784197001252e-16,
    "shape_rmse": 0.011054588496604812,
    "ripple_hp": 0.005546496708063849,
    "tail_asym": -0.0018999999999989511,
    "compress_ratio": 0.2,
    "compress_ratio_high": 0.2,
    "freq_shift_score": 0.0657862072283193,
    "offset_slope": 0.0005911999332278447,
    "high_low_energy_ratio": 11.478308770662553,
    "band_offset_db_1": -0.0006499999999993733,
    "band_offset_db_2": -0.0010000000000012221,
    "band_offset_db_3": -0.004149999999998322,
    "band_offset_db_4": 0.004199999999999093
  },
  "system": {
    "probs": {
      "正常": 0.9831675060917452,
      "幅度失准": 0.003106210489331071,
      "频率失准": 0.00995440497891815,
      "参考电平失准": 0.0037718783416887942
    },
    "decision": "正常",
    "confidence": 0.9831675060917452,
    "is_normal": true
  },
  "module": {
    "topk": [
      {
        "module_id": "[电源板] 电源管理模块",
        "gamma": 0.8819222930996911
      },
      {
        "module_id": "[RF板][Mixer1]",
        "gamma": 0.03643289841161948
      },
      {
        "module_id": "[时钟板][参考域] 10MHz 基准 OCXO",
        "gamma": 0.024581232663261336
      }
    ],
    "gating": {
      "disabled_modules": [
        "高频段YTF滤波器",
        "高频段混频器",
        "前置放大器",
        "衰减器"
      ],
      "topk_k": 3
    }
  },
  "evidence": {
    "global_offset_db": 0.004999999999999893,
    "hf_std_db": 0.008630833124586484,
    "p95_abs_dev_db": 0.02150500000000299,
    "inside_env_frac": 1.0,
    "peak_freq_mae_hz": 3815.486278217313,
    "peak_freq_outlier_frac": 0.0
  },
  "artifacts": {
    "output_json": "Output/diagnosis/batch/sim_00184_diagnosis.json"
  },
  "system_diagnosis": {
    "probabilities": {
      "正常": 0.9831675060917452,
      "幅度失准": 0.003106210489331071,
      "频率失准": 0.00995440497891815,
      "参考电平失准": 0.0037718783416887942
    },
    "predicted_class": "正常",
    "max_prob": 0.9831675060917452,
    "is_normal": true
  },
  "module_diagnosis": {
    "probabilities": {
      "[电源板] 电源管理模块": 0.8819222930996911,
      "[RF板][Mixer1]": 0.03643289841161948,
      "[时钟板][参考域] 10MHz 基准 OCXO": 0.024581232663261336,
      "[时钟板][参考分配]": 0.024581232663261336,
      "[RF板][RF] 低频通路固定滤波/抑制网络": 0.02194752916362619,
      "[LO/时钟板][LO1] 合成链": 0.010534813998540574,
      "[RF板][RF] 输入衰减器组": 0.0,
      "前置放大器": 0.0,
      "[RF板][YTF]": 0.0,
      "[RF板][Mixer2]": 0.0
    },
    "topk": [
      {
        "module": "[电源板] 电源管理模块",
        "probability": 0.8819222930996911
      },
      {
        "module": "[RF板][Mixer1]",
        "probability": 0.03643289841161948
      },
      {
        "module": "[时钟板][参考域] 10MHz 基准 OCXO",
        "probability": 0.024581232663261336
      }
    ],
    "disabled_modules": [
      "高频段YTF滤波器",
      "高频段混频器",
      "前置放大器",
      "衰减器"
    ]
  },
  "evidence_detail": {
    "viol_rate": 0.0,
    "envelope_violation": false,
    "violation_max_db": 0.0,
    "violation_energy": 0.1639074735488061,
    "baseline_coverage": 1.0
  },
  "config": {
    "mode": "unified_entry",
    "gating_status": "gated_ok",
    "run_name": null,
    "topk": 3
  },
  "uncertainty": {
    "is_uncertain": false,
    "reason": "",
    "top_class": "正常",
    "runner_up": "频率失准",
    "max_prob": 0.9831675060917452,
    "second_prob": 0.00995440497891815,
    "prob_gap": 0.973213101112827,
    "support_top_features": [],
    "support_runnerup_features": [],
    "conflict_features": [],
    "suggested_actions": []
  },
  "module_validation": {
    "sample_id": "sim_00184",
    "gt_module": null,
    "gt_module_v2": null,
    "top1": "[电源板] 电源管理模块",
    "top3": [
      "[电源板] 电源管理模块",
      "[RF板][Mixer1]",
      "[时钟板][参考域] 10MHz 基准 OCXO"
    ],
    "top5": [
      "[电源板] 电源管理模块",
      "[RF板][Mixer1]",
      "[时钟板][参考域] 10MHz 基准 OCXO",
      "[时钟板][参考分配]",
      "[RF板][RF] 低频通路固定滤波/抑制网络"
    ],
    "gt_rank": -1,
    "gt_prob": 0.0,
    "top1_hit": false,
    "top3_hit": false,
    "top5_hit": false
  },
  "ground_truth": {
    "type": "normal",
    "system_class_en": "normal",
    "system_class_cn": "正常",
    "module": null,
    "module_v2": null,
    "fault_params": {
      "severity": "severe",
      "tier_target": "edge",
      "type": "normal",
      "normal_state": "normal_state_A"
    }
  }
}