{
  "status": "success",
  "meta": {
    "sample_id": "sim_00178",
    "input_file": "/home/runner/work/FMFD-python/FMFD-python/Output/sim_spectrum/raw_curves/sim_00178.csv",
    "operating_condition": {
      "inject_power_dbm": -10.0,
      "freq_start_hz": 10000000.0,
      "freq_end_hz": 8200000000.0,
      "step_hz": 10000000.0,
      "frontend": {
        "low_band_only": true,
        "ac_coupling": true,
        "preamp": false
      }
    }
  },
  "data_points": 820,
  "frequency_range": {
    "min": 10000000.0,
    "max": 8200000000.0
  },
  "features": {
    "X1": -9.942963902439026,
    "X2": 0.0008114209701153427,
    "X3": 0.00014679838940052738,
    "X4": 0.031246463038690126,
    "X5": 0.2813774523695558,
    "X6": 0.0011369828189173124,
    "X7": 0.08910000000000018,
    "X8": 0.026929756097560983,
    "X9": 0.0009763414524282283,
    "X10": 0.018394871989944536,
    "X11": 0.0,
    "X12": 0.0,
    "X13": 0.16264450051696228,
    "X14": 0.008877289377289321,
    "X15": 0.008405115669498989,
    "X16": 0.001726750354695181,
    "X17": 0.0,
    "X18": 0.0,
    "X19": -9.78913791422243e-05,
    "X20": 0.186931238550073,
    "X21": 6.0,
    "X22": 0.04323723094719785,
    "X23": 0.0001298541219512184,
    "X24": 0.04460410907839074,
    "X25": 0.0001298541219512184,
    "X26": 0.0005055952333363314,
    "X27": 0.00017926189782743144,
    "X28": -0.0209318028352752,
    "X29": 0.10581261914656033,
    "X30": 0.011120518158686204,
    "X31": 0.00424180459433685,
    "X32": -2.9846310220510275,
    "X33": 0.5486780334220558,
    "X34": 0.017213864308717252,
    "X35": 0.00034228593111406243,
    "X36": 0.8246519605248451,
    "X37": 0.031246463038690126,
    "offset_db": -0.009999999999999787,
    "viol_rate_aligned": 0.0,
    "viol_energy_aligned": 0.16264450051696228,
    "global_offset_db": 0.0,
    "shape_rmse": 0.01139535527972772,
    "ripple_hp": 0.00546386517569246,
    "tail_asym": 0.0002300000000012084,
    "compress_ratio": 0.19878048780487806,
    "compress_ratio_high": 0.2,
    "freq_shift_score": 0.05841826411890527,
    "offset_slope": -0.0008558983869877122,
    "high_low_energy_ratio": 3.864953261608523,
    "band_offset_db_1": -0.004250000000000753,
    "band_offset_db_2": 0.0010999999999992127,
    "band_offset_db_3": 0.004449999999999399,
    "band_offset_db_4": -0.001800000000001134
  },
  "system": {
    "probs": {
      "正常": 0.9890612558776855,
      "幅度失准": 0.001472251604243554,
      "频率失准": 0.006297387076846266,
      "参考电平失准": 0.0031691053423187126
    },
    "decision": "正常",
    "confidence": 0.9890612558776855,
    "is_normal": true
  },
  "module": {
    "topk": [
      {
        "module_id": "[电源板] 电源管理模块",
        "gamma": 0.9219140154755888
      },
      {
        "module_id": "[RF板][Mixer1]",
        "gamma": 0.0240934450391306
      },
      {
        "module_id": "[时钟板][参考域] 10MHz 基准 OCXO",
        "gamma": 0.016255818339654383
      }
    ],
    "gating": {
      "disabled_modules": [
        "高频段YTF滤波器",
        "高频段混频器",
        "前置放大器",
        "衰减器"
      ],
      "topk_k": 3
    }
  },
  "evidence": {
    "global_offset_db": -0.009999999999999787,
    "hf_std_db": 0.008751897239353995,
    "p95_abs_dev_db": 0.022814999999998416,
    "inside_env_frac": 1.0,
    "peak_freq_mae_hz": 4166.968812498745,
    "peak_freq_outlier_frac": 0.0
  },
  "artifacts": {
    "output_json": "Output/diagnosis/batch/sim_00178_diagnosis.json"
  },
  "system_diagnosis": {
    "probabilities": {
      "正常": 0.9890612558776855,
      "幅度失准": 0.001472251604243554,
      "频率失准": 0.006297387076846266,
      "参考电平失准": 0.0031691053423187126
    },
    "predicted_class": "正常",
    "max_prob": 0.9890612558776855,
    "is_normal": true
  },
  "module_diagnosis": {
    "probabilities": {
      "[电源板] 电源管理模块": 0.9219140154755888,
      "[RF板][Mixer1]": 0.0240934450391306,
      "[时钟板][参考域] 10MHz 基准 OCXO": 0.016255818339654383,
      "[时钟板][参考分配]": 0.016255818339654383,
      "[RF板][RF] 低频通路固定滤波/抑制网络": 0.014514123517548553,
      "[LO/时钟板][LO1] 合成链": 0.006966779288423306,
      "[RF板][RF] 输入衰减器组": 0.0,
      "前置放大器": 0.0,
      "[RF板][YTF]": 0.0,
      "[RF板][Mixer2]": 0.0
    },
    "topk": [
      {
        "module": "[电源板] 电源管理模块",
        "probability": 0.9219140154755888
      },
      {
        "module": "[RF板][Mixer1]",
        "probability": 0.0240934450391306
      },
      {
        "module": "[时钟板][参考域] 10MHz 基准 OCXO",
        "probability": 0.016255818339654383
      }
    ],
    "disabled_modules": [
      "高频段YTF滤波器",
      "高频段混频器",
      "前置放大器",
      "衰减器"
    ]
  },
  "evidence_detail": {
    "viol_rate": 0.0,
    "envelope_violation": false,
    "violation_max_db": 0.0,
    "violation_energy": 0.16264450051696228,
    "baseline_coverage": 1.0
  },
  "config": {
    "mode": "unified_entry",
    "gating_status": "gated_ok",
    "run_name": null,
    "topk": 3
  },
  "uncertainty": {
    "is_uncertain": false,
    "reason": "",
    "top_class": "正常",
    "runner_up": "频率失准",
    "max_prob": 0.9890612558776855,
    "second_prob": 0.006297387076846266,
    "prob_gap": 0.9827638688008392,
    "support_top_features": [],
    "support_runnerup_features": [],
    "conflict_features": [],
    "suggested_actions": []
  },
  "module_validation": {
    "sample_id": "sim_00178",
    "gt_module": null,
    "gt_module_v2": null,
    "top1": "[电源板] 电源管理模块",
    "top3": [
      "[电源板] 电源管理模块",
      "[RF板][Mixer1]",
      "[时钟板][参考域] 10MHz 基准 OCXO"
    ],
    "top5": [
      "[电源板] 电源管理模块",
      "[RF板][Mixer1]",
      "[时钟板][参考域] 10MHz 基准 OCXO",
      "[时钟板][参考分配]",
      "[RF板][RF] 低频通路固定滤波/抑制网络"
    ],
    "gt_rank": -1,
    "gt_prob": 0.0,
    "top1_hit": false,
    "top3_hit": false,
    "top5_hit": false
  },
  "ground_truth": {
    "type": "normal",
    "system_class_en": "normal",
    "system_class_cn": "正常",
    "module": null,
    "module_v2": null,
    "fault_params": {
      "severity": "light",
      "tier_target": "in_spec_weak",
      "type": "normal",
      "normal_state": "normal_state_A"
    }
  }
}