{
  "status": "success",
  "meta": {
    "sample_id": "sim_00140",
    "input_file": "/home/runner/work/FMFD-python/FMFD-python/Output/sim_spectrum/raw_curves/sim_00140.csv",
    "operating_condition": {
      "inject_power_dbm": -10.0,
      "freq_start_hz": 10000000.0,
      "freq_end_hz": 8200000000.0,
      "step_hz": 10000000.0,
      "frontend": {
        "low_band_only": true,
        "ac_coupling": true,
        "preamp": false
      }
    }
  },
  "data_points": 820,
  "frequency_range": {
    "min": 10000000.0,
    "max": 8200000000.0
  },
  "features": {
    "X1": -10.043819024390244,
    "X2": 0.0005974568079103068,
    "X3": 0.00021684191911632892,
    "X4": 0.02891269911644188,
    "X5": 0.2767713716403782,
    "X6": 0.000989960613682334,
    "X7": 0.07830000000000048,
    "X8": 0.025005365853658573,
    "X9": 0.0008359441701978992,
    "X10": 0.015603380797955558,
    "X11": 0.0,
    "X12": 0.0,
    "X13": 0.08037654204957222,
    "X14": 0.0032408424908424664,
    "X15": 0.0042863740260285855,
    "X16": 0.0022174235660475713,
    "X17": 0.0,
    "X18": 0.0,
    "X19": -7.629995403324328e-05,
    "X20": -0.0055342682192209836,
    "X21": 4.0,
    "X22": 0.038208497719204586,
    "X23": 2.0007280487804607e-05,
    "X24": 0.045516600874154656,
    "X25": 2.0007280487804607e-05,
    "X26": 0.0001322096740470636,
    "X27": 2.867214730308798e-05,
    "X28": -0.11764705881292264,
    "X29": 0.07855890633181059,
    "X30": 0.0010513439740922198,
    "X31": 0.00184133658907459,
    "X32": -0.37587146100337443,
    "X33": 0.5841762513641475,
    "X34": 0.014577233383996233,
    "X35": 0.00033783583270345207,
    "X36": 0.797151406990669,
    "X37": 0.02891269911644188,
    "offset_db": -0.11045000000000016,
    "viol_rate_aligned": 0.0,
    "viol_energy_aligned": 0.08037654204957222,
    "global_offset_db": 0.0,
    "shape_rmse": 0.0044729498642176405,
    "ripple_hp": 0.005483553931776203,
    "tail_asym": -0.0015000000000015713,
    "compress_ratio": 0.19878048780487806,
    "compress_ratio_high": 0.19322033898305085,
    "freq_shift_score": 0.010054214239615167,
    "offset_slope": -0.0007443283076804953,
    "high_low_energy_ratio": 2.7693359642719675,
    "band_offset_db_1": 0.0020500000000005514,
    "band_offset_db_2": 0.002049999999998775,
    "band_offset_db_3": -0.00140000000000029,
    "band_offset_db_4": -0.001949999999999008
  },
  "system": {
    "probs": {
      "正常": 0.005596566747510701,
      "幅度失准": 0.0015122539640829967,
      "频率失准": 0.002154788900875393,
      "参考电平失准": 0.9907363902884573
    },
    "decision": "参考电平失准",
    "confidence": 0.9907363902884573,
    "is_normal": false
  },
  "module": {
    "topk": [
      {
        "module_id": "[校准链路][校准源]",
        "gamma": 0.3785747621267151
      },
      {
        "module_id": "[校准链路][校准路径开关/耦合]",
        "gamma": 0.2734151059804053
      },
      {
        "module_id": "[校准链路][校准表/存储]",
        "gamma": 0.2418672091365124
      }
    ],
    "gating": {
      "disabled_modules": [
        "高频段YTF滤波器",
        "高频段混频器",
        "前置放大器",
        "衰减器"
      ],
      "topk_k": 3
    }
  },
  "evidence": {
    "global_offset_db": -0.11045000000000016,
    "hf_std_db": 0.003971821769373743,
    "p95_abs_dev_db": 0.008655000000001052,
    "inside_env_frac": 1.0,
    "peak_freq_mae_hz": 4011.77991990373,
    "peak_freq_outlier_frac": 0.0
  },
  "artifacts": {
    "output_json": "Output/diagnosis/batch/sim_00140_diagnosis.json"
  },
  "system_diagnosis": {
    "probabilities": {
      "正常": 0.005596566747510701,
      "幅度失准": 0.0015122539640829967,
      "频率失准": 0.002154788900875393,
      "参考电平失准": 0.9907363902884573
    },
    "predicted_class": "参考电平失准",
    "max_prob": 0.9907363902884573,
    "is_normal": false
  },
  "module_diagnosis": {
    "probabilities": {
      "[校准链路][校准源]": 0.3785747621267151,
      "[校准链路][校准路径开关/耦合]": 0.2734151059804053,
      "[校准链路][校准表/存储]": 0.2418672091365124,
      "[电源板] 电源管理模块": 0.10614292275636715,
      "[RF板][RF] 输入衰减器组": 0.0,
      "前置放大器": 0.0,
      "[RF板][RF] 低频通路固定滤波/抑制网络": 0.0,
      "[RF板][Mixer1]": 0.0,
      "[RF板][YTF]": 0.0,
      "[RF板][Mixer2]": 0.0
    },
    "topk": [
      {
        "module": "[校准链路][校准源]",
        "probability": 0.3785747621267151
      },
      {
        "module": "[校准链路][校准路径开关/耦合]",
        "probability": 0.2734151059804053
      },
      {
        "module": "[校准链路][校准表/存储]",
        "probability": 0.2418672091365124
      }
    ],
    "disabled_modules": [
      "高频段YTF滤波器",
      "高频段混频器",
      "前置放大器",
      "衰减器"
    ]
  },
  "evidence_detail": {
    "viol_rate": 0.0,
    "envelope_violation": false,
    "violation_max_db": 0.0,
    "violation_energy": 0.08037654204957222,
    "baseline_coverage": 1.0
  },
  "config": {
    "mode": "unified_entry",
    "gating_status": "gated_ok",
    "run_name": null,
    "topk": 3
  },
  "uncertainty": {
    "is_uncertain": false,
    "reason": "",
    "top_class": "参考电平失准",
    "runner_up": "正常",
    "max_prob": 0.9907363902884573,
    "second_prob": 0.005596566747510701,
    "prob_gap": 0.9851398235409465,
    "support_top_features": [],
    "support_runnerup_features": [],
    "conflict_features": [],
    "suggested_actions": []
  },
  "module_validation": {
    "sample_id": "sim_00140",
    "gt_module": "校准源",
    "gt_module_v2": "[校准链路][校准源]",
    "top1": "[校准链路][校准源]",
    "top3": [
      "[校准链路][校准源]",
      "[校准链路][校准路径开关/耦合]",
      "[校准链路][校准表/存储]"
    ],
    "top5": [
      "[校准链路][校准源]",
      "[校准链路][校准路径开关/耦合]",
      "[校准链路][校准表/存储]",
      "[电源板] 电源管理模块",
      "[RF板][RF] 输入衰减器组"
    ],
    "gt_rank": 1,
    "gt_prob": 0.3785747621267151,
    "top1_hit": true,
    "top3_hit": true,
    "top5_hit": true
  },
  "ground_truth": {
    "type": "fault",
    "system_class_en": "ref_error",
    "system_class_cn": "参考电平失准",
    "module": "校准源",
    "module_v2": "[校准链路][校准源]",
    "fault_params": {
      "severity": "severe",
      "tier_target": "mild_oos",
      "type": "ref_miscal",
      "subtype": "ref_error_offset",
      "offset_db": -0.3325410929707393,
      "template_id": "T1",
      "mean_offset_db": -0.11074566510013835
    }
  }
}