X14,anchor_score,margin,pmax,pred_label,sample_id,score_amp,score_freq,score_ref,true_label
0.019952973266905462,0.1995297326690546,0.007740256254743172,0.34470742493762496,正常,sim_00178,0.14283021526077277,0.0,0.1995297326690546,频率失准
0.01938203699874953,0.19382036998749527,0.26762966221079215,0.5287197463225172,正常,sim_00064,0.1599999999999966,0.0,0.19382036998749527,幅度失准
0.024094728139410646,0.24094728139410646,0.28093180680171376,0.533098856664674,幅度失准,sim_00183,0.15986610631265918,0.0,0.24094728139410646,频率失准
0.03225772904453604,0.3225772904453604,0.28112662886776124,0.548752166815764,幅度失准,sim_00122,0.15055818848505353,0.0,0.3225772904453604,频率失准
0.020008992583234835,0.20008992583234833,0.08815163651548819,0.4637827876373696,频率失准,sim_00098,0.1580660286538027,0.0,0.20008992583234833,幅度失准
0.022227037890914476,0.22227037890914475,0.041992714780029194,0.45032012582470204,正常,sim_00194,0.1655435099642908,0.0,0.22227037890914475,频率失准
0.017169493671227994,0.2222109148181346,0.019956823278295177,0.4457488315709559,正常,sim_00117,0.2222109148181346,0.0,0.17169493671227992,频率失准
0.01751375964058938,0.1751375964058938,0.06994276280326223,0.33544646993975963,参考电平失准,sim_00125,0.15901055901410643,0.0,0.1751375964058938,频率失准
