{
  "status": "success",
  "meta": {
    "sample_id": "sim_00009",
    "input_file": "/home/runner/work/FMFD-python/FMFD-python/Output/sim_spectrum/raw_curves/sim_00009.csv",
    "operating_condition": {
      "inject_power_dbm": -10.0,
      "freq_start_hz": 10000000.0,
      "freq_end_hz": 8200000000.0,
      "step_hz": 10000000.0,
      "frontend": {
        "low_band_only": true,
        "ac_coupling": true,
        "preamp": false
      }
    }
  },
  "data_points": 820,
  "frequency_range": {
    "min": 10000000.0,
    "max": 8200000000.0
  },
  "features": {
    "gain": 1.2172169655266298,
    "bias": 2.158868059366016,
    "comp": 0.32693667253315084,
    "df": 0.0,
    "viol_rate": 0.0,
    "X11": 0.0,
    "X12": 0.0,
    "X13": 0.0,
    "env_overrun_rate": 0.0,
    "env_overrun_max": 0.0,
    "env_overrun_mean": 0.0,
    "step_score": 0.0,
    "res_slope": -5.2873373420593655e-12,
    "ripple_var": 0.0014441328188896368,
    "switch_step_err_max": 0.0,
    "switch_step_err_ratio": 0.0,
    "nonswitch_step_max": 0.05343449999999983,
    "nonswitch_step_ratio": 0.0,
    "offset_db": -0.000700000000000145,
    "viol_rate_aligned": 0.0,
    "viol_energy_aligned": 0.0,
    "global_offset_db": 0.0,
    "shape_rmse": 0.04052762472503981,
    "ripple_hp": 0.002830430449016748,
    "tail_asym": -0.0005950000000005673,
    "compress_ratio": 0.2,
    "compress_ratio_high": 0.2,
    "freq_shift_score": 0.3168289012392027,
    "offset_slope": -0.005287337342059366,
    "high_low_energy_ratio": 1.5611883876771595,
    "band_offset_db_1": -0.036749999999999616,
    "band_offset_db_2": 0.013500000000000512,
    "band_offset_db_3": 0.004349999999999632,
    "band_offset_db_4": -0.014200000000000657
  },
  "system": {
    "probs": {
      "正常": 0.675087912415804,
      "幅度失准": 0.09729756406839682,
      "频率失准": 0.17871131916296315,
      "参考电平失准": 0.048903204352160876
    },
    "decision": "正常",
    "confidence": 0.675087912415804,
    "is_normal": true
  },
  "module": {
    "topk": [
      {
        "module_id": "[RF板][RF] 步进衰减器/ATT",
        "gamma": 0.0
      },
      {
        "module_id": "[RF板][RF] 低频通路固定滤波/抑制网络",
        "gamma": 0.0
      },
      {
        "module_id": "[RF板][Mixer1]",
        "gamma": 0.0
      }
    ],
    "gating": {
      "disabled_modules": [
        "高频段YTF滤波器",
        "高频段混频器",
        "前置放大器",
        "衰减器"
      ],
      "topk_k": 3
    }
  },
  "evidence": {
    "global_offset_db": -0.000700000000000145,
    "hf_std_db": 0.02642942552124757,
    "p95_abs_dev_db": 0.06184999999999978,
    "inside_env_frac": 1.0,
    "peak_freq_mae_hz": 4015.0056288555766,
    "peak_freq_outlier_frac": 0.0
  },
  "artifacts": {
    "output_json": "Output/diagnosis_test/result.json"
  },
  "system_diagnosis": {
    "probabilities": {
      "正常": 0.675087912415804,
      "幅度失准": 0.09729756406839682,
      "频率失准": 0.17871131916296315,
      "参考电平失准": 0.048903204352160876
    },
    "predicted_class": "正常",
    "max_prob": 0.675087912415804,
    "is_normal": true
  },
  "module_diagnosis": {
    "probabilities": {
      "[RF板][RF] 步进衰减器/ATT": 0.0,
      "前置放大器": 0.0,
      "[RF板][RF] 低频通路固定滤波/抑制网络": 0.0,
      "[RF板][Mixer1]": 0.0,
      "[RF板][YTF]": 0.0,
      "[RF板][Mixer2]": 0.0,
      "[时钟板][参考域] 10MHz基准": 0.0,
      "[时钟板][参考分配]": 0.0,
      "本振源(谐波发生器)": 0.0,
      "[校准链路][校准源]": 0.0,
      "[校准链路][校准表/存储]": 0.0,
      "[校准链路][校准路径开关/耦合]": 0.0,
      "中频放大器": 0.0,
      "[数字中频板][ADC]": 0.0,
      "[数字中频板][RBW]": 0.0,
      "数字放大器": 0.0,
      "[数字中频板][检波/对数]": 0.0,
      "[数字中频板][VBW]": 0.0,
      "[RF板][RF] 输入连接/匹配/保护": 0.0
    },
    "topk": [
      {
        "module": "[RF板][RF] 步进衰减器/ATT",
        "probability": 0.0
      },
      {
        "module": "[RF板][RF] 低频通路固定滤波/抑制网络",
        "probability": 0.0
      },
      {
        "module": "[RF板][Mixer1]",
        "probability": 0.0
      }
    ],
    "disabled_modules": [
      "高频段YTF滤波器",
      "高频段混频器",
      "前置放大器",
      "衰减器"
    ]
  },
  "evidence_detail": {
    "viol_rate": 0.0,
    "envelope_violation": false,
    "violation_max_db": 0.0,
    "violation_energy": 0.0,
    "baseline_coverage": 1.0
  },
  "config": {
    "mode": "sub_brb",
    "run_name": null,
    "topk": 3
  },
  "ground_truth": {
    "type": "fault",
    "system_class_en": "amp_error",
    "system_class_cn": "幅度失准",
    "module": "低频段前置低通滤波器",
    "module_v2": "[RF板][RF] 低频通路固定滤波/抑制网络",
    "fault_params": {
      "severity": "light",
      "tier_target": "mild_oos",
      "type": "lpf_shift",
      "subtype": "amp_error_band",
      "ripple_amp_db": 0.06149960086105028,
      "period_norm": 0.10059377839802702,
      "template_id": "T3"
    }
  }
}