method,sys_accuracy,sys_macro_f1,mod_top1_accuracy,fit_time_sec,infer_ms_per_sample,n_rules,n_params,n_features_used
ours,0.95,0.9492419248516809,0.0,0.12082171440124512,0.28889477252960205,48,68,22
hcf,0.6125,0.535989010989011,0.0,0.059566497802734375,0.012212991714477539,90,130,76
brb_p,0.3875,0.388132931165718,0.0,21.005900382995605,0.07697343826293945,81,571,15
brb_mu,0.775,0.7785714285714285,0.0,0.0015048980712890625,0.09757280349731445,72,110,76
dbrb,0.7,0.6951754385964912,0.0,0.5065207481384277,0.07126331329345703,60,90,76
a_ibrb,0.4375,0.39746363061353573,0.0,23.353226900100708,0.23436546325683594,45,65,5
