method,sys_accuracy,sys_macro_f1,mod_top1_accuracy,fit_time_sec,infer_ms_per_sample,n_rules,n_params,n_features_used
ours,0.875,0.8755384859043396,0.0,0.2571861743927002,0.16169250011444092,48,68,22
hcf,0.4375,0.3990905426232283,0.0,0.04479384422302246,0.011500716209411621,90,130,77
brb_p,0.25,0.1,0.0,22.50825810432434,0.07789433002471924,81,571,15
brb_mu,0.6125,0.6044601555929353,0.0,0.0015802383422851562,0.10705888271331787,72,110,77
dbrb,0.7625,0.7698017668605903,0.0,0.5569355487823486,0.08121132850646973,60,90,77
a_ibrb,0.35,0.30844827586206897,0.0,22.69292664527893,0.22399425506591797,45,65,5
