method,sys_accuracy,sys_macro_f1,mod_top1_accuracy,fit_time_sec,infer_ms_per_sample,n_rules,n_params,n_features_used
ours,0.9125,0.9097895568483804,0.0,0.2504556179046631,0.16163885593414307,48,68,22
hcf,0.5125,0.42313936063936064,0.0,0.0685579776763916,0.011500716209411621,90,130,77
brb_p,0.425,0.4148285613290915,0.0,22.348909616470337,0.07732510566711426,81,571,15
brb_mu,0.7875,0.790803932909196,0.0,0.0016176700592041016,0.10619759559631348,72,110,77
dbrb,0.7375,0.742757390909708,0.0,0.5475955009460449,0.0800102949142456,60,90,77
a_ibrb,0.475,0.42729166666666674,0.0,25.8663489818573,0.2574622631072998,49,65,5
