method,sys_accuracy,sys_macro_f1,mod_top1_accuracy,fit_time_sec,infer_ms_per_sample,n_rules,n_params,n_features_used
ours,0.975,0.9749843652282677,0.0,0.24780941009521484,0.15664398670196533,48,68,22
hcf,0.6125,0.535989010989011,0.0,0.046604156494140625,0.011476874351501465,90,130,77
brb_p,0.3875,0.388132931165718,0.0,22.43298029899597,0.07882118225097656,81,571,15
brb_mu,0.7625,0.7653579513299378,0.0,0.0016028881072998047,0.10755360126495361,72,110,77
dbrb,0.7,0.6951754385964912,0.0,0.5451455116271973,0.08097290992736816,60,90,77
a_ibrb,0.4375,0.39746363061353573,0.0,23.747434377670288,0.2375394105911255,45,65,5
