method,sys_accuracy,sys_macro_f1,mod_top1_accuracy,fit_time_sec,infer_ms_per_sample,n_rules,n_params,n_features_used
ours,0.95,0.9492419248516809,0.0,0.12700104713439941,0.33073723316192627,48,68,22
hcf,0.6125,0.535989010989011,0.0,0.07180285453796387,0.013300776481628418,90,130,76
brb_p,0.3875,0.388132931165718,0.0,22.642362356185913,0.0794529914855957,81,571,15
brb_mu,0.775,0.7785714285714285,0.0,0.0018596649169921875,0.11148452758789062,72,110,76
dbrb,0.675,0.6761788329832236,0.0,0.11324691772460938,0.08071959018707275,60,90,76
a_ibrb,0.4375,0.39746363061353573,0.0,24.122463703155518,0.24094879627227783,45,65,5
