method,sys_accuracy,sys_macro_f1,mod_top1_accuracy,fit_time_sec,infer_ms_per_sample,n_rules,n_params,n_features_used
ours,0.9125,0.9140087554721701,0.0,0.255861759185791,0.1570373773574829,48,68,22
hcf,0.5125,0.4837406015037594,0.0,0.04387712478637695,0.011491775512695312,90,130,77
brb_p,0.225,0.09183673469387756,0.0,22.325841903686523,0.07829666137695312,81,571,15
brb_mu,0.6375,0.6307167295070522,0.0,0.0016181468963623047,0.10519027709960938,72,110,77
dbrb,0.7875,0.7961825461825462,0.0,0.5502204895019531,0.078544020652771,60,90,77
a_ibrb,0.3125,0.29476031215161647,0.0,23.49568819999695,0.23373067378997803,46,65,5
