method,sys_accuracy,sys_macro_f1,mod_top1_accuracy,fit_time_sec,infer_ms_per_sample,n_rules,n_params,n_features_used
ours,0.975,0.9749843652282677,0.0,0.25388431549072266,0.16163289546966553,48,68,22
hcf,0.6125,0.535989010989011,0.0,0.06703662872314453,0.012442469596862793,90,130,77
brb_p,0.3875,0.388132931165718,0.0,22.582870960235596,0.07865726947784424,81,571,15
brb_mu,0.7625,0.7653579513299378,0.0,0.001697540283203125,0.10702013969421387,72,110,77
dbrb,0.7,0.6951754385964912,0.0,0.5539593696594238,0.07968544960021973,60,90,77
a_ibrb,0.4375,0.39746363061353573,0.0,23.983351945877075,0.23873746395111084,45,65,5
