method,sys_accuracy,sys_macro_f1,mod_top1_accuracy,fit_time_sec,infer_ms_per_sample,n_rules,n_params,n_features_used
ours,0.975,0.9749843652282677,0.0,0.2500009536743164,0.15798509120941162,48,68,22
hcf,0.6125,0.535989010989011,0.0,0.06661772727966309,0.011622905731201172,90,130,77
brb_p,0.3875,0.388132931165718,0.0,22.172598600387573,0.07745623588562012,81,571,15
brb_mu,0.7625,0.7653579513299378,0.0,0.0016193389892578125,0.10837912559509277,72,110,77
dbrb,0.7,0.6951754385964912,0.0,0.5469281673431396,0.07933676242828369,60,90,77
a_ibrb,0.4375,0.39746363061353573,0.0,23.830962896347046,0.23815631866455078,45,65,5
