method,sys_accuracy,sys_macro_f1,mod_top1_accuracy,fit_time_sec,infer_ms_per_sample,n_rules,n_params,n_features_used
ours,0.45,0.3324775353016688,0.0,1.1920928955078125e-06,0.2826482057571411,48,68,22
hcf,0.6125,0.535989010989011,0.0,0.047171831130981445,0.01156926155090332,90,130,77
brb_p,0.3875,0.388132931165718,0.0,22.368428945541382,0.0788271427154541,81,571,15
brb_mu,0.7625,0.7653579513299378,0.0,0.0016090869903564453,0.11323988437652588,72,110,77
dbrb,0.7,0.6951754385964912,0.0,0.5479791164398193,0.08035600185394287,60,90,77
a_ibrb,0.4375,0.39746363061353573,0.0,23.964481115341187,0.24022459983825684,45,65,5
