method,sys_accuracy,sys_macro_f1,mod_top1_accuracy,fit_time_sec,infer_ms_per_sample,n_rules,n_params,n_features_used
ours,0.9125,0.9140087554721701,0.0,0.25627803802490234,0.15730559825897217,48,68,22
hcf,0.5125,0.4837406015037594,0.0,0.04397869110107422,0.01163780689239502,90,130,77
brb_p,0.225,0.09183673469387756,0.0,22.60869026184082,0.07826387882232666,81,571,15
brb_mu,0.6375,0.6307167295070522,0.0,0.0016160011291503906,0.10542869567871094,72,110,77
dbrb,0.7875,0.7961825461825462,0.0,0.5514380931854248,0.07904171943664551,60,90,77
a_ibrb,0.3125,0.29476031215161647,0.0,23.67995023727417,0.2341151237487793,46,65,5
