method,sys_accuracy,sys_macro_f1,mod_top1_accuracy,fit_time_sec,infer_ms_per_sample,n_rules,n_params,n_features_used
ours,0.9375,0.9377814258911821,0.0,0.24558544158935547,0.15908777713775635,48,68,22
hcf,0.675,0.6493513353617308,0.0,0.07120943069458008,0.011816620826721191,90,130,77
brb_p,0.425,0.30865636840571264,0.0,22.407599687576294,0.07717907428741455,81,571,15
brb_mu,0.6875,0.6887051091679042,0.0,0.0016014575958251953,0.10485649108886719,72,110,77
dbrb,0.725,0.7007422402159245,0.0,0.56252121925354,0.07967054843902588,60,90,77
a_ibrb,0.3625,0.29865409175754004,0.0,15.100621461868286,0.14821290969848633,30,65,5
