method,sys_accuracy,sys_macro_f1,mod_top1_accuracy,fit_time_sec,infer_ms_per_sample,n_rules,n_params,n_features_used
ours,0.975,0.9749843652282677,0.0,0.2470691204071045,0.15798211097717285,48,68,22
hcf,0.6125,0.535989010989011,0.0,0.06374931335449219,0.012835860252380371,90,130,77
brb_p,0.3875,0.388132931165718,0.0,22.458190441131592,0.07756650447845459,81,571,15
brb_mu,0.7625,0.7653579513299378,0.0,0.0016283988952636719,0.11134445667266846,72,110,77
dbrb,0.7,0.6951754385964912,0.0,0.5481925010681152,0.0809401273727417,60,90,77
a_ibrb,0.4375,0.39746363061353573,0.0,23.842280626296997,0.2404630184173584,45,65,5
