method,sys_accuracy,sys_macro_f1,mod_top1_accuracy,fit_time_sec,infer_ms_per_sample,n_rules,n_params,n_features_used
ours,0.95,0.949227406849358,0.0,0.12653589248657227,0.3223687410354614,48,68,22
hcf,0.6125,0.535989010989011,0.0,0.1320812702178955,0.011646747589111328,90,130,77
brb_p,0.3875,0.388132931165718,0.0,22.362694263458252,0.0775367021560669,81,571,15
brb_mu,0.7625,0.7653579513299378,0.0,0.0016241073608398438,0.10630488395690918,72,110,77
dbrb,0.7,0.6951754385964912,0.0,0.5553016662597656,0.07939040660858154,60,90,77
a_ibrb,0.4375,0.39746363061353573,0.0,23.898178339004517,0.23769736289978027,45,65,5
