method,sys_accuracy,sys_macro_f1,mod_top1_accuracy,fit_time_sec,infer_ms_per_sample,n_rules,n_params,n_features_used
ours,0.975,0.9749843652282677,0.0,0.24932479858398438,0.15571415424346924,48,68,22
hcf,0.6125,0.535989010989011,0.0,0.052400827407836914,0.011578202247619629,90,130,77
brb_p,0.3875,0.388132931165718,0.0,22.472931623458862,0.07897615432739258,81,571,15
brb_mu,0.7625,0.7653579513299378,0.0,0.0016300678253173828,0.10859668254852295,72,110,77
dbrb,0.7,0.6951754385964912,0.0,0.546083927154541,0.08037090301513672,60,90,77
a_ibrb,0.4375,0.39746363061353573,0.0,23.951167821884155,0.24301111698150635,45,65,5
