{
  "正常": {
    "X11": {
      "mean": 0.0,
      "p50": 0.0,
      "p95": 0.0
    },
    "X12": {
      "mean": 0.0,
      "p50": 0.0,
      "p95": 0.0
    },
    "X13": {
      "mean": 0.1591650073395198,
      "p50": 0.15319634754753958,
      "p95": 0.4232469725571653
    },
    "X16": {
      "mean": -0.0007314019122528033,
      "p50": -0.0005401929966163454,
      "p95": 0.010264073510085703
    },
    "X17": {
      "mean": 0.0,
      "p50": 0.0,
      "p95": 0.0
    },
    "X18": {
      "mean": 0.0,
      "p50": 0.0,
      "p95": 0.0
    }
  },
  "幅度失准": {
    "X11": {
      "mean": 0.10665853658536585,
      "p50": 0.00975609756097561,
      "p95": 0.38451219512195123
    },
    "X12": {
      "mean": 0.029808330776479722,
      "p50": 0.010648104511334466,
      "p95": 0.11543919809442638
    },
    "X13": {
      "mean": 0.367621089843164,
      "p50": 0.09435454194426628,
      "p95": 1.5986591824990581
    },
    "X16": {
      "mean": -8.154353342148083,
      "p50": 0.005922025580709395,
      "p95": 18.629803053101373
    },
    "X17": {
      "mean": -5.0000000000005595e-06,
      "p50": 0.0,
      "p95": 0.0
    },
    "X18": {
      "mean": 5e-06,
      "p50": 0.0,
      "p95": 0.0
    }
  },
  "频率失准": {
    "X11": {
      "mean": 0.0004878048780487805,
      "p50": 0.0,
      "p95": 0.0025609756097560907
    },
    "X12": {
      "mean": 0.0008968551042371508,
      "p50": 0.0,
      "p95": 0.008840824541158107
    },
    "X13": {
      "mean": 0.6822395720675639,
      "p50": 0.5024402009866578,
      "p95": 1.9713884835707547
    },
    "X16": {
      "mean": -0.008211527438559461,
      "p50": -0.0036974167596625215,
      "p95": 0.12072466226614358
    },
    "X17": {
      "mean": -1.9999999999997796e-05,
      "p50": 0.0,
      "p95": 0.0004999999999999449
    },
    "X18": {
      "mean": 2e-05,
      "p50": 0.0,
      "p95": 2.4999999999998578e-05
    }
  },
  "参考电平失准": {
    "X11": {
      "mean": 0.0,
      "p50": 0.0,
      "p95": 0.0
    },
    "X12": {
      "mean": 0.0,
      "p50": 0.0,
      "p95": 0.0
    },
    "X13": {
      "mean": 0.08975788054134658,
      "p50": 0.08347660263684378,
      "p95": 0.14918510648235062
    },
    "X16": {
      "mean": 0.0001855525614005541,
      "p50": 0.00035370787491830705,
      "p95": 0.005310986855568894
    },
    "X17": {
      "mean": 0.0,
      "p50": 0.0,
      "p95": 0.0
    },
    "X18": {
      "mean": 0.0,
      "p50": 0.0,
      "p95": 0.0
    }
  }
}