{
  "正常": {
    "X11": {
      "mean": 0.0,
      "p50": 0.0,
      "p95": 0.0
    },
    "X12": {
      "mean": 0.0,
      "p50": 0.0,
      "p95": 0.0
    },
    "X13": {
      "mean": 0.15289678545815383,
      "p50": 0.11666297668505815,
      "p95": 0.3759363671615418
    },
    "X16": {
      "mean": -0.0006455278285000146,
      "p50": -0.000696239651098038,
      "p95": 0.009556370524783184
    },
    "X17": {
      "mean": 0.0,
      "p50": 0.0,
      "p95": 0.0
    },
    "X18": {
      "mean": 0.0,
      "p50": 0.0,
      "p95": 0.0
    }
  },
  "幅度失准": {
    "X11": {
      "mean": 0.10665853658536585,
      "p50": 0.00975609756097561,
      "p95": 0.38451219512195123
    },
    "X12": {
      "mean": 0.029808330776479704,
      "p50": 0.010648104511334466,
      "p95": 0.11543919809442638
    },
    "X13": {
      "mean": 0.36762108984316394,
      "p50": 0.09435454194426628,
      "p95": 1.5986591824990581
    },
    "X16": {
      "mean": -8.154353342148083,
      "p50": 0.005922025580709188,
      "p95": 18.62980305310137
    },
    "X17": {
      "mean": -5.0000000000005595e-06,
      "p50": 0.0,
      "p95": 0.0
    },
    "X18": {
      "mean": 5e-06,
      "p50": 0.0,
      "p95": 0.0
    }
  },
  "频率失准": {
    "X11": {
      "mean": 0.0005,
      "p50": 0.0,
      "p95": 0.0024390243902439024
    },
    "X12": {
      "mean": 0.0009301886867813991,
      "p50": 0.0,
      "p95": 0.0019828340150001874
    },
    "X13": {
      "mean": 0.6488420013078503,
      "p50": 0.4578343180999963,
      "p95": 1.7835470652771743
    },
    "X16": {
      "mean": -0.00941143511024535,
      "p50": -0.005638895773612894,
      "p95": 0.11501147757893904
    },
    "X17": {
      "mean": 3.499999999999615e-05,
      "p50": 0.0,
      "p95": 0.0004999999999999449
    },
    "X18": {
      "mean": 0.0,
      "p50": 0.0,
      "p95": 2.4999999999998578e-05
    }
  },
  "参考电平失准": {
    "X11": {
      "mean": 0.0,
      "p50": 0.0,
      "p95": 0.0
    },
    "X12": {
      "mean": 0.0,
      "p50": 0.0,
      "p95": 0.0
    },
    "X13": {
      "mean": 0.09634126510291365,
      "p50": 0.08568668564577904,
      "p95": 0.16018670929460546
    },
    "X16": {
      "mean": 7.953450056186283e-05,
      "p50": 0.00017399514789858943,
      "p95": 0.005389525233213973
    },
    "X17": {
      "mean": 0.0,
      "p50": 0.0,
      "p95": 0.0
    },
    "X18": {
      "mean": 0.0,
      "p50": 0.0,
      "p95": 0.0
    }
  }
}