{
  "正常": {
    "X11": {
      "mean": 0.00020731707317073167,
      "p50": 0.0,
      "p95": 0.0012195121951219512
    },
    "X12": {
      "mean": 0.00046077756115719737,
      "p50": 0.0,
      "p95": 0.000511592152520806
    },
    "X13": {
      "mean": 0.38622011055939665,
      "p50": 0.3065524411903314,
      "p95": 0.919253590820051
    },
    "X16": {
      "mean": 0.0015528804874174141,
      "p50": 0.0010442991232413302,
      "p95": 0.025358210877235676
    },
    "X17": {
      "mean": 0.0,
      "p50": 0.0,
      "p95": 0.0
    },
    "X18": {
      "mean": 0.0,
      "p50": 0.0,
      "p95": 0.0
    }
  },
  "幅度失准": {
    "X11": {
      "mean": 0.044890243902439016,
      "p50": 0.0012195121951219512,
      "p95": 0.2284756097560974
    },
    "X12": {
      "mean": 0.02268986908471117,
      "p50": 0.00549583133576359,
      "p95": 0.09015418204571167
    },
    "X13": {
      "mean": 0.4516321542468249,
      "p50": 0.17424401939187456,
      "p95": 1.9908513896406466
    },
    "X16": {
      "mean": -4.311004880768833,
      "p50": 0.006374500519343617,
      "p95": 0.0498669302370001
    },
    "X17": {
      "mean": -5.0000000000005595e-06,
      "p50": 0.0,
      "p95": 0.0
    },
    "X18": {
      "mean": 0.0,
      "p50": 0.0,
      "p95": 0.0
    }
  },
  "频率失准": {
    "X11": {
      "mean": 0.0007560975609756099,
      "p50": 0.0,
      "p95": 0.0024999999999999966
    },
    "X12": {
      "mean": 0.0016063395447160466,
      "p50": 0.0,
      "p95": 0.00944079324135173
    },
    "X13": {
      "mean": 0.6285807169332521,
      "p50": 0.5277376843103716,
      "p95": 1.567407603372989
    },
    "X16": {
      "mean": 0.024169391659719403,
      "p50": 0.007227676238185465,
      "p95": 0.22252711038314402
    },
    "X17": {
      "mean": -6.499999999999284e-05,
      "p50": 0.0,
      "p95": 0.0004999999999999449
    },
    "X18": {
      "mean": 0.0,
      "p50": 0.0,
      "p95": 2.4999999999998578e-05
    }
  },
  "参考电平失准": {
    "X11": {
      "mean": 0.0003658536585365854,
      "p50": 0.0,
      "p95": 0.0
    },
    "X12": {
      "mean": 2.786185008721631e-05,
      "p50": 0.0,
      "p95": 0.0
    },
    "X13": {
      "mean": 0.9770275524633005,
      "p50": 1.0696610327749652,
      "p95": 1.742758138595586
    },
    "X16": {
      "mean": -0.00040368522765999544,
      "p50": 0.0013601153178330236,
      "p95": 0.013394358350935665
    },
    "X17": {
      "mean": 0.0,
      "p50": 0.0,
      "p95": 0.0
    },
    "X18": {
      "mean": 0.0,
      "p50": 0.0,
      "p95": 0.0
    }
  }
}