X14,anchor_score,margin,pmax,pred_label,sample_id,score_amp,score_freq,score_ref,true_label
0.00675569331268166,0.14867436300808023,0.185,0.455,正常,sim_00167,0.14867436300808023,0.03135056407133985,0.0675569331268166,频率失准
0.002339790395571179,0.1542374756654077,0.29,0.605,参考电平失准,sim_00182,0.1542374756654077,0.05399258506658633,0.02339790395571179,频率失准
0.001955752030854283,0.15534546020566609,0.08000000000000002,0.5,参考电平失准,sim_00110,0.15534546020566609,0.04833042372392793,0.01955752030854283,频率失准
0.00865827446737996,0.1580660286538027,0.19999999999999996,0.565,正常,sim_00098,0.1580660286538027,0.002966084080415987,0.08658274467379959,幅度失准
0.002128079400296866,0.16579214828884759,0.14500000000000002,0.55,参考电平失准,sim_00117,0.16579214828884759,0.06250339917624781,0.02128079400296866,频率失准
0.00355221150523055,0.16242910900028917,0.09999999999999998,0.505,参考电平失准,sim_00140,0.16242910900028917,0.047191538673715394,0.0355221150523055,频率失准
0.002132328257575191,0.16284411176728852,0.11500000000000005,0.465,参考电平失准,sim_00125,0.16284411176728852,0.040887109772515196,0.021323282575751907,频率失准
