X14,anchor_score,margin,pmax,pred_label,sample_id,score_amp,score_freq,score_ref,true_label
0.0018184434422262679,0.15585916528212707,0.11499999999999999,0.51,参考电平失准,sim_00110,0.15585916528212707,0.036067484098910585,0.01818443442226268,频率失准
0.00865827446737996,0.1580660286538027,0.46499999999999997,0.73,正常,sim_00098,0.1580660286538027,0.002966084080415987,0.08658274467379959,幅度失准
