X14,anchor_score,margin,pmax,pred_label,sample_id,score_amp,score_freq,score_ref,true_label
0.011512516231751785,0.15986610631266274,0.09657142857142859,0.5282857142857144,幅度失准,sim_00183,0.15986610631266274,0.07286391031072403,0.11512516231751785,频率失准
0.0014948542272730497,0.15940283419432433,0.008968253968253959,0.367202380952381,参考电平失准,sim_00112,0.15940283419432433,0.017666081845426174,0.014948542272730497,频率失准
0.0018184434422262679,0.15585916528212707,0.07206535947712411,0.45959803921568637,参考电平失准,sim_00110,0.15585916528212707,0.036067484098910585,0.01818443442226268,频率失准
0.00865827446737996,0.1580660286538027,0.6200952380952379,0.7800476190476189,正常,sim_00098,0.1580660286538027,0.002966084080415987,0.08658274467379959,幅度失准
