X14,anchor_score,margin,pmax,pred_label,sample_id,score_amp,score_freq,score_ref,true_label
0.01805233514471519,0.5614959992544515,0.10500000000000004,0.52,幅度失准,sim_00332,0.18973778055756085,0.5614959992544515,0.1805233514471519,正常
0.020508041991629745,0.20508041991629744,0.42000000000000004,0.63,幅度失准,sim_00167,0.15807505667561372,0.09901291982162008,0.20508041991629744,频率失准
0.0029450849284408465,0.16214094917313915,0.655,0.79,频率失准,sim_00084,0.16214094917313915,0.010692410201535774,0.029450849284408463,幅度失准
0.014328009220023365,0.18943224365801825,0.07,0.46,幅度失准,sim_00162,0.18943224365801825,0.11146658653363795,0.14328009220023363,频率失准
0.036221381184612794,0.7267633878802147,0.39000000000000007,0.685,正常,sim_00010,0.23626155347452027,0.7267633878802147,0.36221381184612794,幅度失准
