X14,anchor_score,margin,pmax,pred_label,sample_id,score_amp,score_freq,score_ref,true_label
0.011512516231751759,0.15986610631265918,0.07996320346320346,0.5174935064935064,幅度失准,sim_00183,0.15986610631265918,0.07286391031072093,0.11512516231751758,频率失准
0.0014948542272730366,0.15940283419432433,0.020437728937728994,0.34842521367521373,幅度失准,sim_00112,0.15940283419432433,0.01766608184542795,0.014948542272730366,频率失准
0.0018184434422261833,0.15585916528213062,0.059630952380952285,0.476968253968254,参考电平失准,sim_00110,0.15585916528213062,0.036067484098911695,0.018184434422261832,频率失准
0.00865827446737996,0.1580660286538027,0.6556904761904762,0.7990952380952381,正常,sim_00098,0.1580660286538027,0.002966084080415987,0.08658274467379959,幅度失准
