X14,anchor_score,margin,pmax,pred_label,sample_id,score_amp,score_freq,score_ref,true_label
0.00867801160667467,0.1617995745664409,0.15999999999999998,0.49,频率失准,sim_00094,0.1617995745664409,0.0025397886683173887,0.0867801160667467,幅度失准
0.005615163407114873,0.16003606807397475,0.09500000000000003,0.525,频率失准,sim_00225,0.16003606807397475,0.025204034352731997,0.05615163407114873,参考电平失准
0.025413412478343264,1.0,0.49,0.695,幅度失准,sim_00183,0.1572439073958236,1.0,0.2541341247834326,频率失准
0.012351073831252493,0.20273458704755498,0.07500000000000001,0.485,频率失准,sim_00322,0.20273458704755498,0.0991082181971017,0.12351073831252492,正常
0.020683134863265912,0.4826444031618973,0.22000000000000003,0.54,幅度失准,sim_00122,0.160961796036851,0.4826444031618973,0.20683134863265912,频率失准
0.0029450849284408465,0.16214094917313915,0.44499999999999995,0.71,频率失准,sim_00084,0.16214094917313915,0.010692410201535774,0.029450849284408463,幅度失准
0.022671735586950882,0.7292308856737391,0.31499999999999995,0.575,幅度失准,sim_00184,0.16715157366849098,0.7292308856737391,0.2267173558695088,频率失准
