method,sys_accuracy,sys_macro_f1,mod_top1_accuracy
ours,0.875,0.8755384859043396,0.0
hcf,0.4375,0.3990905426232283,0.0
brb_p,0.25,0.1,0.0
brb_mu,0.6125,0.6044601555929353,0.0
dbrb,0.7625,0.7698017668605903,0.0
a_ibrb,0.35,0.30844827586206897,0.0
