method,sys_accuracy,sys_macro_f1,mod_top1_accuracy
ours,0.9125,0.9097895568483804,0.0
hcf,0.5125,0.42313936063936064,0.0
brb_p,0.425,0.4148285613290915,0.0
brb_mu,0.7875,0.790803932909196,0.0
dbrb,0.7375,0.742757390909708,0.0
a_ibrb,0.475,0.42729166666666674,0.0
