method,sys_accuracy,sys_macro_f1,mod_top1_accuracy
ours,0.95,0.9492419248516809,0.0
hcf,0.6125,0.535989010989011,0.0
brb_p,0.3875,0.388132931165718,0.0
brb_mu,0.775,0.7785714285714285,0.0
dbrb,0.7,0.6951754385964912,0.0
a_ibrb,0.4375,0.39746363061353573,0.0
