method,sys_accuracy,sys_macro_f1,mod_top1_accuracy
ours,0.9125,0.9140087554721701,0.0
hcf,0.5125,0.4837406015037594,0.0
brb_p,0.225,0.09183673469387756,0.0
brb_mu,0.6375,0.6307167295070522,0.0
dbrb,0.7875,0.7961825461825462,0.0
a_ibrb,0.3125,0.29476031215161647,0.0
