method,sys_accuracy,sys_macro_f1,mod_top1_accuracy
ours,0.9375,0.9377814258911821,0.0
hcf,0.675,0.6493513353617308,0.0
brb_p,0.425,0.30865636840571264,0.0
brb_mu,0.6875,0.6887051091679042,0.0
dbrb,0.725,0.7007422402159245,0.0
a_ibrb,0.3625,0.29865409175754004,0.0
