method,sys_accuracy,sys_macro_f1,mod_top1_accuracy,mod_top3_accuracy,fit_time_sec,infer_ms_per_sample,n_rules,n_params,n_features_used
ours,0.3,0.1920289855072464,0.06666666666666667,0.08333333333333333,0.12110590934753418,1.5236645936965942,48,68,22
hcf,0.525,0.44385562946538554,0.0,0.0,0.07719540596008301,0.012946128845214844,90,130,40
