method,sys_accuracy,sys_macro_f1,mod_top1_accuracy,mod_top3_accuracy
ours,0.3,0.1920289855072464,0.06666666666666667,0.08333333333333333
hcf,0.525,0.44385562946538554,0.0,0.0
